path_key,factor_key,family,variant,selection_horizon,selection_evidence,selection_pattern,method,portfolio_type,beta_neutral,rebalance_days,calendar_offset,phase_count,successful_rebalances,skipped_rebalances,beta_neutral_attempts,beta_neutral_success_rate,transaction_cost_bps,sharpe_basis,observations,annualized_return,annualized_volatility,sharpe,maximum_drawdown,positive_month_rate,positive_year_rate,annualized_alpha,alpha_hac_tstat,alpha_raw_p_value,regression_beta,average_estimated_beta,maximum_absolute_estimated_beta,average_gross_exposure,average_net_exposure,annualized_turnover,annualized_cost_drag,unpriced_weight_days,maximum_unpriced_weight,average_maximum_sector_exposure,maximum_sector_exposure,average_unknown_sector_weight,average_holding_count,minimum_holding_count,maximum_position_weight
low_volatility|120d|continuous_high_minus_low|unconstrained_beta|r1|ensemble,low_volatility|120d,low_volatility,120d,63,low_volatility_family_sensitivity,lower_tail,continuous_high_minus_low,market_neutral,False,1,ensemble,1,4181.0,0.0,0.0,,0,self_financing_spread_return,4181,-0.06332541569234673,0.1735469612782828,-0.28983384101902704,-0.7241548009372203,0.455,0.4117647058823529,0.04456451529119241,1.4456629821163074,0.14827175195767364,-0.6382981264665776,-0.6121906048192792,1.051342269848257,2.0,-1.277081764902323e-18,18.767922625405593,0.0,0,0.0,,,,419.2013872279359,335.0,0.011940191473340744
low_volatility|120d|continuous_high_minus_low|unconstrained_beta|r1|ensemble,low_volatility|120d,low_volatility,120d,63,low_volatility_family_sensitivity,lower_tail,continuous_high_minus_low,market_neutral,False,1,ensemble,1,4181.0,0.0,0.0,,5,self_financing_spread_return,4181,-0.07207425955440627,0.1735493539694217,-0.34387869474573846,-0.7405769027734146,0.455,0.4117647058823529,0.03517935451376089,1.140335884781814,0.2541463930827166,-0.6382643637013076,-0.6121906048192792,1.051342269848257,2.0,-1.277081764902323e-18,18.767922625405593,0.009383961312702796,0,0.0,,,,419.2013872279359,335.0,0.011940191473340744
low_volatility|120d|continuous_high_minus_low|unconstrained_beta|r1|ensemble,low_volatility|120d,low_volatility,120d,63,low_volatility_family_sensitivity,lower_tail,continuous_high_minus_low,market_neutral,False,1,ensemble,1,4181.0,0.0,0.0,,10,self_financing_spread_return,4181,-0.08074185862504457,0.17355267994532977,-0.3979199184433901,-0.7735304880764328,0.445,0.4117647058823529,0.02579419373632872,0.8354561464391376,0.40346092841134384,-0.6382306009360363,-0.6121906048192792,1.051342269848257,2.0,-1.277081764902323e-18,18.767922625405593,0.01876792262540559,0,0.0,,,,419.2013872279359,335.0,0.011940191473340744
low_volatility|120d|continuous_high_minus_low|unconstrained_beta|r1|ensemble,low_volatility|120d,low_volatility,120d,63,low_volatility_family_sensitivity,lower_tail,continuous_high_minus_low,market_neutral,False,1,ensemble,1,4181.0,0.0,0.0,,25,self_financing_spread_return,4181,-0.10626465477894576,0.17356825696987638,-0.5600130965414071,-0.8506409137641812,0.43,0.23529411764705882,-0.002361288595966067,-0.07628865384192623,0.9391894524605408,-0.638129312640225,-0.6121906048192792,1.051342269848257,2.0,-1.277081764902323e-18,18.767922625405593,0.04691980656351398,0,0.0,,,,419.2013872279359,335.0,0.011940191473340744
low_volatility|120d|continuous_high_minus_low|unconstrained_beta|r5|ensemble,low_volatility|120d,low_volatility,120d,63,low_volatility_family_sensitivity,lower_tail,continuous_high_minus_low,market_neutral,False,5,ensemble,3,836.3333333333334,0.0,0.0,,0,self_financing_spread_return,4181,-0.06517276901915525,0.17252089806479942,-0.30396379686412617,-0.7284579238703839,0.45,0.4117647058823529,0.04037788218449938,1.2825640015371063,0.19964486884413624,-0.6245294614222157,-0.6145484834045938,1.1311832176788215,2.003277094396503,-0.0004637429137353275,10.100647793551136,0.0,21,0.012808093820829869,,,,418.89428366419514,111.66666666666667,0.016796339248085716
low_volatility|120d|continuous_high_minus_low|unconstrained_beta|r5|ensemble,low_volatility|120d,low_volatility,120d,63,low_volatility_family_sensitivity,lower_tail,continuous_high_minus_low,market_neutral,False,5,ensemble,3,836.3333333333334,0.0,0.0,,5,self_financing_spread_return,4181,-0.06988214922476044,0.17252828886446814,-0.3332052975135088,-0.7426675848112974,0.45,0.4117647058823529,0.035338657114690725,1.122125890060908,0.2618089172484307,-0.6245833404444271,-0.6145484834045938,1.1311832176788215,2.003277094396503,-0.0004637429137353275,10.100647793551136,0.005050323896775568,21,0.012808093820829869,,,,418.89428366419514,111.66666666666667,0.016796339248085716
low_volatility|120d|continuous_high_minus_low|unconstrained_beta|r5|ensemble,low_volatility|120d,low_volatility,120d,63,low_volatility_family_sensitivity,lower_tail,continuous_high_minus_low,market_neutral,False,5,ensemble,3,836.3333333333334,0.0,0.0,,10,self_financing_spread_return,4181,-0.07456800718291912,0.17253635684653842,-0.36244287041831846,-0.7610655690822338,0.45,0.4117647058823529,0.03029943204488155,0.9617860596144017,0.33615708201885397,-0.6246372194666392,-0.6145484834045938,1.1311832176788215,2.003277094396503,-0.0004637429137353275,10.100647793551136,0.010100647793551135,21,0.012808093820829869,,,,418.89428366419514,111.66666666666667,0.016796339248085716
low_volatility|120d|continuous_high_minus_low|unconstrained_beta|r5|ensemble,low_volatility|120d,low_volatility,120d,63,low_volatility_family_sensitivity,lower_tail,continuous_high_minus_low,market_neutral,False,5,ensemble,3,836.3333333333334,0.0,0.0,,25,self_financing_spread_return,4181,-0.08848560964740237,0.1725646228974801,-0.4501285891738973,-0.8087402335850656,0.445,0.35294117647058826,0.015181756835455187,0.48139542259911,0.630235489331459,-0.6247988565332749,-0.6145484834045938,1.1311832176788215,2.003277094396503,-0.0004637429137353275,10.100647793551136,0.02525161948387784,21,0.012808093820829869,,,,418.89428366419514,111.66666666666667,0.016796339248085716
low_volatility|120d|continuous_high_minus_low|unconstrained_beta|r21|ensemble,low_volatility|120d,low_volatility,120d,63,low_volatility_family_sensitivity,lower_tail,continuous_high_minus_low,market_neutral,False,21,ensemble,3,199.33333333333334,0.0,0.0,,0,self_financing_spread_return,4181,-0.06137972864786312,0.16885045615766062,-0.290391580768816,-0.7054581670634184,0.46,0.4117647058823529,0.03688104117212784,1.1352962046598702,0.25625123190567056,-0.5780743003041334,-0.620755951669212,1.1985394349522234,2.0111045021083758,-0.0009967886361193995,5.727778781728715,0.0,27,0.019909548658858727,,,,417.6853224906322,111.66666666666667,0.02062363568271861
low_volatility|120d|continuous_high_minus_low|unconstrained_beta|r21|ensemble,low_volatility|120d,low_volatility,120d,63,low_volatility_family_sensitivity,lower_tail,continuous_high_minus_low,market_neutral,False,21,ensemble,3,199.33333333333334,0.0,0.0,,5,self_financing_spread_return,4181,-0.06406410984673894,0.16885633871895842,-0.3073309455280551,-0.717570152830032,0.46,0.4117647058823529,0.03403102663416067,1.047298464164954,0.2949619442216802,-0.5781551290439413,-0.620755951669212,1.1985394349522234,2.0111045021083758,-0.0009967886361193995,5.727778781728715,0.002863889390864358,27,0.019909548658858727,,,,417.6853224906322,111.66666666666667,0.02062363568271861
low_volatility|120d|continuous_high_minus_low|unconstrained_beta|r21|ensemble,low_volatility|120d,low_volatility,120d,63,low_volatility_family_sensitivity,lower_tail,continuous_high_minus_low,market_neutral,False,21,ensemble,3,199.33333333333334,0.0,0.0,,10,self_financing_spread_return,4181,-0.0667410574779217,0.16886356726056295,-0.32426654538308664,-0.7291850740689187,0.46,0.4117647058823529,0.031181012096193603,0.9593346181039595,0.33739020106416584,-0.5782359577837499,-0.620755951669212,1.1985394349522234,2.0111045021083758,-0.0009967886361193995,5.727778781728715,0.005727778781728716,27,0.019909548658858727,,,,417.6853224906322,111.66666666666667,0.02062363568271861
low_volatility|120d|continuous_high_minus_low|unconstrained_beta|r21|ensemble,low_volatility|120d,low_volatility,120d,63,low_volatility_family_sensitivity,lower_tail,continuous_high_minus_low,market_neutral,False,21,ensemble,3,199.33333333333334,0.0,0.0,,25,self_financing_spread_return,4181,-0.07472749795247102,0.1688933268781005,-0.3750467164495988,-0.7612469052988443,0.46,0.4117647058823529,0.02263096848229189,0.6956762067099007,0.48663162941531635,-0.5784784440031747,-0.620755951669212,1.1985394349522234,2.0111045021083758,-0.0009967886361193995,5.727778781728715,0.014319446954321788,27,0.019909548658858727,,,,417.6853224906322,111.66666666666667,0.02062363568271861
low_volatility|120d|continuous_high_minus_low|unconstrained_beta|r63|ensemble,low_volatility|120d,low_volatility,120d,63,low_volatility_family_sensitivity,lower_tail,continuous_high_minus_low,market_neutral,False,63,ensemble,3,66.33333333333333,0.0,0.0,,0,self_financing_spread_return,4181,-0.05956629039879269,0.16953492390965236,-0.27727105356194315,-0.7008144262394824,0.45,0.35294117647058826,0.03233552582844879,0.9395758340763654,0.34743517681832814,-0.5338601335773111,-0.6441959841352024,1.660356088580435,2.044304213193287,-0.006639799492740786,3.783367860084267,0.0,45,0.019405341778060643,,,,414.7736586143666,111.66666666666667,0.03275743521597357
low_volatility|120d|continuous_high_minus_low|unconstrained_beta|r63|ensemble,low_volatility|120d,low_volatility,120d,63,low_volatility_family_sensitivity,lower_tail,continuous_high_minus_low,market_neutral,False,63,ensemble,3,66.33333333333333,0.0,0.0,,5,self_financing_spread_return,4181,-0.06134375858852781,0.16954060614675953,-0.2884113452019802,-0.7089619928981341,0.45,0.35294117647058826,0.030451325235299014,0.8847429579024829,0.3762952809429668,-0.5339012229080529,-0.6441959841352024,1.660356088580435,2.044304213193287,-0.006639799492740786,3.783367860084267,0.0018916839300421337,45,0.019405341778060643,,,,414.7736586143666,111.66666666666667,0.03275743521597357
low_volatility|120d|continuous_high_minus_low|unconstrained_beta|r63|ensemble,low_volatility|120d,low_volatility,120d,63,low_volatility_family_sensitivity,lower_tail,continuous_high_minus_low,market_neutral,False,63,ensemble,3,66.33333333333333,0.0,0.0,,10,self_financing_spread_return,4181,-0.06311815968870049,0.16954803934321783,-0.29954779659532793,-0.716888946088484,0.45,0.35294117647058826,0.028567124642149274,0.8299040345719679,0.4065930436109083,-0.5339423122387948,-0.6441959841352024,1.660356088580435,2.044304213193287,-0.006639799492740786,3.783367860084267,0.0037833678600842674,45,0.019405341778060643,,,,414.7736586143666,111.66666666666667,0.03275743521597357
low_volatility|120d|continuous_high_minus_low|unconstrained_beta|r63|ensemble,low_volatility|120d,low_volatility,120d,63,low_volatility_family_sensitivity,lower_tail,continuous_high_minus_low,market_neutral,False,63,ensemble,3,66.33333333333333,0.0,0.0,,25,self_financing_spread_return,4181,-0.06842300840359572,0.16958084211503238,-0.3329306709984361,-0.7394047278921607,0.45,0.35294117647058826,0.022914522862699807,0.6653835443219229,0.5058052073432501,-0.53406558023102,-0.6441959841352024,1.660356088580435,2.044304213193287,-0.006639799492740786,3.783367860084267,0.009458419650210667,45,0.019405341778060643,,,,414.7736586143666,111.66666666666667,0.03275743521597357
low_volatility|120d|continuous_high_minus_low|beta_neutral|r1|ensemble,low_volatility|120d,low_volatility,120d,63,low_volatility_family_sensitivity,lower_tail,continuous_high_minus_low,market_neutral,True,1,ensemble,1,4181.0,0.0,4181.0,1.0,0,self_financing_spread_return,4181,0.04381263684644243,0.12481642639252384,0.40604808028061357,-0.2897827635363903,0.565,0.7058823529411765,0.051321391968825604,1.6991810431051158,0.08928507706266252,-0.0043057377419807915,-1.2895289555933788e-18,4.440892098500626e-16,2.0,0.6132951080391452,17.333445339768286,0.0,0,0.0,,,,418.9626883520689,335.0,0.017974044091231114
low_volatility|120d|continuous_high_minus_low|beta_neutral|r1|ensemble,low_volatility|120d,low_volatility,120d,63,low_volatility_family_sensitivity,lower_tail,continuous_high_minus_low,market_neutral,True,1,ensemble,1,4181.0,0.0,4181.0,1.0,5,self_financing_spread_return,4181,0.034805060236199115,0.12481936233595094,0.3365994926892658,-0.32199988036584304,0.555,0.7058823529411765,0.042652993896523654,1.4112915349654351,0.15815866946256285,-0.004298593458602589,-1.2895289555933788e-18,4.440892098500626e-16,2.0,0.6132951080391452,17.333445339768286,0.008666722669884143,0,0.0,,,,418.9626883520689,335.0,0.017974044091231114
low_volatility|120d|continuous_high_minus_low|beta_neutral|r1|ensemble,low_volatility|120d,low_volatility,120d,63,low_volatility_family_sensitivity,lower_tail,continuous_high_minus_low,market_neutral,True,1,ensemble,1,4181.0,0.0,4181.0,1.0,10,self_financing_spread_return,4181,0.0258747574580942,0.12482347883797792,0.26715164539894104,-0.3589220257007012,0.55,0.7058823529411765,0.03398459582422081,1.1237390430481577,0.26112374796730486,-0.004291449175224743,-1.2895289555933788e-18,4.440892098500626e-16,2.0,0.6132951080391452,17.333445339768286,0.017333445339768286,0,0.0,,,,418.9626883520689,335.0,0.017974044091231114
low_volatility|120d|continuous_high_minus_low|beta_neutral|r1|ensemble,low_volatility|120d,low_volatility,120d,63,low_volatility_family_sensitivity,lower_tail,continuous_high_minus_low,market_neutral,True,1,ensemble,1,4181.0,0.0,4181.0,1.0,25,self_financing_spread_return,4181,-0.00045907125784838687,0.1248429103603888,0.058832246721150484,-0.4580649629686857,0.515,0.5294117647058824,0.0079794016073143,0.26329550906439236,0.7923228208591533,-0.004270016325090072,-1.2895289555933788e-18,4.440892098500626e-16,2.0,0.6132951080391452,17.333445339768286,0.043333613349420715,0,0.0,,,,418.9626883520689,335.0,0.017974044091231114
low_volatility|120d|continuous_high_minus_low|beta_neutral|r5|ensemble,low_volatility|120d,low_volatility,120d,63,low_volatility_family_sensitivity,lower_tail,continuous_high_minus_low,market_neutral,True,5,ensemble,3,836.3333333333334,0.0,836.3333333333334,1.0,0,self_financing_spread_return,4181,0.04124320224292766,0.12485162909331521,0.3862225029767609,-0.29182885782471923,0.555,0.7058823529411765,0.04753648044643296,1.5593807835778901,0.11890628175366862,0.004602510707104666,-0.0007924081787719755,0.16852301214372534,2.0007835556810973,0.6133341352184197,9.45573922224016,0.0,21,0.012704776049788003,,,,418.6559036913019,111.66666666666667,0.018205270484701334
low_volatility|120d|continuous_high_minus_low|beta_neutral|r5|ensemble,low_volatility|120d,low_volatility,120d,63,low_volatility_family_sensitivity,lower_tail,continuous_high_minus_low,market_neutral,True,5,ensemble,3,836.3333333333334,0.0,836.3333333333334,1.0,5,self_financing_spread_return,4181,0.03633185876414036,0.12485445676174402,0.3483455115296456,-0.3095116622509041,0.545,0.7058823529411765,0.04281803793695424,1.4042176015260983,0.16025406201921544,0.0045380743673039325,-0.0007924081787719755,0.16852301214372534,2.0007835556810973,0.6133341352184197,9.45573922224016,0.00472786961112008,21,0.012704776049788003,,,,418.6559036913019,111.66666666666667,0.018205270484701334
low_volatility|120d|continuous_high_minus_low|beta_neutral|r5|ensemble,low_volatility|120d,low_volatility,120d,63,low_volatility_family_sensitivity,lower_tail,continuous_high_minus_low,market_neutral,True,5,ensemble,3,836.3333333333334,0.0,836.3333333333334,1.0,10,self_financing_spread_return,4181,0.03144348128769403,0.12485812527309312,0.3104681448717774,-0.33175791948089106,0.545,0.7058823529411765,0.03809959542747561,1.2491277278021293,0.211618360507428,0.0044736380275033506,-0.0007924081787719755,0.16852301214372534,2.0007835556810973,0.6133341352184197,9.45573922224016,0.00945573922224016,21,0.012704776049788003,,,,418.6559036913019,111.66666666666667,0.018205270484701334
low_volatility|120d|continuous_high_minus_low|beta_neutral|r5|ensemble,low_volatility|120d,low_volatility,120d,63,low_volatility_family_sensitivity,lower_tail,continuous_high_minus_low,market_neutral,True,5,ensemble,3,836.3333333333334,0.0,836.3333333333334,1.0,25,self_financing_spread_return,4181,0.016915082590003072,0.12487417503867512,0.19684144678377455,-0.3962423341387027,0.54,0.7058823529411765,0.02394426789903928,0.7843369054403361,0.4328424498166926,0.004280329008101076,-0.0007924081787719755,0.16852301214372534,2.0007835556810973,0.6133341352184197,9.45573922224016,0.0236393480556004,21,0.012704776049788003,,,,418.6559036913019,111.66666666666667,0.018205270484701334
low_volatility|120d|continuous_high_minus_low|beta_neutral|r21|ensemble,low_volatility|120d,low_volatility,120d,63,low_volatility_family_sensitivity,lower_tail,continuous_high_minus_low,market_neutral,True,21,ensemble,3,199.33333333333334,0.0,199.33333333333334,1.0,0,self_financing_spread_return,4181,0.03938596978944586,0.12466909477291734,0.3723121484499671,-0.3087579504662802,0.565,0.7058823529411765,0.041074973865361825,1.3363044200999548,0.1814497923770979,0.035936081544596786,-0.0025608727201875342,0.3314437730685428,2.0008440015197166,0.613726086286417,5.394137901335215,0.0,27,0.019528982204112644,,,,417.46145260304553,111.66666666666667,0.018387059951683434
low_volatility|120d|continuous_high_minus_low|beta_neutral|r21|ensemble,low_volatility|120d,low_volatility,120d,63,low_volatility_family_sensitivity,lower_tail,continuous_high_minus_low,market_neutral,True,21,ensemble,3,199.33333333333334,0.0,199.33333333333334,1.0,5,self_financing_spread_return,4181,0.0365863295922777,0.12466529836508142,0.35068169308871694,-0.31362313062436253,0.56,0.7058823529411765,0.038391509576653784,1.248725048017222,0.21176565615244558,0.03583840784243913,-0.0025608727201875342,0.3314437730685428,2.0008440015197166,0.613726086286417,5.394137901335215,0.0026970689506676075,27,0.019528982204112644,,,,417.46145260304553,111.66666666666667,0.018387059951683434
low_volatility|120d|continuous_high_minus_low|beta_neutral|r21|ensemble,low_volatility|120d,low_volatility,120d,63,low_volatility_family_sensitivity,lower_tail,continuous_high_minus_low,market_neutral,True,21,ensemble,3,199.33333333333334,0.0,199.33333333333334,1.0,10,self_financing_spread_return,4181,0.033793987958707694,0.12466315280401093,0.3290455628410569,-0.32660621971168047,0.555,0.7058823529411765,0.03570804528794601,1.1611714050339017,0.24557220099967036,0.03574073414028148,-0.0025608727201875342,0.3314437730685428,2.0008440015197166,0.613726086286417,5.394137901335215,0.005394137901335215,27,0.019528982204112644,,,,417.46145260304553,111.66666666666667,0.018387059951683434
low_volatility|120d|continuous_high_minus_low|beta_neutral|r21|ensemble,low_volatility|120d,low_volatility,120d,63,low_volatility_family_sensitivity,lower_tail,continuous_high_minus_low,market_neutral,True,21,ensemble,3,199.33333333333334,0.0,199.33333333333334,1.0,25,self_financing_spread_return,4181,0.02546057056414197,0.12466662172583347,0.26411171622124585,-0.3641071017398353,0.545,0.7058823529411765,0.027657652421821916,0.8986944982834502,0.3688154083053785,0.035447713033808545,-0.0025608727201875342,0.3314437730685428,2.0008440015197166,0.613726086286417,5.394137901335215,0.013485344753338038,27,0.019528982204112644,,,,417.46145260304553,111.66666666666667,0.018387059951683434
low_volatility|120d|continuous_high_minus_low|beta_neutral|r63|ensemble,low_volatility|120d,low_volatility,120d,63,low_volatility_family_sensitivity,lower_tail,continuous_high_minus_low,market_neutral,True,63,ensemble,3,66.33333333333333,0.0,66.33333333333333,1.0,0,self_financing_spread_return,4181,0.03621712515956266,0.12843385783006034,0.3413735777278972,-0.32160105974223263,0.56,0.7058823529411765,0.030325405933970744,0.9502401030554121,0.34199026581970426,0.09095988642932114,-0.010173868780487243,0.5275790898987817,2.00949191344909,0.6131700010489067,3.523211317716431,0.0,45,0.01904106105266754,,,,414.57625767360287,111.66666666666667,0.018820295805582445
low_volatility|120d|continuous_high_minus_low|beta_neutral|r63|ensemble,low_volatility|120d,low_volatility,120d,63,low_volatility_family_sensitivity,lower_tail,continuous_high_minus_low,market_neutral,True,63,ensemble,3,66.33333333333333,0.0,66.33333333333333,1.0,5,self_financing_spread_return,4181,0.03439318418914716,0.12843335458880462,0.32765566292145376,-0.32386526739814325,0.56,0.7058823529411765,0.02857044855560582,0.8951688709425926,0.3706968224753374,0.0909124352149305,-0.010173868780487243,0.5275790898987817,2.00949191344909,0.6131700010489067,3.523211317716431,0.0017616056588582155,45,0.01904106105266754,,,,414.57625767360287,111.66666666666667,0.018820295805582445
low_volatility|120d|continuous_high_minus_low|beta_neutral|r63|ensemble,low_volatility|120d,low_volatility,120d,63,low_volatility_family_sensitivity,lower_tail,continuous_high_minus_low,market_neutral,True,63,ensemble,3,66.33333333333333,0.0,66.33333333333333,1.0,10,self_financing_spread_return,4181,0.03257217034212312,0.1284348924488182,0.3139326514814924,-0.326122398560331,0.56,0.7058823529411765,0.026815491177240688,0.8400906223695731,0.40085757761398444,0.0908649840005399,-0.010173868780487243,0.5275790898987817,2.00949191344909,0.6131700010489067,3.523211317716431,0.003523211317716431,45,0.01904106105266754,,,,414.57625767360287,111.66666666666667,0.018820295805582445
low_volatility|120d|continuous_high_minus_low|beta_neutral|r63|ensemble,low_volatility|120d,low_volatility,120d,63,low_volatility_family_sensitivity,lower_tail,continuous_high_minus_low,market_neutral,True,63,ensemble,3,66.33333333333333,0.0,66.33333333333333,1.0,25,self_financing_spread_return,4181,0.02712664902955475,0.1284517514168788,0.2727395859790924,-0.33469688662614994,0.555,0.7058823529411765,0.021550619042145575,0.6748469999626593,0.49977297614507954,0.09072263035736805,-0.010173868780487243,0.5275790898987817,2.00949191344909,0.6131700010489067,3.523211317716431,0.008808028294291077,45,0.01904106105266754,,,,414.57625767360287,111.66666666666667,0.018820295805582445
low_volatility|120d|long_q1|unconstrained_beta|r1|ensemble,low_volatility|120d,low_volatility,120d,63,low_volatility_family_sensitivity,lower_tail,long_q1,long_only,False,1,ensemble,1,4181.0,0.0,0.0,,0,return_minus_risk_free,4181,0.17707610691706188,0.3113680247021106,0.6319554216711478,-0.6069291252912332,0.6,0.7647058823529411,-0.0065671315475506935,-0.19878195771150406,0.84243331000366,1.5204636282721806,1.4685852823606786,1.9478948166844456,1.0,1.0,13.44914598065045,0.0,0,0.0,,,,41.53575699593399,33.0,0.030303030303030304
low_volatility|120d|long_q1|unconstrained_beta|r1|ensemble,low_volatility|120d,low_volatility,120d,63,low_volatility_family_sensitivity,lower_tail,long_q1,long_only,False,1,ensemble,1,4181.0,0.0,0.0,,5,return_minus_risk_free,4181,0.16918714983303573,0.3113495834778535,0.6103691483300154,-0.6077742494423243,0.6,0.7647058823529411,-0.013286795562575211,-0.40224949049673964,0.6875004229998511,1.5203676365001442,1.4685852823606786,1.9478948166844456,1.0,1.0,13.44914598065045,0.006724572990325225,0,0.0,,,,41.53575699593399,33.0,0.030303030303030304
low_volatility|120d|long_q1|unconstrained_beta|r1|ensemble,low_volatility|120d,low_volatility,120d,63,low_volatility_family_sensitivity,lower_tail,long_q1,long_only,False,1,ensemble,1,4181.0,0.0,0.0,,10,return_minus_risk_free,4181,0.1613507142565056,0.3113315416127194,0.5887795647463402,-0.6086176337728698,0.6,0.7647058823529411,-0.020006459577600263,-0.6057788813902558,0.5446615951727131,1.5202716447281086,1.4685852823606786,1.9478948166844456,1.0,1.0,13.44914598065045,0.01344914598065045,0,0.0,,,,41.53575699593399,33.0,0.030303030303030304
low_volatility|120d|long_q1|unconstrained_beta|r1|ensemble,low_volatility|120d,low_volatility,120d,63,low_volatility_family_sensitivity,lower_tail,long_q1,long_only,False,1,ensemble,1,4181.0,0.0,0.0,,25,return_minus_risk_free,4181,0.13815307442262448,0.31127981285877815,0.5239917767268489,-0.6193459738839718,0.575,0.7647058823529411,-0.04016545162267495,-1.2166627804204884,0.22373254567302814,1.5199836694119986,1.4685852823606786,1.9478948166844456,1.0,1.0,13.44914598065045,0.03362286495162612,0,0.0,,,,41.53575699593399,33.0,0.030303030303030304
low_volatility|120d|long_q1|unconstrained_beta|r5|ensemble,low_volatility|120d,low_volatility,120d,63,low_volatility_family_sensitivity,lower_tail,long_q1,long_only,False,5,ensemble,3,836.3333333333334,0.0,0.0,,0,return_minus_risk_free,4181,0.1743474975039221,0.30859017828596624,0.6271313746614984,-0.5832840580024538,0.595,0.7647058823529411,-0.00829356502598671,-0.25582198494107866,0.79808829712377,1.5091139517081935,1.467681908434995,1.9384474107672889,0.9987781903944433,0.9987781903944433,7.329965022748629,0.0,0,0.0,,,,41.47963007255042,11.0,0.04037075948600991
low_volatility|120d|long_q1|unconstrained_beta|r5|ensemble,low_volatility|120d,low_volatility,120d,63,low_volatility_family_sensitivity,lower_tail,long_q1,long_only,False,5,ensemble,3,836.3333333333334,0.0,0.0,,5,return_minus_risk_free,4181,0.17005134372876118,0.3085744165407425,0.615266845401509,-0.5837442158009595,0.595,0.7647058823529411,-0.011954955581062462,-0.3687975514261313,0.7122786299077004,1.5090424567963958,1.467681908434995,1.9384474107672889,0.9987781903944433,0.9987781903944433,7.329965022748629,0.0036649825113743146,0,0.0,,,,41.47963007255042,11.0,0.04037075948600991
low_volatility|120d|long_q1|unconstrained_beta|r5|ensemble,low_volatility|120d,low_volatility,120d,63,low_volatility_family_sensitivity,lower_tail,long_q1,long_only,False,5,ensemble,3,836.3333333333334,0.0,0.0,,10,return_minus_risk_free,4181,0.1657707710374774,0.3085588601083429,0.603400703686707,-0.5842038969180088,0.595,0.7647058823529411,-0.015616346136138236,-0.48179356372389365,0.6299526020437458,1.5089709618845977,1.467681908434995,1.9384474107672889,0.9987781903944433,0.9987781903944433,7.329965022748629,0.007329965022748629,0,0.0,,,,41.47963007255042,11.0,0.04037075948600991
low_volatility|120d|long_q1|unconstrained_beta|r5|ensemble,low_volatility|120d,low_volatility,120d,63,low_volatility_family_sensitivity,lower_tail,long_q1,long_only,False,5,ensemble,3,836.3333333333334,0.0,0.0,,25,return_minus_risk_free,4181,0.1530219802604813,0.30851342299661844,0.5677928377492639,-0.589377074854414,0.585,0.7647058823529411,-0.026600517801365464,-0.8208890886563222,0.41170944676595467,1.5087564771492032,1.467681908434995,1.9384474107672889,0.9987781903944433,0.9987781903944433,7.329965022748629,0.018324912556871572,0,0.0,,,,41.47963007255042,11.0,0.04037075948600991
low_volatility|120d|long_q1|unconstrained_beta|r21|ensemble,low_volatility|120d,low_volatility,120d,63,low_volatility_family_sensitivity,lower_tail,long_q1,long_only,False,21,ensemble,3,199.33333333333334,0.0,0.0,,0,return_minus_risk_free,4181,0.1672174997887732,0.302359495441502,0.6135635625974485,-0.543122105169459,0.57,0.7647058823529411,-0.013119813666981167,-0.4180611736806612,0.6759023914081506,1.485312706694318,1.463512922224115,1.945678307453134,0.9940285665218709,0.9940285665218709,4.210131412133428,0.0,0,0.0,,,,41.261022084030934,11.0,0.04657876634306015
low_volatility|120d|long_q1|unconstrained_beta|r21|ensemble,low_volatility|120d,low_volatility,120d,63,low_volatility_family_sensitivity,lower_tail,long_q1,long_only,False,21,ensemble,3,199.33333333333334,0.0,0.0,,5,return_minus_risk_free,4181,0.16476293431609368,0.3023474854600024,0.6066121446005466,-0.5441471702401972,0.57,0.7647058823529411,-0.015216953288228413,-0.4848992108843153,0.6277478421897154,1.4852232245403354,1.463512922224115,1.945678307453134,0.9940285665218709,0.9940285665218709,4.210131412133428,0.0021050657060667144,0,0.0,,,,41.261022084030934,11.0,0.04657876634306015
low_volatility|120d|long_q1|unconstrained_beta|r21|ensemble,low_volatility|120d,low_volatility,120d,63,low_volatility_family_sensitivity,lower_tail,long_q1,long_only,False,21,ensemble,3,199.33333333333334,0.0,0.0,,10,return_minus_risk_free,4181,0.16231337036994464,0.30233587821715296,0.5996593758372589,-0.5457911136186244,0.57,0.7647058823529411,-0.017314092909475515,-0.5517372191921869,0.5811284059401742,1.485133742386353,1.463512922224115,1.945678307453134,0.9940285665218709,0.9940285665218709,4.210131412133428,0.004210131412133429,0,0.0,,,,41.261022084030934,11.0,0.04657876634306015
low_volatility|120d|long_q1|unconstrained_beta|r21|ensemble,low_volatility|120d,low_volatility,120d,63,low_volatility_family_sensitivity,lower_tail,long_q1,long_only,False,21,ensemble,3,199.33333333333334,0.0,0.0,,25,return_minus_risk_free,4181,0.15499458909497754,0.3023034733763638,0.5787932404579067,-0.5506881356011284,0.565,0.7647058823529411,-0.023605511773217045,-0.7522379848913657,0.4519079544004405,1.484865295924405,1.463512922224115,1.945678307453134,0.9940285665218709,0.9940285665218709,4.210131412133428,0.010525328530333571,0,0.0,,,,41.261022084030934,11.0,0.04657876634306015
low_volatility|120d|long_q1|unconstrained_beta|r63|ensemble,low_volatility|120d,low_volatility,120d,63,low_volatility_family_sensitivity,lower_tail,long_q1,long_only,False,63,ensemble,3,66.33333333333333,0.0,0.0,,0,return_minus_risk_free,4181,0.1677921596282812,0.2911231870281359,0.6274395103840286,-0.5033325202516782,0.595,0.7647058823529411,-0.008207032340141284,-0.2665617243127645,0.7898066291139674,1.42723247687255,1.4554419449788947,1.896157998116359,0.9846119415966939,0.9846119415966939,2.743187595920045,0.0,0,0.0,,,,40.80802040979032,11.0,0.052135107383366054
low_volatility|120d|long_q1|unconstrained_beta|r63|ensemble,low_volatility|120d,low_volatility,120d,63,low_volatility_family_sensitivity,lower_tail,long_q1,long_only,False,63,ensemble,3,66.33333333333333,0.0,0.0,,5,return_minus_risk_free,4181,0.16619142773697781,0.2911213678450381,0.6227279144569332,-0.5033823467068709,0.595,0.7647058823529411,-0.009575492230304815,-0.3109795621012861,0.7558161589109347,1.4272001369884766,1.4554419449788947,1.896157998116359,0.9846119415966939,0.9846119415966939,2.743187595920045,0.0013715937979600224,0,0.0,,,,40.80802040979032,11.0,0.052135107383366054
low_volatility|120d|long_q1|unconstrained_beta|r63|ensemble,low_volatility|120d,low_volatility,120d,63,low_volatility_family_sensitivity,lower_tail,long_q1,long_only,False,63,ensemble,3,66.33333333333333,0.0,0.0,,10,return_minus_risk_free,4181,0.16459270350304234,0.29112007525564837,0.6180151418484399,-0.5034321731620635,0.595,0.7647058823529411,-0.010943952120468295,-0.35538447254374655,0.7223015797762768,1.4271677971044034,1.4554419449788947,1.896157998116359,0.9846119415966939,0.9846119415966939,2.743187595920045,0.002743187595920045,0,0.0,,,,40.80802040979032,11.0,0.052135107383366054
low_volatility|120d|long_q1|unconstrained_beta|r63|ensemble,low_volatility|120d,low_volatility,120d,63,low_volatility_family_sensitivity,lower_tail,long_q1,long_only,False,63,ensemble,3,66.33333333333333,0.0,0.0,,25,return_minus_risk_free,4181,0.159808553870886,0.29111935710558284,0.6038700194690492,-0.503581652527641,0.595,0.7647058823529411,-0.015049331790958633,-0.4885046164163277,0.6251924566367969,1.4270707774521845,1.4554419449788947,1.896157998116359,0.9846119415966939,0.9846119415966939,2.743187595920045,0.006857968989800113,0,0.0,,,,40.80802040979032,11.0,0.052135107383366054
low_volatility|120d|long_q10|unconstrained_beta|r1|ensemble,low_volatility|120d,low_volatility,120d,63,low_volatility_family_sensitivity,lower_tail,long_q10,long_only,False,1,ensemble,1,4181.0,0.0,0.0,,0,return_minus_risk_free,4181,0.12427579626584206,0.1307256557258575,0.8478213868932102,-0.3093398607879496,0.62,0.9411764705882353,0.037321950639734966,1.7525368047424665,0.0796815469837637,0.5497925773875305,0.550012611736005,0.8215364318733746,1.0,1.0,15.102338356696732,0.0,0,0.0,,,,42.428127242286536,34.0,0.029411764705882353
low_volatility|120d|long_q10|unconstrained_beta|r1|ensemble,low_volatility|120d,low_volatility,120d,63,low_volatility_family_sensitivity,lower_tail,long_q10,long_only,False,1,ensemble,1,4181.0,0.0,0.0,,5,return_minus_risk_free,4181,0.11581793884080693,0.13072142500152542,0.7900651390318799,-0.3114350842052739,0.62,0.9411764705882353,0.029773334880655936,1.3962006632714459,0.16265407704424706,0.5497485673957824,0.550012611736005,0.8215364318733746,1.0,1.0,15.102338356696732,0.0075511691783483655,0,0.0,,,,42.428127242286536,34.0,0.029411764705882353
low_volatility|120d|long_q10|unconstrained_beta|r1|ensemble,low_volatility|120d,low_volatility,120d,63,low_volatility_family_sensitivity,lower_tail,long_q10,long_only,False,1,ensemble,1,4181.0,0.0,0.0,,10,return_minus_risk_free,4181,0.10742324610958431,0.13071867157391842,0.7322970333326149,-0.3135243583294761,0.61,0.9411764705882353,0.02222471912157715,1.0407556506842632,0.29798896782722617,0.5497045574040339,0.550012611736005,0.8215364318733746,1.0,1.0,15.102338356696732,0.015102338356696731,0,0.0,,,,42.428127242286536,34.0,0.029411764705882353
low_volatility|120d|long_q10|unconstrained_beta|r1|ensemble,low_volatility|120d,low_volatility,120d,63,low_volatility_family_sensitivity,lower_tail,long_q10,long_only,False,1,ensemble,1,4181.0,0.0,0.0,,25,return_minus_risk_free,4181,0.08261349022929654,0.1307192757545363,0.5589411435651872,-0.3197566425066791,0.605,0.7647058823529411,-0.00042112815566041506,-0.019631476534827788,0.9843373540241294,0.5495725274287893,0.550012611736005,0.8215364318733746,1.0,1.0,15.102338356696732,0.03775584589174183,0,0.0,,,,42.428127242286536,34.0,0.029411764705882353
low_volatility|120d|long_q10|unconstrained_beta|r5|ensemble,low_volatility|120d,low_volatility,120d,63,low_volatility_family_sensitivity,lower_tail,long_q10,long_only,False,5,ensemble,3,836.3333333333334,0.0,0.0,,0,return_minus_risk_free,4181,0.12121937345139022,0.1312699502375178,0.8241064432939597,-0.3127023100103187,0.62,0.9411764705882353,0.03427861797923929,1.608815060275345,0.1076567867813351,0.5527122414110831,0.549462352092669,0.8165709889072449,0.9994912620540135,0.9994912620540135,8.033823492278987,0.0,2,0.015448285691245017,,,,42.40397034202344,11.333333333333334,0.03409358255964555
low_volatility|120d|long_q10|unconstrained_beta|r5|ensemble,low_volatility|120d,low_volatility,120d,63,low_volatility_family_sensitivity,lower_tail,long_q10,long_only,False,5,ensemble,3,836.3333333333334,0.0,0.0,,5,return_minus_risk_free,4181,0.11672448371157751,0.13125815540156646,0.7935578292190092,-0.3136532057943251,0.62,0.9411764705882353,0.030268472327945693,1.4201212984397695,0.15557237069054206,0.5526390135185537,0.549462352092669,0.8165709889072449,0.9994912620540135,0.9994912620540135,8.033823492278987,0.004016911746139494,2,0.015448285691245017,,,,42.40397034202344,11.333333333333334,0.03409358255964555
low_volatility|120d|long_q10|unconstrained_beta|r5|ensemble,low_volatility|120d,low_volatility,120d,63,low_volatility_family_sensitivity,lower_tail,long_q10,long_only,False,5,ensemble,3,836.3333333333334,0.0,0.0,,10,return_minus_risk_free,4181,0.11224744606887671,0.13124702167819613,0.7629999254251754,-0.3146029118555127,0.62,0.9411764705882353,0.026258326676652007,1.2315351568013368,0.21812277603255892,0.5525657856260249,0.549462352092669,0.8165709889072449,0.9994912620540135,0.9994912620540135,8.033823492278987,0.008033823492278987,2,0.015448285691245017,,,,42.40397034202344,11.333333333333334,0.03409358255964555
low_volatility|120d|long_q10|unconstrained_beta|r5|ensemble,low_volatility|120d,low_volatility,120d,63,low_volatility_family_sensitivity,lower_tail,long_q10,long_only,False,5,ensemble,3,836.3333333333334,0.0,0.0,,25,return_minus_risk_free,4181,0.09892274466595952,0.13121758881645723,0.6712750630514088,-0.3174449050592477,0.6,0.7647058823529411,0.014227889722770243,0.666516890262104,0.505080771418516,0.5523461019484361,0.549462352092669,0.8165709889072449,0.9994912620540135,0.9994912620540135,8.033823492278987,0.02008455873069747,2,0.015448285691245017,,,,42.40397034202344,11.333333333333334,0.03409358255964555
low_volatility|120d|long_q10|unconstrained_beta|r21|ensemble,low_volatility|120d,low_volatility,120d,63,low_volatility_family_sensitivity,lower_tail,long_q10,long_only,False,21,ensemble,3,199.33333333333334,0.0,0.0,,0,return_minus_risk_free,4181,0.11853124803573767,0.13374885829243346,0.7934119216890089,-0.33605640099931533,0.62,0.9411764705882353,0.03016612219861088,1.3986524772374087,0.16191722154984967,0.5680256627040926,0.547630137745313,0.8147857907999122,0.9974395545990632,0.9974395545990632,4.371006439198606,0.0,2,0.022845906936896674,,,,42.30375508251615,11.333333333333334,0.033517820248954694
low_volatility|120d|long_q10|unconstrained_beta|r21|ensemble,low_volatility|120d,low_volatility,120d,63,low_volatility_family_sensitivity,lower_tail,long_q10,long_only,False,21,ensemble,3,199.33333333333334,0.0,0.0,,5,return_minus_risk_free,4181,0.11608927318472562,0.13373637488391152,0.7771267439719287,-0.3362392219226116,0.62,0.9411764705882353,0.02799110974996055,1.2976411521047957,0.1944106741527989,0.5679281144428182,0.547630137745313,0.8147857907999122,0.9974395545990632,0.9974395545990632,4.371006439198606,0.002185503219599303,2,0.022845906936896674,,,,42.30375508251615,11.333333333333334,0.033517820248954694
low_volatility|120d|long_q10|unconstrained_beta|r21|ensemble,low_volatility|120d,low_volatility,120d,63,low_volatility_family_sensitivity,lower_tail,long_q10,long_only,False,21,ensemble,3,199.33333333333334,0.0,0.0,,10,return_minus_risk_free,4181,0.1136524489163,0.13372496949011797,0.7608324006651949,-0.33642201081470535,0.62,0.9411764705882353,0.02581609730131039,1.1966353287234752,0.2314487240667823,0.5678305661815435,0.547630137745313,0.8147857907999122,0.9974395545990632,0.9974395545990632,4.371006439198606,0.004371006439198606,2,0.022845906936896674,,,,42.30375508251615,11.333333333333334,0.033517820248954694
low_volatility|120d|long_q10|unconstrained_beta|r21|ensemble,low_volatility|120d,low_volatility,120d,63,low_volatility_family_sensitivity,lower_tail,long_q10,long_only,False,21,ensemble,3,199.33333333333334,0.0,0.0,,25,return_minus_risk_free,4181,0.10637277481936125,0.13369722402561188,0.7118982826525678,-0.3369701853299848,0.62,0.8823529411764706,0.019291059955359208,0.8937027156179289,0.3714809720322034,0.5675379213977203,0.547630137745313,0.8147857907999122,0.9974395545990632,0.9974395545990632,4.371006439198606,0.010927516097996515,2,0.022845906936896674,,,,42.30375508251615,11.333333333333334,0.033517820248954694
low_volatility|120d|long_q10|unconstrained_beta|r63|ensemble,low_volatility|120d,low_volatility,120d,63,low_volatility_family_sensitivity,lower_tail,long_q10,long_only,False,63,ensemble,3,66.33333333333333,0.0,0.0,,0,return_minus_risk_free,4181,0.11660504257031845,0.13656757503378722,0.7672558956798474,-0.35247978326619933,0.635,0.8823529411764706,0.026926291147293873,1.2337829191924516,0.21728380589557117,0.58225108011652,0.5411631141737061,0.8130965904958017,0.991905123793825,0.991905123793825,2.681046627555424,0.0,2,0.023144962920619846,,,,42.040580403412264,11.333333333333334,0.03401743924201427
low_volatility|120d|long_q10|unconstrained_beta|r63|ensemble,low_volatility|120d,low_volatility,120d,63,low_volatility_family_sensitivity,lower_tail,long_q10,long_only,False,63,ensemble,3,66.33333333333333,0.0,0.0,,5,return_minus_risk_free,4181,0.11510911578292582,0.13656306283821473,0.757456819641964,-0.3525214001537602,0.635,0.8235294117647058,0.025589701558948148,1.1724168147717746,0.24102975185275533,0.5822123030755708,0.5411631141737061,0.8130965904958017,0.991905123793825,0.991905123793825,2.681046627555424,0.001340523313777712,2,0.023144962920619846,,,,42.040580403412264,11.333333333333334,0.03401743924201427
low_volatility|120d|long_q10|unconstrained_beta|r63|ensemble,low_volatility|120d,low_volatility,120d,63,low_volatility_family_sensitivity,lower_tail,long_q10,long_only,False,63,ensemble,3,66.33333333333333,0.0,0.0,,10,return_minus_risk_free,4181,0.11361500428359994,0.13655974366179086,0.747650568377633,-0.3525630170413212,0.63,0.8235294117647058,0.024253111970602367,1.1110333429025887,0.2665539975154464,0.5821735260346218,0.5411631141737061,0.8130965904958017,0.991905123793825,0.991905123793825,2.681046627555424,0.002681046627555424,2,0.023144962920619846,,,,42.040580403412264,11.333333333333334,0.03401743924201427
low_volatility|120d|long_q10|unconstrained_beta|r63|ensemble,low_volatility|120d,low_volatility,120d,63,low_volatility_family_sensitivity,lower_tail,long_q10,long_only,False,63,ensemble,3,66.33333333333333,0.0,0.0,,25,return_minus_risk_free,4181,0.1091435417253912,0.13655694496100196,0.7181913258031853,-0.3526878677040042,0.63,0.8235294117647058,0.020243343205565062,0.9268289332261536,0.35401536010550716,0.5820571949117745,0.5411631141737061,0.8130965904958017,0.991905123793825,0.991905123793825,2.681046627555424,0.00670261656888856,2,0.023144962920619846,,,,42.040580403412264,11.333333333333334,0.03401743924201427
low_volatility|120d|middle_minus_q1|unconstrained_beta|r1|ensemble,low_volatility|120d,low_volatility,120d,63,low_volatility_family_sensitivity,lower_tail,middle_minus_q1,market_neutral,False,1,ensemble,1,4181.0,0.0,0.0,,0,self_financing_spread_return,4181,-0.0838949164628906,0.18761541184515043,-0.3728524709092227,-0.818789391754293,0.43,0.23529411764705882,0.009502961829856688,0.26061488393823784,0.7943895105196297,-0.5346216623580323,-0.4739951103276265,1.0262089210913798,2.0,1.8261895822382487e-17,30.394047049189908,0.0,0,0.0,,,,209.3889021765128,167.0,0.030303030303030304
low_volatility|120d|middle_minus_q1|unconstrained_beta|r1|ensemble,low_volatility|120d,low_volatility,120d,63,low_volatility_family_sensitivity,lower_tail,middle_minus_q1,market_neutral,False,1,ensemble,1,4181.0,0.0,0.0,,5,self_financing_spread_return,4181,-0.0977123262865206,0.18761374441519144,-0.45382094228703146,-0.8379129276745404,0.425,0.23529411764705882,-0.005686054523867061,-0.15587035641461683,0.876135211830904,-0.5346294677032161,-0.4739951103276265,1.0262089210913798,2.0,1.8261895822382487e-17,30.394047049189908,0.015197023524594953,0,0.0,,,,209.3889021765128,167.0,0.030303030303030304
low_volatility|120d|middle_minus_q1|unconstrained_beta|r1|ensemble,low_volatility|120d,low_volatility,120d,63,low_volatility_family_sensitivity,lower_tail,middle_minus_q1,market_neutral,False,1,ensemble,1,4181.0,0.0,0.0,,10,self_financing_spread_return,4181,-0.11132249853858522,0.1876141820163239,-0.5347848525499882,-0.8735483486713371,0.41,0.17647058823529413,-0.02087507087759209,-0.5719709744743295,0.5673416388700654,-0.5346372730484,-0.4739951103276265,1.0262089210913798,2.0,1.8261895822382487e-17,30.394047049189908,0.030394047049189906,0,0.0,,,,209.3889021765128,167.0,0.030303030303030304
low_volatility|120d|middle_minus_q1|unconstrained_beta|r1|ensemble,low_volatility|120d,low_volatility,120d,63,low_volatility_family_sensitivity,lower_tail,middle_minus_q1,market_neutral,False,1,ensemble,1,4181.0,0.0,0.0,,25,self_financing_spread_return,4181,-0.1509402702648216,0.18762812450473498,-0.7776219701559726,-0.9399657175775832,0.38,0.11764705882352941,-0.06644211993876503,-1.8174317428788442,0.06915103096697604,-0.5346606890839518,-0.4739951103276265,1.0262089210913798,2.0,1.8261895822382487e-17,30.394047049189908,0.07598511762297477,0,0.0,,,,209.3889021765128,167.0,0.030303030303030304
low_volatility|120d|middle_minus_q1|unconstrained_beta|r5|ensemble,low_volatility|120d,low_volatility,120d,63,low_volatility_family_sensitivity,lower_tail,middle_minus_q1,market_neutral,False,5,ensemble,3,836.3333333333334,0.0,0.0,,0,self_financing_spread_return,4181,-0.08642320400803105,0.1869323812151916,-0.38940055317109473,-0.8227971247458165,0.43,0.23529411764705882,0.005126125611801159,0.13937564747214737,0.8891533150224619,-0.5242722714254524,-0.4767712409956712,1.1463412414611627,2.004126840143192,-0.00039263487347290836,16.240296664705593,0.0,18,0.006450566908369273,,,,209.22195646974407,55.666666666666664,0.04844584523140835
low_volatility|120d|middle_minus_q1|unconstrained_beta|r5|ensemble,low_volatility|120d,low_volatility,120d,63,low_volatility_family_sensitivity,lower_tail,middle_minus_q1,market_neutral,False,5,ensemble,3,836.3333333333334,0.0,0.0,,5,self_financing_spread_return,4181,-0.09381179265487904,0.1869412273117563,-0.43278932962557953,-0.8323801253581821,0.425,0.23529411764705882,-0.0029766153722428877,-0.0808955533425458,0.9355250162956942,-0.5243520369957527,-0.4767712409956712,1.1463412414611627,2.004126840143192,-0.00039263487347290836,16.240296664705593,0.008120148332352797,18,0.006450566908369273,,,,209.22195646974407,55.666666666666664,0.04844584523140835
low_volatility|120d|middle_minus_q1|unconstrained_beta|r5|ensemble,low_volatility|120d,low_volatility,120d,63,low_volatility_family_sensitivity,lower_tail,middle_minus_q1,market_neutral,False,5,ensemble,3,836.3333333333334,0.0,0.0,,10,self_financing_spread_return,4181,-0.10114111658402658,0.18695159437167647,-0.4761701259819643,-0.852346291007396,0.425,0.23529411764705882,-0.011079356356286658,-0.3009641401691984,0.7634418394574712,-0.5244318025660525,-0.4767712409956712,1.1463412414611627,2.004126840143192,-0.00039263487347290836,16.240296664705593,0.016240296664705594,18,0.006450566908369273,,,,209.22195646974407,55.666666666666664,0.04844584523140835
low_volatility|120d|middle_minus_q1|unconstrained_beta|r5|ensemble,low_volatility|120d,low_volatility,120d,63,low_volatility_family_sensitivity,lower_tail,middle_minus_q1,market_neutral,False,5,ensemble,3,836.3333333333334,0.0,0.0,,25,self_financing_spread_return,4181,-0.12277819614376295,0.18699181861627734,-0.6062540728997382,-0.9004810578541599,0.4,0.11764705882352941,-0.03538757930841844,-0.9598651334931498,0.33712309611423097,-0.5246710992769533,-0.4767712409956712,1.1463412414611627,2.004126840143192,-0.00039263487347290836,16.240296664705593,0.04060074166176398,18,0.006450566908369273,,,,209.22195646974407,55.666666666666664,0.04844584523140835
low_volatility|120d|middle_minus_q1|unconstrained_beta|r21|ensemble,low_volatility|120d,low_volatility,120d,63,low_volatility_family_sensitivity,lower_tail,middle_minus_q1,market_neutral,False,21,ensemble,3,199.33333333333334,0.0,0.0,,0,self_financing_spread_return,4181,-0.07418073405901204,0.18322677097238643,-0.3284439049579937,-0.7726536107836804,0.44,0.29411764705882354,0.011496457267795029,0.3104660539877588,0.7562065699519374,-0.4822759281046101,-0.4822020910611613,1.281652563301381,2.0110348318071827,0.0004188131990444806,9.087163726400147,0.0,21,0.006119554121698616,,,,208.58255600733477,55.666666666666664,0.05371586216286219
low_volatility|120d|middle_minus_q1|unconstrained_beta|r21|ensemble,low_volatility|120d,low_volatility,120d,63,low_volatility_family_sensitivity,lower_tail,middle_minus_q1,market_neutral,False,21,ensemble,3,199.33333333333334,0.0,0.0,,5,self_financing_spread_return,4181,-0.07837801936656374,0.183230301727184,-0.3532213483769578,-0.7872484187379626,0.435,0.23529411764705882,0.006969203856650138,0.18814673961174996,0.8507616223819026,-0.48236935169820044,-0.4822020910611613,1.281652563301381,2.0110348318071827,0.0004188131990444806,9.087163726400147,0.004543581863200074,21,0.006119554121698616,,,,208.58255600733477,55.666666666666664,0.05371586216286219
low_volatility|120d|middle_minus_q1|unconstrained_beta|r21|ensemble,low_volatility|120d,low_volatility,120d,63,low_volatility_family_sensitivity,lower_tail,middle_minus_q1,market_neutral,False,21,ensemble,3,199.33333333333334,0.0,0.0,,10,self_financing_spread_return,4181,-0.08255685657500489,0.18323682980890177,-0.37799165375434873,-0.8009081113564805,0.43,0.23529411764705882,0.0024419504455052525,0.06590289843432931,0.9474551329850789,-0.4824627752917906,-0.4822020910611613,1.281652563301381,2.0110348318071827,0.0004188131990444806,9.087163726400147,0.009087163726400147,21,0.006119554121698616,,,,208.58255600733477,55.666666666666664,0.05371586216286219
low_volatility|120d|middle_minus_q1|unconstrained_beta|r21|ensemble,low_volatility|120d,low_volatility,120d,63,low_volatility_family_sensitivity,lower_tail,middle_minus_q1,market_neutral,False,21,ensemble,3,199.33333333333334,0.0,0.0,,25,self_financing_spread_return,4181,-0.09498346359689269,0.1832743940774193,-0.4522476094445181,-0.8368556386068754,0.43,0.23529411764705882,-0.011139809787929294,-0.30029789227754833,0.7639499408084839,-0.4827430460725607,-0.4822020910611613,1.281652563301381,2.0110348318071827,0.0004188131990444806,9.087163726400147,0.022717909316000366,21,0.006119554121698616,,,,208.58255600733477,55.666666666666664,0.05371586216286219
low_volatility|120d|middle_minus_q1|unconstrained_beta|r63|ensemble,low_volatility|120d,low_volatility,120d,63,low_volatility_family_sensitivity,lower_tail,middle_minus_q1,market_neutral,False,63,ensemble,3,66.33333333333333,0.0,0.0,,0,self_financing_spread_return,4181,-0.06766845423808587,0.19244382106543476,-0.26757614105752203,-0.7685929467309768,0.45,0.29411764705882354,0.015454769635678189,0.3804193774915127,0.7036341327991905,-0.45046320212612073,-0.5103702200001087,2.329235985158202,2.0506681907182736,-0.004223097268135092,5.815022450624976,0.0,6,0.004356416257083262,,,,206.97974966116558,55.666666666666664,0.10209829160118476
low_volatility|120d|middle_minus_q1|unconstrained_beta|r63|ensemble,low_volatility|120d,low_volatility,120d,63,low_volatility_family_sensitivity,lower_tail,middle_minus_q1,market_neutral,False,63,ensemble,3,66.33333333333333,0.0,0.0,,5,self_financing_spread_return,4181,-0.07037561660257374,0.19244270971400615,-0.2826840821816038,-0.7777580347812425,0.445,0.29411764705882354,0.01255456961857009,0.3090124370336525,0.7573120661356486,-0.4505097349516277,-0.5103702200001087,2.329235985158202,2.0506681907182736,-0.004223097268135092,5.815022450624976,0.002907511225312488,6,0.004356416257083262,,,,206.97974966116558,55.666666666666664,0.10209829160118476
low_volatility|120d|middle_minus_q1|unconstrained_beta|r63|ensemble,low_volatility|120d,low_volatility,120d,63,low_volatility_family_sensitivity,lower_tail,middle_minus_q1,market_neutral,False,63,ensemble,3,66.33333333333333,0.0,0.0,,10,self_financing_spread_return,4181,-0.07307558641826761,0.19244516330981262,-0.29778668135596603,-0.786562274482893,0.435,0.29411764705882354,0.00965436960146195,0.23760615123181567,0.8121865791445962,-0.4505562677771347,-0.5103702200001087,2.329235985158202,2.0506681907182736,-0.004223097268135092,5.815022450624976,0.005815022450624976,6,0.004356416257083262,,,,206.97974966116558,55.666666666666664,0.10209829160118476
low_volatility|120d|middle_minus_q1|unconstrained_beta|r63|ensemble,low_volatility|120d,low_volatility,120d,63,low_volatility_family_sensitivity,lower_tail,middle_minus_q1,market_neutral,False,63,ensemble,3,66.33333333333333,0.0,0.0,,25,self_financing_spread_return,4181,-0.08113251398445864,0.19247391142686385,-0.34305404460541394,-0.8114037653885663,0.43,0.29411764705882354,0.0009537695501377554,0.023462255182688678,0.9812815461915572,-0.45069586625365604,-0.5103702200001087,2.329235985158202,2.0506681907182736,-0.004223097268135092,5.815022450624976,0.014537556126562441,6,0.004356416257083262,,,,206.97974966116558,55.666666666666664,0.10209829160118476
low_volatility|120d|middle_minus_q1|beta_neutral|r1|ensemble,low_volatility|120d,low_volatility,120d,63,low_volatility_family_sensitivity,lower_tail,middle_minus_q1,market_neutral,True,1,ensemble,1,4181.0,0.0,4181.0,1.0,0,self_financing_spread_return,4181,0.0018590474109649868,0.13312018224867125,0.08049509692730533,-0.4934154882329924,0.5,0.5294117647058824,0.013411054558470071,0.4397116162323616,0.660145988213908,-0.01813699612220832,-4.690775675218916e-18,7.077671781985373e-16,2.0,0.38201445921870736,28.798957339601483,0.0,0,0.0,,,,209.26309495336045,167.0,0.026110577182057827
low_volatility|120d|middle_minus_q1|beta_neutral|r1|ensemble,low_volatility|120d,low_volatility,120d,63,low_volatility_family_sensitivity,lower_tail,middle_minus_q1,market_neutral,True,1,ensemble,1,4181.0,0.0,4181.0,1.0,5,self_financing_spread_return,4181,-0.012464403576077587,0.1331114275696309,-0.027678740893827918,-0.5378592196578313,0.485,0.5294117647058824,-0.0009804220281061286,-0.03213350594125929,0.9743655833225319,-0.018193529981196575,-4.690775675218916e-18,7.077671781985373e-16,2.0,0.38201445921870736,28.798957339601483,0.01439947866980074,0,0.0,,,,209.26309495336045,167.0,0.026110577182057827
low_volatility|120d|middle_minus_q1|beta_neutral|r1|ensemble,low_volatility|120d,low_volatility,120d,63,low_volatility_family_sensitivity,lower_tail,middle_minus_q1,market_neutral,True,1,ensemble,1,4181.0,0.0,4181.0,1.0,10,self_financing_spread_return,4181,-0.02658420088476876,0.13310519368814538,-0.135864235642618,-0.5784069016823933,0.475,0.5294117647058824,-0.015371898614682813,-0.5036045228533219,0.6145393136541188,-0.018250063840184905,-4.690775675218916e-18,7.077671781985373e-16,2.0,0.38201445921870736,28.798957339601483,0.02879895733960148,0,0.0,,,,209.26309495336045,167.0,0.026110577182057827
low_volatility|120d|middle_minus_q1|beta_neutral|r1|ensemble,low_volatility|120d,low_volatility,120d,63,low_volatility_family_sensitivity,lower_tail,middle_minus_q1,market_neutral,True,1,ensemble,1,4181.0,0.0,4181.0,1.0,25,self_financing_spread_return,4181,-0.06775026634007086,0.13310161965478534,-0.46042919402358423,-0.7312621569119597,0.405,0.23529411764705882,-0.05854632837441148,-1.9150303832365692,0.05548862894997242,-0.018419665417149837,-4.690775675218916e-18,7.077671781985373e-16,2.0,0.38201445921870736,28.798957339601483,0.07199739334900371,0,0.0,,,,209.26309495336045,167.0,0.026110577182057827
low_volatility|120d|middle_minus_q1|beta_neutral|r5|ensemble,low_volatility|120d,low_volatility,120d,63,low_volatility_family_sensitivity,lower_tail,middle_minus_q1,market_neutral,True,5,ensemble,3,836.3333333333334,0.0,836.3333333333334,1.0,0,self_financing_spread_return,4181,-0.0013207289991487015,0.13235123144067537,0.056244669701965,-0.4939780668958377,0.535,0.5294117647058824,0.009358235704207695,0.3066113745386173,0.7591391947856201,-0.012879664433832044,-0.0008716357885312226,0.2953966071749824,2.0018908027645703,0.38233266408348404,15.492458852620535,0.0,18,0.007134974556459538,,,,209.09559116638763,55.666666666666664,0.03616991240808282
low_volatility|120d|middle_minus_q1|beta_neutral|r5|ensemble,low_volatility|120d,low_volatility,120d,63,low_volatility_family_sensitivity,lower_tail,middle_minus_q1,market_neutral,True,5,ensemble,3,836.3333333333334,0.0,836.3333333333334,1.0,5,self_financing_spread_return,4181,-0.009027084693024934,0.13235553013417195,-0.002275430913694236,-0.5184121463310167,0.525,0.5294117647058824,0.0016275112613687959,0.05330233808357477,0.9574910173306886,-0.01297717925919228,-0.0008716357885312226,0.2953966071749824,2.0018908027645703,0.38233266408348404,15.492458852620535,0.007746229426310268,18,0.007134974556459538,,,,209.09559116638763,55.666666666666664,0.03616991240808282
low_volatility|120d|middle_minus_q1|beta_neutral|r5|ensemble,low_volatility|120d,low_volatility,120d,63,low_volatility_family_sensitivity,lower_tail,middle_minus_q1,market_neutral,True,5,ensemble,3,836.3333333333334,0.0,836.3333333333334,1.0,10,self_financing_spread_return,4181,-0.016674454516101833,0.13236172474135016,-0.06079085961205268,-0.5416678720025911,0.485,0.5294117647058824,-0.006103213181470265,-0.19980258077749158,0.8416349828581825,-0.013074694084552682,-0.0008716357885312226,0.2953966071749824,2.0018908027645703,0.38233266408348404,15.492458852620535,0.015492458852620536,18,0.007134974556459538,,,,209.09559116638763,55.666666666666664,0.03616991240808282
low_volatility|120d|middle_minus_q1|beta_neutral|r5|ensemble,low_volatility|120d,low_volatility,120d,63,low_volatility_family_sensitivity,lower_tail,middle_minus_q1,market_neutral,True,5,ensemble,3,836.3333333333334,0.0,836.3333333333334,1.0,25,self_financing_spread_return,4181,-0.039267110292455776,0.13239168097642384,-0.23628398915802012,-0.6060456241430671,0.45,0.4117647058823529,-0.029295386509987458,-0.9577602334969659,0.33818367588239673,-0.013367238560633772,-0.0008716357885312226,0.2953966071749824,2.0018908027645703,0.38233266408348404,15.492458852620535,0.03873114713155133,18,0.007134974556459538,,,,209.09559116638763,55.666666666666664,0.03616991240808282
low_volatility|120d|middle_minus_q1|beta_neutral|r21|ensemble,low_volatility|120d,low_volatility,120d,63,low_volatility_family_sensitivity,lower_tail,middle_minus_q1,market_neutral,True,21,ensemble,3,199.33333333333334,0.0,199.33333333333334,1.0,0,self_financing_spread_return,4181,0.006131054583104367,0.12955328315222134,0.1120606099779686,-0.43074617527596826,0.535,0.5294117647058824,0.013706420779153213,0.4584967908585528,0.6465955675551893,0.005459530861274459,-0.0017162208710817066,0.2986877052402443,2.002426735179834,0.38409402556750677,8.702952171924732,0.0,21,0.0068717722697138215,,,,208.46201068324964,55.666666666666664,0.04090699090015524
low_volatility|120d|middle_minus_q1|beta_neutral|r21|ensemble,low_volatility|120d,low_volatility,120d,63,low_volatility_family_sensitivity,lower_tail,middle_minus_q1,market_neutral,True,21,ensemble,3,199.33333333333334,0.0,199.33333333333334,1.0,5,self_financing_spread_return,4181,0.0017621236792793038,0.1295454166697988,0.07846804991358058,-0.445971914633445,0.53,0.5294117647058824,0.009370165146245437,0.3133681174358905,0.7540010038440623,0.005349263022808999,-0.0017162208710817066,0.2986877052402443,2.002426735179834,0.38409402556750677,8.702952171924732,0.0043514760859623665,21,0.0068717722697138215,,,,208.46201068324964,55.666666666666664,0.04090699090015524
low_volatility|120d|middle_minus_q1|beta_neutral|r21|ensemble,low_volatility|120d,low_volatility,120d,63,low_volatility_family_sensitivity,lower_tail,middle_minus_q1,market_neutral,True,21,ensemble,3,199.33333333333334,0.0,199.33333333333334,1.0,10,self_financing_spread_return,4181,-0.0025884087943321976,0.129541403477483,0.04487007514139241,-0.4607923371905006,0.525,0.5294117647058824,0.005033909513337429,0.16830443118883917,0.8663437880063298,0.005238995184343485,-0.0017162208710817066,0.2986877052402443,2.002426735179834,0.38409402556750677,8.702952171924732,0.008702952171924733,21,0.0068717722697138215,,,,208.46201068324964,55.666666666666664,0.04090699090015524
low_volatility|120d|middle_minus_q1|beta_neutral|r21|ensemble,low_volatility|120d,low_volatility,120d,63,low_volatility_family_sensitivity,lower_tail,middle_minus_q1,market_neutral,True,21,ensemble,3,199.33333333333334,0.0,199.33333333333334,1.0,25,self_financing_spread_return,4181,-0.015530365051098172,0.129552485502986,-0.055926357599464245,-0.5029276814590462,0.505,0.5294117647058824,-0.007974857385386365,-0.266369558566868,0.7899546073096443,0.004908191668946979,-0.0017162208710817066,0.2986877052402443,2.002426735179834,0.38409402556750677,8.702952171924732,0.021757380429811828,21,0.0068717722697138215,,,,208.46201068324964,55.666666666666664,0.04090699090015524
low_volatility|120d|middle_minus_q1|beta_neutral|r63|ensemble,low_volatility|120d,low_volatility,120d,63,low_volatility_family_sensitivity,lower_tail,middle_minus_q1,market_neutral,True,63,ensemble,3,66.33333333333333,0.0,66.33333333333333,1.0,0,self_financing_spread_return,4181,0.010612579357468954,0.1330477708843667,0.1459105436400492,-0.4224828508378954,0.555,0.5294117647058824,0.014932475716181257,0.4819630541824411,0.6298321921230124,0.030147870733204726,-0.010541773508832245,0.7029630606524194,2.0195205084767514,0.3867762336943793,5.535610727046946,0.0,6,0.005083021554896565,,,,206.87929522442798,55.666666666666664,0.0598021823228882
low_volatility|120d|middle_minus_q1|beta_neutral|r63|ensemble,low_volatility|120d,low_volatility,120d,63,low_volatility_family_sensitivity,lower_tail,middle_minus_q1,market_neutral,True,63,ensemble,3,66.33333333333333,0.0,66.33333333333333,1.0,5,self_financing_spread_return,4181,0.007818941537783397,0.13303835058718336,0.12510430795659377,-0.42734562927789255,0.555,0.5294117647058824,0.012170208946548891,0.39279409248547675,0.6944715682318561,0.030099862416993122,-0.010541773508832245,0.7029630606524194,2.0195205084767514,0.3867762336943793,5.535610727046946,0.0027678053635234734,6,0.005083021554896565,,,,206.87929522442798,55.666666666666664,0.0598021823228882
low_volatility|120d|middle_minus_q1|beta_neutral|r63|ensemble,low_volatility|120d,low_volatility,120d,63,low_volatility_family_sensitivity,lower_tail,middle_minus_q1,market_neutral,True,63,ensemble,3,66.33333333333333,0.0,66.33333333333333,1.0,10,self_financing_spread_return,4181,0.005032375051810645,0.133033575096089,0.10429148411547151,-0.43630182165546516,0.555,0.5294117647058824,0.009407942176916808,0.30361575717368056,0.7614206454715969,0.03005185410078142,-0.010541773508832245,0.7029630606524194,2.0195205084767514,0.3867762336943793,5.535610727046946,0.005535610727046947,6,0.005083021554896565,,,,206.87929522442798,55.666666666666664,0.0598021823228882
low_volatility|120d|middle_minus_q1|beta_neutral|r63|ensemble,low_volatility|120d,low_volatility,120d,63,low_volatility_family_sensitivity,lower_tail,middle_minus_q1,market_neutral,True,63,ensemble,3,66.33333333333333,0.0,66.33333333333333,1.0,25,self_financing_spread_return,4181,-0.003285058913576777,0.13304712002853128,0.04183528053030845,-0.462350817833187,0.545,0.5294117647058824,0.0011211418680198736,0.03616140406697489,0.9711536609404567,0.029907829152146556,-0.010541773508832245,0.7029630606524194,2.0195205084767514,0.3867762336943793,5.535610727046946,0.013839026817617367,6,0.005083021554896565,,,,206.87929522442798,55.666666666666664,0.0598021823228882
low_volatility|120d|q10_minus_middle|unconstrained_beta|r1|ensemble,low_volatility|120d,low_volatility,120d,63,low_volatility_family_sensitivity,lower_tail,q10_minus_middle,market_neutral,False,1,ensemble,1,4181.0,0.0,0.0,,0,self_financing_spread_return,4181,-0.022530621424178388,0.11672947471022475,-0.13680779388449738,-0.39531740820771577,0.445,0.35294117647058826,0.04886240480906202,2.184403740481406,0.028932593614303573,-0.4362240127429774,-0.44457756029704715,0.6857037710923046,2.0,-1.3402305123416126e-17,30.16076294368557,0.0,0,0.0,,,,210.28127242286536,168.0,0.029411764705882353
low_volatility|120d|q10_minus_middle|unconstrained_beta|r1|ensemble,low_volatility|120d,low_volatility,120d,63,low_volatility_family_sensitivity,lower_tail,q10_minus_middle,market_neutral,False,1,ensemble,1,4181.0,0.0,0.0,,5,self_financing_spread_return,4181,-0.0371612941802959,0.11673485712476009,-0.26596579588499,-0.49530389818058995,0.425,0.29411764705882354,0.03377909171833294,1.5064447617750754,0.13195303723285273,-0.43618811044025335,-0.44457756029704715,0.6857037710923046,2.0,-1.3402305123416126e-17,30.16076294368557,0.015080381471842784,0,0.0,,,,210.28127242286536,168.0,0.029411764705882353
low_volatility|120d|q10_minus_middle|unconstrained_beta|r1|ensemble,low_volatility|120d,low_volatility,120d,63,low_volatility_family_sensitivity,lower_tail,q10_minus_middle,market_neutral,False,1,ensemble,1,4181.0,0.0,0.0,,10,self_financing_spread_return,4181,-0.051574261258280574,0.11674409345153258,-0.3950988447065342,-0.5973049153991385,0.41,0.29411764705882354,0.018695778627604315,0.8316446114106755,0.40560957327644587,-0.4361522081375294,-0.44457756029704715,0.6857037710923046,2.0,-1.3402305123416126e-17,30.16076294368557,0.030160762943685568,0,0.0,,,,210.28127242286536,168.0,0.029411764705882353
low_volatility|120d|q10_minus_middle|unconstrained_beta|r1|ensemble,low_volatility|120d,low_volatility,120d,63,low_volatility_family_sensitivity,lower_tail,q10_minus_middle,market_neutral,False,1,ensemble,1,4181.0,0.0,0.0,,25,self_financing_spread_return,4181,-0.0935388981499915,0.11679491485454069,-0.7822205989165589,-0.8064815898105658,0.35,0.11764705882352941,-0.026554160644582124,-1.1712615829544812,0.24149364833305953,-0.43604450122935734,-0.44457756029704715,0.6857037710923046,2.0,-1.3402305123416126e-17,30.16076294368557,0.07540190735921391,0,0.0,,,,210.28127242286536,168.0,0.029411764705882353
low_volatility|120d|q10_minus_middle|unconstrained_beta|r5|ensemble,low_volatility|120d,low_volatility,120d,63,low_volatility_family_sensitivity,lower_tail,q10_minus_middle,market_neutral,False,5,ensemble,3,836.3333333333334,0.0,0.0,,0,self_financing_spread_return,4181,-0.02387248463710756,0.11614341706095802,-0.1499168209502943,-0.4007465150759586,0.465,0.35294117647058826,0.04633192581560674,2.0657734157969743,0.038849879381819975,-0.42890249399627817,-0.44555539873138084,0.6936872148350549,2.0019331523437027,-0.000260997403714838,16.05222401721344,0.0,20,0.01564433367908026,,,,210.14629673921712,56.0,0.03425873504171841
low_volatility|120d|q10_minus_middle|unconstrained_beta|r5|ensemble,low_volatility|120d,low_volatility,120d,63,low_volatility_family_sensitivity,lower_tail,q10_minus_middle,market_neutral,False,5,ensemble,3,836.3333333333334,0.0,0.0,,5,self_financing_spread_return,4181,-0.03167589636105417,0.11614970112015563,-0.21899575746910294,-0.4627476388663989,0.45,0.35294117647058826,0.03832022465034767,1.7075937039774354,0.08771175743397591,-0.42898820718103153,-0.44555539873138084,0.6936872148350549,2.0019331523437027,-0.000260997403714838,16.05222401721344,0.00802611200860672,20,0.01564433367908026,,,,210.14629673921712,56.0,0.03425873504171841
low_volatility|120d|q10_minus_middle|unconstrained_beta|r5|ensemble,low_volatility|120d,low_volatility,120d,63,low_volatility_family_sensitivity,lower_tail,q10_minus_middle,market_neutral,False,5,ensemble,3,836.3333333333334,0.0,0.0,,10,self_financing_spread_return,4181,-0.03941744020012794,0.11615839006397696,-0.28806125562454216,-0.5236745089051463,0.435,0.29411764705882354,0.03030852348508781,1.349765609873572,0.17709117930731166,-0.4290739203657848,-0.44555539873138084,0.6936872148350549,2.0019331523437027,-0.000260997403714838,16.05222401721344,0.01605222401721344,20,0.01564433367908026,,,,210.14629673921712,56.0,0.03425873504171841
low_volatility|120d|q10_minus_middle|unconstrained_beta|r5|ensemble,low_volatility|120d,low_volatility,120d,63,low_volatility_family_sensitivity,lower_tail,q10_minus_middle,market_neutral,False,5,ensemble,3,836.3333333333334,0.0,0.0,,25,self_financing_spread_return,4181,-0.06227571004216348,0.11619888006173654,-0.4951343026042383,-0.668060008740146,0.4,0.29411764705882354,0.0062734199893098004,0.27880933551799264,0.7803911497365941,-0.42933105992004533,-0.44555539873138084,0.6936872148350549,2.0019331523437027,-0.000260997403714838,16.05222401721344,0.0401305600430336,20,0.01564433367908026,,,,210.14629673921712,56.0,0.03425873504171841
low_volatility|120d|q10_minus_middle|unconstrained_beta|r21|ensemble,low_volatility|120d,low_volatility,120d,63,low_volatility_family_sensitivity,lower_tail,q10_minus_middle,market_neutral,False,21,ensemble,3,199.33333333333334,0.0,0.0,,0,self_financing_spread_return,4181,-0.024017985695454658,0.11382221615285737,-0.15665394176963837,-0.39715042194834527,0.465,0.35294117647058826,0.04195399177704246,1.8338956641458013,0.06666948332562944,-0.402263622198288,-0.4479522334772238,0.7120988305575318,2.007254680975464,-0.0008847918457849003,8.831639023492167,0.0,23,0.022957717006173408,,,,209.62528900581995,56.0,0.03511222013065427
low_volatility|120d|q10_minus_middle|unconstrained_beta|r21|ensemble,low_volatility|120d,low_volatility,120d,63,low_volatility_family_sensitivity,lower_tail,q10_minus_middle,market_neutral,False,21,ensemble,3,199.33333333333334,0.0,0.0,,5,self_financing_spread_return,4181,-0.02831853954771557,0.11383553661533095,-0.1954108419694147,-0.4356231557187986,0.45,0.35294117647058826,0.037556974182930046,1.6412857680620088,0.1007381089758356,-0.40237788382951456,-0.4479522334772238,0.7120988305575318,2.007254680975464,-0.0008847918457849003,8.831639023492167,0.0044158195117460835,23,0.022957717006173408,,,,209.62528900581995,56.0,0.03511222013065427
low_volatility|120d|q10_minus_middle|unconstrained_beta|r21|ensemble,low_volatility|120d,low_volatility,120d,63,low_volatility_family_sensitivity,lower_tail,q10_minus_middle,market_neutral,False,21,ensemble,3,199.33333333333334,0.0,0.0,,10,self_financing_spread_return,4181,-0.032600731026102614,0.11385349846687752,-0.23414912716571956,-0.4716454217276934,0.45,0.35294117647058826,0.03315995658881767,1.4486937073239734,0.1474231385793691,-0.40249214546074125,-0.4479522334772238,0.7120988305575318,2.007254680975464,-0.0008847918457849003,8.831639023492167,0.008831639023492167,23,0.022957717006173408,,,,209.62528900581995,56.0,0.03511222013065427
low_volatility|120d|q10_minus_middle|unconstrained_beta|r21|ensemble,low_volatility|120d,low_volatility,120d,63,low_volatility_family_sensitivity,lower_tail,q10_minus_middle,market_neutral,False,21,ensemble,3,199.33333333333334,0.0,0.0,,25,self_financing_spread_return,4181,-0.0453378888960948,0.1139352075683992,-0.3502051371701959,-0.5665183652351805,0.435,0.29411764705882354,0.019968903806480608,0.8713342302955868,0.38357168545115483,-0.40283493035442114,-0.4479522334772238,0.7120988305575318,2.007254680975464,-0.0008847918457849003,8.831639023492167,0.02207909755873042,23,0.022957717006173408,,,,209.62528900581995,56.0,0.03511222013065427
low_volatility|120d|q10_minus_middle|unconstrained_beta|r63|ensemble,low_volatility|120d,low_volatility,120d,63,low_volatility_family_sensitivity,lower_tail,q10_minus_middle,market_neutral,False,63,ensemble,3,66.33333333333333,0.0,0.0,,0,self_financing_spread_return,4181,-0.02471917763518383,0.11220297844294436,-0.16696559184819648,-0.4080804365026587,0.46,0.4117647058823529,0.036070754046655905,1.5092458666179103,0.13123596288870737,-0.36875617185729864,-0.4589149128654834,0.8197015261915115,2.0279394797103953,-0.004627706990552519,5.509272700480898,0.0,8,0.02354441162631408,,,,208.21230965478753,56.0,0.037908074724401025
low_volatility|120d|q10_minus_middle|unconstrained_beta|r63|ensemble,low_volatility|120d,low_volatility,120d,63,low_volatility_family_sensitivity,lower_tail,q10_minus_middle,market_neutral,False,63,ensemble,3,66.33333333333333,0.0,0.0,,5,self_financing_spread_return,4181,-0.027402347436502494,0.11221371380606361,-0.19148676003806092,-0.431968119943932,0.46,0.35294117647058826,0.03332466826535922,1.3942051907494757,0.16325565092478522,-0.36880541133534855,-0.4589149128654834,0.8197015261915115,2.0279394797103953,-0.004627706990552519,5.509272700480898,0.0027546363502404495,8,0.02354441162631408,,,,208.21230965478753,56.0,0.037908074724401025
low_volatility|120d|q10_minus_middle|unconstrained_beta|r63|ensemble,low_volatility|120d,low_volatility,120d,63,low_volatility_family_sensitivity,lower_tail,q10_minus_middle,market_neutral,False,63,ensemble,3,66.33333333333333,0.0,0.0,,10,self_financing_spread_return,4181,-0.030078779061141314,0.11223008392857635,-0.21599239193025085,-0.4548972384321174,0.46,0.29411764705882354,0.030578582484062602,1.2790747816244534,0.20087072316516053,-0.3688546508133985,-0.4589149128654834,0.8197015261915115,2.0279394797103953,-0.004627706990552519,5.509272700480898,0.005509272700480899,8,0.02354441162631408,,,,208.21230965478753,56.0,0.037908074724401025
low_volatility|120d|q10_minus_middle|unconstrained_beta|r63|ensemble,low_volatility|120d,low_volatility,120d,63,low_volatility_family_sensitivity,lower_tail,q10_minus_middle,market_neutral,False,63,ensemble,3,66.33333333333333,0.0,0.0,,25,self_financing_spread_return,4181,-0.03806779794374382,0.11231297397328004,-0.2893793520160227,-0.51830814245338,0.44,0.29411764705882354,0.022340325140172566,0.93345123734474,0.35058703623107523,-0.3690023692475483,-0.4589149128654834,0.8197015261915115,2.0279394797103953,-0.004627706990552519,5.509272700480898,0.013773181751202245,8,0.02354441162631408,,,,208.21230965478753,56.0,0.037908074724401025
low_volatility|120d|q10_minus_middle|beta_neutral|r1|ensemble,low_volatility|120d,low_volatility,120d,63,low_volatility_family_sensitivity,lower_tail,q10_minus_middle,market_neutral,True,1,ensemble,1,4181.0,0.0,4181.0,1.0,0,self_financing_spread_return,4181,0.057847192637332956,0.10978475968204963,0.5672185733608587,-0.2017347217648603,0.575,0.8823529411764706,0.06050609640285353,2.1513219588714088,0.03145079621604964,0.011881646846049154,-1.3007314272153289e-18,4.996003610813204e-16,2.0,0.5874032349628608,30.424178361749522,0.0,0,0.0,,,,210.23128438172685,168.0,0.043672548471609625
low_volatility|120d|q10_minus_middle|beta_neutral|r1|ensemble,low_volatility|120d,low_volatility,120d,63,low_volatility_family_sensitivity,lower_tail,q10_minus_middle,market_neutral,True,1,ensemble,1,4181.0,0.0,4181.0,1.0,5,self_financing_spread_return,4181,0.04187614859287003,0.10979125575474405,0.4286101159534595,-0.20903532986751472,0.56,0.8235294117647058,0.0452942138640023,1.6078263438626836,0.10787321707375716,0.011865300768575749,-1.3007314272153289e-18,4.996003610813204e-16,2.0,0.5874032349628608,30.424178361749522,0.015212089180874761,0,0.0,,,,210.23128438172685,168.0,0.043672548471609625
low_volatility|120d|q10_minus_middle|beta_neutral|r1|ensemble,low_volatility|120d,low_volatility,120d,63,low_volatility_family_sensitivity,lower_tail,q10_minus_middle,market_neutral,True,1,ensemble,1,4181.0,0.0,4181.0,1.0,10,self_financing_spread_return,4181,0.026144739043556964,0.10980262542598787,0.29000518732841934,-0.23744839741233648,0.55,0.6470588235294118,0.030082331325150376,1.0659930981064283,0.28642676189745997,0.011848954691102384,-1.3007314272153289e-18,4.996003610813204e-16,2.0,0.5874032349628608,30.424178361749522,0.030424178361749522,0,0.0,,,,210.23128438172685,168.0,0.043672548471609625
low_volatility|120d|q10_minus_middle|beta_neutral|r1|ensemble,low_volatility|120d,low_volatility,120d,63,low_volatility_family_sensitivity,lower_tail,q10_minus_middle,market_neutral,True,1,ensemble,1,4181.0,0.0,4181.0,1.0,25,self_financing_spread_return,4181,-0.0196471529294997,0.10986595765757456,-0.12560400919541087,-0.42280919619487645,0.475,0.29411764705882354,-0.015553316291403153,-0.5479591633399469,0.5837199432828606,0.011799916458682039,-1.3007314272153289e-18,4.996003610813204e-16,2.0,0.5874032349628608,30.424178361749522,0.0760604459043738,0,0.0,,,,210.23128438172685,168.0,0.043672548471609625
low_volatility|120d|q10_minus_middle|beta_neutral|r5|ensemble,low_volatility|120d,low_volatility,120d,63,low_volatility_family_sensitivity,lower_tail,q10_minus_middle,market_neutral,True,5,ensemble,3,836.3333333333334,0.0,836.3333333333334,1.0,0,self_financing_spread_return,4181,0.05509398032293422,0.11048622294455392,0.5406836799394393,-0.2072505906082056,0.59,0.8823529411764706,0.05665084056665825,2.0117896891882503,0.044242111306386195,0.02077272937566317,-0.0005097445265599352,0.14210480713580018,2.0003039308806585,0.5872665030050165,16.065870685570392,0.0,20,0.019728069869527885,,,,210.09567089213107,56.0,0.0453777281987133
low_volatility|120d|q10_minus_middle|beta_neutral|r5|ensemble,low_volatility|120d,low_volatility,120d,63,low_volatility_family_sensitivity,lower_tail,q10_minus_middle,market_neutral,True,5,ensemble,3,836.3333333333334,0.0,836.3333333333334,1.0,5,self_financing_spread_return,4181,0.04665213857303674,0.11048161321042778,0.4679799291513321,-0.21106535900427725,0.58,0.8235294117647058,0.048631811761636015,1.7263381090098067,0.08428660316798982,0.020665804301947442,-0.0005097445265599352,0.14210480713580018,2.0003039308806585,0.5872665030050165,16.065870685570392,0.008032935342785196,20,0.019728069869527885,,,,210.09567089213107,56.0,0.0453777281987133
low_volatility|120d|q10_minus_middle|beta_neutral|r5|ensemble,low_volatility|120d,low_volatility,120d,63,low_volatility_family_sensitivity,lower_tail,q10_minus_middle,market_neutral,True,5,ensemble,3,836.3333333333334,0.0,836.3333333333334,1.0,10,self_financing_spread_return,4181,0.03827726357991201,0.11047971145975638,0.3952604226081577,-0.21486206384660178,0.56,0.7647058823529411,0.04061278295661338,1.441068522819339,0.14956532518047033,0.020558879228231564,-0.0005097445265599352,0.14210480713580018,2.0003039308806585,0.5872665030050165,16.065870685570392,0.01606587068557039,20,0.019728069869527885,,,,210.09567089213107,56.0,0.0453777281987133
low_volatility|120d|q10_minus_middle|beta_neutral|r5|ensemble,low_volatility|120d,low_volatility,120d,63,low_volatility_family_sensitivity,lower_tail,q10_minus_middle,market_neutral,True,5,ensemble,3,836.3333333333334,0.0,836.3333333333334,1.0,25,self_financing_spread_return,4181,0.0135491927515492,0.11049025451121815,0.17706083928546326,-0.27468144868828526,0.515,0.6470588235294118,0.016555696541546292,0.586601005951592,0.5574717069160993,0.020238104007084368,-0.0005097445265599352,0.14210480713580018,2.0003039308806585,0.5872665030050165,16.065870685570392,0.04016467671392598,20,0.019728069869527885,,,,210.09567089213107,56.0,0.0453777281987133
low_volatility|120d|q10_minus_middle|beta_neutral|r21|ensemble,low_volatility|120d,low_volatility,120d,63,low_volatility_family_sensitivity,lower_tail,q10_minus_middle,market_neutral,True,21,ensemble,3,199.33333333333334,0.0,199.33333333333334,1.0,0,self_financing_spread_return,4181,0.047425848347405486,0.11341431434657762,0.46530078151660154,-0.24062967133976765,0.58,0.7647058823529411,0.04398850854860955,1.4925233104697546,0.13556201098022594,0.059098511157400134,-0.0021229907253434207,0.36225511640416497,2.0007308676575737,0.5861424203255445,8.794353429940992,0.0,23,0.02875133292930507,,,,209.57506178745118,56.0,0.04643520055303412
low_volatility|120d|q10_minus_middle|beta_neutral|r21|ensemble,low_volatility|120d,low_volatility,120d,63,low_volatility_family_sensitivity,lower_tail,q10_minus_middle,market_neutral,True,21,ensemble,3,199.33333333333334,0.0,199.33333333333334,1.0,5,self_financing_spread_return,4181,0.04282991987502238,0.11342131462007553,0.4265017680506631,-0.24506289196675168,0.57,0.7647058823529411,0.03961351285462763,1.3436707724216168,0.17905487264694842,0.05894791174227879,-0.0021229907253434207,0.36225511640416497,2.0007308676575737,0.5861424203255445,8.794353429940992,0.004397176714970496,23,0.02875133292930507,,,,209.57506178745118,56.0,0.04643520055303412
low_volatility|120d|q10_minus_middle|beta_neutral|r21|ensemble,low_volatility|120d,low_volatility,120d,63,low_volatility_family_sensitivity,lower_tail,q10_minus_middle,market_neutral,True,21,ensemble,3,199.33333333333334,0.0,199.33333333333334,1.0,10,self_financing_spread_return,4181,0.03825351391415688,0.11343310268763758,0.38769117918473783,-0.2494712160505832,0.57,0.7647058823529411,0.03523851716064601,1.1948688850599545,0.232138261321574,0.05879731232715757,-0.0021229907253434207,0.36225511640416497,2.0007308676575737,0.5861424203255445,8.794353429940992,0.008794353429940992,23,0.02875133292930507,,,,209.57506178745118,56.0,0.04643520055303412
low_volatility|120d|q10_minus_middle|beta_neutral|r21|ensemble,low_volatility|120d,low_volatility,120d,63,low_volatility_family_sensitivity,lower_tail,q10_minus_middle,market_neutral,True,21,ensemble,3,199.33333333333334,0.0,199.33333333333334,1.0,25,self_financing_spread_return,4181,0.0246406304050224,0.11349717570704033,0.27123916966355033,-0.26254814992425524,0.545,0.7058823529411765,0.022113530078700427,0.7489162608951919,0.4539076787823485,0.058345514081793726,-0.0021229907253434207,0.36225511640416497,2.0007308676575737,0.5861424203255445,8.794353429940992,0.02198588357485248,23,0.02875133292930507,,,,209.57506178745118,56.0,0.04643520055303412
low_volatility|120d|q10_minus_middle|beta_neutral|r63|ensemble,low_volatility|120d,low_volatility,120d,63,low_volatility_family_sensitivity,lower_tail,q10_minus_middle,market_neutral,True,63,ensemble,3,66.33333333333333,0.0,66.33333333333333,1.0,0,self_financing_spread_return,4181,0.04364285984289884,0.12590002918727228,0.40245321859968525,-0.3219499797018399,0.565,0.8235294117647058,0.028737188611601013,0.8730020476722301,0.3826619616131003,0.14756818676553796,-0.005584723799042929,0.7006257896349125,2.0057666820288804,0.5877202376875009,5.431358135874048,0.0,8,0.029909102658846456,,,,208.17715060192936,56.0,0.04897833031002041
low_volatility|120d|q10_minus_middle|beta_neutral|r63|ensemble,low_volatility|120d,low_volatility,120d,63,low_volatility_family_sensitivity,lower_tail,q10_minus_middle,market_neutral,True,63,ensemble,3,66.33333333333333,0.0,66.33333333333333,1.0,5,self_financing_spread_return,4181,0.04081216032902235,0.1259032470922483,0.38087071119144206,-0.3220494512790847,0.565,0.7647058823529411,0.026030918379691105,0.7907480558540225,0.4290910271565581,0.14750263414279055,-0.005584723799042929,0.7006257896349125,2.0057666820288804,0.5877202376875009,5.431358135874048,0.0027156790679370244,8,0.029909102658846456,,,,208.17715060192936,56.0,0.04897833031002041
low_volatility|120d|q10_minus_middle|beta_neutral|r63|ensemble,low_volatility|120d,low_volatility,120d,63,low_volatility_family_sensitivity,lower_tail,q10_minus_middle,market_neutral,True,63,ensemble,3,66.33333333333333,0.0,66.33333333333333,1.0,10,self_financing_spread_return,4181,0.037988449520651946,0.12591150592879358,0.3592749226591223,-0.3221489228563291,0.565,0.7647058823529411,0.023324648147781245,0.7084695253221468,0.47865373047717175,0.14743708152004317,-0.005584723799042929,0.7006257896349125,2.0057666820288804,0.5877202376875009,5.431358135874048,0.005431358135874049,8,0.029909102658846456,,,,208.17715060192936,56.0,0.04897833031002041
low_volatility|120d|q10_minus_middle|beta_neutral|r63|ensemble,low_volatility|120d,low_volatility,120d,63,low_volatility_family_sensitivity,lower_tail,q10_minus_middle,market_neutral,True,63,ensemble,3,66.33333333333333,0.0,66.33333333333333,1.0,25,self_financing_spread_return,4181,0.029559093649913715,0.12596651508685322,0.2944338692569323,-0.3224473375880623,0.555,0.7647058823529411,0.015205837452051216,0.4616017921240943,0.6443669091813713,0.14724042365180098,-0.005584723799042929,0.7006257896349125,2.0057666820288804,0.5877202376875009,5.431358135874048,0.013578395339685122,8,0.029909102658846456,,,,208.17715060192936,56.0,0.04897833031002041
low_volatility|120d|q10_minus_q1|unconstrained_beta|r1|ensemble,low_volatility|120d,low_volatility,120d,63,low_volatility_family_sensitivity,lower_tail,q10_minus_q1,market_neutral,False,1,ensemble,1,4181.0,0.0,0.0,,0,self_financing_spread_return,4181,-0.11681206799833377,0.27598893905813926,-0.31132541795603536,-0.8983454356987943,0.43,0.35294117647058826,0.058365366638918566,1.1761874366786285,0.23951998372612937,-0.9708456751010096,-0.9185726706246737,1.6016296188701704,2.0,2.746680079159642e-18,34.10614293920835,0.0,0,0.0,,,,83.96388423822052,67.0,0.030303030303030304
low_volatility|120d|q10_minus_q1|unconstrained_beta|r1|ensemble,low_volatility|120d,low_volatility,120d,63,low_volatility_family_sensitivity,lower_tail,q10_minus_q1,market_neutral,False,1,ensemble,1,4181.0,0.0,0.0,,5,self_financing_spread_return,4181,-0.13174618469294386,0.2759849770950166,-0.3730760987881607,-0.913181281192117,0.43,0.23529411764705882,0.04131543242716099,0.8319769022943185,0.4054219821342163,-0.9707857410669638,-0.9185726706246737,1.6016296188701704,2.0,2.746680079159642e-18,34.10614293920835,0.017053071469604174,0,0.0,,,,83.96388423822052,67.0,0.030303030303030304
low_volatility|120d|q10_minus_q1|unconstrained_beta|r1|ensemble,low_volatility|120d,low_volatility,120d,63,low_volatility_family_sensitivity,lower_tail,q10_minus_q1,market_neutral,False,1,ensemble,1,4181.0,0.0,0.0,,10,self_financing_spread_return,4181,-0.14642923397941043,0.2759830104016791,-0.43482540892397326,-0.9323804320463553,0.43,0.23529411764705882,0.024265498215403695,0.4882604621690024,0.6253653629801239,-0.9707258070329174,-0.9185726706246737,1.6016296188701704,2.0,2.746680079159642e-18,34.10614293920835,0.03410614293920835,0,0.0,,,,83.96388423822052,67.0,0.030303030303030304
low_volatility|120d|q10_minus_q1|unconstrained_beta|r1|ensemble,low_volatility|120d,low_volatility,120d,63,low_volatility_family_sensitivity,lower_tail,q10_minus_q1,market_neutral,False,1,ensemble,1,4181.0,0.0,0.0,,25,self_financing_spread_return,4181,-0.1890135955506559,0.2759890821505526,-0.62005172214139,-0.9701550695388763,0.41,0.11764705882352941,-0.02688430441986936,-0.5395930512023195,0.5894777098044848,-0.9705460049307768,-0.9185726706246737,1.6016296188701704,2.0,2.746680079159642e-18,34.10614293920835,0.08526535734802088,0,0.0,,,,83.96388423822052,67.0,0.030303030303030304
low_volatility|120d|q10_minus_q1|unconstrained_beta|r5|ensemble,low_volatility|120d,low_volatility,120d,63,low_volatility_family_sensitivity,lower_tail,q10_minus_q1,market_neutral,False,5,ensemble,3,836.3333333333334,0.0,0.0,,0,self_financing_spread_return,4181,-0.12235248845134106,0.27538950984813415,-0.3350128339105197,-0.9051650087758782,0.45,0.29411764705882354,0.04973592730214533,0.9748683197059997,0.3296255825108161,-0.9554185413290257,-0.9236748406520617,1.761504801141232,2.0052100643956297,-0.0009019207357725163,17.85368229227728,0.0,2,0.01570331608833692,,,,83.88360041457388,22.333333333333332,0.052769264575836916
low_volatility|120d|q10_minus_q1|unconstrained_beta|r5|ensemble,low_volatility|120d,low_volatility,120d,63,low_volatility_family_sensitivity,lower_tail,q10_minus_q1,market_neutral,False,5,ensemble,3,836.3333333333334,0.0,0.0,,5,self_financing_spread_return,4181,-0.13015253652364145,0.2753898132713913,-0.36740209477877006,-0.9168360853841795,0.445,0.29411764705882354,0.04082725049400819,0.7999780601317039,0.4237235088673774,-0.9554932102479996,-0.9236748406520617,1.761504801141232,2.0052100643956297,-0.0009019207357725163,17.85368229227728,0.00892684114613864,2,0.01570331608833692,,,,83.88360041457388,22.333333333333332,0.052769264575836916
low_volatility|120d|q10_minus_q1|unconstrained_beta|r5|ensemble,low_volatility|120d,low_volatility,120d,63,low_volatility_family_sensitivity,lower_tail,q10_minus_q1,market_neutral,False,5,ensemble,3,836.3333333333334,0.0,0.0,,10,self_financing_spread_return,4181,-0.1378838440056499,0.2753914197892795,-0.3997893925456306,-0.9270715559264945,0.445,0.29411764705882354,0.031918573685870734,0.6252008317481679,0.5318392560883549,-0.955567879166973,-0.9236748406520617,1.761504801141232,2.0052100643956297,-0.0009019207357725163,17.85368229227728,0.01785368229227728,2,0.01570331608833692,,,,83.88360041457388,22.333333333333332,0.052769264575836916
low_volatility|120d|q10_minus_q1|unconstrained_beta|r5|ensemble,low_volatility|120d,low_volatility,120d,63,low_volatility_family_sensitivity,lower_tail,q10_minus_q1,market_neutral,False,5,ensemble,3,836.3333333333334,0.0,0.0,,25,self_financing_spread_return,4181,-0.16067130412725295,0.2754040575902045,-0.49693491115170707,-0.951129244756238,0.425,0.23529411764705882,0.005192543261459278,0.10159590468682683,0.9190774302166997,-0.9557918859238944,-0.9236748406520617,1.761504801141232,2.0052100643956297,-0.0009019207357725163,17.85368229227728,0.044634205730693204,2,0.01570331608833692,,,,83.88360041457388,22.333333333333332,0.052769264575836916
low_volatility|120d|q10_minus_q1|unconstrained_beta|r21|ensemble,low_volatility|120d,low_volatility,120d,63,low_volatility_family_sensitivity,lower_tail,q10_minus_q1,market_neutral,False,21,ensemble,3,199.33333333333334,0.0,0.0,,0,self_financing_spread_return,4181,-0.10908190110672555,0.27101409017488454,-0.28970755935629344,-0.8838532161128735,0.455,0.29411764705882354,0.05335849304807608,1.016811874395252,0.30924293218912446,-0.887314801120685,-0.9353871661992728,1.8917187765545294,2.01564516689096,-0.001495170681819871,9.753279530429921,0.0,2,0.02273796771806753,,,,83.56477716654707,22.333333333333332,0.05861661450036654
low_volatility|120d|q10_minus_q1|unconstrained_beta|r21|ensemble,low_volatility|120d,low_volatility,120d,63,low_volatility_family_sensitivity,lower_tail,q10_minus_q1,market_neutral,False,21,ensemble,3,199.33333333333334,0.0,0.0,,5,self_financing_spread_return,4181,-0.11341633865585465,0.2710201643159678,-0.3076762190461765,-0.8919108333755387,0.45,0.29411764705882354,0.04850110969487155,0.9240152095036362,0.3554783970424884,-0.8874106523418118,-0.9353871661992728,1.8917187765545294,2.01564516689096,-0.001495170681819871,9.753279530429921,0.00487663976521496,2,0.02273796771806753,,,,83.56477716654707,22.333333333333332,0.05861661450036654
low_volatility|120d|q10_minus_q1|unconstrained_beta|r21|ensemble,low_volatility|120d,low_volatility,120d,63,low_volatility_family_sensitivity,lower_tail,q10_minus_q1,market_neutral,False,21,ensemble,3,199.33333333333334,0.0,0.0,,10,self_financing_spread_return,4181,-0.11773034046265851,0.2710286029017314,-0.32564123241372006,-0.8994105571731726,0.445,0.29411764705882354,0.04364372634166711,0.8312548475591021,0.40582967622084953,-0.8875065035629384,-0.9353871661992728,1.8917187765545294,2.01564516689096,-0.001495170681819871,9.753279530429921,0.00975327953042992,2,0.02273796771806753,,,,83.56477716654707,22.333333333333332,0.05861661450036654
low_volatility|120d|q10_minus_q1|unconstrained_beta|r21|ensemble,low_volatility|120d,low_volatility,120d,63,low_volatility_family_sensitivity,lower_tail,q10_minus_q1,market_neutral,False,21,ensemble,3,199.33333333333334,0.0,0.0,,25,self_financing_spread_return,4181,-0.13055066251494996,0.271068102809523,-0.3795097013661213,-0.9189347709566881,0.44,0.29411764705882354,0.029071576282053545,0.5532265215669551,0.5801083083696893,-0.8877940572263184,-0.9353871661992728,1.8917187765545294,2.01564516689096,-0.001495170681819871,9.753279530429921,0.024383198826074804,2,0.02273796771806753,,,,83.56477716654707,22.333333333333332,0.05861661450036654
low_volatility|120d|q10_minus_q1|unconstrained_beta|r63|ensemble,low_volatility|120d,low_volatility,120d,63,low_volatility_family_sensitivity,lower_tail,q10_minus_q1,market_neutral,False,63,ensemble,3,66.33333333333333,0.0,0.0,,0,self_financing_spread_return,4181,-0.10232525131253645,0.2859548589809134,-0.23422203202911596,-0.8800576725509727,0.455,0.29411764705882354,0.05775052409648297,0.9745060318003319,0.3298053456906489,-0.8392335265383695,-0.9895056849281385,4.2912994801892035,2.0676352004860488,-0.012629394410089268,6.169394659167327,0.0,2,0.02370134751176164,,,,82.84860081320258,22.333333333333332,0.13221856565238713
low_volatility|120d|q10_minus_q1|unconstrained_beta|r63|ensemble,low_volatility|120d,low_volatility,120d,63,low_volatility_family_sensitivity,lower_tail,q10_minus_q1,market_neutral,False,63,ensemble,3,66.33333333333333,0.0,0.0,,5,self_financing_spread_return,4181,-0.10509041134268837,0.2859608909577122,-0.24499368176412384,-0.8854030806745778,0.455,0.29411764705882354,0.05467696045623055,0.9225695527343459,0.35623156874990236,-0.8392881605048772,-0.9895056849281385,4.2912994801892035,2.0676352004860488,-0.012629394410089268,6.169394659167327,0.0030846973295836637,2,0.02370134751176164,,,,82.84860081320258,22.333333333333332,0.13221856565238713
low_volatility|120d|q10_minus_q1|unconstrained_beta|r63|ensemble,low_volatility|120d,low_volatility,120d,63,low_volatility_family_sensitivity,lower_tail,q10_minus_q1,market_neutral,False,63,ensemble,3,66.33333333333333,0.0,0.0,,10,self_financing_spread_return,4181,-0.10784779487321583,0.2859696823230024,-0.2557624091453081,-0.8905116191424642,0.455,0.29411764705882354,0.05160339681597784,0.8706255466995066,0.3839586429319609,-0.8393427944713849,-0.9895056849281385,4.2912994801892035,2.0676352004860488,-0.012629394410089268,6.169394659167327,0.006169394659167327,2,0.02370134751176164,,,,82.84860081320258,22.333333333333332,0.13221856565238713
low_volatility|120d|q10_minus_q1|unconstrained_beta|r63|ensemble,low_volatility|120d,low_volatility,120d,63,low_volatility_family_sensitivity,lower_tail,q10_minus_q1,market_neutral,False,63,ensemble,3,66.33333333333333,0.0,0.0,,25,self_financing_spread_return,4181,-0.11607348450313382,0.28601260980597515,-0.2880479468399969,-0.9045181134815597,0.455,0.29411764705882354,0.042382705895220266,0.7147763821267354,0.4747472312353057,-0.8395066963709087,-0.9895056849281385,4.2912994801892035,2.0676352004860488,-0.012629394410089268,6.169394659167327,0.015423486647918318,2,0.02370134751176164,,,,82.84860081320258,22.333333333333332,0.13221856565238713
low_volatility|120d|q10_minus_q1|beta_neutral|r1|ensemble,low_volatility|120d,low_volatility,120d,63,low_volatility_family_sensitivity,lower_tail,q10_minus_q1,market_neutral,True,1,ensemble,1,4181.0,0.0,4181.0,1.0,0,self_financing_spread_return,4181,0.06334795554790285,0.1858555191420575,0.4234603548858415,-0.3533769043675701,0.575,0.7058823529411765,0.07894959397507201,1.753074598477795,0.07958920306509255,-0.0016629576173615979,5.547297984647192e-19,7.771561172376096e-16,2.0,0.9114931144064174,31.988461615411442,0.0,0,0.0,,,,83.88806505620664,67.0,0.04994509856161796
low_volatility|120d|q10_minus_q1|beta_neutral|r1|ensemble,low_volatility|120d,low_volatility,120d,63,low_volatility_family_sensitivity,lower_tail,q10_minus_q1,market_neutral,True,1,ensemble,1,4181.0,0.0,4181.0,1.0,5,self_financing_spread_return,4181,0.04647497214586416,0.18585247190660636,0.33739698633089316,-0.40971513477276866,0.57,0.6470588235294118,0.06295956302126553,1.3968172294422745,0.16246853978994902,-0.0017056785658057815,5.547297984647192e-19,7.771561172376096e-16,2.0,0.9114931144064174,31.988461615411442,0.015994230807705723,0,0.0,,,,83.88806505620664,67.0,0.04994509856161796
low_volatility|120d|q10_minus_q1|beta_neutral|r1|ensemble,low_volatility|120d,low_volatility,120d,63,low_volatility_family_sensitivity,lower_tail,q10_minus_q1,market_neutral,True,1,ensemble,1,4181.0,0.0,4181.0,1.0,10,self_financing_spread_return,4181,0.02986807407145875,0.1858526006029753,0.25132650068893214,-0.4685894788720669,0.55,0.6470588235294118,0.046969532067458526,1.0411248062150338,0.297817628079176,-0.0017483995142500153,5.547297984647192e-19,7.771561172376096e-16,2.0,0.9114931144064174,31.988461615411442,0.03198846161541145,0,0.0,,,,83.88806505620664,67.0,0.04994509856161796
low_volatility|120d|q10_minus_q1|beta_neutral|r1|ensemble,low_volatility|120d,low_volatility,120d,63,low_volatility_family_sensitivity,lower_tail,q10_minus_q1,market_neutral,True,1,ensemble,1,4181.0,0.0,4181.0,1.0,25,self_financing_spread_return,4181,-0.018397487978246474,0.185872041403042,-0.006883535289733862,-0.6122884942476139,0.52,0.4117647058823529,-0.0010005607939611715,-0.022112860923731305,0.9823579274515325,-0.0018765623595823778,5.547297984647192e-19,7.771561172376096e-16,2.0,0.9114931144064174,31.988461615411442,0.07997115403852861,0,0.0,,,,83.88806505620664,67.0,0.04994509856161796
low_volatility|120d|q10_minus_q1|beta_neutral|r5|ensemble,low_volatility|120d,low_volatility,120d,63,low_volatility_family_sensitivity,lower_tail,q10_minus_q1,market_neutral,True,5,ensemble,3,836.3333333333334,0.0,836.3333333333334,1.0,0,self_financing_spread_return,4181,0.05704382079170234,0.1861212096046648,0.3911549031805874,-0.39022783040474773,0.555,0.7647058823529411,0.07117819126109576,1.5608025926329017,0.11857033554541759,0.01092736575302013,-0.001204068773081497,0.28600906758100914,2.00059406743422,0.9115409601762883,16.79729587155371,0.0,2,0.02151360237426117,,,,83.80786095830344,22.333333333333332,0.05227072466534958
low_volatility|120d|q10_minus_q1|beta_neutral|r5|ensemble,low_volatility|120d,low_volatility,120d,63,low_volatility_family_sensitivity,lower_tail,q10_minus_q1,market_neutral,True,5,ensemble,3,836.3333333333334,0.0,836.3333333333334,1.0,5,self_financing_spread_return,4181,0.048202939129804445,0.18611319445520141,0.3460334742456062,-0.4042037359092763,0.55,0.7058823529411765,0.06279447678968837,1.3766204090391536,0.16862963760649896,0.010812213731207101,-0.001204068773081497,0.28600906758100914,2.00059406743422,0.9115409601762883,16.79729587155371,0.008398647935776856,2,0.02151360237426117,,,,83.80786095830344,22.333333333333332,0.05227072466534958
low_volatility|120d|q10_minus_q1|beta_neutral|r5|ensemble,low_volatility|120d,low_volatility,120d,63,low_volatility_family_sensitivity,lower_tail,q10_minus_q1,market_neutral,True,5,ensemble,3,836.3333333333334,0.0,836.3333333333334,1.0,10,self_financing_spread_return,4181,0.039435367682205014,0.18610694939277822,0.3009052967689403,-0.4363457988196775,0.54,0.6470588235294118,0.05441076231828055,1.1925154455866847,0.23305919810551057,0.010697061709394022,-0.001204068773081497,0.28600906758100914,2.00059406743422,0.9115409601762883,16.79729587155371,0.01679729587155371,2,0.02151360237426117,,,,83.80786095830344,22.333333333333332,0.05227072466534958
low_volatility|120d|q10_minus_q1|beta_neutral|r5|ensemble,low_volatility|120d,low_volatility,120d,63,low_volatility_family_sensitivity,lower_tail,q10_minus_q1,market_neutral,True,5,ensemble,3,836.3333333333334,0.0,836.3333333333334,1.0,25,self_financing_spread_return,4181,0.013566512195848146,0.18609883625721085,0.1654931440182318,-0.5227492572987176,0.52,0.6470588235294118,0.02925961890405718,0.6407307791443477,0.5216976130654799,0.010351605643954943,-0.001204068773081497,0.28600906758100914,2.00059406743422,0.9115409601762883,16.79729587155371,0.04199323967888428,2,0.02151360237426117,,,,83.80786095830344,22.333333333333332,0.05227072466534958
low_volatility|120d|q10_minus_q1|beta_neutral|r21|ensemble,low_volatility|120d,low_volatility,120d,63,low_volatility_family_sensitivity,lower_tail,q10_minus_q1,market_neutral,True,21,ensemble,3,199.33333333333334,0.0,199.33333333333334,1.0,0,self_financing_spread_return,4181,0.05485231878889496,0.18711441225832065,0.3790753663092416,-0.41124668010078835,0.555,0.7058823529411765,0.06120325227006094,1.3188118751397782,0.1872320132197136,0.06544992595047744,-0.0036109275097182523,0.583404275267649,1.9983820060934512,0.9112882473589953,9.15407327196438,0.0,2,0.03146362505652155,,,,83.49445906083074,22.333333333333332,0.053242630531967476
low_volatility|120d|q10_minus_q1|beta_neutral|r21|ensemble,low_volatility|120d,low_volatility,120d,63,low_volatility_family_sensitivity,lower_tail,q10_minus_q1,market_neutral,True,21,ensemble,3,199.33333333333334,0.0,199.33333333333334,1.0,5,self_financing_spread_return,4181,0.05003490415167344,0.1871134837010554,0.3546098275427631,-0.4149944199920864,0.555,0.7058823529411765,0.05664955704464671,1.220464101079536,0.22228899033131666,0.06528515104833829,-0.0036109275097182523,0.583404275267649,1.9983820060934512,0.9112882473589953,9.15407327196438,0.00457703663598219,2,0.03146362505652155,,,,83.49445906083074,22.333333333333332,0.053242630531967476
low_volatility|120d|q10_minus_q1|beta_neutral|r21|ensemble,low_volatility|120d,low_volatility,120d,63,low_volatility_family_sensitivity,lower_tail,q10_minus_q1,market_neutral,True,21,ensemble,3,199.33333333333334,0.0,199.33333333333334,1.0,10,self_financing_spread_return,4181,0.045238794675776184,0.18711566694167242,0.3301385555438758,-0.41871918025946187,0.555,0.7058823529411765,0.05209586181923276,1.122136333617707,0.26180447746878766,0.06512037614619909,-0.0036109275097182523,0.583404275267649,1.9983820060934512,0.9112882473589953,9.15407327196438,0.00915407327196438,2,0.03146362505652155,,,,83.49445906083074,22.333333333333332,0.053242630531967476
low_volatility|120d|q10_minus_q1|beta_neutral|r21|ensemble,low_volatility|120d,low_volatility,120d,63,low_volatility_family_sensitivity,lower_tail,q10_minus_q1,market_neutral,True,21,ensemble,3,199.33333333333334,0.0,199.33333333333334,1.0,25,self_financing_spread_return,4181,0.03097738721898513,0.1871408855855732,0.25670255490253135,-0.44175093233947516,0.55,0.6470588235294118,0.0384347761429898,0.8273154453797846,0.40805829162805274,0.06462605143978178,-0.0036109275097182523,0.583404275267649,1.9983820060934512,0.9112882473589953,9.15407327196438,0.02288518317991095,2,0.03146362505652155,,,,83.49445906083074,22.333333333333332,0.053242630531967476
low_volatility|120d|q10_minus_q1|beta_neutral|r63|ensemble,low_volatility|120d,low_volatility,120d,63,low_volatility_family_sensitivity,lower_tail,q10_minus_q1,market_neutral,True,63,ensemble,3,66.33333333333333,0.0,66.33333333333333,1.0,0,self_financing_spread_return,4181,0.055214375464550436,0.19931718619754762,0.36961127545072875,-0.4123160622004286,0.58,0.7058823529411765,0.04821234107540387,0.9668004382357227,0.33364380534729476,0.17129203948577287,-0.01439416037108411,1.0067303478110021,2.0044978839510628,0.9134039910289512,5.658045581884922,0.0,2,0.033152357694821284,,,,82.78330542932312,22.333333333333332,0.05738304918490537
low_volatility|120d|q10_minus_q1|beta_neutral|r63|ensemble,low_volatility|120d,low_volatility,120d,63,low_volatility_family_sensitivity,lower_tail,q10_minus_q1,market_neutral,True,63,ensemble,3,66.33333333333333,0.0,66.33333333333333,1.0,5,self_financing_spread_return,4181,0.05223299282466809,0.1993152061323966,0.35541521183984437,-0.4147548186370891,0.58,0.7058823529411765,0.04539271478685888,0.9102160346403159,0.3627085894800631,0.17122073775864338,-0.01439416037108411,1.0067303478110021,2.0044978839510628,0.9134039910289512,5.658045581884922,0.002829022790942461,2,0.033152357694821284,,,,82.78330542932312,22.333333333333332,0.05738304918490537
low_volatility|120d|q10_minus_q1|beta_neutral|r63|ensemble,low_volatility|120d,low_volatility,120d,63,low_volatility_family_sensitivity,lower_tail,q10_minus_q1,market_neutral,True,63,ensemble,3,66.33333333333333,0.0,66.33333333333333,1.0,10,self_financing_spread_return,4181,0.049259284014318894,0.1993166535818795,0.34121299845740966,-0.4171843795076209,0.58,0.7058823529411765,0.04257308849831386,0.8536183610803545,0.3933164816683118,0.17114943603151378,-0.01439416037108411,1.0067303478110021,2.0044978839510628,0.9134039910289512,5.658045581884922,0.005658045581884922,2,0.033152357694821284,,,,82.78330542932312,22.333333333333332,0.05738304918490537
low_volatility|120d|q10_minus_q1|beta_neutral|r63|ensemble,low_volatility|120d,low_volatility,120d,63,low_volatility_family_sensitivity,lower_tail,q10_minus_q1,market_neutral,True,63,ensemble,3,66.33333333333333,0.0,66.33333333333333,1.0,25,self_financing_spread_return,4181,0.04038402214034842,0.19934155938750092,0.298576792497329,-0.42441820108139816,0.58,0.7058823529411765,0.03411420963267877,0.6837826917943332,0.49411239761498216,0.1709355308501251,-0.01439416037108411,1.0067303478110021,2.0044978839510628,0.9134039910289512,5.658045581884922,0.014145113954712307,2,0.033152357694821284,,,,82.78330542932312,22.333333333333332,0.05738304918490537
low_volatility|180d|continuous_high_minus_low|unconstrained_beta|r1|ensemble,low_volatility|180d,low_volatility,180d,63,low_volatility_family_sensitivity,lower_tail,continuous_high_minus_low,market_neutral,False,1,ensemble,1,4181.0,0.0,0.0,,0,self_financing_spread_return,4181,-0.06336506290151755,0.17447469911603258,-0.28758254558333646,-0.7216285970563245,0.45,0.4117647058823529,0.04472513967271094,1.4391145850165856,0.15011806034374228,-0.6385451991501856,-0.6377997936244105,1.1310975941920403,2.0,-2.7827769321637037e-18,15.478560556468908,0.0,0,0.0,,,,418.78521884716577,335.0,0.011940191473340744
low_volatility|180d|continuous_high_minus_low|unconstrained_beta|r1|ensemble,low_volatility|180d,low_volatility,180d,63,low_volatility_family_sensitivity,lower_tail,continuous_high_minus_low,market_neutral,False,1,ensemble,1,4181.0,0.0,0.0,,5,self_financing_spread_return,4181,-0.07058613928571755,0.17447756307855414,-0.3319152970709213,-0.7368890138763411,0.445,0.35294117647058826,0.036986477180497176,1.1892840545914949,0.2343279078250271,-0.638526571711696,-0.6377997936244105,1.1310975941920403,2.0,-2.7827769321637037e-18,15.478560556468908,0.007739280278234455,0,0.0,,,,418.78521884716577,335.0,0.011940191473340744
low_volatility|180d|continuous_high_minus_low|unconstrained_beta|r1|ensemble,low_volatility|180d,low_volatility,180d,63,low_volatility_family_sensitivity,lower_tail,continuous_high_minus_low,market_neutral,False,1,ensemble,1,4181.0,0.0,0.0,,10,self_financing_spread_return,4181,-0.07775189034920649,0.17448120359064864,-0.3762449186515149,-0.7648989342978444,0.445,0.35294117647058826,0.02924781468828349,0.9397817432826447,0.34732952532700934,-0.6385079442732072,-0.6377997936244105,1.1310975941920403,2.0,-2.7827769321637037e-18,15.478560556468908,0.01547856055646891,0,0.0,,,,418.78521884716577,335.0,0.011940191473340744
low_volatility|180d|continuous_high_minus_low|unconstrained_beta|r1|ensemble,low_volatility|180d,low_volatility,180d,63,low_volatility_family_sensitivity,lower_tail,continuous_high_minus_low,market_neutral,False,1,ensemble,1,4181.0,0.0,0.0,,25,self_financing_spread_return,4181,-0.09892138917750648,0.1744967838864999,-0.5092090895969641,-0.832278288438757,0.435,0.23529411764705882,0.006031827211641433,0.19337826447358217,0.8466627365906199,-0.63845206195774,-0.6377997936244105,1.1310975941920403,2.0,-2.7827769321637037e-18,15.478560556468908,0.03869640139117227,0,0.0,,,,418.78521884716577,335.0,0.011940191473340744
low_volatility|180d|continuous_high_minus_low|unconstrained_beta|r5|ensemble,low_volatility|180d,low_volatility,180d,63,low_volatility_family_sensitivity,lower_tail,continuous_high_minus_low,market_neutral,False,5,ensemble,3,836.3333333333334,0.0,0.0,,0,self_financing_spread_return,4181,-0.06442966626979474,0.1734537384017425,-0.296812075767002,-0.7231868895416151,0.46,0.4117647058823529,0.04147320460749967,1.304912512579697,0.1919226400366243,-0.625460552298025,-0.6399722025381914,1.2148103283938452,2.0032909791702473,-0.00047564606155048235,8.115637775237705,0.0,19,0.013339493309576166,,,,418.48010842701115,111.66666666666667,0.016826117069843095
low_volatility|180d|continuous_high_minus_low|unconstrained_beta|r5|ensemble,low_volatility|180d,low_volatility,180d,63,low_volatility_family_sensitivity,lower_tail,continuous_high_minus_low,market_neutral,False,5,ensemble,3,836.3333333333334,0.0,0.0,,5,self_financing_spread_return,4181,-0.06821841993783528,0.17346090562657204,-0.32017731897481644,-0.738511942371443,0.455,0.35294117647058826,0.03742670128714246,1.1772329109842083,0.23910255609500664,-0.6255182848147204,-0.6399722025381914,1.2148103283938452,2.0032909791702473,-0.00047564606155048235,8.115637775237705,0.004057818887618852,19,0.013339493309576166,,,,418.48010842701115,111.66666666666667,0.016826117069843095
low_volatility|180d|continuous_high_minus_low|unconstrained_beta|r5|ensemble,low_volatility|180d,low_volatility,180d,63,low_volatility_family_sensitivity,lower_tail,continuous_high_minus_low,market_neutral,False,5,ensemble,3,836.3333333333334,0.0,0.0,,10,self_financing_spread_return,4181,-0.07199197141722702,0.17346856985984913,-0.3435396471216576,-0.7535341674744509,0.455,0.35294117647058826,0.033380197966785305,1.0496244596337152,0.2938908068402658,-0.625576017331415,-0.6399722025381914,1.2148103283938452,2.0032909791702473,-0.00047564606155048235,8.115637775237705,0.008115637775237704,19,0.013339493309576166,,,,418.48010842701115,111.66666666666667,0.016826117069843095
low_volatility|180d|continuous_high_minus_low|unconstrained_beta|r5|ensemble,low_volatility|180d,low_volatility,180d,63,low_volatility_family_sensitivity,lower_tail,continuous_high_minus_low,market_neutral,False,5,ensemble,3,836.3333333333334,0.0,0.0,,25,self_financing_spread_return,4181,-0.08322201599759382,0.17349454393033917,-0.41360713915498687,-0.7936207037833409,0.445,0.35294117647058826,0.021240688005713215,0.6672508409831086,0.5046119211415768,-0.6257492148814997,-0.6399722025381914,1.2148103283938452,2.0032909791702473,-0.00047564606155048235,8.115637775237705,0.020289094438094263,19,0.013339493309576166,,,,418.48010842701115,111.66666666666667,0.016826117069843095
low_volatility|180d|continuous_high_minus_low|unconstrained_beta|r21|ensemble,low_volatility|180d,low_volatility,180d,63,low_volatility_family_sensitivity,lower_tail,continuous_high_minus_low,market_neutral,False,21,ensemble,3,199.33333333333334,0.0,0.0,,0,self_financing_spread_return,4181,-0.061298687761897286,0.16980672137212502,-0.28729141768748856,-0.7067203027261747,0.46,0.4117647058823529,0.03755214121004679,1.1488794191327485,0.25060570517424985,-0.5809161853909642,-0.6452375040527797,1.2491879876261267,2.0110489969815633,-0.0009878674088239314,4.573383288151362,0.0,25,0.019956825248909283,,,,417.2823088575301,111.66666666666667,0.020620629220839595
low_volatility|180d|continuous_high_minus_low|unconstrained_beta|r21|ensemble,low_volatility|180d,low_volatility,180d,63,low_volatility_family_sensitivity,lower_tail,continuous_high_minus_low,market_neutral,False,21,ensemble,3,199.33333333333334,0.0,0.0,,5,self_financing_spread_return,4181,-0.06344283938711426,0.16981433785470507,-0.3007324446126678,-0.7163030447874625,0.455,0.4117647058823529,0.03527983801218926,1.0791292663184877,0.28053010630266684,-0.5809993773136395,-0.6452375040527797,1.2491879876261267,2.0110489969815633,-0.0009878674088239314,4.573383288151362,0.0022866916440756812,25,0.019956825248909283,,,,417.2823088575301,111.66666666666667,0.020620629220839595
low_volatility|180d|continuous_high_minus_low|unconstrained_beta|r21|ensemble,low_volatility|180d,low_volatility,180d,63,low_volatility_family_sensitivity,lower_tail,continuous_high_minus_low,market_neutral,False,21,ensemble,3,199.33333333333334,0.0,0.0,,10,self_financing_spread_return,4181,-0.06558226010224522,0.1698228760951119,-0.3141705606311289,-0.7255733392444829,0.455,0.4117647058823529,0.03300753481433145,1.0094009029818396,0.31278240557834924,-0.5810825692363147,-0.6452375040527797,1.2491879876261267,2.0110489969815633,-0.0009878674088239314,4.573383288151362,0.0045733832881513625,25,0.019956825248909283,,,,417.2823088575301,111.66666666666667,0.020620629220839595
low_volatility|180d|continuous_high_minus_low|unconstrained_beta|r21|ensemble,low_volatility|180d,low_volatility,180d,63,low_volatility_family_sensitivity,lower_tail,continuous_high_minus_low,market_neutral,False,21,ensemble,3,199.33333333333334,0.0,0.0,,25,self_financing_spread_return,4181,-0.07197223752887028,0.16985401989820975,-0.35446526340246776,-0.7516095558297688,0.455,0.35294117647058826,0.02619062522075842,0.8003630663567641,0.4235004732042221,-0.5813321450043407,-0.6452375040527797,1.2491879876261267,2.0110489969815633,-0.0009878674088239314,4.573383288151362,0.011433458220378405,25,0.019956825248909283,,,,417.2823088575301,111.66666666666667,0.020620629220839595
low_volatility|180d|continuous_high_minus_low|unconstrained_beta|r63|ensemble,low_volatility|180d,low_volatility,180d,63,low_volatility_family_sensitivity,lower_tail,continuous_high_minus_low,market_neutral,False,63,ensemble,3,66.33333333333333,0.0,0.0,,0,self_financing_spread_return,4181,-0.05886399112506402,0.1710326831416584,-0.26900011493988063,-0.6966884490328155,0.46,0.4117647058823529,0.034020972084288933,0.9772641014016459,0.32843842052076333,-0.5384767908272985,-0.667554199172993,1.6570074645622492,2.0443889815329848,-0.006555972507704561,3.06309264711874,0.0,39,0.019968857038547335,,,,414.34569082356694,111.66666666666667,0.032918092264611065
low_volatility|180d|continuous_high_minus_low|unconstrained_beta|r63|ensemble,low_volatility|180d,low_volatility,180d,63,low_volatility_family_sensitivity,lower_tail,continuous_high_minus_low,market_neutral,False,63,ensemble,3,66.33333333333333,0.0,0.0,,5,self_financing_spread_return,4181,-0.06030438237086244,0.1710379488951196,-0.27793890283722084,-0.7033173463311417,0.455,0.4117647058823529,0.03249662809454207,0.9334017303587203,0.35061258732008127,-0.5385167882647668,-0.667554199172993,1.6570074645622492,2.0443889815329848,-0.006555972507704561,3.06309264711874,0.00153154632355937,39,0.019968857038547335,,,,414.34569082356694,111.66666666666667,0.032918092264611065
low_volatility|180d|continuous_high_minus_low|unconstrained_beta|r63|ensemble,low_volatility|180d,low_volatility,180d,63,low_volatility_family_sensitivity,lower_tail,continuous_high_minus_low,market_neutral,False,63,ensemble,3,66.33333333333333,0.0,0.0,,10,self_financing_spread_return,4181,-0.06174277099827341,0.17104441257819147,-0.28687513117602004,-0.7098022317312035,0.455,0.4117647058823529,0.030972284104795324,0.8895345861070714,0.37371584405580893,-0.5385567857022355,-0.667554199172993,1.6570074645622492,2.0443889815329848,-0.006555972507704561,3.06309264711874,0.00306309264711874,39,0.019968857038547335,,,,414.34569082356694,111.66666666666667,0.032918092264611065
low_volatility|180d|continuous_high_minus_low|unconstrained_beta|r63|ensemble,low_volatility|180d,low_volatility,180d,63,low_volatility_family_sensitivity,lower_tail,continuous_high_minus_low,market_neutral,False,63,ensemble,3,66.33333333333333,0.0,0.0,,25,self_financing_spread_return,4181,-0.0660459463158306,0.1710709897213793,-0.31366658771458306,-0.7284235834033683,0.455,0.4117647058823529,0.026399252135554847,0.7579220507394736,0.4484976486607043,-0.538676778014641,-0.667554199172993,1.6570074645622492,2.0443889815329848,-0.006555972507704561,3.06309264711874,0.00765773161779685,39,0.019968857038547335,,,,414.34569082356694,111.66666666666667,0.032918092264611065
low_volatility|180d|continuous_high_minus_low|beta_neutral|r1|ensemble,low_volatility|180d,low_volatility,180d,63,low_volatility_family_sensitivity,lower_tail,continuous_high_minus_low,market_neutral,True,1,ensemble,1,4181.0,0.0,4181.0,1.0,0,self_financing_spread_return,4181,0.04501150974632373,0.12577401711617126,0.4130466934781682,-0.298259818279607,0.54,0.7058823529411765,0.0505605995738896,1.6629275361979905,0.09632694162707771,0.009352281115145245,-1.7343085696204387e-18,4.874572967494828e-16,2.0,0.6366218108801095,13.692876518479242,0.0,0,0.0,,,,418.78521884716577,335.0,0.018269984184159684
low_volatility|180d|continuous_high_minus_low|beta_neutral|r1|ensemble,low_volatility|180d,low_volatility,180d,63,low_volatility_family_sensitivity,lower_tail,continuous_high_minus_low,market_neutral,True,1,ensemble,1,4181.0,0.0,4181.0,1.0,5,self_financing_spread_return,4181,0.03788118209346658,0.12577537088120644,0.358603760291508,-0.30388177067727584,0.54,0.7058823529411765,0.04371384188609531,1.4369984669683937,0.1507184291481793,0.009350509777145462,-1.7343085696204387e-18,4.874572967494828e-16,2.0,0.6366218108801095,13.692876518479242,0.006846438259239621,0,0.0,,,,418.78521884716577,335.0,0.018269984184159684
low_volatility|180d|continuous_high_minus_low|beta_neutral|r1|ensemble,low_volatility|180d,low_volatility,180d,63,low_volatility_family_sensitivity,lower_tail,continuous_high_minus_low,market_neutral,True,1,ensemble,1,4181.0,0.0,4181.0,1.0,10,self_financing_spread_return,4181,0.030799194444272038,0.12577765048020195,0.30415976017011087,-0.32191438921908455,0.535,0.7058823529411765,0.036867084198301,1.2112820716905481,0.22578731746758585,0.009348738439145868,-1.7343085696204387e-18,4.874572967494828e-16,2.0,0.6366218108801095,13.692876518479242,0.013692876518479242,0,0.0,,,,418.78521884716577,335.0,0.018269984184159684
low_volatility|180d|continuous_high_minus_low|beta_neutral|r1|ensemble,low_volatility|180d,low_volatility,180d,63,low_volatility_family_sensitivity,lower_tail,continuous_high_minus_low,market_neutral,True,1,ensemble,1,4181.0,0.0,4181.0,1.0,25,self_financing_spread_return,4181,0.009840025058543533,0.1257900436753895,0.14083338117610175,-0.4071070000607665,0.515,0.5294117647058824,0.01632681113491884,0.5355170761103315,0.592292352814121,0.00934342442514658,-1.7343085696204387e-18,4.874572967494828e-16,2.0,0.6366218108801095,13.692876518479242,0.03423219129619811,0,0.0,,,,418.78521884716577,335.0,0.018269984184159684
low_volatility|180d|continuous_high_minus_low|beta_neutral|r5|ensemble,low_volatility|180d,low_volatility,180d,63,low_volatility_family_sensitivity,lower_tail,continuous_high_minus_low,market_neutral,True,5,ensemble,3,836.3333333333334,0.0,836.3333333333334,1.0,0,self_financing_spread_return,4181,0.0428318871265172,0.12584903217149232,0.39627467698987595,-0.29308700723310155,0.545,0.7058823529411765,0.04702184329196176,1.5276836668943954,0.1265910972846048,0.0191692125152794,-0.0006802271022520745,0.1741182577054805,2.0007513838868483,0.6366287654484822,7.309679846631013,0.0,19,0.013102278956610534,,,,418.48010842701115,111.66666666666667,0.01852914655993643
low_volatility|180d|continuous_high_minus_low|beta_neutral|r5|ensemble,low_volatility|180d,low_volatility,180d,63,low_volatility_family_sensitivity,lower_tail,continuous_high_minus_low,market_neutral,True,5,ensemble,3,836.3333333333334,0.0,836.3333333333334,1.0,5,self_financing_spread_return,4181,0.03902739487828111,0.1258505993124325,0.36722721277224585,-0.29615578426541034,0.54,0.7058823529411765,0.04337649459971831,1.4089115939271577,0.15886131086258093,0.019104140345096103,-0.0006802271022520745,0.1741182577054805,2.0007513838868483,0.6366287654484822,7.309679846631013,0.0036548399233155065,19,0.013102278956610534,,,,418.48010842701115,111.66666666666667,0.01852914655993643
low_volatility|180d|continuous_high_minus_low|beta_neutral|r5|ensemble,low_volatility|180d,low_volatility,180d,63,low_volatility_family_sensitivity,lower_tail,continuous_high_minus_low,market_neutral,True,5,ensemble,3,836.3333333333334,0.0,836.3333333333334,1.0,10,self_financing_spread_return,4181,0.03523665244905194,0.12585274155811643,0.3381789265952701,-0.30371496811399146,0.54,0.7058823529411765,0.03973114590747452,1.290188553343035,0.19698519949301319,0.019039068174912827,-0.0006802271022520745,0.1741182577054805,2.0007513838868483,0.6366287654484822,7.309679846631013,0.007309679846631013,19,0.013102278956610534,,,,418.48010842701115,111.66666666666667,0.01852914655993643
low_volatility|180d|continuous_high_minus_low|beta_neutral|r5|ensemble,low_volatility|180d,low_volatility,180d,63,low_volatility_family_sensitivity,lower_tail,continuous_high_minus_low,market_neutral,True,5,ensemble,3,836.3333333333334,0.0,836.3333333333334,1.0,25,self_financing_spread_return,4181,0.023946432563575204,0.12586261859055545,0.2510331194197055,-0.3565971686823419,0.525,0.7058823529411765,0.028795099830744,0.9343356470963782,0.3501307817904732,0.018843851664362872,-0.0006802271022520745,0.1741182577054805,2.0007513838868483,0.6366287654484822,7.309679846631013,0.018274199616577533,19,0.013102278956610534,,,,418.48010842701115,111.66666666666667,0.01852914655993643
low_volatility|180d|continuous_high_minus_low|beta_neutral|r21|ensemble,low_volatility|180d,low_volatility,180d,63,low_volatility_family_sensitivity,lower_tail,continuous_high_minus_low,market_neutral,True,21,ensemble,3,199.33333333333334,0.0,199.33333333333334,1.0,0,self_financing_spread_return,4181,0.04078948956485928,0.1259436573569493,0.3805334184984413,-0.30916844084149253,0.55,0.7058823529411765,0.039980593667958,1.2839827927325325,0.1991479762407703,0.0534594319767768,-0.0019090795910682494,0.35604248829536783,2.0006638421436955,0.6369717933326282,4.167184962631845,0.0,25,0.01956841907013816,,,,417.2823088575301,111.66666666666667,0.018311614782558133
low_volatility|180d|continuous_high_minus_low|beta_neutral|r21|ensemble,low_volatility|180d,low_volatility,180d,63,low_volatility_family_sensitivity,lower_tail,continuous_high_minus_low,market_neutral,True,21,ensemble,3,199.33333333333334,0.0,199.33333333333334,1.0,5,self_financing_spread_return,4181,0.03862308793762392,0.12594127656531537,0.3639914374537148,-0.3119629679071084,0.55,0.7058823529411765,0.03791090724108962,1.2173090917612615,0.22348663641188427,0.05336161413471037,-0.0019090795910682494,0.35604248829536783,2.0006638421436955,0.6369717933326282,4.167184962631845,0.0020835924813159224,25,0.01956841907013816,,,,417.2823088575301,111.66666666666667,0.018311614782558133
low_volatility|180d|continuous_high_minus_low|beta_neutral|r21|ensemble,low_volatility|180d,low_volatility,180d,63,low_volatility_family_sensitivity,lower_tail,continuous_high_minus_low,market_neutral,True,21,ensemble,3,199.33333333333334,0.0,199.33333333333334,1.0,10,self_financing_spread_return,4181,0.03646103972545145,0.12593995466700023,0.347445909655858,-0.3147465106973599,0.55,0.7058823529411765,0.03584122081422098,1.1506495457406078,0.2498764411353387,0.05326379629264388,-0.0019090795910682494,0.35604248829536783,2.0006638421436955,0.6369717933326282,4.167184962631845,0.004167184962631845,25,0.01956841907013816,,,,417.2823088575301,111.66666666666667,0.018311614782558133
low_volatility|180d|continuous_high_minus_low|beta_neutral|r21|ensemble,low_volatility|180d,low_volatility,180d,63,low_volatility_family_sensitivity,lower_tail,continuous_high_minus_low,market_neutral,True,21,ensemble,3,199.33333333333334,0.0,199.33333333333334,1.0,25,self_financing_spread_return,4181,0.03000093116768121,0.1259423425318498,0.2977922183748051,-0.33177104745471864,0.54,0.7058823529411765,0.029632161533615534,0.9507702804564032,0.3417210023730769,0.05297034276644444,-0.0019090795910682494,0.35604248829536783,2.0006638421436955,0.6369717933326282,4.167184962631845,0.010417962406579613,25,0.01956841907013816,,,,417.2823088575301,111.66666666666667,0.018311614782558133
low_volatility|180d|continuous_high_minus_low|beta_neutral|r63|ensemble,low_volatility|180d,low_volatility,180d,63,low_volatility_family_sensitivity,lower_tail,continuous_high_minus_low,market_neutral,True,63,ensemble,3,66.33333333333333,0.0,66.33333333333333,1.0,0,self_financing_spread_return,4181,0.039994016878680094,0.1304270025558805,0.3660364311178938,-0.30893299251464046,0.55,0.7058823529411765,0.03155509930399707,0.9731643757760093,0.33047161310325646,0.10890769644057526,-0.00803739289046211,0.5575850541746186,2.0088997070178585,0.6370803904800544,2.766620422057029,0.0,39,0.018499280388667872,,,,414.34569082356694,111.66666666666667,0.01890279349613391
low_volatility|180d|continuous_high_minus_low|beta_neutral|r63|ensemble,low_volatility|180d,low_volatility,180d,63,low_volatility_family_sensitivity,lower_tail,continuous_high_minus_low,market_neutral,True,63,ensemble,3,66.33333333333333,0.0,66.33333333333333,1.0,5,self_financing_spread_return,4181,0.03855628428355695,0.13042548515008764,0.35543099013760315,-0.3108826707277659,0.55,0.7058823529411765,0.03017823822060918,0.9306460945473837,0.35203666237627596,0.10886117446406413,-0.00803739289046211,0.5575850541746186,2.0088997070178585,0.6370803904800544,2.766620422057029,0.0013833102110285145,39,0.018499280388667872,,,,414.34569082356694,111.66666666666667,0.01890279349613391
low_volatility|180d|continuous_high_minus_low|beta_neutral|r63|ensemble,low_volatility|180d,low_volatility,180d,63,low_volatility_family_sensitivity,lower_tail,continuous_high_minus_low,market_neutral,True,63,ensemble,3,66.33333333333333,0.0,66.33333333333333,1.0,10,self_financing_spread_return,4181,0.03712035382389445,0.13042528090514344,0.3448218305766631,-0.3128272392550905,0.55,0.7058823529411765,0.02880137713722151,0.8881217503029827,0.3744752641026913,0.10881465248755291,-0.00803739289046211,0.5575850541746186,2.0088997070178585,0.6370803904800544,2.766620422057029,0.002766620422057029,39,0.018499280388667872,,,,414.34569082356694,111.66666666666667,0.01890279349613391
low_volatility|180d|continuous_high_minus_low|beta_neutral|r63|ensemble,low_volatility|180d,low_volatility,180d,63,low_volatility_family_sensitivity,lower_tail,continuous_high_minus_low,market_neutral,True,63,ensemble,3,66.33333333333333,0.0,66.33333333333333,1.0,25,self_financing_spread_return,4181,0.03282335488037402,0.1304325469987828,0.31297524599370086,-0.3186304105884259,0.55,0.7058823529411765,0.024670793887057885,0.7605283866176873,0.4469388079387985,0.10867508655801913,-0.00803739289046211,0.5575850541746186,2.0088997070178585,0.6370803904800544,2.766620422057029,0.006916551055142573,39,0.018499280388667872,,,,414.34569082356694,111.66666666666667,0.01890279349613391
low_volatility|180d|long_q1|unconstrained_beta|r1|ensemble,low_volatility|180d,low_volatility,180d,63,low_volatility_family_sensitivity,lower_tail,long_q1,long_only,False,1,ensemble,1,4181.0,0.0,0.0,,0,return_minus_risk_free,4181,0.17446454069620354,0.31228710933368775,0.6236526475398303,-0.5963351568412969,0.585,0.7647058823529411,-0.009347520140764539,-0.2828766486020622,0.7772713955109944,1.5262182649518392,1.4947370789197156,2.13609852521122,1.0,1.0,10.822840531634142,0.0,0,0.0,,,,41.51183927290122,33.0,0.030303030303030304
low_volatility|180d|long_q1|unconstrained_beta|r1|ensemble,low_volatility|180d,low_volatility,180d,63,low_volatility_family_sensitivity,lower_tail,long_q1,long_only,False,1,ensemble,1,4181.0,0.0,0.0,,5,return_minus_risk_free,4181,0.16812606183104628,0.3122758338220397,0.6063300004562371,-0.5970357367777028,0.585,0.7647058823529411,-0.01475702937815932,-0.4466476820055585,0.6551294622346546,1.526166011820577,1.4947370789197156,2.13609852521122,1.0,1.0,10.822840531634142,0.005411420265817071,0,0.0,,,,41.51183927290122,33.0,0.030303030303030304
low_volatility|180d|long_q1|unconstrained_beta|r1|ensemble,low_volatility|180d,low_volatility,180d,63,low_volatility_family_sensitivity,lower_tail,long_q1,long_only,False,1,ensemble,1,4181.0,0.0,0.0,,10,return_minus_risk_free,4181,0.16182154672139992,0.31226486377364004,0.5890055256258276,-0.5977351730449693,0.585,0.7647058823529411,-0.020166538615554563,-0.610462258973393,0.5415556368295709,1.5261137586893114,1.4947370789197156,2.13609852521122,1.0,1.0,10.822840531634142,0.010822840531634141,0,0.0,,,,41.51183927290122,33.0,0.030303030303030304
low_volatility|180d|long_q1|unconstrained_beta|r1|ensemble,low_volatility|180d,low_volatility,180d,63,low_volatility_family_sensitivity,lower_tail,long_q1,long_only,False,1,ensemble,1,4181.0,0.0,0.0,,25,return_minus_risk_free,4181,0.14310998166148248,0.3122337867254149,0.5370216406939303,-0.5998266374020758,0.58,0.7058823529411765,-0.03639506632773989,-1.1021204083007168,0.27040932805884643,1.5259569992955215,1.4947370789197156,2.13609852521122,1.0,1.0,10.822840531634142,0.027057101329085356,0,0.0,,,,41.51183927290122,33.0,0.030303030303030304
low_volatility|180d|long_q1|unconstrained_beta|r5|ensemble,low_volatility|180d,low_volatility,180d,63,low_volatility_family_sensitivity,lower_tail,long_q1,long_only,False,5,ensemble,3,836.3333333333334,0.0,0.0,,0,return_minus_risk_free,4181,0.1768303081518452,0.30953874876102755,0.6327795715277734,-0.5661369573505126,0.595,0.7647058823529411,-0.006679237998573734,-0.2048332554631038,0.8377024037451994,1.5145708383016947,1.4933910105456925,2.1093376455207102,0.998807565641308,0.998807565641308,5.851490540157138,0.0,0,0.0,,,,41.45810412182094,11.0,0.04430593868447821
low_volatility|180d|long_q1|unconstrained_beta|r5|ensemble,low_volatility|180d,low_volatility,180d,63,low_volatility_family_sensitivity,lower_tail,long_q1,long_only,False,5,ensemble,3,836.3333333333334,0.0,0.0,,5,return_minus_risk_free,4181,0.1733921889081662,0.30952454871143986,0.6233391085582374,-0.566521036996967,0.595,0.7647058823529411,-0.009600785819848079,-0.29445797265304474,0.768407973501305,1.5144998659167659,1.4933910105456925,2.1093376455207102,0.998807565641308,0.998807565641308,5.851490540157138,0.002925745270078569,0,0.0,,,,41.45810412182094,11.0,0.04430593868447821
low_volatility|180d|long_q1|unconstrained_beta|r5|ensemble,low_volatility|180d,low_volatility,180d,63,low_volatility_family_sensitivity,lower_tail,long_q1,long_only,False,5,ensemble,3,836.3333333333334,0.0,0.0,,10,return_minus_risk_free,4181,0.16996402351303797,0.30951049029053457,0.6138974988033858,-0.5669048020174356,0.59,0.7647058823529411,-0.012522333641122796,-0.384099206966899,0.7009049192370109,1.5144288935318386,1.4933910105456925,2.1093376455207102,0.998807565641308,0.998807565641308,5.851490540157138,0.005851490540157138,0,0.0,,,,41.45810412182094,11.0,0.04430593868447821
low_volatility|180d|long_q1|unconstrained_beta|r5|ensemble,low_volatility|180d,low_volatility,180d,63,low_volatility_family_sensitivity,lower_tail,long_q1,long_only,False,5,ensemble,3,836.3333333333334,0.0,0.0,,25,return_minus_risk_free,4181,0.15973896524091624,0.30946916499195626,0.5855659165462364,-0.5680542117068204,0.59,0.7647058823529411,-0.021286977104946012,-0.6531134516683735,0.5136831408130206,1.5142159763770588,1.4933910105456925,2.1093376455207102,0.998807565641308,0.998807565641308,5.851490540157138,0.014628726350392845,0,0.0,,,,41.45810412182094,11.0,0.04430593868447821
low_volatility|180d|long_q1|unconstrained_beta|r21|ensemble,low_volatility|180d,low_volatility,180d,63,low_volatility_family_sensitivity,lower_tail,long_q1,long_only,False,21,ensemble,3,199.33333333333334,0.0,0.0,,0,return_minus_risk_free,4181,0.17832591418015187,0.302843108179504,0.6442371802909643,-0.5243154605372455,0.58,0.7647058823529411,-0.0034941691554908265,-0.11010127187584763,0.9123290594806127,1.4850183025199943,1.487656853873477,2.051996136375838,0.9943070076447357,0.9943070076447357,3.352780076161309,0.0,0,0.0,,,,41.250896914613726,11.0,0.046525825236455154
low_volatility|180d|long_q1|unconstrained_beta|r21|ensemble,low_volatility|180d,low_volatility,180d,63,low_volatility_family_sensitivity,lower_tail,long_q1,long_only,False,21,ensemble,3,199.33333333333334,0.0,0.0,,5,return_minus_risk_free,4181,0.17635218232801897,0.30282974809498175,0.6387153952501603,-0.5244778104975454,0.58,0.7647058823529411,-0.005163501510249417,-0.16270922889043957,0.8707473802258681,1.4849328049755712,1.487656853873477,2.051996136375838,0.9943070076447357,0.9943070076447357,3.352780076161309,0.0016763900380806543,0,0.0,,,,41.250896914613726,11.0,0.046525825236455154
low_volatility|180d|long_q1|unconstrained_beta|r21|ensemble,low_volatility|180d,low_volatility,180d,63,low_volatility_family_sensitivity,lower_tail,long_q1,long_only,False,21,ensemble,3,199.33333333333334,0.0,0.0,,10,return_minus_risk_free,4181,0.17438165106776937,0.30281665260500096,0.6331925698263766,-0.5246401176912915,0.575,0.7647058823529411,-0.0068328338650080235,-0.21532100423866166,0.8295170546623833,1.4848473074311483,1.487656853873477,2.051996136375838,0.9943070076447357,0.9943070076447357,3.352780076161309,0.0033527800761613087,0,0.0,,,,41.250896914613726,11.0,0.046525825236455154
low_volatility|180d|long_q1|unconstrained_beta|r21|ensemble,low_volatility|180d,low_volatility,180d,63,low_volatility_family_sensitivity,lower_tail,long_q1,long_only,False,21,ensemble,3,199.33333333333334,0.0,0.0,,25,return_minus_risk_free,4181,0.16848921065158806,0.30277895404215827,0.6166179940326928,-0.5251267827583594,0.575,0.7647058823529411,-0.011840830929283763,-0.373172655573723,0.7090199463057655,1.4845908147978786,1.487656853873477,2.051996136375838,0.9943070076447357,0.9943070076447357,3.352780076161309,0.008381950190403272,0,0.0,,,,41.250896914613726,11.0,0.046525825236455154
low_volatility|180d|long_q1|unconstrained_beta|r63|ensemble,low_volatility|180d,low_volatility,180d,63,low_volatility_family_sensitivity,lower_tail,long_q1,long_only,False,63,ensemble,3,66.33333333333333,0.0,0.0,,0,return_minus_risk_free,4181,0.18041895019920373,0.2905305002848732,0.6651718667605602,-0.4899130424810145,0.6,0.7647058823529411,0.003282859100798326,0.10476586380996715,0.9165615976767362,1.4205080961527692,1.4742866524117226,1.9952001565632287,0.9844765816091402,0.9844765816091402,2.2445503490267553,0.0,2,0.013637830042059847,,,,40.77597066092641,11.0,0.051904565599383355
low_volatility|180d|long_q1|unconstrained_beta|r63|ensemble,low_volatility|180d,low_volatility,180d,63,low_volatility_family_sensitivity,lower_tail,long_q1,long_only,False,63,ensemble,3,66.33333333333333,0.0,0.0,,5,return_minus_risk_free,4181,0.17909487422262926,0.29052781157549623,0.6613105081151874,-0.4899507637730912,0.6,0.7647058823529411,0.002163615386630817,0.06904340362242635,0.9449550708136647,1.4204753703500528,1.4742866524117226,1.9952001565632287,0.9844765816091402,0.9844765816091402,2.2445503490267553,0.0011222751745133778,2,0.013637830042059847,,,,40.77597066092641,11.0,0.051904565599383355
low_volatility|180d|long_q1|unconstrained_beta|r63|ensemble,low_volatility|180d,low_volatility,180d,63,low_volatility_family_sensitivity,lower_tail,long_q1,long_only,False,63,ensemble,3,66.33333333333333,0.0,0.0,,10,return_minus_risk_free,4181,0.17777215521688539,0.2905254827679658,0.6574482635597153,-0.48998848506516834,0.6,0.7647058823529411,0.0010443716724634095,0.03332484668234028,0.973415539973747,1.420442644547337,1.4742866524117226,1.9952001565632287,0.9844765816091402,0.9844765816091402,2.2445503490267553,0.0022445503490267555,2,0.013637830042059847,,,,40.77597066092641,11.0,0.051904565599383355
low_volatility|180d|long_q1|unconstrained_beta|r63|ensemble,low_volatility|180d,low_volatility,180d,63,low_volatility_family_sensitivity,lower_tail,long_q1,long_only,False,63,ensemble,3,66.33333333333333,0.0,0.0,,25,return_minus_risk_free,4181,0.17381212739756924,0.29052065583631503,0.6458563576135122,-0.4901016489413994,0.6,0.7647058823529411,-0.0023133594700390173,-0.07379845376205056,0.941170757391293,1.4203444671391885,1.4742866524117226,1.9952001565632287,0.9844765816091402,0.9844765816091402,2.2445503490267553,0.005611375872566888,2,0.013637830042059847,,,,40.77597066092641,11.0,0.051904565599383355
low_volatility|180d|long_q10|unconstrained_beta|r1|ensemble,low_volatility|180d,low_volatility,180d,63,low_volatility_family_sensitivity,lower_tail,long_q10,long_only,False,1,ensemble,1,4181.0,0.0,0.0,,0,return_minus_risk_free,4181,0.12322501287175092,0.13172314591073384,0.8353108131111644,-0.31311078819599525,0.615,0.8823529411764706,0.03689864616756785,1.711074711063431,0.0870673218793235,0.5469397894571789,0.5330104273242974,0.7955709990711219,1.0,1.0,11.099223573843924,0.0,0,0.0,,,,42.38866299928247,34.0,0.029411764705882353
low_volatility|180d|long_q10|unconstrained_beta|r1|ensemble,low_volatility|180d,low_volatility,180d,63,low_volatility_family_sensitivity,lower_tail,long_q10,long_only,False,1,ensemble,1,4181.0,0.0,0.0,,5,return_minus_risk_free,4181,0.11700867426889339,0.1317131105657689,0.7932188985355931,-0.3146533532777597,0.61,0.8823529411764706,0.031352106909090856,1.4525658572294329,0.14634433153879312,0.546892067610543,0.5330104273242974,0.7955709990711219,1.0,1.0,11.099223573843924,0.005549611786921962,0,0.0,,,,42.38866299928247,34.0,0.029411764705882353
low_volatility|180d|long_q10|unconstrained_beta|r1|ensemble,low_volatility|180d,low_volatility,180d,63,low_volatility_family_sensitivity,lower_tail,long_q10,long_only,False,1,ensemble,1,4181.0,0.0,0.0,,10,return_minus_risk_free,4181,0.11082645962265691,0.13170406300271006,0.751115084742198,-0.31619270250836706,0.605,0.8823529411764706,0.0258055676506146,1.1944741845407205,0.232292533110539,0.5468443457639058,0.5330104273242974,0.7955709990711219,1.0,1.0,11.099223573843924,0.011099223573843924,0,0.0,,,,42.38866299928247,34.0,0.029411764705882353
low_volatility|180d|long_q10|unconstrained_beta|r1|ensemble,low_volatility|180d,low_volatility,180d,63,low_volatility_family_sensitivity,lower_tail,long_q10,long_only,False,1,ensemble,1,4181.0,0.0,0.0,,25,return_minus_risk_free,4181,0.0924827063081699,0.13168284892985935,0.6247416907920263,-0.32079151717447685,0.6,0.8235294117647058,0.009165949875184607,0.42298665997186585,0.6723049939992796,0.5467011802239957,0.5330104273242974,0.7955709990711219,1.0,1.0,11.099223573843924,0.02774805893460981,0,0.0,,,,42.38866299928247,34.0,0.029411764705882353
low_volatility|180d|long_q10|unconstrained_beta|r5|ensemble,low_volatility|180d,low_volatility,180d,63,low_volatility_family_sensitivity,lower_tail,long_q10,long_only,False,5,ensemble,3,836.3333333333334,0.0,0.0,,0,return_minus_risk_free,4181,0.12067020816797136,0.1325586222298846,0.813735905490376,-0.32535449176077325,0.62,0.8823529411764706,0.03416441531368892,1.5610127609356377,0.11852074000525502,0.5512184150501451,0.5325771332445348,0.7956986612970732,0.9994787593726318,0.9994787593726318,5.895174370512992,0.0,2,0.015432160579238621,,,,42.3636291158415,11.333333333333334,0.034107674475873144
low_volatility|180d|long_q10|unconstrained_beta|r5|ensemble,low_volatility|180d,low_volatility,180d,63,low_volatility_family_sensitivity,lower_tail,long_q10,long_only,False,5,ensemble,3,836.3333333333334,0.0,0.0,,5,return_minus_risk_free,4181,0.11737174965171637,0.13254611218007722,0.7915562550157179,-0.32603689865901486,0.61,0.8823529411764706,0.031224951320992553,1.4261737512620503,0.1538181944139134,0.5511375643665669,0.5325771332445348,0.7956986612970732,0.9994787593726318,0.9994787593726318,5.895174370512992,0.0029475871852564957,2,0.015432160579238621,,,,42.3636291158415,11.333333333333334,0.034107674475873144
low_volatility|180d|long_q10|unconstrained_beta|r5|ensemble,low_volatility|180d,low_volatility,180d,63,low_volatility_family_sensitivity,lower_tail,long_q10,long_only,False,5,ensemble,3,836.3333333333334,0.0,0.0,,10,return_minus_risk_free,4181,0.11408290187051495,0.13253400423614622,0.769370121966583,-0.3267186934955013,0.61,0.8823529411764706,0.02828548732829684,1.291421894151901,0.19655742272137033,0.5510567136829881,0.5325771332445348,0.7956986612970732,0.9994787593726318,0.9994787593726318,5.895174370512992,0.005895174370512991,2,0.015432160579238621,,,,42.3636291158415,11.333333333333334,0.034107674475873144
low_volatility|180d|long_q10|unconstrained_beta|r5|ensemble,low_volatility|180d,low_volatility,180d,63,low_volatility_family_sensitivity,lower_tail,long_q10,long_only,False,5,ensemble,3,836.3333333333334,0.0,0.0,,25,return_minus_risk_free,4181,0.10427374610657902,0.1325000941236481,0.7027748241534433,-0.3287604104715287,0.605,0.8235294117647058,0.019467095350208175,0.8877297658551203,0.37468613049798316,0.5508141616322519,0.5325771332445348,0.7956986612970732,0.9994787593726318,0.9994787593726318,5.895174370512992,0.01473793592628248,2,0.015432160579238621,,,,42.3636291158415,11.333333333333334,0.034107674475873144
low_volatility|180d|long_q10|unconstrained_beta|r21|ensemble,low_volatility|180d,low_volatility,180d,63,low_volatility_family_sensitivity,lower_tail,long_q10,long_only,False,21,ensemble,3,199.33333333333334,0.0,0.0,,0,return_minus_risk_free,4181,0.1153349394532579,0.1352663953124848,0.7649047630851208,-0.3488446942653791,0.615,0.8823529411764706,0.027646637627879146,1.2416148270351774,0.21437870856306607,0.56703603247538,0.5311927929119609,0.7916374753071073,0.9973392365556819,0.9973392365556819,3.2815661531012656,0.0,2,0.022972678577137213,,,,42.258072231523556,11.333333333333334,0.03356752223534149
low_volatility|180d|long_q10|unconstrained_beta|r21|ensemble,low_volatility|180d,low_volatility,180d,63,low_volatility_family_sensitivity,lower_tail,long_q10,long_only,False,21,ensemble,3,199.33333333333334,0.0,0.0,,5,return_minus_risk_free,4181,0.1135063619965615,0.13525315726329903,0.7528317993240659,-0.3489360762404574,0.61,0.8823529411764706,0.026016589136453862,1.1683582186338621,0.2426623008029445,0.5669376910785373,0.5311927929119609,0.7916374753071073,0.9973392365556819,0.9973392365556819,3.2815661531012656,0.0016407830765506328,2,0.022972678577137213,,,,42.258072231523556,11.333333333333334,0.03356752223534149
low_volatility|180d|long_q10|unconstrained_beta|r21|ensemble,low_volatility|180d,low_volatility,180d,63,low_volatility_family_sensitivity,lower_tail,long_q10,long_only,False,21,ensemble,3,199.33333333333334,0.0,0.0,,10,return_minus_risk_free,4181,0.1116806720820609,0.13524057932505468,0.740752864770564,-0.3490274499751749,0.61,0.8823529411764706,0.024386540645028598,1.0950969906013563,0.27347414697593375,0.5668393496816946,0.5311927929119609,0.7916374753071073,0.9973392365556819,0.9973392365556819,3.2815661531012656,0.0032815661531012657,2,0.022972678577137213,,,,42.258072231523556,11.333333333333334,0.03356752223534149
low_volatility|180d|long_q10|unconstrained_beta|r21|ensemble,low_volatility|180d,low_volatility,180d,63,low_volatility_family_sensitivity,lower_tail,long_q10,long_only,False,21,ensemble,3,199.33333333333334,0.0,0.0,,25,return_minus_risk_free,4181,0.10622088370579674,0.1352068079698797,0.7044819800618177,-0.34930152174075924,0.61,0.8823529411764706,0.01949639517075296,0.8753076824144594,0.38140651516375734,0.5665443254911664,0.5311927929119609,0.7916374753071073,0.9973392365556819,0.9973392365556819,3.2815661531012656,0.008203915382753163,2,0.022972678577137213,,,,42.258072231523556,11.333333333333334,0.03356752223534149
low_volatility|180d|long_q10|unconstrained_beta|r63|ensemble,low_volatility|180d,low_volatility,180d,63,low_volatility_family_sensitivity,lower_tail,long_q10,long_only,False,63,ensemble,3,66.33333333333333,0.0,0.0,,0,return_minus_risk_free,4181,0.11573620184250166,0.13674798849871017,0.7607208789157573,-0.35317870860491973,0.635,0.8823529411764706,0.026607529555911297,1.20506070987467,0.2281798660689276,0.5789915160188358,0.5279146296715405,0.8088113523654096,0.9918708354958613,0.9918708354958613,2.0899158196918037,0.0,2,0.007725005539848903,,,,41.98923702463525,11.333333333333334,0.033230575055823226
low_volatility|180d|long_q10|unconstrained_beta|r63|ensemble,low_volatility|180d,low_volatility,180d,63,low_volatility_family_sensitivity,lower_tail,long_q10,long_only,False,63,ensemble,3,66.33333333333333,0.0,0.0,,5,return_minus_risk_free,4181,0.11457085348457463,0.1367431339413422,0.7530985538148418,-0.3532160119691117,0.635,0.8823529411764706,0.0255668946187258,1.157825788917707,0.24693513697274616,0.5789506195483394,0.5279146296715405,0.8088113523654096,0.9918708354958613,0.9918708354958613,2.0899158196918037,0.001044957909845902,2,0.007725005539848903,,,,41.98923702463525,11.333333333333334,0.033230575055823226
low_volatility|180d|long_q10|unconstrained_beta|r63|ensemble,low_volatility|180d,low_volatility,180d,63,low_volatility_family_sensitivity,lower_tail,long_q10,long_only,False,63,ensemble,3,66.33333333333333,0.0,0.0,,10,return_minus_risk_free,4181,0.11340660253194046,0.1367390371872454,0.7454715572316248,-0.35325331533330395,0.635,0.8823529411764706,0.024526259681540506,1.1105808560586596,0.2667488068155257,0.578909723077843,0.5279146296715405,0.8088113523654096,0.9918708354958613,0.9918708354958613,2.0899158196918037,0.002089915819691804,2,0.007725005539848903,,,,41.98923702463525,11.333333333333334,0.033230575055823226
low_volatility|180d|long_q10|unconstrained_beta|r63|ensemble,low_volatility|180d,low_volatility,180d,63,low_volatility_family_sensitivity,lower_tail,long_q10,long_only,False,63,ensemble,3,66.33333333333333,0.0,0.0,,25,return_minus_risk_free,4181,0.10992042484912945,0.13673129436274384,0.7225637997602283,-0.35336522542588,0.635,0.8823529411764706,0.02140435486998427,0.9688097091489574,0.3326401414185579,0.578787033666354,0.5279146296715405,0.8088113523654096,0.9918708354958613,0.9918708354958613,2.0899158196918037,0.00522478954922951,2,0.007725005539848903,,,,41.98923702463525,11.333333333333334,0.033230575055823226
low_volatility|180d|middle_minus_q1|unconstrained_beta|r1|ensemble,low_volatility|180d,low_volatility,180d,63,low_volatility_family_sensitivity,lower_tail,middle_minus_q1,market_neutral,False,1,ensemble,1,4181.0,0.0,0.0,,0,self_financing_spread_return,4181,-0.08170548159520552,0.1879111918652067,-0.35910133631552044,-0.8116289930382193,0.405,0.35294117647058826,0.012861936324188295,0.35354999344363475,0.7236761561436323,-0.5405782005144879,-0.5004513943817184,1.2462015035615974,2.0,1.6612020696283043e-17,25.00987130648435,0.0,0,0.0,,,,209.23200191341783,167.0,0.030303030303030304
low_volatility|180d|middle_minus_q1|unconstrained_beta|r1|ensemble,low_volatility|180d,low_volatility,180d,63,low_volatility_family_sensitivity,lower_tail,middle_minus_q1,market_neutral,False,1,ensemble,1,4181.0,0.0,0.0,,5,self_financing_spread_return,4181,-0.09311761968432675,0.18791364840086983,-0.42560938159685185,-0.8264644885201521,0.4,0.35294117647058826,0.00036018197317474554,0.009895599611556609,0.9921045827072779,-0.5405573234126116,-0.5004513943817184,1.2462015035615974,2.0,1.6612020696283043e-17,25.00987130648435,0.012504935653242174,0,0.0,,,,209.23200191341783,167.0,0.030303030303030304
low_volatility|180d|middle_minus_q1|unconstrained_beta|r1|ensemble,low_volatility|180d,low_volatility,180d,63,low_volatility_family_sensitivity,lower_tail,middle_minus_q1,market_neutral,False,1,ensemble,1,4181.0,0.0,0.0,,10,self_financing_spread_return,4181,-0.10438877127819479,0.18791776955097433,-0.4921113287611729,-0.8581666913566993,0.4,0.23529411764705882,-0.012141572377837775,-0.3333926437688759,0.7388379152788592,-0.540536446310734,-0.5004513943817184,1.2462015035615974,2.0,1.6612020696283043e-17,25.00987130648435,0.025009871306484348,0,0.0,,,,209.23200191341783,167.0,0.030303030303030304
low_volatility|180d|middle_minus_q1|unconstrained_beta|r1|ensemble,low_volatility|180d,low_volatility,180d,63,low_volatility_family_sensitivity,lower_tail,middle_minus_q1,market_neutral,False,1,ensemble,1,4181.0,0.0,0.0,,25,self_financing_spread_return,4181,-0.13737351729711667,0.18794011937173027,-0.6915629214892803,-0.9230439577503324,0.395,0.17647058823529413,-0.04964683543087694,-1.360716382639521,0.17360333532595218,-0.5404738150051037,-0.5004513943817184,1.2462015035615974,2.0,1.6612020696283043e-17,25.00987130648435,0.06252467826621087,0,0.0,,,,209.23200191341783,167.0,0.030303030303030304
low_volatility|180d|middle_minus_q1|unconstrained_beta|r5|ensemble,low_volatility|180d,low_volatility,180d,63,low_volatility_family_sensitivity,lower_tail,middle_minus_q1,market_neutral,False,5,ensemble,3,836.3333333333334,0.0,0.0,,0,self_financing_spread_return,4181,-0.08864879051347085,0.1873681464381972,-0.4009845316717896,-0.8253725534100071,0.42,0.29411764705882354,0.0037290715375989055,0.10138195544143927,0.9192472601357068,-0.530617968159851,-0.5028721014645281,1.3744246463626215,2.004214656482768,-0.00044209554715669255,13.182206549287674,0.0,14,0.0064372308605412645,,,,209.0702383799729,55.666666666666664,0.04763833339976855
low_volatility|180d|middle_minus_q1|unconstrained_beta|r5|ensemble,low_volatility|180d,low_volatility,180d,63,low_volatility_family_sensitivity,lower_tail,middle_minus_q1,market_neutral,False,5,ensemble,3,836.3333333333334,0.0,0.0,,5,self_financing_spread_return,4181,-0.09463601902253715,0.18737674614795743,-0.4361156641057821,-0.8407870318009741,0.42,0.29411764705882354,-0.002845677032172428,-0.07732940259262999,0.9383615010458319,-0.5306950574671235,-0.5028721014645281,1.3744246463626215,2.004214656482768,-0.00044209554715669255,13.182206549287674,0.006591103274643836,14,0.0064372308605412645,,,,209.0702383799729,55.666666666666664,0.04763833339976855
low_volatility|180d|middle_minus_q1|unconstrained_beta|r5|ensemble,low_volatility|180d,low_volatility,180d,63,low_volatility_family_sensitivity,lower_tail,middle_minus_q1,market_neutral,False,5,ensemble,3,836.3333333333334,0.0,0.0,,10,self_financing_spread_return,4181,-0.10058425333083998,0.18738644021453937,-0.4712408198680871,-0.8548416124814512,0.42,0.23529411764705882,-0.00942042560194343,-0.2558727280070048,0.7980491136649472,-0.5307721467743963,-0.5028721014645281,1.3744246463626215,2.004214656482768,-0.00044209554715669255,13.182206549287674,0.013182206549287673,14,0.0064372308605412645,,,,209.0702383799729,55.666666666666664,0.04763833339976855
low_volatility|180d|middle_minus_q1|unconstrained_beta|r5|ensemble,low_volatility|180d,low_volatility,180d,63,low_volatility_family_sensitivity,lower_tail,middle_minus_q1,market_neutral,False,5,ensemble,3,836.3333333333334,0.0,0.0,,25,self_financing_spread_return,4181,-0.11819750080520985,0.18742208676125788,-0.5765742900953299,-0.8936774815514648,0.405,0.23529411764705882,-0.029144671311257763,-0.7904384305376138,0.42927176592445937,-0.5310034146962134,-0.5028721014645281,1.3744246463626215,2.004214656482768,-0.00044209554715669255,13.182206549287674,0.03295551637321918,14,0.0064372308605412645,,,,209.0702383799729,55.666666666666664,0.04763833339976855
low_volatility|180d|middle_minus_q1|unconstrained_beta|r21|ensemble,low_volatility|180d,low_volatility,180d,63,low_volatility_family_sensitivity,lower_tail,middle_minus_q1,market_neutral,False,21,ensemble,3,199.33333333333334,0.0,0.0,,0,self_financing_spread_return,4181,-0.08399394681708694,0.18398358109408314,-0.38422229534236507,-0.8120678611913602,0.425,0.29411764705882354,0.0014106897523180994,0.037941242254206434,0.9697345301434762,-0.48513629844044065,-0.5071851167256308,1.4096783667082604,2.0122919123421648,-0.00018674879110095163,7.3503068359487616,0.0,6,0.0039388370552476334,,,,208.43099736905046,55.666666666666664,0.05319302466460671
low_volatility|180d|middle_minus_q1|unconstrained_beta|r21|ensemble,low_volatility|180d,low_volatility,180d,63,low_volatility_family_sensitivity,lower_tail,middle_minus_q1,market_neutral,False,21,ensemble,3,199.33333333333334,0.0,0.0,,5,self_financing_spread_return,4181,-0.08735442921722891,0.18399267666939945,-0.4041593717615808,-0.8214561272155629,0.425,0.23529411764705882,-0.00224600383625664,-0.06038744545449637,0.9518470574855719,-0.48523774589854685,-0.5071851167256308,1.4096783667082604,2.0122919123421648,-0.00018674879110095163,7.3503068359487616,0.003675153417974381,6,0.0039388370552476334,,,,208.43099736905046,55.666666666666664,0.05319302466460671
low_volatility|180d|middle_minus_q1|unconstrained_beta|r21|ensemble,low_volatility|180d,low_volatility,180d,63,low_volatility_family_sensitivity,lower_tail,middle_minus_q1,market_neutral,False,21,ensemble,3,199.33333333333334,0.0,0.0,,10,self_financing_spread_return,4181,-0.09070297826559548,0.18400383018077188,-0.42408973396332056,-0.8303764112187633,0.42,0.23529411764705882,-0.005902697424831511,-0.15864864150948127,0.8739457036937631,-0.48533919335665304,-0.5071851167256308,1.4096783667082604,2.0122919123421648,-0.00018674879110095163,7.3503068359487616,0.007350306835948762,6,0.0039388370552476334,,,,208.43099736905046,55.666666666666664,0.05319302466460671
low_volatility|180d|middle_minus_q1|unconstrained_beta|r21|ensemble,low_volatility|180d,low_volatility,180d,63,low_volatility_family_sensitivity,lower_tail,middle_minus_q1,market_neutral,False,21,ensemble,3,199.33333333333334,0.0,0.0,,25,self_financing_spread_return,4181,-0.10067743463126266,0.18404963424470364,-0.4838338749735183,-0.8545611198112194,0.415,0.23529411764705882,-0.016872778190555847,-0.45298397216180547,0.6505602828541479,-0.4856435357309717,-0.5071851167256308,1.4096783667082604,2.0122919123421648,-0.00018674879110095163,7.3503068359487616,0.018375767089871903,6,0.0039388370552476334,,,,208.43099736905046,55.666666666666664,0.05319302466460671
low_volatility|180d|middle_minus_q1|unconstrained_beta|r63|ensemble,low_volatility|180d,low_volatility,180d,63,low_volatility_family_sensitivity,lower_tail,middle_minus_q1,market_neutral,False,63,ensemble,3,66.33333333333333,0.0,0.0,,0,self_financing_spread_return,4181,-0.08114969859708943,0.19254868120854768,-0.3429469181128665,-0.8219259735227213,0.42,0.29411764705882354,0.00037324875044409203,0.00916936527691611,0.99268400753143,-0.4468236069400036,-0.5332573452750716,2.1985754422858497,2.0560402865757377,-0.0060764944766119305,4.829371377353161,0.0,2,0.013377540426440593,,,,206.8100135533764,55.666666666666664,0.09886445935455124
low_volatility|180d|middle_minus_q1|unconstrained_beta|r63|ensemble,low_volatility|180d,low_volatility,180d,63,low_volatility_family_sensitivity,lower_tail,middle_minus_q1,market_neutral,False,63,ensemble,3,66.33333333333333,0.0,0.0,,5,self_financing_spread_return,4181,-0.0833659930830486,0.1925484160929241,-0.35548456635777886,-0.8277939261775892,0.42,0.29411764705882354,-0.0020338295568645753,-0.0499595330295209,0.960154635992089,-0.44687026991772716,-0.5332573452750716,2.1985754422858497,2.0560402865757377,-0.0060764944766119305,4.829371377353161,0.002414685688676581,2,0.013377540426440593,,,,206.8100135533764,55.666666666666664,0.09886445935455124
low_volatility|180d|middle_minus_q1|unconstrained_beta|r63|ensemble,low_volatility|180d,low_volatility,180d,63,low_volatility_family_sensitivity,lower_tail,middle_minus_q1,market_neutral,False,63,ensemble,3,66.33333333333333,0.0,0.0,,10,self_financing_spread_return,4181,-0.08557741367790339,0.1925507044407269,-0.3680173686925457,-0.8334697073304376,0.42,0.29411764705882354,-0.004440907864173291,-0.10907574898519215,0.9131424096113676,-0.4469169328954509,-0.5332573452750716,2.1985754422858497,2.0560402865757377,-0.0060764944766119305,4.829371377353161,0.004829371377353162,2,0.013377540426440593,,,,206.8100135533764,55.666666666666664,0.09886445935455124
low_volatility|180d|middle_minus_q1|unconstrained_beta|r63|ensemble,low_volatility|180d,low_volatility,180d,63,low_volatility_family_sensitivity,lower_tail,middle_minus_q1,market_neutral,False,63,ensemble,3,66.33333333333333,0.0,0.0,,25,self_financing_spread_return,4181,-0.09218252913800684,0.1925728888465341,-0.40558172143287385,-0.8494055621993486,0.42,0.29411764705882354,-0.011662142786099557,-0.28630640775745947,0.7746434507799702,-0.447056921828622,-0.5332573452750716,2.1985754422858497,2.0560402865757377,-0.0060764944766119305,4.829371377353161,0.012073428443382904,2,0.013377540426440593,,,,206.8100135533764,55.666666666666664,0.09886445935455124
low_volatility|180d|middle_minus_q1|beta_neutral|r1|ensemble,low_volatility|180d,low_volatility,180d,63,low_volatility_family_sensitivity,lower_tail,middle_minus_q1,market_neutral,True,1,ensemble,1,4181.0,0.0,4181.0,1.0,0,self_financing_spread_return,4181,0.0040944493427892414,0.1319554419178762,0.09698471228448252,-0.481333588317028,0.515,0.5882352941176471,0.014688127046311191,0.4847551703116913,0.6278500261742658,-0.012720077419258752,2.772896974552678e-18,8.187894806610529e-16,2.0,0.3972994114933304,23.214490161645216,0.0,0,0.0,,,,209.23200191341783,167.0,0.02613111130411634
low_volatility|180d|middle_minus_q1|beta_neutral|r1|ensemble,low_volatility|180d,low_volatility,180d,63,low_volatility_family_sensitivity,lower_tail,middle_minus_q1,market_neutral,True,1,ensemble,1,4181.0,0.0,4181.0,1.0,5,self_financing_spread_return,4181,-0.0074933352658720365,0.13195484710687388,0.009024662442645888,-0.5185767848972296,0.505,0.5294117647058824,0.003084552546211282,0.1017562814362588,0.9189501278160485,-0.01274186520814823,2.772896974552678e-18,8.187894806610529e-16,2.0,0.3972994114933304,23.214490161645216,0.011607245080822608,0,0.0,,,,209.23200191341783,167.0,0.02613111130411634
low_volatility|180d|middle_minus_q1|beta_neutral|r1|ensemble,low_volatility|180d,low_volatility,180d,63,low_volatility_family_sensitivity,lower_tail,middle_minus_q1,market_neutral,True,1,ensemble,1,4181.0,0.0,4181.0,1.0,10,self_financing_spread_return,4181,-0.018948168157168044,0.13195620991634174,-0.07893500934711146,-0.5531479154339408,0.475,0.47058823529411764,-0.008519021953888508,-0.2809016875434441,0.7787858062728159,-0.012763652997037616,2.772896974552678e-18,8.187894806610529e-16,2.0,0.3972994114933304,23.214490161645216,0.023214490161645215,0,0.0,,,,209.23200191341783,167.0,0.02613111130411634
low_volatility|180d|middle_minus_q1|beta_neutral|r1|ensemble,low_volatility|180d,low_volatility,180d,63,low_volatility_family_sensitivity,lower_tail,middle_minus_q1,market_neutral,True,1,ensemble,1,4181.0,0.0,4181.0,1.0,25,self_financing_spread_return,4181,-0.05253003722477001,0.13197204302552654,-0.3427726166390019,-0.6721858835997232,0.435,0.35294117647058826,-0.04332974545418765,-1.4263730202041636,0.1537606972200716,-0.01282901636370605,2.772896974552678e-18,8.187894806610529e-16,2.0,0.3972994114933304,23.214490161645216,0.058036225404113045,0,0.0,,,,209.23200191341783,167.0,0.02613111130411634
low_volatility|180d|middle_minus_q1|beta_neutral|r5|ensemble,low_volatility|180d,low_volatility,180d,63,low_volatility_family_sensitivity,lower_tail,middle_minus_q1,market_neutral,True,5,ensemble,3,836.3333333333334,0.0,836.3333333333334,1.0,0,self_financing_spread_return,4181,-0.0027413757979263265,0.13129643515375744,0.044820467411845824,-0.5059740734411203,0.5,0.5882352941176471,0.007056090757042404,0.23294388022032084,0.815804984054931,-0.00788129358831336,-0.0008397055266164593,0.2927487902248163,2.0019390556932675,0.39743121501458134,12.35371322362473,0.0,14,0.007226191722214074,,,,209.0702383799729,55.666666666666664,0.0364827769186345
low_volatility|180d|middle_minus_q1|beta_neutral|r5|ensemble,low_volatility|180d,low_volatility,180d,63,low_volatility_family_sensitivity,lower_tail,middle_minus_q1,market_neutral,True,5,ensemble,3,836.3333333333334,0.0,836.3333333333334,1.0,5,self_financing_spread_return,4181,-0.008882475097058529,0.13130080173691835,-0.002217003233124355,-0.5250700177392615,0.49,0.5882352941176471,0.0008936431798872665,0.02949031969829012,0.9764735393469665,-0.007971552349493967,-0.0008397055266164593,0.2927487902248163,2.0019390556932675,0.39743121501458134,12.35371322362473,0.006176856611812365,14,0.007226191722214074,,,,209.0702383799729,55.666666666666664,0.0364827769186345
low_volatility|180d|middle_minus_q1|beta_neutral|r5|ensemble,low_volatility|180d,low_volatility,180d,63,low_volatility_family_sensitivity,lower_tail,middle_minus_q1,market_neutral,True,5,ensemble,3,836.3333333333334,0.0,836.3333333333334,1.0,10,self_financing_spread_return,4181,-0.014986077967634404,0.13130649399793784,-0.04925084815018734,-0.5434288136456904,0.49,0.5882352941176471,-0.0052688043972681405,-0.17379997692765564,0.8620226625268053,-0.008061811110674418,-0.0008397055266164593,0.2927487902248163,2.0019390556932675,0.39743121501458134,12.35371322362473,0.01235371322362473,14,0.007226191722214074,,,,209.0702383799729,55.666666666666664,0.0364827769186345
low_volatility|180d|middle_minus_q1|beta_neutral|r5|ensemble,low_volatility|180d,low_volatility,180d,63,low_volatility_family_sensitivity,lower_tail,middle_minus_q1,market_neutral,True,5,ensemble,3,836.3333333333334,0.0,836.3333333333334,1.0,25,self_financing_spread_return,4181,-0.033074171327540536,0.1313315229236709,-0.19031639415878876,-0.6029587297483927,0.48,0.47058823529411764,-0.023756147128733727,-0.7826099994475846,0.43385616769290336,-0.008332587394216242,-0.0008397055266164593,0.2927487902248163,2.0019390556932675,0.39743121501458134,12.35371322362473,0.030884283059061823,14,0.007226191722214074,,,,209.0702383799729,55.666666666666664,0.0364827769186345
low_volatility|180d|middle_minus_q1|beta_neutral|r21|ensemble,low_volatility|180d,low_volatility,180d,63,low_volatility_family_sensitivity,lower_tail,middle_minus_q1,market_neutral,True,21,ensemble,3,199.33333333333334,0.0,199.33333333333334,1.0,0,self_financing_spread_return,4181,-0.0007439224159426772,0.12922618264911845,0.05895188137042761,-0.46914824995918514,0.53,0.5882352941176471,0.005575359549026853,0.18703245116147138,0.8516351895205708,0.01374483769636446,-0.0019129086236771495,0.31638125055819266,2.003263099629989,0.3980787991661733,6.929649451092423,0.0,6,0.004431027946068363,,,,208.43099736905046,55.666666666666664,0.04035939708209546
low_volatility|180d|middle_minus_q1|beta_neutral|r21|ensemble,low_volatility|180d,low_volatility,180d,63,low_volatility_family_sensitivity,lower_tail,middle_minus_q1,market_neutral,True,21,ensemble,3,199.33333333333334,0.0,199.33333333333334,1.0,5,self_financing_spread_return,4181,-0.004200367215349887,0.1292236285835009,0.032138150910010994,-0.48051341024150374,0.525,0.5882352941176471,0.002127642664708132,0.0713557091328756,0.943114658702334,0.013627752851044962,-0.0019129086236771495,0.31638125055819266,2.003263099629989,0.3980787991661733,6.929649451092423,0.0034648247255462117,6,0.004431027946068363,,,,208.43099736905046,55.666666666666664,0.04035939708209546
low_volatility|180d|middle_minus_q1|beta_neutral|r21|ensemble,low_volatility|180d,low_volatility,180d,63,low_volatility_family_sensitivity,lower_tail,middle_minus_q1,market_neutral,True,21,ensemble,3,199.33333333333334,0.0,199.33333333333334,1.0,10,self_financing_spread_return,4181,-0.007645232379101419,0.12922363827492256,0.005323254884405393,-0.4916364500931104,0.52,0.5294117647058824,-0.0013200742196104408,-0.04425942748577102,0.9646976121383779,0.013510668005725361,-0.0019129086236771495,0.31638125055819266,2.003263099629989,0.3980787991661733,6.929649451092423,0.006929649451092423,6,0.004431027946068363,,,,208.43099736905046,55.666666666666664,0.04035939708209546
low_volatility|180d|middle_minus_q1|beta_neutral|r21|ensemble,low_volatility|180d,low_volatility,180d,63,low_volatility_family_sensitivity,lower_tail,middle_minus_q1,market_neutral,True,21,ensemble,3,199.33333333333334,0.0,199.33333333333334,1.0,25,self_financing_spread_return,4181,-0.017910725007627915,0.12923904912278408,-0.07511246825975954,-0.5297124819141996,0.51,0.5294117647058824,-0.011663224872566004,-0.39066742074848715,0.6960430833349561,0.013159413469766812,-0.0019129086236771495,0.31638125055819266,2.003263099629989,0.3980787991661733,6.929649451092423,0.01732412362773106,6,0.004431027946068363,,,,208.43099736905046,55.666666666666664,0.04035939708209546
low_volatility|180d|middle_minus_q1|beta_neutral|r63|ensemble,low_volatility|180d,low_volatility,180d,63,low_volatility_family_sensitivity,lower_tail,middle_minus_q1,market_neutral,True,63,ensemble,3,66.33333333333333,0.0,66.33333333333333,1.0,0,self_financing_spread_return,4181,0.000470697584331381,0.13331888423666108,0.07021805471087374,-0.4912756875582741,0.515,0.47058823529411764,0.0026277570720790685,0.08480497237286712,0.932416440402237,0.0453075299727577,-0.010672641504458211,0.662846097060162,2.0231452326295676,0.398746995451604,4.518076761895257,0.0,2,0.01125606820130296,,,,206.8100135533764,55.666666666666664,0.05890649170993086
low_volatility|180d|middle_minus_q1|beta_neutral|r63|ensemble,low_volatility|180d,low_volatility,180d,63,low_volatility_family_sensitivity,lower_tail,middle_minus_q1,market_neutral,True,63,ensemble,3,66.33333333333333,0.0,66.33333333333333,1.0,5,self_financing_spread_return,4181,-0.0017870745277606126,0.13330947706863347,0.05326676278516638,-0.4978576920388127,0.515,0.47058823529411764,0.0003743318414241998,0.012080267860837495,0.9903615752112127,0.04526040877180691,-0.010672641504458211,0.662846097060162,2.0231452326295676,0.398746995451604,4.518076761895257,0.0022590383809476286,2,0.01125606820130296,,,,206.8100135533764,55.666666666666664,0.05890649170993086
low_volatility|180d|middle_minus_q1|beta_neutral|r63|ensemble,low_volatility|180d,low_volatility,180d,63,low_volatility_family_sensitivity,lower_tail,middle_minus_q1,market_neutral,True,63,ensemble,3,66.33333333333333,0.0,66.33333333333333,1.0,10,self_financing_spread_return,4181,-0.004040193261275027,0.1333032481061181,0.03631221253425858,-0.5043558454921551,0.515,0.47058823529411764,-0.0018790933892307508,-0.060636852812359615,0.9516484232105831,0.045213287570856096,-0.010672641504458211,0.662846097060162,2.0231452326295676,0.398746995451604,4.518076761895257,0.004518076761895257,2,0.01125606820130296,,,,206.8100135533764,55.666666666666664,0.05890649170993086
low_volatility|180d|middle_minus_q1|beta_neutral|r63|ensemble,low_volatility|180d,low_volatility,180d,63,low_volatility_family_sensitivity,lower_tail,middle_minus_q1,market_neutral,True,63,ensemble,3,66.33333333333333,0.0,66.33333333333333,1.0,25,self_financing_spread_return,4181,-0.010771716111650842,0.13330363377033125,-0.014558863207634434,-0.5233576509132067,0.51,0.47058823529411764,-0.008639369081195515,-0.2786664623457701,0.7805008024880482,0.045071923968003656,-0.010672641504458211,0.662846097060162,2.0231452326295676,0.398746995451604,4.518076761895257,0.011295191904738142,2,0.01125606820130296,,,,206.8100135533764,55.666666666666664,0.05890649170993086
low_volatility|180d|q10_minus_middle|unconstrained_beta|r1|ensemble,low_volatility|180d,low_volatility,180d,63,low_volatility_family_sensitivity,lower_tail,q10_minus_middle,market_neutral,False,1,ensemble,1,4181.0,0.0,0.0,,0,self_financing_spread_return,4181,-0.023994400395840887,0.11868785320068007,-0.14523163115338764,-0.390195752701204,0.47,0.35294117647058826,0.0479844152103361,2.10919735393191,0.03492755023181212,-0.4388463868258833,-0.4612752572136999,0.6908912144709636,2.0,-8.042544811847508e-18,23.372932322029598,0.0,0,0.0,,,,210.10882563979908,168.0,0.029411764705882353
low_volatility|180d|q10_minus_middle|unconstrained_beta|r1|ensemble,low_volatility|180d,low_volatility,180d,63,low_volatility_family_sensitivity,lower_tail,q10_minus_middle,market_neutral,False,1,ensemble,1,4181.0,0.0,0.0,,5,self_financing_spread_return,4181,-0.03533448266044792,0.11868702650715912,-0.24368491157621336,-0.48810205615054436,0.44,0.29411764705882354,0.03629691884438027,1.5928588305878197,0.11119186381421314,-0.4388296373072663,-0.4612752572136999,0.6908912144709636,2.0,-8.042544811847508e-18,23.372932322029598,0.011686466161014798,0,0.0,,,,210.10882563979908,168.0,0.029411764705882353
low_volatility|180d|q10_minus_middle|unconstrained_beta|r1|ensemble,low_volatility|180d,low_volatility,180d,63,low_volatility_family_sensitivity,lower_tail,q10_minus_middle,market_neutral,False,1,ensemble,1,4181.0,0.0,0.0,,10,self_financing_spread_return,4181,-0.0465436269851055,0.11868888179385728,-0.3421318322922754,-0.5702944096704978,0.41,0.29411764705882354,0.024609422478423657,1.078099978866239,0.28098914106881,-0.4388128877886486,-0.4612752572136999,0.6908912144709636,2.0,-8.042544811847508e-18,23.372932322029598,0.023372932322029596,0,0.0,,,,210.10882563979908,168.0,0.029411764705882353
low_volatility|180d|q10_minus_middle|unconstrained_beta|r1|ensemble,low_volatility|180d,low_volatility,180d,63,low_volatility_family_sensitivity,lower_tail,q10_minus_middle,market_neutral,False,1,ensemble,1,4181.0,0.0,0.0,,25,self_financing_spread_return,4181,-0.07940037246462783,0.1187105373689002,-0.637367729954474,-0.7481795661031145,0.355,0.23529411764705882,-0.010453066619445386,-0.455316495717197,0.6488815604970051,-0.438762639232796,-0.4612752572136999,0.6908912144709636,2.0,-8.042544811847508e-18,23.372932322029598,0.05843233080507399,0,0.0,,,,210.10882563979908,168.0,0.029411764705882353
low_volatility|180d|q10_minus_middle|unconstrained_beta|r5|ensemble,low_volatility|180d,low_volatility,180d,63,low_volatility_family_sensitivity,lower_tail,q10_minus_middle,market_neutral,False,5,ensemble,3,836.3333333333334,0.0,0.0,,0,self_financing_spread_return,4181,-0.024504762940990465,0.11807467805618974,-0.15103214518110042,-0.40697961076244094,0.445,0.35294117647058826,0.04606498484560734,1.983611182293376,0.04729920164913108,-0.429940566858621,-0.4621687606516906,0.7167605366895048,2.0019278886723715,-0.00029386404637036454,12.322449448499531,0.0,14,0.019716648892165612,,,,209.97576337399346,56.0,0.03421617319449421
low_volatility|180d|q10_minus_middle|unconstrained_beta|r5|ensemble,low_volatility|180d,low_volatility,180d,63,low_volatility_family_sensitivity,lower_tail,q10_minus_middle,market_neutral,False,5,ensemble,3,836.3333333333334,0.0,0.0,,5,self_financing_spread_return,4181,-0.03049669207746697,0.11808350447288118,-0.2031820068361035,-0.4593309020542339,0.435,0.35294117647058826,0.03991968945889777,1.7180609383783985,0.0857855006990611,-0.43003527849981604,-0.4621687606516906,0.7167605366895048,2.0019278886723715,-0.00029386404637036454,12.322449448499531,0.006161224724249766,14,0.019716648892165612,,,,209.97576337399346,56.0,0.03421617319449421
low_volatility|180d|q10_minus_middle|unconstrained_beta|r5|ensemble,low_volatility|180d,low_volatility,180d,63,low_volatility_family_sensitivity,lower_tail,q10_minus_middle,market_neutral,False,5,ensemble,3,836.3333333333334,0.0,0.0,,10,self_financing_spread_return,4181,-0.03645213622387056,0.11809386227381709,-0.25532076203736265,-0.5070630521117382,0.435,0.35294117647058826,0.03377439407218772,1.4527596835273424,0.14629048939656927,-0.4301299901410109,-0.4621687606516906,0.7167605366895048,2.0019278886723715,-0.00029386404637036454,12.322449448499531,0.012322449448499532,14,0.019716648892165612,,,,209.97576337399346,56.0,0.03421617319449421
low_volatility|180d|q10_minus_middle|unconstrained_beta|r5|ensemble,low_volatility|180d,low_volatility,180d,63,low_volatility_family_sensitivity,lower_tail,q10_minus_middle,market_neutral,False,5,ensemble,3,836.3333333333334,0.0,0.0,,25,self_financing_spread_return,4181,-0.05410175445340171,0.11813411965624364,-0.4116501611315298,-0.6264418240974656,0.41,0.23529411764705882,0.015338507912058742,0.6585491141390059,0.5101853484613565,-0.4304141250645961,-0.4621687606516906,0.7167605366895048,2.0019278886723715,-0.00029386404637036454,12.322449448499531,0.030806123621248828,14,0.019716648892165612,,,,209.97576337399346,56.0,0.03421617319449421
low_volatility|180d|q10_minus_middle|unconstrained_beta|r21|ensemble,low_volatility|180d,low_volatility,180d,63,low_volatility_family_sensitivity,lower_tail,q10_minus_middle,market_neutral,False,21,ensemble,3,199.33333333333334,0.0,0.0,,0,self_financing_spread_return,4181,-0.026582494633345166,0.11563101653915939,-0.1751618423751437,-0.42394902734747386,0.465,0.35294117647058826,0.03989353997172744,1.6844594342691863,0.09209291285773656,-0.4047060230882801,-0.4645419343252243,0.7383317168412488,2.0072386435615983,-0.0010367487890563995,6.841833430965117,0.0,8,0.023009815493121834,,,,209.4381726859603,56.0,0.03440633378806989
low_volatility|180d|q10_minus_middle|unconstrained_beta|r21|ensemble,low_volatility|180d,low_volatility,180d,63,low_volatility_family_sensitivity,lower_tail,q10_minus_middle,market_neutral,False,21,ensemble,3,199.33333333333334,0.0,0.0,,5,self_financing_spread_return,4181,-0.02990697177418311,0.11564348837728552,-0.20470922206968545,-0.4525642619463106,0.46,0.35294117647058826,0.03649342747104219,1.5406906028112124,0.12339210498195549,-0.4048340951071319,-0.4645419343252243,0.7383317168412488,2.0072386435615983,-0.0010367487890563995,6.841833430965117,0.0034209167154825586,8,0.023009815493121834,,,,209.4381726859603,56.0,0.03440633378806989
low_volatility|180d|q10_minus_middle|unconstrained_beta|r21|ensemble,low_volatility|180d,low_volatility,180d,63,low_volatility_family_sensitivity,lower_tail,q10_minus_middle,market_neutral,False,21,ensemble,3,199.33333333333334,0.0,0.0,,10,self_financing_spread_return,4181,-0.033220466207611765,0.11565886526903324,-0.2342443454770883,-0.4797609751159023,0.45,0.35294117647058826,0.03309331497035732,1.39691512947613,0.16243909438169024,-0.4049621671259839,-0.4645419343252243,0.7383317168412488,2.0072386435615983,-0.0010367487890563995,6.841833430965117,0.006841833430965117,8,0.023009815493121834,,,,209.4381726859603,56.0,0.03440633378806989
low_volatility|180d|q10_minus_middle|unconstrained_beta|r21|ensemble,low_volatility|180d,low_volatility,180d,63,low_volatility_family_sensitivity,lower_tail,q10_minus_middle,market_neutral,False,21,ensemble,3,199.33333333333334,0.0,0.0,,25,self_financing_spread_return,4181,-0.04309540352957819,0.11572241359161715,-0.32275402824435817,-0.5535245742191357,0.44,0.23529411764705882,0.022892977468301778,0.9656863879906555,0.33420113282588126,-0.40534638318253974,-0.4645419343252243,0.7383317168412488,2.0072386435615983,-0.0010367487890563995,6.841833430965117,0.017104583577412794,8,0.023009815493121834,,,,209.4381726859603,56.0,0.03440633378806989
low_volatility|180d|q10_minus_middle|unconstrained_beta|r63|ensemble,low_volatility|180d,low_volatility,180d,63,low_volatility_family_sensitivity,lower_tail,q10_minus_middle,market_neutral,False,63,ensemble,3,66.33333333333333,0.0,0.0,,0,self_financing_spread_return,4181,-0.024637025256015743,0.1136724633071759,-0.1626080792050689,-0.4071470471094961,0.465,0.35294117647058826,0.036800870989783005,1.5114901836897943,0.13066360774184332,-0.37198682035798036,-0.4729617452903659,0.8313746589599592,2.0280664883956008,-0.004801161154810053,4.391061002161934,0.0,2,0.007901459541575324,,,,208.0232799170852,56.0,0.03850511357996723
low_volatility|180d|q10_minus_middle|unconstrained_beta|r63|ensemble,low_volatility|180d,low_volatility,180d,63,low_volatility_family_sensitivity,lower_tail,q10_minus_middle,market_neutral,False,63,ensemble,3,66.33333333333333,0.0,0.0,,5,self_financing_spread_return,4181,-0.026776326650528426,0.11368100608685586,-0.181899760140031,-0.4261677286896196,0.465,0.35294117647058826,0.03461375053808831,1.4215689258163315,0.15515143101993803,-0.37203638527315797,-0.4729617452903659,0.8313746589599592,2.0280664883956008,-0.004801161154810053,4.391061002161934,0.002195530501080967,2,0.007901459541575324,,,,208.0232799170852,56.0,0.03850511357996723
low_volatility|180d|q10_minus_middle|unconstrained_beta|r63|ensemble,low_volatility|180d,low_volatility,180d,63,low_volatility_family_sensitivity,lower_tail,q10_minus_middle,market_neutral,False,63,ensemble,3,66.33333333333333,0.0,0.0,,10,self_financing_spread_return,4181,-0.028911357653060965,0.11369319220723408,-0.20118209470952914,-0.4445817428350949,0.46,0.35294117647058826,0.03242663008639355,1.331585261079267,0.18299651083367763,-0.3720859501883356,-0.4729617452903659,0.8313746589599592,2.0280664883956008,-0.004801161154810053,4.391061002161934,0.004391061002161934,2,0.007901459541575324,,,,208.0232799170852,56.0,0.03850511357996723
low_volatility|180d|q10_minus_middle|unconstrained_beta|r63|ensemble,low_volatility|180d,low_volatility,180d,63,low_volatility_family_sensitivity,lower_tail,q10_minus_middle,market_neutral,False,63,ensemble,3,66.33333333333333,0.0,0.0,,25,self_financing_spread_return,4181,-0.03529090525847356,0.11375159715292726,-0.2589545621168482,-0.4963731251946065,0.44,0.23529411764705882,0.025865268731309315,1.061410299454345,0.2885034782742679,-0.37223464493386804,-0.4729617452903659,0.8313746589599592,2.0280664883956008,-0.004801161154810053,4.391061002161934,0.010977652505404837,2,0.007901459541575324,,,,208.0232799170852,56.0,0.03850511357996723
low_volatility|180d|q10_minus_middle|beta_neutral|r1|ensemble,low_volatility|180d,low_volatility,180d,63,low_volatility_family_sensitivity,lower_tail,q10_minus_middle,market_neutral,True,1,ensemble,1,4181.0,0.0,4181.0,1.0,0,self_financing_spread_return,4181,0.05773710291523182,0.11405603002478458,0.5492286963633141,-0.17744109235954064,0.575,0.9411764705882353,0.058721268517217845,2.0393535863211,0.04141475111251979,0.02638647816590743,-9.369882109164968e-19,6.106226635438361e-16,2.0,0.6158952257341365,23.072366189148763,0.0,0,0.0,,,,210.10882563979908,168.0,0.04363021282985706
low_volatility|180d|q10_minus_middle|beta_neutral|r1|ensemble,low_volatility|180d,low_volatility,180d,63,low_volatility_family_sensitivity,lower_tail,q10_minus_middle,market_neutral,True,1,ensemble,1,4181.0,0.0,4181.0,1.0,5,self_financing_spread_return,4181,0.04560449982548831,0.1140515916609815,0.44807856310571015,-0.1906170621526896,0.57,0.8823529411764706,0.04718666777600962,1.6370645856892614,0.10161697531008208,0.02635841591723602,-9.369882109164968e-19,6.106226635438361e-16,2.0,0.6158952257341365,23.072366189148763,0.011536183094574382,0,0.0,,,,210.10882563979908,168.0,0.04363021282985706
low_volatility|180d|q10_minus_middle|beta_neutral|r1|ensemble,low_volatility|180d,low_volatility,180d,63,low_volatility_family_sensitivity,lower_tail,q10_minus_middle,market_neutral,True,1,ensemble,1,4181.0,0.0,4181.0,1.0,10,self_financing_spread_return,4181,0.03361013628161036,0.11405038240823795,0.34691073457547955,-0.20430423224635208,0.55,0.7647058823529411,0.035652067034801414,1.2355267118753879,0.21663454139802707,0.02633035366856479,-9.369882109164968e-19,6.106226635438361e-16,2.0,0.6158952257341365,23.072366189148763,0.023072366189148763,0,0.0,,,,210.10882563979908,168.0,0.04363021282985706
low_volatility|180d|q10_minus_middle|beta_neutral|r1|ensemble,low_volatility|180d,low_volatility,180d,63,low_volatility_family_sensitivity,lower_tail,q10_minus_middle,market_neutral,True,1,ensemble,1,4181.0,0.0,4181.0,1.0,25,self_financing_spread_return,4181,-0.0015590768031280566,0.1140661289721512,0.04338700602802842,-0.3231165663715687,0.515,0.47058823529411764,0.0010482648111760668,0.03619363969275845,0.9711279574583691,0.026246166922550825,-9.369882109164968e-19,6.106226635438361e-16,2.0,0.6158952257341365,23.072366189148763,0.0576809154728719,0,0.0,,,,210.10882563979908,168.0,0.04363021282985706
low_volatility|180d|q10_minus_middle|beta_neutral|r5|ensemble,low_volatility|180d,low_volatility,180d,63,low_volatility_family_sensitivity,lower_tail,q10_minus_middle,market_neutral,True,5,ensemble,3,836.3333333333334,0.0,836.3333333333334,1.0,0,self_financing_spread_return,4181,0.05430658981531411,0.11506885984966439,0.5171610621085715,-0.19341746217234446,0.56,0.8823529411764706,0.053670785199347204,1.824380367146034,0.06809458800562966,0.039283556080733174,-0.00039374732441631484,0.16005433171489616,2.000280679702696,0.6157057943379813,12.123317156965237,0.0,14,0.022603106459513262,,,,209.97576337399346,56.0,0.04442950557346533
low_volatility|180d|q10_minus_middle|beta_neutral|r5|ensemble,low_volatility|180d,low_volatility,180d,63,low_volatility_family_sensitivity,lower_tail,q10_minus_middle,market_neutral,True,5,ensemble,3,836.3333333333334,0.0,836.3333333333334,1.0,5,self_financing_spread_return,4181,0.04793489876038337,0.11506526261315467,0.4644848335964311,-0.1952558321728981,0.56,0.8823529411764706,0.0476251275397064,1.6181209616822965,0.10563653190463031,0.03916643402912551,-0.00039374732441631484,0.16005433171489616,2.000280679702696,0.6157057943379813,12.123317156965237,0.006061658578482619,14,0.022603106459513262,,,,209.97576337399346,56.0,0.04442950557346533
low_volatility|180d|q10_minus_middle|beta_neutral|r5|ensemble,low_volatility|180d,low_volatility,180d,63,low_volatility_family_sensitivity,lower_tail,q10_minus_middle,market_neutral,True,5,ensemble,3,836.3333333333334,0.0,836.3333333333334,1.0,10,self_financing_spread_return,4181,0.04160136711179585,0.11506329981005974,0.4117994618435611,-0.19709039059316913,0.555,0.7647058823529411,0.04157946988006565,1.412028777474721,0.15794148797356733,0.03904931197751792,-0.00039374732441631484,0.16005433171489616,2.000280679702696,0.6157057943379813,12.123317156965237,0.012123317156965237,14,0.022603106459513262,,,,209.97576337399346,56.0,0.04442950557346533
low_volatility|180d|q10_minus_middle|beta_neutral|r5|ensemble,low_volatility|180d,low_volatility,180d,63,low_volatility_family_sensitivity,lower_tail,q10_minus_middle,market_neutral,True,5,ensemble,3,836.3333333333334,0.0,836.3333333333334,1.0,25,self_financing_spread_return,4181,0.02282747050180811,0.11506721848942594,0.25371093582823473,-0.23961722782995898,0.545,0.6470588235294118,0.023442496901142532,0.7948629523868447,0.4266932268179473,0.03869794582269484,-0.00039374732441631484,0.16005433171489616,2.000280679702696,0.6157057943379813,12.123317156965237,0.030308292892413095,14,0.022603106459513262,,,,209.97576337399346,56.0,0.04442950557346533
low_volatility|180d|q10_minus_middle|beta_neutral|r21|ensemble,low_volatility|180d,low_volatility,180d,63,low_volatility_family_sensitivity,lower_tail,q10_minus_middle,market_neutral,True,21,ensemble,3,199.33333333333334,0.0,199.33333333333334,1.0,0,self_financing_spread_return,4181,0.044238198553007146,0.11914068724615279,0.4229953927441119,-0.2673420019191626,0.565,0.8235294117647058,0.03791796857770455,1.2149066095086007,0.22440171263351327,0.08395866397419344,-0.0014759705867539784,0.41497142053665215,2.0006395085839768,0.6147891584929088,6.745691984453096,0.0,8,0.028358037922194986,,,,209.4381726859603,56.0,0.04620574717907202
low_volatility|180d|q10_minus_middle|beta_neutral|r21|ensemble,low_volatility|180d,low_volatility,180d,63,low_volatility_family_sensitivity,lower_tail,q10_minus_middle,market_neutral,True,21,ensemble,3,199.33333333333334,0.0,199.33333333333334,1.0,5,self_financing_spread_return,4181,0.040721875307177635,0.11914296376958822,0.3946746862213223,-0.27079051077279614,0.555,0.8235294117647058,0.03456900829578514,1.1073920842072966,0.26812444683614367,0.08379522998012105,-0.0014759705867539784,0.41497142053665215,2.0006395085839768,0.6147891584929088,6.745691984453096,0.003372845992226548,8,0.028358037922194986,,,,209.4381726859603,56.0,0.04620574717907202
low_volatility|180d|q10_minus_middle|beta_neutral|r21|ensemble,low_volatility|180d,low_volatility,180d,63,low_volatility_family_sensitivity,lower_tail,q10_minus_middle,market_neutral,True,21,ensemble,3,199.33333333333334,0.0,199.33333333333334,1.0,10,self_financing_spread_return,4181,0.03721699080245999,0.11914811350835922,0.36634622742834366,-0.2742235750210035,0.55,0.8235294117647058,0.031220048013865805,0.9999000571136036,0.31735887678512187,0.08363179598604871,-0.0014759705867539784,0.41497142053665215,2.0006395085839768,0.6147891584929088,6.745691984453096,0.006745691984453096,8,0.028358037922194986,,,,209.4381726859603,56.0,0.04620574717907202
low_volatility|180d|q10_minus_middle|beta_neutral|r21|ensemble,low_volatility|180d,low_volatility,180d,63,low_volatility_family_sensitivity,lower_tail,q10_minus_middle,market_neutral,True,21,ensemble,3,199.33333333333334,0.0,199.33333333333334,1.0,25,self_financing_spread_return,4181,0.026770610902970615,0.11918079725316863,0.2813348526358568,-0.2844307568452553,0.545,0.7647058823529411,0.02117316716810787,0.6776193270011669,0.4980130886539904,0.08314149400383157,-0.0014759705867539784,0.41497142053665215,2.0006395085839768,0.6147891584929088,6.745691984453096,0.016864229961132737,8,0.028358037922194986,,,,209.4381726859603,56.0,0.04620574717907202
low_volatility|180d|q10_minus_middle|beta_neutral|r63|ensemble,low_volatility|180d,low_volatility,180d,63,low_volatility_family_sensitivity,lower_tail,q10_minus_middle,market_neutral,True,63,ensemble,3,66.33333333333333,0.0,66.33333333333333,1.0,0,self_financing_spread_return,4181,0.0463989257354005,0.12767338638105702,0.4192796177377104,-0.31925510285308545,0.56,0.8235294117647058,0.030471279385922877,0.9181189449220186,0.35855659755167657,0.15515721099306487,-0.004079982390217404,0.6947250241495534,2.0054551324034575,0.6122187510700177,4.283611574461955,0.0,2,0.009907598382000029,,,,208.0232799170852,56.0,0.047318833045355245
low_volatility|180d|q10_minus_middle|beta_neutral|r63|ensemble,low_volatility|180d,low_volatility,180d,63,low_volatility_family_sensitivity,lower_tail,q10_minus_middle,market_neutral,True,63,ensemble,3,66.33333333333333,0.0,66.33333333333333,1.0,5,self_financing_spread_return,4181,0.04415991726810442,0.12767476010860113,0.40249663844201117,-0.31933430322005096,0.56,0.8235294117647058,0.028338858333156927,0.8538286847317398,0.3931999183929822,0.15509150124685514,-0.004079982390217404,0.6947250241495534,2.0054551324034575,0.6122187510700177,4.283611574461955,0.0021418057872309776,2,0.009907598382000029,,,,208.0232799170852,56.0,0.047318833045355245
low_volatility|180d|q10_minus_middle|beta_neutral|r63|ensemble,low_volatility|180d,low_volatility,180d,63,low_volatility_family_sensitivity,lower_tail,q10_minus_middle,market_neutral,True,63,ensemble,3,66.33333333333333,0.0,66.33333333333333,1.0,10,self_financing_spread_return,4181,0.041925253347398606,0.12767934651222534,0.3857043149367956,-0.3194135035870159,0.555,0.8235294117647058,0.026206437280390914,0.7895211642456232,0.42980746491520205,0.15502579150064558,-0.004079982390217404,0.6947250241495534,2.0054551324034575,0.6122187510700177,4.283611574461955,0.004283611574461955,2,0.009907598382000029,,,,208.0232799170852,56.0,0.047318833045355245
low_volatility|180d|q10_minus_middle|beta_neutral|r63|ensemble,low_volatility|180d,low_volatility,180d,63,low_volatility_family_sensitivity,lower_tail,q10_minus_middle,market_neutral,True,63,ensemble,3,66.33333333333333,0.0,66.33333333333333,1.0,25,self_financing_spread_return,4181,0.03524725298399667,0.12771237710612302,0.3352839811595924,-0.3196511046879117,0.545,0.7647058823529411,0.01980917412209293,0.5965516671635824,0.5508067486832626,0.15482866226201658,-0.004079982390217404,0.6947250241495534,2.0054551324034575,0.6122187510700177,4.283611574461955,0.010709028936154887,2,0.009907598382000029,,,,208.0232799170852,56.0,0.047318833045355245
low_volatility|180d|q10_minus_q1|unconstrained_beta|r1|ensemble,low_volatility|180d,low_volatility,180d,63,low_volatility_family_sensitivity,lower_tail,q10_minus_q1,market_neutral,False,1,ensemble,1,4181.0,0.0,0.0,,0,self_financing_spread_return,4181,-0.11644016110974886,0.2784933439809337,-0.3041953872752743,-0.892527919244177,0.44,0.35294117647058826,0.06084635153452449,1.2187354436343234,0.22294462075303823,-0.9794245873403706,-0.9617266515954184,1.7856542185164344,2.0,4.312536668094459e-18,27.570507041463078,0.0,0,0.0,,,,83.90050227218369,67.0,0.030303030303030304
low_volatility|180d|q10_minus_q1|unconstrained_beta|r1|ensemble,low_volatility|180d,low_volatility,180d,63,low_volatility_family_sensitivity,lower_tail,q10_minus_q1,market_neutral,False,1,ensemble,1,4181.0,0.0,0.0,,5,self_financing_spread_return,4181,-0.1285372024113457,0.27848541125831544,-0.3536733858290999,-0.9082900615757452,0.43,0.29411764705882354,0.0470609476733038,0.9420113118467588,0.34618684852314907,-0.9793645944529886,-0.9617266515954184,1.7856542185164344,2.0,4.312536668094459e-18,27.570507041463078,0.013785253520731539,0,0.0,,,,83.90050227218369,67.0,0.030303030303030304
low_volatility|180d|q10_minus_q1|unconstrained_beta|r1|ensemble,low_volatility|180d,low_volatility,180d,63,low_volatility_family_sensitivity,lower_tail,q10_minus_q1,market_neutral,False,1,ensemble,1,4181.0,0.0,0.0,,10,self_financing_spread_return,4181,-0.14046963291539583,0.27847899470535364,-0.40315200828843983,-0.9250759566552326,0.41,0.29411764705882354,0.03327554381208321,0.6656260875247638,0.5056501274899972,-0.9793046015656065,-0.9617266515954184,1.7856542185164344,2.0,4.312536668094459e-18,27.570507041463078,0.027570507041463077,0,0.0,,,,83.90050227218369,67.0,0.030303030303030304
low_volatility|180d|q10_minus_q1|unconstrained_beta|r1|ensemble,low_volatility|180d,low_volatility,180d,63,low_volatility_family_sensitivity,lower_tail,q10_minus_q1,market_neutral,False,1,ensemble,1,4181.0,0.0,0.0,,25,self_financing_spread_return,4181,-0.17530137388100164,0.27846884298866137,-0.5515835357619402,-0.9608928177693175,0.405,0.23529411764705882,-0.00808066777157814,-0.16129357954613538,0.871862179833832,-0.9791246229034579,-0.9617266515954184,1.7856542185164344,2.0,4.312536668094459e-18,27.570507041463078,0.06892626760365769,0,0.0,,,,83.90050227218369,67.0,0.030303030303030304
low_volatility|180d|q10_minus_q1|unconstrained_beta|r5|ensemble,low_volatility|180d,low_volatility,180d,63,low_volatility_family_sensitivity,lower_tail,q10_minus_q1,market_neutral,False,5,ensemble,3,836.3333333333334,0.0,0.0,,0,self_financing_spread_return,4181,-0.12543409599772026,0.2779658189847508,-0.34173275436646655,-0.9116134565658054,0.445,0.35294117647058826,0.04813685121906463,0.9316911640925349,0.3514961541559216,-0.9630347679649183,-0.9664752530907428,1.9749102878969405,2.0053214037618092,-0.0009925049980749852,14.317132390065838,0.0,2,0.015710127233200144,,,,83.82173323766244,22.333333333333332,0.052331297610929
low_volatility|180d|q10_minus_q1|unconstrained_beta|r5|ensemble,low_volatility|180d,low_volatility,180d,63,low_volatility_family_sensitivity,lower_tail,q10_minus_q1,market_neutral,False,5,ensemble,3,836.3333333333334,0.0,0.0,,5,self_financing_spread_return,4181,-0.13167257863185644,0.27796867107642703,-0.36745817802226216,-0.9204853679056612,0.445,0.29411764705882354,0.04099875371477816,0.793222787029345,0.42764803351635683,-0.9631272111962738,-0.9664752530907428,1.9749102878969405,2.0053214037618092,-0.0009925049980749852,14.317132390065838,0.007158566195032919,2,0.015710127233200144,,,,83.82173323766244,22.333333333333332,0.052331297610929
low_volatility|180d|q10_minus_q1|unconstrained_beta|r5|ensemble,low_volatility|180d,low_volatility,180d,63,low_volatility_family_sensitivity,lower_tail,q10_minus_q1,market_neutral,False,5,ensemble,3,836.3333333333334,0.0,0.0,,10,self_financing_spread_return,4181,-0.13786695779804092,0.27797244848518,-0.3931817649419476,-0.9284672297464415,0.44,0.29411764705882354,0.033860656210491266,0.6548578906416612,0.5125592541144202,-0.9632196544276296,-0.9664752530907428,1.9749102878969405,2.0053214037618092,-0.0009925049980749852,14.317132390065838,0.014317132390065839,2,0.015710127233200144,,,,83.82173323766244,22.333333333333332,0.052331297610929
low_volatility|180d|q10_minus_q1|unconstrained_beta|r5|ensemble,low_volatility|180d,low_volatility,180d,63,low_volatility_family_sensitivity,lower_tail,q10_minus_q1,market_neutral,False,5,ensemble,3,836.3333333333334,0.0,0.0,,25,self_financing_spread_return,4181,-0.1561885540163146,0.2779893321904938,-0.4703389382219645,-0.9479211327109487,0.435,0.29411764705882354,0.012446363697631293,0.24041269633967252,0.8100103365408154,-0.963496984121696,-0.9664752530907428,1.9749102878969405,2.0053214037618092,-0.0009925049980749852,14.317132390065838,0.03579283097516459,2,0.015710127233200144,,,,83.82173323766244,22.333333333333332,0.052331297610929
low_volatility|180d|q10_minus_q1|unconstrained_beta|r21|ensemble,low_volatility|180d,low_volatility,180d,63,low_volatility_family_sensitivity,lower_tail,q10_minus_q1,market_neutral,False,21,ensemble,3,199.33333333333334,0.0,0.0,,0,self_financing_spread_return,4181,-0.12089912303805761,0.27340058902496805,-0.33349474696523024,-0.9061206745523347,0.45,0.29411764705882354,0.04157330834483695,0.7827114246333591,0.43379659178915253,-0.8932200693131384,-0.9773976778043618,2.196371657907599,2.016937071527622,-0.0022722308393803904,7.874218263500684,0.0,2,0.023006530869602044,,,,83.50896914613729,22.333333333333332,0.058451773385730856
low_volatility|180d|q10_minus_q1|unconstrained_beta|r21|ensemble,low_volatility|180d,low_volatility,180d,63,low_volatility_family_sensitivity,lower_tail,q10_minus_q1,market_neutral,False,21,ensemble,3,199.33333333333334,0.0,0.0,,5,self_financing_spread_return,4181,-0.1243536591905291,0.273411807812256,-0.34785842532913636,-0.9114149077286327,0.445,0.29411764705882354,0.03765824783566115,0.7088337053043259,0.4784276788774351,-0.8933269196277647,-0.9773976778043618,2.196371657907599,2.016937071527622,-0.0022722308393803904,7.874218263500684,0.003937109131750342,2,0.023006530869602044,,,,83.50896914613729,22.333333333333332,0.058451773385730856
low_volatility|180d|q10_minus_q1|unconstrained_beta|r21|ensemble,low_volatility|180d,low_volatility,180d,63,low_volatility_family_sensitivity,lower_tail,q10_minus_q1,market_neutral,False,21,ensemble,3,199.33333333333334,0.0,0.0,,10,self_financing_spread_return,4181,-0.12779506770325877,0.2734246621967685,-0.3622187582173101,-0.9164112092668949,0.445,0.29411764705882354,0.033743187326485444,0.6349853222756754,0.5254379878561772,-0.8934337699423919,-0.9773976778043618,2.196371657907599,2.016937071527622,-0.0022722308393803904,7.874218263500684,0.007874218263500684,2,0.023006530869602044,,,,83.50896914613729,22.333333333333332,0.058451773385730856
low_volatility|180d|q10_minus_q1|unconstrained_beta|r21|ensemble,low_volatility|180d,low_volatility,180d,63,low_volatility_family_sensitivity,lower_tail,q10_minus_q1,market_neutral,False,21,ensemble,3,199.33333333333334,0.0,0.0,,25,self_financing_spread_return,4181,-0.13804100880256653,0.2734730364805206,-0.40527711637709024,-0.9297751941981577,0.445,0.29411764705882354,0.021998005798958498,0.41363564967068767,0.6791409608870824,-0.8937543208862726,-0.9773976778043618,2.196371657907599,2.016937071527622,-0.0022722308393803904,7.874218263500684,0.019685545658751708,2,0.023006530869602044,,,,83.50896914613729,22.333333333333332,0.058451773385730856
low_volatility|180d|q10_minus_q1|unconstrained_beta|r63|ensemble,low_volatility|180d,low_volatility,180d,63,low_volatility_family_sensitivity,lower_tail,q10_minus_q1,market_neutral,False,63,ensemble,3,66.33333333333333,0.0,0.0,,0,self_financing_spread_return,4181,-0.11535665141916052,0.28686880573969226,-0.28347656548524197,-0.9028691613711007,0.45,0.29411764705882354,0.043366479560678114,0.7303753387976413,0.4651607883863771,-0.8389617683911016,-1.0285525018815904,4.0954598493588845,2.0736619497302136,-0.014753899947606692,5.14674417962421,0.0,2,0.021382933612371185,,,,82.76520768556168,22.333333333333332,0.12834827487210287
low_volatility|180d|q10_minus_q1|unconstrained_beta|r63|ensemble,low_volatility|180d,low_volatility,180d,63,low_volatility_family_sensitivity,lower_tail,q10_minus_q1,market_neutral,False,63,ensemble,3,66.33333333333333,0.0,0.0,,5,self_financing_spread_return,4181,-0.11763050958909482,0.286875556927718,-0.2924288274555518,-0.9064580775642821,0.45,0.29411764705882354,0.04080509085340038,0.6871752646780861,0.49197228965872164,-0.83902037554572,-1.0285525018815904,4.0954598493588845,2.0736619497302136,-0.014753899947606692,5.14674417962421,0.002573372089812105,2,0.021382933612371185,,,,82.76520768556168,22.333333333333332,0.12834827487210287
low_volatility|180d|q10_minus_q1|unconstrained_beta|r63|ensemble,low_volatility|180d,low_volatility,180d,63,low_volatility_family_sensitivity,lower_tail,q10_minus_q1,market_neutral,False,63,ensemble,3,66.33333333333333,0.0,0.0,,10,self_financing_spread_return,4181,-0.11989905857009886,0.2868843222764438,-0.3013785521427227,-0.9099151899162101,0.45,0.29411764705882354,0.03824370214612262,0.6439744723157491,0.5195919877388073,-0.839078982700339,-1.0285525018815904,4.0954598493588845,2.0736619497302136,-0.014753899947606692,5.14674417962421,0.00514674417962421,2,0.021382933612371185,,,,82.76520768556168,22.333333333333332,0.12834827487210287
low_volatility|180d|q10_minus_q1|unconstrained_beta|r63|ensemble,low_volatility|180d,low_volatility,180d,63,low_volatility_family_sensitivity,lower_tail,q10_minus_q1,market_neutral,False,63,ensemble,3,66.33333333333333,0.0,0.0,,25,self_financing_spread_return,4181,-0.12667296226295321,0.2869227012287846,-0.32821062294161607,-0.9195429481959236,0.445,0.29411764705882354,0.030559536024289357,0.5143847670811327,0.6069830072025996,-0.8392548041641955,-1.0285525018815904,4.0954598493588845,2.0736619497302136,-0.014753899947606692,5.14674417962421,0.012866860449060524,2,0.021382933612371185,,,,82.76520768556168,22.333333333333332,0.12834827487210287
low_volatility|180d|q10_minus_q1|beta_neutral|r1|ensemble,low_volatility|180d,low_volatility,180d,63,low_volatility_family_sensitivity,lower_tail,q10_minus_q1,market_neutral,True,1,ensemble,1,4181.0,0.0,4181.0,1.0,0,self_financing_spread_return,4181,0.06621120139621595,0.18805055209561042,0.43500368069514167,-0.3592365211513897,0.58,0.7647058823529411,0.07910778669614596,1.7479716058677266,0.08046894424853064,0.018132710290579498,2.924208136390825e-18,5.967448757360216e-16,2.0,0.9477165570869198,24.60721203004502,0.0,0,0.0,,,,83.90050227218369,67.0,0.05066038069110967
low_volatility|180d|q10_minus_q1|beta_neutral|r1|ensemble,low_volatility|180d,low_volatility,180d,63,low_volatility_family_sensitivity,lower_tail,q10_minus_q1,market_neutral,True,1,ensemble,1,4181.0,0.0,4181.0,1.0,5,self_financing_spread_return,4181,0.05317279572513134,0.18803774706340998,0.36958300211167744,-0.36842912149021734,0.57,0.7647058823529411,0.06680602387562432,1.475228020993865,0.14015125042017446,0.018096615528848645,2.924208136390825e-18,5.967448757360216e-16,2.0,0.9477165570869198,24.60721203004502,0.01230360601502251,0,0.0,,,,83.90050227218369,67.0,0.05066038069110967
low_volatility|180d|q10_minus_q1|beta_neutral|r1|ensemble,low_volatility|180d,low_volatility,180d,63,low_volatility_family_sensitivity,lower_tail,q10_minus_q1,market_neutral,True,1,ensemble,1,4181.0,0.0,4181.0,1.0,10,self_financing_spread_return,4181,0.04029277794887953,0.18802715812812754,0.3041498280940281,-0.3811243804672869,0.555,0.7647058823529411,0.05450426105510262,1.2027893581561624,0.22905784395284934,0.018060520767118077,2.924208136390825e-18,5.967448757360216e-16,2.0,0.9477165570869198,24.60721203004502,0.02460721203004502,0,0.0,,,,83.90050227218369,67.0,0.05066038069110967
low_volatility|180d|q10_minus_q1|beta_neutral|r1|ensemble,low_volatility|180d,low_volatility,180d,63,low_volatility_family_sensitivity,lower_tail,q10_minus_q1,market_neutral,True,1,ensemble,1,4181.0,0.0,4181.0,1.0,25,self_financing_spread_return,4181,0.002584051867698278,0.18800869125638264,0.10779845304621331,-0.516062038558634,0.54,0.4117647058823529,0.017598972593538365,0.3875403726917537,0.6983562023275562,0.017952236481926172,2.924208136390825e-18,5.967448757360216e-16,2.0,0.9477165570869198,24.60721203004502,0.06151803007511255,0,0.0,,,,83.90050227218369,67.0,0.05066038069110967
low_volatility|180d|q10_minus_q1|beta_neutral|r5|ensemble,low_volatility|180d,low_volatility,180d,63,low_volatility_family_sensitivity,lower_tail,q10_minus_q1,market_neutral,True,5,ensemble,3,836.3333333333334,0.0,836.3333333333334,1.0,0,self_financing_spread_return,4181,0.05697866288871323,0.1886328785301731,0.3881784505896856,-0.3817467054676099,0.575,0.7647058823529411,0.06804020268524394,1.4680333995436445,0.14209515071071147,0.03487412416080221,-0.0010274942723006407,0.30047227340210864,2.0005729828831265,0.947581331885961,12.88344890914054,0.0,2,0.02147787500250339,,,,83.82173323766244,22.333333333333332,0.05296089997737247
low_volatility|180d|q10_minus_q1|beta_neutral|r5|ensemble,low_volatility|180d,low_volatility,180d,63,low_volatility_family_sensitivity,lower_tail,q10_minus_q1,market_neutral,True,5,ensemble,3,836.3333333333334,0.0,836.3333333333334,1.0,5,self_financing_spread_return,4181,0.05019158170709814,0.18862529899302335,0.3540337697382,-0.3875116323685739,0.575,0.7647058823529411,0.06161651065476048,1.328984254747536,0.18385316457018164,0.03474089359050031,-0.0010274942723006407,0.30047227340210864,2.0005729828831265,0.947581331885961,12.88344890914054,0.00644172445457027,2,0.02147787500250339,,,,83.82173323766244,22.333333333333332,0.05296089997737247
low_volatility|180d|q10_minus_q1|beta_neutral|r5|ensemble,low_volatility|180d,low_volatility,180d,63,low_volatility_family_sensitivity,lower_tail,q10_minus_q1,market_neutral,True,5,ensemble,3,836.3333333333334,0.0,836.3333333333334,1.0,10,self_financing_spread_return,4181,0.04344768637289498,0.18861885830928743,0.3198844132750441,-0.39322346617823833,0.56,0.7647058823529411,0.055192818624276635,1.1900198918853364,0.2340385738122932,0.03460766302019856,-0.0010274942723006407,0.30047227340210864,2.0005729828831265,0.947581331885961,12.88344890914054,0.01288344890914054,2,0.02147787500250339,,,,83.82173323766244,22.333333333333332,0.05296089997737247
low_volatility|180d|q10_minus_q1|beta_neutral|r5|ensemble,low_volatility|180d,low_volatility,180d,63,low_volatility_family_sensitivity,lower_tail,q10_minus_q1,market_neutral,True,5,ensemble,3,836.3333333333334,0.0,836.3333333333334,1.0,25,self_financing_spread_return,4181,0.023472400915247604,0.1886063704421271,0.21741447112253678,-0.4587251995562802,0.545,0.7058823529411765,0.03592174253282689,0.7736685538622226,0.43912682057249397,0.03420797130929266,-0.0010274942723006407,0.30047227340210864,2.0005729828831265,0.947581331885961,12.88344890914054,0.03220862227285135,2,0.02147787500250339,,,,83.82173323766244,22.333333333333332,0.05296089997737247
low_volatility|180d|q10_minus_q1|beta_neutral|r21|ensemble,low_volatility|180d,low_volatility,180d,63,low_volatility_family_sensitivity,lower_tail,q10_minus_q1,market_neutral,True,21,ensemble,3,199.33333333333334,0.0,199.33333333333334,1.0,0,self_financing_spread_return,4181,0.04902420484313508,0.1907350061482854,0.34651670084238406,-0.4278824287200176,0.57,0.7647058823529411,0.05155300314485218,1.0841298131100798,0.27830724585023325,0.09783202796549159,-0.002882968691270566,0.6359322749573982,1.9986624246378966,0.9466799817962995,7.122542543058243,0.0,2,0.03134836927639342,,,,83.50896914613729,22.333333333333332,0.053973470680819424
low_volatility|180d|q10_minus_q1|beta_neutral|r21|ensemble,low_volatility|180d,low_volatility,180d,63,low_volatility_family_sensitivity,lower_tail,q10_minus_q1,market_neutral,True,21,ensemble,3,199.33333333333334,0.0,199.33333333333334,1.0,5,self_financing_spread_return,4181,0.045294765537897685,0.1907363902087409,0.32784115506967926,-0.43084022971766744,0.565,0.7647058823529411,0.04801703150872287,1.0096247956638302,0.3126750853246275,0.0976594076361233,-0.002882968691270566,0.6359322749573982,1.9986624246378966,0.9466799817962995,7.122542543058243,0.0035612712715291216,2,0.03134836927639342,,,,83.50896914613729,22.333333333333332,0.053973470680819424
low_volatility|180d|q10_minus_q1|beta_neutral|r21|ensemble,low_volatility|180d,low_volatility,180d,63,low_volatility_family_sensitivity,lower_tail,q10_minus_q1,market_neutral,True,21,ensemble,3,199.33333333333334,0.0,199.33333333333334,1.0,10,self_financing_spread_return,4181,0.04157813873185057,0.19073975306182217,0.30916267294810035,-0.4337834419737632,0.565,0.7647058823529411,0.044481059872593535,0.9351329253712729,0.3497198002409273,0.09748678730675528,-0.002882968691270566,0.6359322749573982,1.9986624246378966,0.9466799817962995,7.122542543058243,0.007122542543058243,2,0.03134836927639342,,,,83.50896914613729,22.333333333333332,0.053973470680819424
low_volatility|180d|q10_minus_q1|beta_neutral|r21|ensemble,low_volatility|180d,low_volatility,180d,63,low_volatility_family_sensitivity,lower_tail,q10_minus_q1,market_neutral,True,21,ensemble,3,199.33333333333334,0.0,199.33333333333334,1.0,25,self_financing_spread_return,4181,0.030504708744163,0.19076171302243014,0.25311542537350284,-0.46655484885011966,0.55,0.7647058823529411,0.03387314496420559,0.7117560667686766,0.47661584220200215,0.09696892631865046,-0.002882968691270566,0.6359322749573982,1.9986624246378966,0.9466799817962995,7.122542543058243,0.017806356357645606,2,0.03134836927639342,,,,83.50896914613729,22.333333333333332,0.053973470680819424
low_volatility|180d|q10_minus_q1|beta_neutral|r63|ensemble,low_volatility|180d,low_volatility,180d,63,low_volatility_family_sensitivity,lower_tail,q10_minus_q1,market_neutral,True,63,ensemble,3,66.33333333333333,0.0,66.33333333333333,1.0,0,self_financing_spread_return,4181,0.0533538947102854,0.20005848390331896,0.36014865804014284,-0.39904233350981877,0.555,0.7058823529411765,0.04351200497118554,0.8736483623916123,0.3823097800829893,0.1920243583610769,-0.0120732520414798,1.0111072678805852,2.0058374666537673,0.9445535205690776,4.541116933519112,0.0,2,0.01959970753660665,,,,82.76520768556168,22.333333333333332,0.05706488120929489
low_volatility|180d|q10_minus_q1|beta_neutral|r63|ensemble,low_volatility|180d,low_volatility,180d,63,low_volatility_family_sensitivity,lower_tail,q10_minus_q1,market_neutral,True,63,ensemble,3,66.33333333333333,0.0,66.33333333333333,1.0,5,self_financing_spread_return,4181,0.05096465523009264,0.20005594294168036,0.3487981515186341,-0.39911810898205025,0.555,0.7058823529411765,0.04125129629165974,0.828216826351606,0.4075477162667177,0.1919507297793945,-0.0120732520414798,1.0111072678805852,2.0058374666537673,0.9445535205690776,4.541116933519112,0.002270558466759556,2,0.01959970753660665,,,,82.76520768556168,22.333333333333332,0.05706488120929489
low_volatility|180d|q10_minus_q1|beta_neutral|r63|ensemble,low_volatility|180d,low_volatility,180d,63,low_volatility_family_sensitivity,lower_tail,q10_minus_q1,market_neutral,True,63,ensemble,3,66.33333333333333,0.0,66.33333333333333,1.0,10,self_financing_spread_return,4181,0.04858033390232097,0.20005568952002958,0.33744349811488983,-0.4007203920839866,0.545,0.6470588235294118,0.038990587612133906,0.7827783999579153,0.4337572539017793,0.19187710119771237,-0.0120732520414798,1.0111072678805852,2.0058374666537673,0.9445535205690776,4.541116933519112,0.004541116933519112,2,0.01959970753660665,,,,82.76520768556168,22.333333333333332,0.05706488120929489
low_volatility|180d|q10_minus_q1|beta_neutral|r63|ensemble,low_volatility|180d,low_volatility,180d,63,low_volatility_family_sensitivity,lower_tail,q10_minus_q1,market_neutral,True,63,ensemble,3,66.33333333333333,0.0,66.33333333333333,1.0,25,self_financing_spread_return,4181,0.04145678759144089,0.20006865418960285,0.30335855313474763,-0.40730383897295197,0.545,0.6470588235294118,0.03220846157355674,0.6464415030262013,0.5179934694804651,0.1916562154526656,-0.0120732520414798,1.0111072678805852,2.0058374666537673,0.9445535205690776,4.541116933519112,0.011352792333797782,2,0.01959970753660665,,,,82.76520768556168,22.333333333333332,0.05706488120929489
low_volatility|20d|continuous_high_minus_low|unconstrained_beta|r1|ensemble,low_volatility|20d,low_volatility,20d,63,low_volatility_family_sensitivity,lower_tail,continuous_high_minus_low,market_neutral,False,1,ensemble,1,4181.0,0.0,0.0,,0,self_financing_spread_return,4181,-0.055797995206255946,0.15979876035159182,-0.2791088390520044,-0.6957369499156245,0.475,0.4117647058823529,0.043515905178182504,1.576130023391206,0.11499584113316688,-0.5928996913848676,-0.4956728549258308,0.9871508967845013,2.0,-1.3700207887288728e-18,66.778091960859,0.0,0,0.0,,,,419.80770150681656,335.0,0.011940191473340744
low_volatility|20d|continuous_high_minus_low|unconstrained_beta|r1|ensemble,low_volatility|20d,low_volatility,20d,63,low_volatility_family_sensitivity,lower_tail,continuous_high_minus_low,market_neutral,False,1,ensemble,1,4181.0,0.0,0.0,,5,self_financing_spread_return,4181,-0.08680585685871645,0.15977888036536533,-0.48807674732538703,-0.7975908485874118,0.45,0.29411764705882354,0.01009653735902171,0.3652828753661779,0.7149002600199577,-0.5926557274605834,-0.4956728549258308,0.9871508967845013,2.0,-1.3700207887288728e-18,66.778091960859,0.0333890459804295,0,0.0,,,,419.80770150681656,335.0,0.011940191473340744
low_volatility|20d|continuous_high_minus_low|unconstrained_beta|r1|ensemble,low_volatility|20d,low_volatility,20d,63,low_volatility_family_sensitivity,lower_tail,continuous_high_minus_low,market_neutral,False,1,ensemble,1,4181.0,0.0,0.0,,10,self_financing_spread_return,4181,-0.11679997765810479,0.15976364590617093,-0.6970763925966142,-0.8803132606977034,0.415,0.23529411764705882,-0.02332283046013845,-0.8427544510343961,0.3993657871473796,-0.5924117635362983,-0.4956728549258308,0.9871508967845013,2.0,-1.3700207887288728e-18,66.778091960859,0.066778091960859,0,0.0,,,,419.80770150681656,335.0,0.011940191473340744
low_volatility|20d|continuous_high_minus_low|unconstrained_beta|r1|ensemble,low_volatility|20d,low_volatility,20d,63,low_volatility_family_sensitivity,lower_tail,continuous_high_minus_low,market_neutral,False,1,ensemble,1,4181.0,0.0,0.0,,25,self_financing_spread_return,4181,-0.20102451709919278,0.15974582695523087,-1.324083384191601,-0.9764948826204687,0.3,0.0,-0.12358093391762001,-4.445950535621524,8.750408268878665e-06,-0.5916798717634465,-0.4956728549258308,0.9871508967845013,2.0,-1.3700207887288728e-18,66.778091960859,0.1669452299021475,0,0.0,,,,419.80770150681656,335.0,0.011940191473340744
low_volatility|20d|continuous_high_minus_low|unconstrained_beta|r5|ensemble,low_volatility|20d,low_volatility,20d,63,low_volatility_family_sensitivity,lower_tail,continuous_high_minus_low,market_neutral,False,5,ensemble,3,836.3333333333334,0.0,0.0,,0,self_financing_spread_return,4181,-0.06106015259327102,0.15905025616248716,-0.31623525053592777,-0.7043014641750621,0.48,0.4117647058823529,0.035971797998278474,1.2789061222843237,0.20093011645781533,-0.5804649741257776,-0.4979045863516491,1.0914286668285174,2.003067923761736,-0.00046435746449166327,37.61362411740977,0.0,22,0.01116779112659152,,,,419.49940205692417,111.66666666666667,0.01643225933575652
low_volatility|20d|continuous_high_minus_low|unconstrained_beta|r5|ensemble,low_volatility|20d,low_volatility,20d,63,low_volatility_family_sensitivity,lower_tail,continuous_high_minus_low,market_neutral,False,5,ensemble,3,836.3333333333334,0.0,0.0,,5,self_financing_spread_return,4181,-0.0785547483981438,0.15906771809138381,-0.4343821699773318,-0.7762261463998825,0.465,0.35294117647058826,0.017187623975215813,0.6108713614710927,0.5412847455936927,-0.5805639437313239,-0.4979045863516491,1.0914286668285174,2.003067923761736,-0.00046435746449166327,37.61362411740977,0.018806812058704884,22,0.01116779112659152,,,,419.49940205692417,111.66666666666667,0.01643225933575652
low_volatility|20d|continuous_high_minus_low|unconstrained_beta|r5|ensemble,low_volatility|20d,low_volatility,20d,63,low_volatility_family_sensitivity,lower_tail,continuous_high_minus_low,market_neutral,False,5,ensemble,3,836.3333333333334,0.0,0.0,,10,self_financing_spread_return,4181,-0.09572562606740764,0.1590919609336962,-0.5524796035862498,-0.832337739522378,0.445,0.23529411764705882,-0.0015965500478465793,-0.056722498581918246,0.9547662515901015,-0.5806629133368707,-0.4979045863516491,1.0914286668285174,2.003067923761736,-0.00046435746449166327,37.61362411740977,0.03761362411740977,22,0.01116779112659152,,,,419.49940205692417,111.66666666666667,0.01643225933575652
low_volatility|20d|continuous_high_minus_low|unconstrained_beta|r5|ensemble,low_volatility|20d,low_volatility,20d,63,low_volatility_family_sensitivity,lower_tail,continuous_high_minus_low,market_neutral,False,5,ensemble,3,836.3333333333334,0.0,0.0,,25,self_financing_spread_return,4181,-0.14535489459916995,0.15920533963220132,-0.9063245786940467,-0.9321071343121352,0.375,0.058823529411764705,-0.05794907211703412,-2.0560107464451476,0.039781480370350036,-0.58095982215351,-0.4979045863516491,1.0914286668285174,2.003067923761736,-0.00046435746449166327,37.61362411740977,0.09403406029352443,22,0.01116779112659152,,,,419.49940205692417,111.66666666666667,0.01643225933575652
low_volatility|20d|continuous_high_minus_low|unconstrained_beta|r21|ensemble,low_volatility|20d,low_volatility,20d,63,low_volatility_family_sensitivity,lower_tail,continuous_high_minus_low,market_neutral,False,21,ensemble,3,199.33333333333334,0.0,0.0,,0,self_financing_spread_return,4181,-0.058300321943180244,0.1534985874647344,-0.31425650477768186,-0.6937537526022383,0.47,0.4117647058823529,0.030802161132113946,1.0603064873504506,0.2890051888469094,-0.5318243328271067,-0.504194237454294,1.225010228639428,2.0103814527182933,-0.001160404972637223,20.14167582307552,0.0,31,0.01576183867474883,,,,418.2929123814079,111.66666666666667,0.019743020206235706
low_volatility|20d|continuous_high_minus_low|unconstrained_beta|r21|ensemble,low_volatility|20d,low_volatility,20d,63,low_volatility_family_sensitivity,lower_tail,continuous_high_minus_low,market_neutral,False,21,ensemble,3,199.33333333333334,0.0,0.0,,5,self_financing_spread_return,4181,-0.06773776820922184,0.15349511714843525,-0.37986657475339497,-0.7364181328113169,0.47,0.4117647058823529,0.02074058969826525,0.7136826668471642,0.4754234268526083,-0.531879260405539,-0.504194237454294,1.225010228639428,2.0103814527182933,-0.001160404972637223,20.14167582307552,0.01007083791153776,31,0.01576183867474883,,,,418.2929123814079,111.66666666666667,0.019743020206235706
low_volatility|20d|continuous_high_minus_low|unconstrained_beta|r21|ensemble,low_volatility|20d,low_volatility,20d,63,low_volatility_family_sensitivity,lower_tail,continuous_high_minus_low,market_neutral,False,21,ensemble,3,199.33333333333334,0.0,0.0,,10,self_financing_spread_return,4181,-0.07708328125295416,0.15350769400127845,-0.44543304259098926,-0.7731486221905376,0.45,0.4117647058823529,0.010679018264416265,0.36726964812845064,0.7134178918114431,-0.5319341879839715,-0.504194237454294,1.225010228639428,2.0103814527182933,-0.001160404972637223,20.14167582307552,0.02014167582307552,31,0.01576183867474883,,,,418.2929123814079,111.66666666666667,0.019743020206235706
low_volatility|20d|continuous_high_minus_low|unconstrained_beta|r21|ensemble,low_volatility|20d,low_volatility,20d,63,low_volatility_family_sensitivity,lower_tail,continuous_high_minus_low,market_neutral,False,21,ensemble,3,199.33333333333334,0.0,0.0,,25,self_financing_spread_return,4181,-0.10457687912605862,0.1536416430260221,-0.6416659030789227,-0.8554208043885071,0.44,0.23529411764705882,-0.01950569603713019,-0.6691777813592316,0.5033820777632853,-0.5320989707192677,-0.504194237454294,1.225010228639428,2.0103814527182933,-0.001160404972637223,20.14167582307552,0.0503541895576888,31,0.01576183867474883,,,,418.2929123814079,111.66666666666667,0.019743020206235706
low_volatility|20d|continuous_high_minus_low|unconstrained_beta|r63|ensemble,low_volatility|20d,low_volatility,20d,63,low_volatility_family_sensitivity,lower_tail,continuous_high_minus_low,market_neutral,False,63,ensemble,3,66.33333333333333,0.0,0.0,,0,self_financing_spread_return,4181,-0.04530700092305939,0.1527412556603221,-0.2270839574122871,-0.6231797083198087,0.475,0.4117647058823529,0.036835613811832674,1.193039490207043,0.23285390752481627,-0.4812298366862578,-0.5304913304461933,1.7461087498925059,2.039822520959305,-0.005579427023027626,6.926943841825553,0.0,45,0.015648577372882295,,,,415.3138005261899,111.66666666666667,0.031632268733630294
low_volatility|20d|continuous_high_minus_low|unconstrained_beta|r63|ensemble,low_volatility|20d,low_volatility,20d,63,low_volatility_family_sensitivity,lower_tail,continuous_high_minus_low,market_neutral,False,63,ensemble,3,66.33333333333333,0.0,0.0,,5,self_financing_spread_return,4181,-0.04860831364683571,0.15274140820005366,-0.24975715822207675,-0.6419482401235385,0.47,0.4117647058823529,0.03337591100097701,1.0809427055705816,0.27972260048044206,-0.4812531742776581,-0.5304913304461933,1.7461087498925059,2.039822520959305,-0.005579427023027626,6.926943841825553,0.0034634719209127767,45,0.015648577372882295,,,,415.3138005261899,111.66666666666667,0.031632268733630294
low_volatility|20d|continuous_high_minus_low|unconstrained_beta|r63|ensemble,low_volatility|20d,low_volatility,20d,63,low_volatility_family_sensitivity,lower_tail,continuous_high_minus_low,market_neutral,False,63,ensemble,3,66.33333333333333,0.0,0.0,,10,self_financing_spread_return,4181,-0.051899167147174796,0.15274785033529328,-0.27241909606556847,-0.6597870629107159,0.46,0.4117647058823529,0.02991620819012139,0.9687766448065015,0.3326566418078153,-0.4812765118690586,-0.5304913304461933,1.7461087498925059,2.039822520959305,-0.005579427023027626,6.926943841825553,0.006926943841825553,45,0.015648577372882295,,,,415.3138005261899,111.66666666666667,0.031632268733630294
low_volatility|20d|continuous_high_minus_low|unconstrained_beta|r63|ensemble,low_volatility|20d,low_volatility,20d,63,low_volatility_family_sensitivity,lower_tail,continuous_high_minus_low,market_neutral,False,63,ensemble,3,66.33333333333333,0.0,0.0,,25,self_financing_spread_return,4181,-0.061709273127377395,0.1528049024758423,-0.34030940270890697,-0.7081721730415291,0.46,0.4117647058823529,0.019537099757554275,0.6321349734887403,0.5272986838024347,-0.4813465246432598,-0.5304913304461933,1.7461087498925059,2.039822520959305,-0.005579427023027626,6.926943841825553,0.017317359604563883,45,0.015648577372882295,,,,415.3138005261899,111.66666666666667,0.031632268733630294
low_volatility|20d|continuous_high_minus_low|beta_neutral|r1|ensemble,low_volatility|20d,low_volatility,20d,63,low_volatility_family_sensitivity,lower_tail,continuous_high_minus_low,market_neutral,True,1,ensemble,1,4181.0,0.0,4181.0,1.0,0,self_financing_spread_return,4181,0.0352505809295407,0.11425145889048534,0.36040970102716113,-0.32579548227694477,0.57,0.7647058823529411,0.04550024787875166,1.6620321271465819,0.09650633298304755,-0.029086893673629387,2.2729607467758774e-18,5.412337245047638e-16,2.0,0.500175578707161,67.84204814990962,0.0,0,0.0,,,,418.93733556565417,335.0,0.017074158495538796
low_volatility|20d|continuous_high_minus_low|beta_neutral|r1|ensemble,low_volatility|20d,low_volatility,20d,63,low_volatility_family_sensitivity,lower_tail,continuous_high_minus_low,market_neutral,True,1,ensemble,1,4181.0,0.0,4181.0,1.0,5,self_financing_spread_return,4181,0.0007200537929930029,0.11426753757245672,0.06348400943481695,-0.4468844539433213,0.54,0.6470588235294118,0.01155201041258521,0.42152588989752116,0.6733711099997612,-0.028918244466067996,2.2729607467758774e-18,5.412337245047638e-16,2.0,0.500175578707161,67.84204814990962,0.03392102407495481,0,0.0,,,,418.93733556565417,335.0,0.017074158495538796
low_volatility|20d|continuous_high_minus_low|beta_neutral|r1|ensemble,low_volatility|20d,low_volatility,20d,63,low_volatility_family_sensitivity,lower_tail,continuous_high_minus_low,market_neutral,True,1,ensemble,1,4181.0,0.0,4181.0,1.0,10,self_financing_spread_return,4181,-0.03266391373665978,0.11429064208310194,-0.23334378727664473,-0.5825031235834986,0.475,0.29411764705882354,-0.022396227053581245,-0.8162552577053354,0.41435415855784796,-0.028749595258506507,2.2729607467758774e-18,5.412337245047638e-16,2.0,0.500175578707161,67.84204814990962,0.06784204814990961,0,0.0,,,,418.93733556565417,335.0,0.017074158495538796
low_volatility|20d|continuous_high_minus_low|beta_neutral|r1|ensemble,low_volatility|20d,low_volatility,20d,63,low_volatility_family_sensitivity,lower_tail,continuous_high_minus_low,market_neutral,True,1,ensemble,1,4181.0,0.0,4181.0,1.0,25,self_financing_spread_return,4181,-0.12630924818084277,0.11440206154703056,-1.1226941862671806,-0.8988755130636991,0.35,0.058823529411764705,-0.12424093945208058,-4.508519517254317,6.528156459495274e-06,-0.02824364763582225,2.2729607467758774e-18,5.412337245047638e-16,2.0,0.500175578707161,67.84204814990962,0.16960512037477404,0,0.0,,,,418.93733556565417,335.0,0.017074158495538796
low_volatility|20d|continuous_high_minus_low|beta_neutral|r5|ensemble,low_volatility|20d,low_volatility,20d,63,low_volatility_family_sensitivity,lower_tail,continuous_high_minus_low,market_neutral,True,5,ensemble,3,836.3333333333334,0.0,836.3333333333334,1.0,0,self_financing_spread_return,4181,0.030808041919828222,0.1140467369813041,0.3231463978906293,-0.3108712252883591,0.57,0.7647058823529411,0.040655123226190595,1.4943671028677954,0.1350796950557326,-0.025577403741409998,-0.0009300912437564607,0.15146581635159673,2.000930736855927,0.5002327620823974,37.91266496896597,0.0,22,0.011850332281590529,,,,418.63150761380854,111.66666666666667,0.017375851872256997
low_volatility|20d|continuous_high_minus_low|beta_neutral|r5|ensemble,low_volatility|20d,low_volatility,20d,63,low_volatility_family_sensitivity,lower_tail,continuous_high_minus_low,market_neutral,True,5,ensemble,3,836.3333333333334,0.0,836.3333333333334,1.0,5,self_financing_spread_return,4181,0.011450462768422653,0.1140583077605678,0.15690671545955048,-0.3878430419670893,0.55,0.7058823529411765,0.021719563048278177,0.7981987438019051,0.42475516630197696,-0.02572353164291591,-0.0009300912437564607,0.15146581635159673,2.000930736855927,0.5002327620823974,37.91266496896597,0.018956332484482984,22,0.011850332281590529,,,,418.63150761380854,111.66666666666667,0.017375851872256997
low_volatility|20d|continuous_high_minus_low|beta_neutral|r5|ensemble,low_volatility|20d,low_volatility,20d,63,low_volatility_family_sensitivity,lower_tail,continuous_high_minus_low,market_neutral,True,5,ensemble,3,836.3333333333334,0.0,836.3333333333334,1.0,10,self_financing_spread_return,4181,-0.007546114144103,0.11407958338983278,-0.009298450537757609,-0.4610982904576326,0.515,0.5294117647058824,0.0027840028703653547,0.10228835545678658,0.9185277978261915,-0.02586965954442174,-0.0009300912437564607,0.15146581635159673,2.000930736855927,0.5002327620823974,37.91266496896597,0.03791266496896597,22,0.011850332281590529,,,,418.63150761380854,111.66666666666667,0.017375851872256997
low_volatility|20d|continuous_high_minus_low|beta_neutral|r5|ensemble,low_volatility|20d,low_volatility,20d,63,low_volatility_family_sensitivity,lower_tail,continuous_high_minus_low,market_neutral,True,5,ensemble,3,836.3333333333334,0.0,836.3333333333334,1.0,25,self_financing_spread_return,4181,-0.062436074197878555,0.114201572766791,-0.5072837035014529,-0.7053274405303176,0.425,0.29411764705882354,-0.054022677663372425,-1.9828706212392233,0.04738188304003219,-0.026308043248939306,-0.0009300912437564607,0.15146581635159673,2.000930736855927,0.5002327620823974,37.91266496896597,0.09478166242241493,22,0.011850332281590529,,,,418.63150761380854,111.66666666666667,0.017375851872256997
low_volatility|20d|continuous_high_minus_low|beta_neutral|r21|ensemble,low_volatility|20d,low_volatility,20d,63,low_volatility_family_sensitivity,lower_tail,continuous_high_minus_low,market_neutral,True,21,ensemble,3,199.33333333333334,0.0,199.33333333333334,1.0,0,self_financing_spread_return,4181,0.025555695993800365,0.11200302743548649,0.2813877307594002,-0.32520441913391407,0.53,0.7058823529411765,0.03155801404035483,1.1525826486674162,0.24908172848320975,-0.0002808244036169472,-0.0036841138577923807,0.29774420695964193,2.0017307213213242,0.5005731104089444,20.045844831053536,0.0,31,0.017031453213243605,,,,417.4577054931037,111.66666666666667,0.01785301437865983
low_volatility|20d|continuous_high_minus_low|beta_neutral|r21|ensemble,low_volatility|20d,low_volatility,20d,63,low_volatility_family_sensitivity,lower_tail,continuous_high_minus_low,market_neutral,True,21,ensemble,3,199.33333333333334,0.0,199.33333333333334,1.0,5,self_financing_spread_return,4181,0.015326527931885936,0.11199276609579516,0.1918887711574155,-0.36992406209656137,0.53,0.5882352941176471,0.021544882830640735,0.7866313493639704,0.43149770210404115,-0.00036824329064879114,-0.0036841138577923807,0.29774420695964193,2.0017307213213242,0.5005731104089444,20.045844831053536,0.010022922415526768,31,0.017031453213243605,,,,417.4577054931037,111.66666666666667,0.01785301437865983
low_volatility|20d|continuous_high_minus_low|beta_neutral|r21|ensemble,low_volatility|20d,low_volatility,20d,63,low_volatility_family_sensitivity,lower_tail,continuous_high_minus_low,market_neutral,True,21,ensemble,3,199.33333333333334,0.0,199.33333333333334,1.0,10,self_financing_spread_return,4181,0.005196527349871305,0.11200436395337343,0.10235342978066564,-0.41169156102734084,0.51,0.5294117647058824,0.01153175162092677,0.42083835766558203,0.6738731200559398,-0.00045566217768071597,-0.0036841138577923807,0.29774420695964193,2.0017307213213242,0.5005731104089444,20.045844831053536,0.020045844831053535,31,0.017031453213243605,,,,417.4577054931037,111.66666666666667,0.01785301437865983
low_volatility|20d|continuous_high_minus_low|beta_neutral|r21|ensemble,low_volatility|20d,low_volatility,20d,63,low_volatility_family_sensitivity,lower_tail,continuous_high_minus_low,market_neutral,True,21,ensemble,3,199.33333333333334,0.0,199.33333333333334,1.0,25,self_financing_spread_return,4181,-0.02460776366847961,0.11217018100846197,-0.16594730812107011,-0.5211597017181895,0.485,0.4117647058823529,-0.018507642008215513,-0.6737854609090563,0.5004477195676251,-0.000717918838776326,-0.0036841138577923807,0.29774420695964193,2.0017307213213242,0.5005731104089444,20.045844831053536,0.05011461207763384,31,0.017031453213243605,,,,417.4577054931037,111.66666666666667,0.01785301437865983
low_volatility|20d|continuous_high_minus_low|beta_neutral|r63|ensemble,low_volatility|20d,low_volatility,20d,63,low_volatility_family_sensitivity,lower_tail,continuous_high_minus_low,market_neutral,True,63,ensemble,3,66.33333333333333,0.0,66.33333333333333,1.0,0,self_financing_spread_return,4181,0.03961895866976106,0.11127234912642686,0.40486308523843745,-0.2963940706487267,0.565,0.7058823529411765,0.03959945345351816,1.45562151670441,0.14549727658640915,0.03667466291307656,-0.011734385204811276,0.40880513438587024,2.009169881624158,0.5039681198793543,6.773355108902444,0.0,45,0.016781343197645137,,,,414.5353583672168,111.66666666666667,0.01840747582726988
low_volatility|20d|continuous_high_minus_low|beta_neutral|r63|ensemble,low_volatility|20d,low_volatility,20d,63,low_volatility_family_sensitivity,lower_tail,continuous_high_minus_low,market_neutral,True,63,ensemble,3,66.33333333333333,0.0,66.33333333333333,1.0,5,self_financing_spread_return,4181,0.03610355991143943,0.11126736243824267,0.3744306956473741,-0.2993871352888632,0.565,0.6470588235294118,0.036215745789734514,1.3311593966742477,0.18313656839797732,0.03664476811745274,-0.011734385204811276,0.40880513438587024,2.009169881624158,0.5039681198793543,6.773355108902444,0.003386677554451222,45,0.016781343197645137,,,,414.5353583672168,111.66666666666667,0.01840747582726988
low_volatility|20d|continuous_high_minus_low|beta_neutral|r63|ensemble,low_volatility|20d,low_volatility,20d,63,low_volatility_family_sensitivity,lower_tail,continuous_high_minus_low,market_neutral,True,63,ensemble,3,66.33333333333333,0.0,66.33333333333333,1.0,10,self_financing_spread_return,4181,0.03259905154097531,0.11127064507918331,0.3439700133391762,-0.3023683145365672,0.55,0.6470588235294118,0.032832038125950605,1.2065925833710003,0.2275890844053431,0.036614873321828896,-0.011734385204811276,0.40880513438587024,2.009169881624158,0.5039681198793543,6.773355108902444,0.006773355108902444,45,0.016781343197645137,,,,414.5353583672168,111.66666666666667,0.01840747582726988
low_volatility|20d|continuous_high_minus_low|beta_neutral|r63|ensemble,low_volatility|20d,low_volatility,20d,63,low_volatility_family_sensitivity,lower_tail,continuous_high_minus_low,market_neutral,True,63,ensemble,3,66.33333333333333,0.0,66.33333333333333,1.0,25,self_financing_spread_return,4181,0.022150562521245032,0.11133009244857217,0.25248621202545046,-0.3174356342279493,0.535,0.6470588235294118,0.022680915134599446,0.8326364323271244,0.40504980535385005,0.03652518893495724,-0.011734385204811276,0.40880513438587024,2.009169881624158,0.5039681198793543,6.773355108902444,0.01693338777225611,45,0.016781343197645137,,,,414.5353583672168,111.66666666666667,0.01840747582726988
low_volatility|20d|long_q1|unconstrained_beta|r1|ensemble,low_volatility|20d,low_volatility,20d,63,low_volatility_family_sensitivity,lower_tail,long_q1,long_only,False,1,ensemble,1,4181.0,0.0,0.0,,0,return_minus_risk_free,4181,0.1643998957012338,0.29805791456490144,0.6101881910594139,-0.5756466798484892,0.6,0.7647058823529411,-0.014539841037068318,-0.48919232470234425,0.624705542905672,1.4686538593159817,1.3686667544847242,1.8371690323002183,1.0,1.0,43.996063208200354,0.0,0,0.0,,,,41.60679263334131,33.0,0.030303030303030304
low_volatility|20d|long_q1|unconstrained_beta|r1|ensemble,low_volatility|20d,low_volatility,20d,63,low_volatility_family_sensitivity,lower_tail,long_q1,long_only,False,1,ensemble,1,4181.0,0.0,0.0,,5,return_minus_risk_free,4181,0.1390636715699416,0.2980455616723013,0.5363622813749226,-0.5779475624307105,0.58,0.7647058823529411,-0.03654428629955791,-1.2295110491702321,0.21888025773966524,1.4686074749549154,1.3686667544847242,1.8371690323002183,1.0,1.0,43.996063208200354,0.021998031604100177,0,0.0,,,,41.60679263334131,33.0,0.030303030303030304
low_volatility|20d|long_q1|unconstrained_beta|r1|ensemble,low_volatility|20d,low_volatility,20d,63,low_volatility_family_sensitivity,lower_tail,long_q1,long_only,False,1,ensemble,1,4181.0,0.0,0.0,,10,return_minus_risk_free,4181,0.11427600325209042,0.2980350121811304,0.46252749520509046,-0.580236377361145,0.575,0.7647058823529411,-0.05854873156204745,-1.9696869260524166,0.048874262273746874,1.4685610905938518,1.3686667544847242,1.8371690323002183,1.0,1.0,43.996063208200354,0.043996063208200355,0,0.0,,,,41.60679263334131,33.0,0.030303030303030304
low_volatility|20d|long_q1|unconstrained_beta|r1|ensemble,low_volatility|20d,low_volatility,20d,63,low_volatility_family_sensitivity,lower_tail,long_q1,long_only,False,1,ensemble,1,4181.0,0.0,0.0,,25,return_minus_risk_free,4181,0.04308741728597387,0.2980141858676707,0.24098327316895826,-0.616840334732514,0.525,0.5882352941176471,-0.12456206734951741,-4.188019332619554,2.8139955101393695e-05,1.4684219375106558,1.3686667544847242,1.8371690323002183,1.0,1.0,43.996063208200354,0.1099901580205009,0,0.0,,,,41.60679263334131,33.0,0.030303030303030304
low_volatility|20d|long_q1|unconstrained_beta|r5|ensemble,low_volatility|20d,low_volatility,20d,63,low_volatility_family_sensitivity,lower_tail,long_q1,long_only,False,5,ensemble,3,836.3333333333334,0.0,0.0,,0,return_minus_risk_free,4181,0.17737759639787298,0.29516602692686417,0.6506383661378873,-0.5543541173987279,0.6,0.7647058823529411,-0.0032019291410354898,-0.11016012378428651,0.9122823863552983,1.4599632284883388,1.368023509921143,1.8312580623442456,0.9989427884173653,0.9989427884173653,25.625095868390545,0.0,0,0.0,,,,41.55815992984135,11.0,0.04055637919830506
low_volatility|20d|long_q1|unconstrained_beta|r5|ensemble,low_volatility|20d,low_volatility,20d,63,low_volatility_family_sensitivity,lower_tail,long_q1,long_only,False,5,ensemble,3,836.3333333333334,0.0,0.0,,5,return_minus_risk_free,4181,0.16238792348717923,0.2951315315165067,0.6072458856566135,-0.5556715429866524,0.59,0.7647058823529411,-0.016009250697096654,-0.550803774594147,0.5817681963603742,1.4598030939760294,1.368023509921143,1.8312580623442456,0.9989427884173653,0.9989427884173653,25.625095868390545,0.012812547934195272,0,0.0,,,,41.55815992984135,11.0,0.04055637919830506
low_volatility|20d|long_q1|unconstrained_beta|r5|ensemble,low_volatility|20d,low_volatility,20d,63,low_volatility_family_sensitivity,lower_tail,long_q1,long_only,False,5,ensemble,3,836.3333333333334,0.0,0.0,,10,return_minus_risk_free,4181,0.1475877185530945,0.295098881429098,0.5638397664138105,-0.5569852483160314,0.59,0.7647058823529411,-0.028816572253158406,-0.9914497038863986,0.321466040228065,1.4596429594637186,1.368023509921143,1.8312580623442456,0.9989427884173653,0.9989427884173653,25.625095868390545,0.025625095868390544,0,0.0,,,,41.55815992984135,11.0,0.04055637919830506
low_volatility|20d|long_q1|unconstrained_beta|r5|ensemble,low_volatility|20d,low_volatility,20d,63,low_volatility_family_sensitivity,lower_tail,long_q1,long_only,False,5,ensemble,3,836.3333333333334,0.0,0.0,,25,return_minus_risk_free,4181,0.10430028393845703,0.29501200905828984,0.43354767033902,-0.5609041428117638,0.565,0.7647058823529411,-0.06723853692134253,-2.3130743396661546,0.02071855225742323,1.459162555926789,1.368023509921143,1.8312580623442456,0.9989427884173653,0.9989427884173653,25.625095868390545,0.06406273967097637,0,0.0,,,,41.55815992984135,11.0,0.04055637919830506
low_volatility|20d|long_q1|unconstrained_beta|r21|ensemble,low_volatility|20d,low_volatility,20d,63,low_volatility_family_sensitivity,lower_tail,long_q1,long_only,False,21,ensemble,3,199.33333333333334,0.0,0.0,,0,return_minus_risk_free,4181,0.1670798149068089,0.2871302179669338,0.6299760850519552,-0.48191588382650863,0.6,0.7058823529411765,-0.010191466411951055,-0.3648733621178274,0.7152059394321484,1.4287865636549717,1.3650779821122057,1.8046141488455338,0.994966223398143,0.994966223398143,14.555710525906836,0.0,2,0.01663761414542066,,,,41.36897074065215,11.0,0.04656851979431729
low_volatility|20d|long_q1|unconstrained_beta|r21|ensemble,low_volatility|20d,low_volatility,20d,63,low_volatility_family_sensitivity,lower_tail,long_q1,long_only,False,21,ensemble,3,199.33333333333334,0.0,0.0,,5,return_minus_risk_free,4181,0.15861594329305384,0.28711919508830214,0.6046289561993364,-0.48262541844270446,0.6,0.7058823529411765,-0.017463213814751893,-0.6253080178526494,0.5317689186845556,1.4286907376890052,1.3650779821122057,1.8046141488455338,0.994966223398143,0.994966223398143,14.555710525906836,0.0072778552629534175,2,0.01663761414542066,,,,41.36897074065215,11.0,0.04656851979431729
low_volatility|20d|long_q1|unconstrained_beta|r21|ensemble,low_volatility|20d,low_volatility,20d,63,low_volatility_family_sensitivity,lower_tail,long_q1,long_only,False,21,ensemble,3,199.33333333333334,0.0,0.0,,10,return_minus_risk_free,4181,0.15021173077338035,0.2871126650027412,0.5792708284678277,-0.4833341453558674,0.6,0.7058823529411765,-0.024734961217552625,-0.8857455538669065,0.3757546548919748,1.4285949117230392,1.3650779821122057,1.8046141488455338,0.994966223398143,0.994966223398143,14.555710525906836,0.014555710525906835,2,0.01663761414542066,,,,41.36897074065215,11.0,0.04656851979431729
low_volatility|20d|long_q1|unconstrained_beta|r21|ensemble,low_volatility|20d,low_volatility,20d,63,low_volatility_family_sensitivity,lower_tail,long_q1,long_only,False,21,ensemble,3,199.33333333333334,0.0,0.0,,25,return_minus_risk_free,4181,0.1253529774034161,0.2871200335153905,0.5031423501800527,-0.48545548721201215,0.59,0.7058823529411765,-0.04655020342595513,-1.6664201323601389,0.09562976367826359,1.428307433825141,1.3650779821122057,1.8046141488455338,0.994966223398143,0.994966223398143,14.555710525906836,0.03638927631476709,2,0.01663761414542066,,,,41.36897074065215,11.0,0.04656851979431729
low_volatility|20d|long_q1|unconstrained_beta|r63|ensemble,low_volatility|20d,low_volatility,20d,63,low_volatility_family_sensitivity,lower_tail,long_q1,long_only,False,63,ensemble,3,66.33333333333333,0.0,0.0,,0,return_minus_risk_free,4181,0.16660620486704003,0.2754311879692893,0.6434897700276642,-0.47146617992001094,0.58,0.7647058823529411,-0.005966755635906659,-0.21773901864954,0.8276324604905919,1.369917680210556,1.3703619070874782,1.7214223960889363,0.9850083292757155,0.9850083292757155,4.813099767474696,0.0,2,0.014833182491202605,,,,40.89492147014271,11.0,0.051504196039125795
low_volatility|20d|long_q1|unconstrained_beta|r63|ensemble,low_volatility|20d,low_volatility,20d,63,low_volatility_family_sensitivity,lower_tail,long_q1,long_only,False,63,ensemble,3,66.33333333333333,0.0,0.0,,5,return_minus_risk_free,4181,0.16380180535656508,0.27543269370529067,0.6347455093303596,-0.47156428063722555,0.58,0.7647058823529411,-0.008372230588684979,-0.3055057743950345,0.759980972732633,1.3699026424990266,1.3703619070874782,1.7214223960889363,0.9850083292757155,0.9850083292757155,4.813099767474696,0.002406549883737348,2,0.014833182491202605,,,,40.89492147014271,11.0,0.051504196039125795
low_volatility|20d|long_q1|unconstrained_beta|r63|ensemble,low_volatility|20d,low_volatility,20d,63,low_volatility_family_sensitivity,lower_tail,long_q1,long_only,False,63,ensemble,3,66.33333333333333,0.0,0.0,,10,return_minus_risk_free,4181,0.1610035905881151,0.275435857877747,0.625997575435123,-0.4716623813544404,0.58,0.7647058823529411,-0.010777705541463269,-0.39324566019823626,0.6941380486222408,1.3698876047874968,1.3703619070874782,1.7214223960889363,0.9850083292757155,0.9850083292757155,4.813099767474696,0.004813099767474696,2,0.014833182491202605,,,,40.89492147014271,11.0,0.051504196039125795
low_volatility|20d|long_q1|unconstrained_beta|r63|ensemble,low_volatility|20d,low_volatility,20d,63,low_volatility_family_sensitivity,lower_tail,long_q1,long_only,False,63,ensemble,3,66.33333333333333,0.0,0.0,,25,return_minus_risk_free,4181,0.15264593066027365,0.2754553002925543,0.599733318124542,-0.47195668350608366,0.58,0.7647058823529411,-0.017994130399798275,-0.6561780205748114,0.5117095891130017,1.3698424916529084,1.3703619070874782,1.7214223960889363,0.9850083292757155,0.9850083292757155,4.813099767474696,0.012032749418686739,2,0.014833182491202605,,,,40.89492147014271,11.0,0.051504196039125795
low_volatility|20d|long_q10|unconstrained_beta|r1|ensemble,low_volatility|20d,low_volatility,20d,63,low_volatility_family_sensitivity,lower_tail,long_q10,long_only,False,1,ensemble,1,4181.0,0.0,0.0,,0,return_minus_risk_free,4181,0.12978498438429265,0.1297201475422825,0.8910621291828829,-0.3274702668308209,0.65,1.0,0.03712990755757989,2.0290773206010106,0.04245041549526402,0.586816343033158,0.6407674296018055,1.0059624765553445,1.0,1.0,64.26427417759751,0.0,0,0.0,,,,42.48839990432911,34.0,0.029411764705882353
low_volatility|20d|long_q10|unconstrained_beta|r1|ensemble,low_volatility|20d,low_volatility,20d,63,low_volatility_family_sensitivity,lower_tail,long_q10,long_only,False,1,ensemble,1,4181.0,0.0,0.0,,5,return_minus_risk_free,4181,0.09405678962813568,0.1297195645399461,0.6432824626011046,-0.3311287730837993,0.625,0.7058823529411765,0.004986828354755319,0.27184936121146375,0.7857378491566179,0.5867878264158962,0.6407674296018055,1.0059624765553445,1.0,1.0,64.26427417759751,0.03213213708879875,0,0.0,,,,42.48839990432911,34.0,0.029411764705882353
low_volatility|20d|long_q10|unconstrained_beta|r1|ensemble,low_volatility|20d,low_volatility,20d,63,low_volatility_family_sensitivity,lower_tail,long_q10,long_only,False,1,ensemble,1,4181.0,0.0,0.0,,10,return_minus_risk_free,4181,0.059452979464453826,0.12972726665882645,0.3954788488870904,-0.33476843725406535,0.585,0.7058823529411765,-0.027156250848068136,-1.4761597667806678,0.13990100741354564,0.5867593097986359,0.6407674296018055,1.0059624765553445,1.0,1.0,64.26427417759751,0.0642642741775975,0,0.0,,,,42.48839990432911,34.0,0.029411764705882353
low_volatility|20d|long_q10|unconstrained_beta|r1|ensemble,low_volatility|20d,low_volatility,20d,63,low_volatility_family_sensitivity,lower_tail,long_q10,long_only,False,1,ensemble,1,4181.0,0.0,0.0,,25,return_minus_risk_free,4181,-0.03795881887693908,0.12980006106143863,-0.3476013027251983,-0.5707897914304827,0.475,0.4117647058823529,-0.1235854884565407,-6.645441182911843,3.023101672276632e-11,0.5866737599468511,0.6407674296018055,1.0059624765553445,1.0,1.0,64.26427417759751,0.16066068544399378,0,0.0,,,,42.48839990432911,34.0,0.029411764705882353
low_volatility|20d|long_q10|unconstrained_beta|r5|ensemble,low_volatility|20d,low_volatility,20d,63,low_volatility_family_sensitivity,lower_tail,long_q10,long_only,False,5,ensemble,3,836.3333333333334,0.0,0.0,,0,return_minus_risk_free,4181,0.12399633025887136,0.1302722570412031,0.8483938033847164,-0.31476471527892136,0.65,0.9411764705882353,0.03142518269678551,1.739550170449227,0.08193803540853593,0.5915881408394051,0.6401807840716969,0.9640311186181961,0.9994389612718769,0.9994389612718769,33.28005027376519,0.0,2,0.015452456019447752,,,,42.46089452284143,11.333333333333334,0.03175259933891966
low_volatility|20d|long_q10|unconstrained_beta|r5|ensemble,low_volatility|20d,low_volatility,20d,63,low_volatility_family_sensitivity,lower_tail,long_q10,long_only,False,5,ensemble,3,836.3333333333334,0.0,0.0,,5,return_minus_risk_free,4181,0.10544663999894799,0.13024690258098146,0.7207371980343019,-0.316409398764547,0.635,0.7058823529411765,0.014799069619987108,0.8185933180390841,0.4130184805860302,0.5914037412442066,0.6401807840716969,0.9640311186181961,0.9994389612718769,0.9994389612718769,33.28005027376519,0.016640025136882595,2,0.015452456019447752,,,,42.46089452284143,11.333333333333334,0.03175259933891966
low_volatility|20d|long_q10|unconstrained_beta|r5|ensemble,low_volatility|20d,low_volatility,20d,63,low_volatility_family_sensitivity,lower_tail,long_q10,long_only,False,5,ensemble,3,836.3333333333334,0.0,0.0,,10,return_minus_risk_free,4181,0.08720088708808382,0.13022861568649172,0.5929997151044367,-0.31805046047803176,0.605,0.7058823529411765,-0.001827043456810377,-0.10097349662932131,0.9195714992518687,0.5912193416490091,0.6401807840716969,0.9640311186181961,0.9994389612718769,0.9994389612718769,33.28005027376519,0.03328005027376519,2,0.015452456019447752,,,,42.46089452284143,11.333333333333334,0.03175259933891966
low_volatility|20d|long_q10|unconstrained_beta|r5|ensemble,low_volatility|20d,low_volatility,20d,63,low_volatility_family_sensitivity,lower_tail,long_q10,long_only,False,5,ensemble,3,836.3333333333334,0.0,0.0,,25,return_minus_risk_free,4181,0.03423820932494759,0.13021618441944996,0.20950968623074104,-0.32295198762448796,0.565,0.7058823529411765,-0.051705382687204544,-2.8482089833072655,0.004396604314646614,0.5906661428634161,0.6401807840716969,0.9640311186181961,0.9994389612718769,0.9994389612718769,33.28005027376519,0.08320012568441298,2,0.015452456019447752,,,,42.46089452284143,11.333333333333334,0.03175259933891966
low_volatility|20d|long_q10|unconstrained_beta|r21|ensemble,low_volatility|20d,low_volatility,20d,63,low_volatility_family_sensitivity,lower_tail,long_q10,long_only,False,21,ensemble,3,199.33333333333334,0.0,0.0,,0,return_minus_risk_free,4181,0.11598867034493576,0.13213815145234054,0.7842205818105565,-0.31888485934946986,0.63,0.8823529411764706,0.02228943311209694,1.2217175776265725,0.22181444674652906,0.6083122319735911,0.635426896764814,0.9243007640674583,0.9971084674925788,0.9971084674925788,15.585185378568188,0.0,2,0.007738138061322561,,,,42.348720401817744,11.333333333333334,0.03275258961896686
low_volatility|20d|long_q10|unconstrained_beta|r21|ensemble,low_volatility|20d,low_volatility,20d,63,low_volatility_family_sensitivity,lower_tail,long_q10,long_only,False,21,ensemble,3,199.33333333333334,0.0,0.0,,5,return_minus_risk_free,4181,0.10732505390442149,0.1321195779752532,0.7253100424369736,-0.31946704809565607,0.62,0.8235294117647058,0.014503538830910505,0.7947708290434924,0.426746822583822,0.6082151180874987,0.635426896764814,0.9243007640674583,0.9971084674925788,0.9971084674925788,15.585185378568188,0.0077925926892840934,2,0.007738138061322561,,,,42.348720401817744,11.333333333333334,0.03275258961896686
low_volatility|20d|long_q10|unconstrained_beta|r21|ensemble,low_volatility|20d,low_volatility,20d,63,low_volatility_family_sensitivity,lower_tail,long_q10,long_only,False,21,ensemble,3,199.33333333333334,0.0,0.0,,10,return_minus_risk_free,4181,0.09872677433207544,0.13211242481572028,0.6663254869901019,-0.320048906223086,0.61,0.8235294117647058,0.0067176445497239634,0.36794288288590876,0.7129158238263487,0.6081180042014062,0.635426896764814,0.9243007640674583,0.9971084674925788,0.9971084674925788,15.585185378568188,0.015585185378568187,2,0.007738138061322561,,,,42.348720401817744,11.333333333333334,0.03275258961896686
low_volatility|20d|long_q10|unconstrained_beta|r21|ensemble,low_volatility|20d,low_volatility,20d,63,low_volatility_family_sensitivity,lower_tail,long_q10,long_only,False,21,ensemble,3,199.33333333333334,0.0,0.0,,25,return_minus_risk_free,4181,0.07331919100584017,0.13215949098327529,0.48908064982348953,-0.3217924978281378,0.595,0.7058823529411765,-0.016640038293835813,-0.9088735526164208,0.36341687564857783,0.6078266625431292,0.635426896764814,0.9243007640674583,0.9971084674925788,0.9971084674925788,15.585185378568188,0.038962963446420466,2,0.007738138061322561,,,,42.348720401817744,11.333333333333334,0.03275258961896686
low_volatility|20d|long_q10|unconstrained_beta|r63|ensemble,low_volatility|20d,low_volatility,20d,63,low_volatility_family_sensitivity,lower_tail,long_q10,long_only,False,63,ensemble,3,66.33333333333333,0.0,0.0,,0,return_minus_risk_free,4181,0.1166728403578261,0.13484881924070402,0.7757161437327159,-0.354108449607593,0.645,0.9411764705882353,0.020363925347423668,1.1285105082878588,0.2591043814995191,0.630000654718359,0.6307811576450522,0.8704656471959709,0.9913183408168103,0.9913183408168103,5.339911333341632,0.0,2,0.02277207432751158,,,,42.06617236705733,11.333333333333334,0.03492920468364401
low_volatility|20d|long_q10|unconstrained_beta|r63|ensemble,low_volatility|20d,low_volatility,20d,63,low_volatility_family_sensitivity,lower_tail,long_q10,long_only,False,63,ensemble,3,66.33333333333333,0.0,0.0,,5,return_minus_risk_free,4181,0.11369501144967153,0.13484320720900192,0.7559339349797524,-0.3542856895487504,0.645,0.9411764705882353,0.01769416001594731,0.9804952969952909,0.3268416899937475,0.6299829455956,0.6307811576450522,0.8704656471959709,0.9913183408168103,0.9913183408168103,5.339911333341632,0.002669955666670816,2,0.02277207432751158,,,,42.06617236705733,11.333333333333334,0.03492920468364401
low_volatility|20d|long_q10|unconstrained_beta|r63|ensemble,low_volatility|20d,low_volatility,20d,63,low_volatility_family_sensitivity,lower_tail,long_q10,long_only,False,63,ensemble,3,66.33333333333333,0.0,0.0,,10,return_minus_risk_free,4181,0.11072444794187364,0.13484190233876678,0.736126577876878,-0.35446292948990743,0.645,0.8823529411764706,0.015024394684471162,0.832379329803345,0.4051948655628983,0.6299652364728409,0.6307811576450522,0.8704656471959709,0.9913183408168103,0.9913183408168103,5.339911333341632,0.005339911333341632,2,0.02277207432751158,,,,42.06617236705733,11.333333333333334,0.03492920468364401
low_volatility|20d|long_q10|unconstrained_beta|r63|ensemble,low_volatility|20d,low_volatility,20d,63,low_volatility_family_sensitivity,lower_tail,long_q10,long_only,False,63,ensemble,3,66.33333333333333,0.0,0.0,,25,return_minus_risk_free,4181,0.10185618913281536,0.1348638298837019,0.6765726109650132,-0.35499464931337876,0.64,0.8823529411764706,0.0070150986900423965,0.38806911278067685,0.6979648886964502,0.6299121091045632,0.6307811576450522,0.8704656471959709,0.9913183408168103,0.9913183408168103,5.339911333341632,0.01334977833335408,2,0.02277207432751158,,,,42.06617236705733,11.333333333333334,0.03492920468364401
low_volatility|20d|middle_minus_q1|unconstrained_beta|r1|ensemble,low_volatility|20d,low_volatility,20d,63,low_volatility_family_sensitivity,lower_tail,middle_minus_q1,market_neutral,False,1,ensemble,1,4181.0,0.0,0.0,,0,self_financing_spread_return,4181,-0.05970172755039971,0.1739965984335553,-0.2666310255782878,-0.73215789595194,0.455,0.29411764705882354,0.025292375698300514,0.7603705740287234,0.4470331073668157,-0.48233711587026384,-0.3786587915343621,0.8621843955911509,2.0,1.9723196009512435e-17,97.32443841410185,0.0,0,0.0,,,,209.7235111217412,167.0,0.030303030303030304
low_volatility|20d|middle_minus_q1|unconstrained_beta|r1|ensemble,low_volatility|20d,low_volatility,20d,63,low_volatility_family_sensitivity,lower_tail,middle_minus_q1,market_neutral,False,1,ensemble,1,4181.0,0.0,0.0,,5,self_financing_spread_return,4181,-0.10436819676339093,0.173947946974788,-0.5464218170744218,-0.8571536351643576,0.42,0.17647058823529413,-0.023419712196104527,-0.7039884906484926,0.4814399411637812,-0.4819601419399522,-0.3786587915343621,0.8621843955911509,2.0,1.9723196009512435e-17,97.32443841410185,0.048662219207050925,0,0.0,,,,209.7235111217412,167.0,0.030303030303030304
low_volatility|20d|middle_minus_q1|unconstrained_beta|r1|ensemble,low_volatility|20d,low_volatility,20d,63,low_volatility_family_sensitivity,lower_tail,middle_minus_q1,market_neutral,False,1,ensemble,1,4181.0,0.0,0.0,,10,self_financing_spread_return,4181,-0.146922324609863,0.1739087489971408,-0.8263242411084735,-0.9356360432616779,0.36,0.11764705882352941,-0.07213180009051054,-2.167651456306931,0.030185215527297225,-0.48158316800964135,-0.3786587915343621,0.8621843955911509,2.0,1.9723196009512435e-17,97.32443841410185,0.09732443841410185,0,0.0,,,,209.7235111217412,167.0,0.030303030303030304
low_volatility|20d|middle_minus_q1|unconstrained_beta|r1|ensemble,low_volatility|20d,low_volatility,20d,63,low_volatility_family_sensitivity,lower_tail,middle_minus_q1,market_neutral,False,1,ensemble,1,4181.0,0.0,0.0,,25,self_financing_spread_return,4181,-0.26288207662378504,0.1738479321851076,-1.666244727336317,-0.9941323658583848,0.23,0.0,-0.21826806377372696,-6.547454571760173,5.852601534219607e-11,-0.4804522462187076,-0.3786587915343621,0.8621843955911509,2.0,1.9723196009512435e-17,97.32443841410185,0.2433110960352546,0,0.0,,,,209.7235111217412,167.0,0.030303030303030304
low_volatility|20d|middle_minus_q1|unconstrained_beta|r5|ensemble,low_volatility|20d,low_volatility,20d,63,low_volatility_family_sensitivity,lower_tail,middle_minus_q1,market_neutral,False,5,ensemble,3,836.3333333333334,0.0,0.0,,0,self_financing_spread_return,4181,-0.07437231244436138,0.17205136523138853,-0.3627099788029083,-0.7633119622050173,0.475,0.29411764705882354,0.008491752615894832,0.2544323175011771,0.7991615864902367,-0.4770298627584879,-0.38105396983796797,1.076177087191037,2.0039075290566375,-0.0004256747114029321,53.73936478591862,0.0,10,0.006464537408302168,,,,209.56150841106594,55.666666666666664,0.047240264502790064
low_volatility|20d|middle_minus_q1|unconstrained_beta|r5|ensemble,low_volatility|20d,low_volatility,20d,63,low_volatility_family_sensitivity,lower_tail,middle_minus_q1,market_neutral,False,5,ensemble,3,836.3333333333334,0.0,0.0,,5,self_financing_spread_return,4181,-0.09891474127631505,0.17207351939618926,-0.5187411123760827,-0.8472274053401035,0.41,0.23529411764705882,-0.01834417104976631,-0.5495006272649758,0.5826619342249824,-0.4771707459866015,-0.38105396983796797,1.076177087191037,2.0039075290566375,-0.0004256747114029321,53.73936478591862,0.02686968239295931,10,0.006464537408302168,,,,209.56150841106594,55.666666666666664,0.047240264502790064
low_volatility|20d|middle_minus_q1|unconstrained_beta|r5|ensemble,low_volatility|20d,low_volatility,20d,63,low_volatility_family_sensitivity,lower_tail,middle_minus_q1,market_neutral,False,5,ensemble,3,836.3333333333334,0.0,0.0,,10,self_financing_spread_return,4181,-0.1228108763715029,0.17210837386239694,-0.6746822835061077,-0.901399560007432,0.38,0.11764705882352941,-0.045180094715427416,-1.3529705495321156,0.17606503907051885,-0.47731162921471565,-0.38105396983796797,1.076177087191037,2.0039075290566375,-0.0004256747114029321,53.73936478591862,0.05373936478591862,10,0.006464537408302168,,,,209.56150841106594,55.666666666666664,0.047240264502790064
low_volatility|20d|middle_minus_q1|unconstrained_beta|r5|ensemble,low_volatility|20d,low_volatility,20d,63,low_volatility_family_sensitivity,lower_tail,middle_minus_q1,market_neutral,False,5,ensemble,3,836.3333333333334,0.0,0.0,,25,self_financing_spread_return,4181,-0.19078836189933812,0.17228904794743363,-1.1416225146585703,-0.9735401155456129,0.325,0.058823529411764705,-0.12568786571241125,-3.759274200585108,0.00017040699493936165,-0.4777342788990581,-0.38105396983796797,1.076177087191037,2.0039075290566375,-0.0004256747114029321,53.73936478591862,0.13434841196479655,10,0.006464537408302168,,,,209.56150841106594,55.666666666666664,0.047240264502790064
low_volatility|20d|middle_minus_q1|unconstrained_beta|r21|ensemble,low_volatility|20d,low_volatility,20d,63,low_volatility_family_sensitivity,lower_tail,middle_minus_q1,market_neutral,False,21,ensemble,3,199.33333333333334,0.0,0.0,,0,self_financing_spread_return,4181,-0.058870168994062055,0.1673053983967045,-0.278566557659553,-0.720442068739317,0.485,0.35294117647058826,0.018939714398676442,0.5674225362124925,0.5704271422168962,-0.44102480232316715,-0.38540260028936674,1.1128417026682298,2.0105170035166298,6.067440394700596e-05,27.577718644947197,0.0,23,0.015315362450170136,,,,208.93574105078528,55.666666666666664,0.05416353472664139
low_volatility|20d|middle_minus_q1|unconstrained_beta|r21|ensemble,low_volatility|20d,low_volatility,20d,63,low_volatility_family_sensitivity,lower_tail,middle_minus_q1,market_neutral,False,21,ensemble,3,199.33333333333334,0.0,0.0,,5,self_financing_spread_return,4181,-0.07176068936534308,0.16730579779365362,-0.3609698386721665,-0.7583583663823498,0.455,0.35294117647058826,0.005161230134608097,0.15453531492368572,0.8771876683624195,-0.44107979914819073,-0.38540260028936674,1.1128417026682298,2.0105170035166298,6.067440394700596e-05,27.577718644947197,0.013788859322473599,23,0.015315362450170136,,,,208.93574105078528,55.666666666666664,0.05416353472664139
low_volatility|20d|middle_minus_q1|unconstrained_beta|r21|ensemble,low_volatility|20d,low_volatility,20d,63,low_volatility_family_sensitivity,lower_tail,middle_minus_q1,market_neutral,False,21,ensemble,3,199.33333333333334,0.0,0.0,,10,self_financing_spread_return,4181,-0.08447953183557311,0.16733353282158245,-0.4433002968200608,-0.8010766226742815,0.44,0.29411764705882354,-0.008617254129460641,-0.25780729551158343,0.7965556337720089,-0.4411347959732143,-0.38540260028936674,1.1128417026682298,2.0105170035166298,6.067440394700596e-05,27.577718644947197,0.027577718644947197,23,0.015315362450170136,,,,208.93574105078528,55.666666666666664,0.05416353472664139
low_volatility|20d|middle_minus_q1|unconstrained_beta|r21|ensemble,low_volatility|20d,low_volatility,20d,63,low_volatility_family_sensitivity,lower_tail,middle_minus_q1,market_neutral,False,21,ensemble,3,199.33333333333334,0.0,0.0,,25,self_financing_spread_return,4181,-0.1216280669902049,0.1675805490832174,-0.6894533953231764,-0.8971256988328393,0.39,0.23529411764705882,-0.049952706921665514,-1.489045829942416,0.1364753008028248,-0.44129978644828516,-0.38540260028936674,1.1128417026682298,2.0105170035166298,6.067440394700596e-05,27.577718644947197,0.06894429661236799,23,0.015315362450170136,,,,208.93574105078528,55.666666666666664,0.05416353472664139
low_volatility|20d|middle_minus_q1|unconstrained_beta|r63|ensemble,low_volatility|20d,low_volatility,20d,63,low_volatility_family_sensitivity,lower_tail,middle_minus_q1,market_neutral,False,63,ensemble,3,66.33333333333333,0.0,0.0,,0,self_financing_spread_return,4181,-0.05927772836422973,0.17561749022377054,-0.2600225349986657,-0.7227029336489973,0.47,0.4117647058823529,0.015445969974657608,0.42026304387457214,0.674293304095817,-0.41118421406492545,-0.4249916774896368,2.188469009500921,2.0444272084055544,-0.002485246660117037,9.496915880795804,0.0,16,0.016256504084082222,,,,207.375428525871,55.666666666666664,0.09937358590155265
low_volatility|20d|middle_minus_q1|unconstrained_beta|r63|ensemble,low_volatility|20d,low_volatility,20d,63,low_volatility_family_sensitivity,lower_tail,middle_minus_q1,market_neutral,False,63,ensemble,3,66.33333333333333,0.0,0.0,,5,self_financing_spread_return,4181,-0.0637350020460008,0.17561532164698435,-0.2870644070581641,-0.7413702369835209,0.465,0.4117647058823529,0.010699947509338075,0.291075710547386,0.770993416193299,-0.41120023280209583,-0.4249916774896368,2.188469009500921,2.0444272084055544,-0.002485246660117037,9.496915880795804,0.004748457940397902,16,0.016256504084082222,,,,207.375428525871,55.666666666666664,0.09937358590155265
low_volatility|20d|middle_minus_q1|unconstrained_beta|r63|ensemble,low_volatility|20d,low_volatility,20d,63,low_volatility_family_sensitivity,lower_tail,middle_minus_q1,market_neutral,False,63,ensemble,3,66.33333333333333,0.0,0.0,,10,self_financing_spread_return,4181,-0.06817291395308156,0.17562337386833296,-0.3140886668144053,-0.7587875866553435,0.46,0.4117647058823529,0.005953925044018449,0.1619198215479421,0.8713689934567789,-0.4112162515392666,-0.4249916774896368,2.188469009500921,2.0444272084055544,-0.002485246660117037,9.496915880795804,0.009496915880795804,16,0.016256504084082222,,,,207.375428525871,55.666666666666664,0.09937358590155265
low_volatility|20d|middle_minus_q1|unconstrained_beta|r63|ensemble,low_volatility|20d,low_volatility,20d,63,low_volatility_family_sensitivity,lower_tail,middle_minus_q1,market_neutral,False,63,ensemble,3,66.33333333333333,0.0,0.0,,25,self_financing_spread_return,4181,-0.08137124275626006,0.17570883235151516,-0.3950087196720852,-0.8043451757585564,0.45,0.29411764705882354,-0.008284142351940292,-0.22495018274600082,0.822018029392817,-0.41126430775077827,-0.4249916774896368,2.188469009500921,2.0444272084055544,-0.002485246660117037,9.496915880795804,0.023742289701989508,16,0.016256504084082222,,,,207.375428525871,55.666666666666664,0.09937358590155265
low_volatility|20d|middle_minus_q1|beta_neutral|r1|ensemble,low_volatility|20d,low_volatility,20d,63,low_volatility_family_sensitivity,lower_tail,middle_minus_q1,market_neutral,True,1,ensemble,1,4181.0,0.0,4181.0,1.0,0,self_financing_spread_return,4181,0.010320042244759575,0.12838416253458929,0.1440836765242345,-0.3945501965902808,0.57,0.47058823529411764,0.021870669163611585,0.7641012207281602,0.44480692490215334,-0.022692717847856245,6.694980829657081e-18,7.771561172376096e-16,2.0,0.32051368711249817,98.17117908974734,0.0,0,0.0,,,,209.23391533126048,167.0,0.028325942690644403
low_volatility|20d|middle_minus_q1|beta_neutral|r1|ensemble,low_volatility|20d,low_volatility,20d,63,low_volatility_family_sensitivity,lower_tail,middle_minus_q1,market_neutral,True,1,ensemble,1,4181.0,0.0,4181.0,1.0,5,self_financing_spread_return,4181,-0.03808003472528909,0.1283713854585436,-0.23829296875594133,-0.5899089189638134,0.475,0.4117647058823529,-0.027257399674138,-0.9518845864554856,0.3411555173745614,-0.022423521463438394,6.694980829657081e-18,7.771561172376096e-16,2.0,0.32051368711249817,98.17117908974734,0.04908558954487367,0,0.0,,,,209.23391533126048,167.0,0.028325942690644403
low_volatility|20d|middle_minus_q1|beta_neutral|r1|ensemble,low_volatility|20d,low_volatility,20d,63,low_volatility_family_sensitivity,lower_tail,middle_minus_q1,market_neutral,True,1,ensemble,1,4181.0,0.0,4181.0,1.0,10,self_financing_spread_return,4181,-0.08417172017117647,0.1283712441227507,-0.6206846383582418,-0.7935594433836345,0.41,0.17647058823529413,-0.07638546851188686,-2.6658007419873355,0.007680520068015305,-0.022154325079020716,6.694980829657081e-18,7.771561172376096e-16,2.0,0.32051368711249817,98.17117908974734,0.09817117908974735,0,0.0,,,,209.23391533126048,167.0,0.028325942690644403
low_volatility|20d|middle_minus_q1|beta_neutral|r1|ensemble,low_volatility|20d,low_volatility,20d,63,low_volatility_family_sensitivity,lower_tail,middle_minus_q1,market_neutral,True,1,ensemble,1,4181.0,0.0,4181.0,1.0,25,self_financing_spread_return,4181,-0.20966684714156658,0.1284466163286746,-1.7668214842056407,-0.9815753097840845,0.18,0.0,-0.22376967502513537,-7.784123669102967,7.019806687340286e-15,-0.02134673592576721,6.694980829657081e-18,7.771561172376096e-16,2.0,0.32051368711249817,98.17117908974734,0.24542794772436838,0,0.0,,,,209.23391533126048,167.0,0.028325942690644403
low_volatility|20d|middle_minus_q1|beta_neutral|r5|ensemble,low_volatility|20d,low_volatility,20d,63,low_volatility_family_sensitivity,lower_tail,middle_minus_q1,market_neutral,True,5,ensemble,3,836.3333333333334,0.0,836.3333333333334,1.0,0,self_financing_spread_return,4181,-0.004051125835278224,0.12592297268917127,0.03072769946405234,-0.42197639327021785,0.56,0.4117647058823529,0.006963675582622325,0.2451621282935363,0.8063308989153956,-0.020820470274778395,-0.0010468260332795961,0.24474721218841564,2.0020564182147402,0.3206552423922005,53.70574789230399,0.0,10,0.007271795174964554,,,,209.0739854899147,55.666666666666664,0.03802114157935397
low_volatility|20d|middle_minus_q1|beta_neutral|r5|ensemble,low_volatility|20d,low_volatility,20d,63,low_volatility_family_sensitivity,lower_tail,middle_minus_q1,market_neutral,True,5,ensemble,3,836.3333333333334,0.0,836.3333333333334,1.0,5,self_financing_spread_return,4181,-0.03044177097478229,0.1259374087051797,-0.18248256098161691,-0.5446890264822914,0.485,0.4117647058823529,-0.01985735746238946,-0.6989182607792295,0.4846031148029032,-0.021020113289046672,-0.0010468260332795961,0.24474721218841564,2.0020564182147402,0.3206552423922005,53.70574789230399,0.026852873946151993,10,0.007271795174964554,,,,209.0739854899147,55.666666666666664,0.03802114157935397
low_volatility|20d|middle_minus_q1|beta_neutral|r5|ensemble,low_volatility|20d,low_volatility,20d,63,low_volatility_family_sensitivity,lower_tail,middle_minus_q1,market_neutral,True,5,ensemble,3,836.3333333333334,0.0,836.3333333333334,1.0,10,self_financing_spread_return,4181,-0.05613787043740115,0.1259690999062397,-0.39558975197348273,-0.6662993685163794,0.44,0.35294117647058826,-0.046678390507400996,-1.642396463779508,0.1005078673096057,-0.021219756303314782,-0.0010468260332795961,0.24474721218841564,2.0020564182147402,0.3206552423922005,53.70574789230399,0.053705747892303986,10,0.007271795174964554,,,,209.0739854899147,55.666666666666664,0.03802114157935397
low_volatility|20d|middle_minus_q1|beta_neutral|r5|ensemble,low_volatility|20d,low_volatility,20d,63,low_volatility_family_sensitivity,lower_tail,middle_minus_q1,market_neutral,True,5,ensemble,3,836.3333333333334,0.0,836.3333333333334,1.0,25,self_financing_spread_return,4181,-0.1292380898828418,0.12616753919497864,-1.0334211017598145,-0.9105727538271785,0.315,0.058823529411764705,-0.1271414896424354,-4.467087001291622,7.929188903198622e-06,-0.02181868534611959,-0.0010468260332795961,0.24474721218841564,2.0020564182147402,0.3206552423922005,53.70574789230399,0.13426436973075997,10,0.007271795174964554,,,,209.0739854899147,55.666666666666664,0.03802114157935397
low_volatility|20d|middle_minus_q1|beta_neutral|r21|ensemble,low_volatility|20d,low_volatility,20d,63,low_volatility_family_sensitivity,lower_tail,middle_minus_q1,market_neutral,True,21,ensemble,3,199.33333333333334,0.0,199.33333333333334,1.0,0,self_financing_spread_return,4181,0.004279071721001504,0.12220903976133392,0.09611535502956885,-0.40748253752488106,0.535,0.5294117647058824,0.014165199357532719,0.5113921785721803,0.6090764705835168,-0.016276565368115267,-0.003523148819455875,0.305879421637884,2.0037872366489684,0.32077758706956816,27.085072419200397,0.0,23,0.01329392903838101,,,,208.46990353185046,55.666666666666664,0.04229060205123769
low_volatility|20d|middle_minus_q1|beta_neutral|r21|ensemble,low_volatility|20d,low_volatility,20d,63,low_volatility_family_sensitivity,lower_tail,middle_minus_q1,market_neutral,True,21,ensemble,3,199.33333333333334,0.0,199.33333333333334,1.0,5,self_financing_spread_return,4181,-0.009232280013147354,0.1221983243457992,-0.014727401817744939,-0.45923042325519403,0.51,0.4117647058823529,0.0006331087132967941,0.022844550523134655,0.9817742711070163,-0.016369004892084406,-0.003523148819455875,0.305879421637884,2.0037872366489684,0.32077758706956816,27.085072419200397,0.013542536209600197,23,0.01329392903838101,,,,208.46990353185046,55.666666666666664,0.04229060205123769
low_volatility|20d|middle_minus_q1|beta_neutral|r21|ensemble,low_volatility|20d,low_volatility,20d,63,low_volatility_family_sensitivity,lower_tail,middle_minus_q1,market_neutral,True,21,ensemble,3,199.33333333333334,0.0,199.33333333333334,1.0,10,self_financing_spread_return,4181,-0.022566875579715484,0.1222236974812841,-0.1255525173015221,-0.5164544237094053,0.49,0.4117647058823529,-0.0128989819309393,-0.4650584870476747,0.6418895732652787,-0.01646144441605352,-0.003523148819455875,0.305879421637884,2.0037872366489684,0.32077758706956816,27.085072419200397,0.027085072419200395,23,0.01329392903838101,,,,208.46990353185046,55.666666666666664,0.04229060205123769
low_volatility|20d|middle_minus_q1|beta_neutral|r21|ensemble,low_volatility|20d,low_volatility,20d,63,low_volatility_family_sensitivity,lower_tail,middle_minus_q1,market_neutral,True,21,ensemble,3,199.33333333333334,0.0,199.33333333333334,1.0,25,self_financing_spread_return,4181,-0.06153245334988389,0.12251596452083811,-0.4569443689837675,-0.689970434711773,0.43,0.23529411764705882,-0.053495253863647105,-1.9207340026608215,0.05476525054737586,-0.016738762987960853,-0.003523148819455875,0.305879421637884,2.0037872366489684,0.32077758706956816,27.085072419200397,0.06771268104800099,23,0.01329392903838101,,,,208.46990353185046,55.666666666666664,0.04229060205123769
low_volatility|20d|middle_minus_q1|beta_neutral|r63|ensemble,low_volatility|20d,low_volatility,20d,63,low_volatility_family_sensitivity,lower_tail,middle_minus_q1,market_neutral,True,63,ensemble,3,66.33333333333333,0.0,66.33333333333333,1.0,0,self_financing_spread_return,4181,0.007502164266105726,0.12380583610072798,0.122279995155959,-0.4393115083516004,0.525,0.5882352941176471,0.015076508569718186,0.5308786868275613,0.595502847984746,0.0004203215295564083,-0.0115882166148545,0.6820735901319961,2.018420523609694,0.33519406790357004,9.202706887488972,0.0,16,0.01312825287155571,,,,206.9372558399107,55.666666666666664,0.059657494983420135
low_volatility|20d|middle_minus_q1|beta_neutral|r63|ensemble,low_volatility|20d,low_volatility,20d,63,low_volatility_family_sensitivity,lower_tail,middle_minus_q1,market_neutral,True,63,ensemble,3,66.33333333333333,0.0,66.33333333333333,1.0,5,self_financing_spread_return,4181,0.0028760571583328343,0.12379812107117914,0.08510476297669177,-0.45366998182587037,0.515,0.5882352941176471,0.010476457688197178,0.3688284128363591,0.7122556250894553,0.0003993526673373195,-0.0115882166148545,0.6820735901319961,2.018420523609694,0.33519406790357004,9.202706887488972,0.004601353443744486,16,0.01312825287155571,,,,206.9372558399107,55.666666666666664,0.059657494983420135
low_volatility|20d|middle_minus_q1|beta_neutral|r63|ensemble,low_volatility|20d,low_volatility,20d,63,low_volatility_family_sensitivity,lower_tail,middle_minus_q1,market_neutral,True,63,ensemble,3,66.33333333333333,0.0,66.33333333333333,1.0,10,self_financing_spread_return,4181,-0.0017305669670695245,0.12380395878159339,0.04791965072162656,-0.4676661109708652,0.515,0.5882352941176471,0.005876406806676266,0.20680708373558607,0.8361605237263456,0.00037838380511822663,-0.0115882166148545,0.6820735901319961,2.018420523609694,0.33519406790357004,9.202706887488972,0.009202706887488973,16,0.01312825287155571,,,,206.9372558399107,55.666666666666664,0.059657494983420135
low_volatility|20d|middle_minus_q1|beta_neutral|r63|ensemble,low_volatility|20d,low_volatility,20d,63,low_volatility_family_sensitivity,lower_tail,middle_minus_q1,market_neutral,True,63,ensemble,3,66.33333333333333,0.0,66.33333333333333,1.0,25,self_financing_spread_return,4181,-0.015434286845680267,0.12390274695999191,-0.06357291984524406,-0.5075694225755871,0.505,0.5294117647058824,-0.007923745837886562,-0.2782828752803762,0.7807952206847995,0.0003154772184609909,-0.0115882166148545,0.6820735901319961,2.018420523609694,0.33519406790357004,9.202706887488972,0.02300676721872243,16,0.01312825287155571,,,,206.9372558399107,55.666666666666664,0.059657494983420135
low_volatility|20d|q10_minus_middle|unconstrained_beta|r1|ensemble,low_volatility|20d,low_volatility,20d,63,low_volatility_family_sensitivity,lower_tail,q10_minus_middle,market_neutral,False,1,ensemble,1,4181.0,0.0,0.0,,0,self_financing_spread_return,4181,-0.024946974554887924,0.10382513833624975,-0.19136766747820047,-0.42644257494671256,0.475,0.4117647058823529,0.03953573579918772,2.091080209438949,0.03652087445235832,-0.3997055645587582,-0.34924053334855654,0.7148252812426286,2.0,-1.4109513007846277e-17,115.91052143127152,0.0,0,0.0,,,,210.60511839272903,168.0,0.029411764705882353
low_volatility|20d|q10_minus_middle|unconstrained_beta|r1|ensemble,low_volatility|20d,low_volatility,20d,63,low_volatility_family_sensitivity,lower_tail,q10_minus_middle,market_neutral,False,1,ensemble,1,4181.0,0.0,0.0,,5,self_financing_spread_return,4181,-0.07985737367208157,0.10379982852292312,-0.7497199083092491,-0.7612591222412122,0.395,0.23529411764705882,-0.01846704443459616,-0.9721138217567732,0.33099392670547,-0.3993640450463289,-0.34924053334855654,0.7148252812426286,2.0,-1.4109513007846277e-17,115.91052143127152,0.057955260715635754,0,0.0,,,,210.60511839272903,168.0,0.029411764705882353
low_volatility|20d|q10_minus_middle|unconstrained_beta|r1|ensemble,low_volatility|20d,low_volatility,20d,63,low_volatility_family_sensitivity,lower_tail,q10_minus_middle,market_neutral,False,1,ensemble,1,4181.0,0.0,0.0,,10,self_financing_spread_return,4181,-0.13168921539430434,0.1037984322866862,-1.308043082206049,-0.9065761429627794,0.315,0.11764705882352941,-0.07646982466837919,-4.003096114163184,6.251888808961938e-05,-0.39902252553389894,-0.34924053334855654,0.7148252812426286,2.0,-1.4109513007846277e-17,115.91052143127152,0.11591052143127151,0,0.0,,,,210.60511839272903,168.0,0.029411764705882353
low_volatility|20d|q10_minus_middle|unconstrained_beta|r1|ensemble,low_volatility|20d,low_volatility,20d,63,low_volatility_family_sensitivity,lower_tail,q10_minus_middle,market_neutral,False,1,ensemble,1,4181.0,0.0,0.0,,25,self_financing_spread_return,4181,-0.2703844890170136,0.10393765214859604,-2.9789867773316865,-0.9946802389739815,0.155,0.0,-0.25047816536972944,-12.8364003480517,1.0253209812304617e-37,-0.39799796699661033,-0.34924053334855654,0.7148252812426286,2.0,-1.4109513007846277e-17,115.91052143127152,0.2897763035781788,0,0.0,,,,210.60511839272903,168.0,0.029411764705882353
low_volatility|20d|q10_minus_middle|unconstrained_beta|r5|ensemble,low_volatility|20d,low_volatility,20d,63,low_volatility_family_sensitivity,lower_tail,q10_minus_middle,market_neutral,False,5,ensemble,3,836.3333333333334,0.0,0.0,,0,self_financing_spread_return,4181,-0.02644703149545724,0.10267654455773045,-0.2096496870303349,-0.44042602454550306,0.48,0.35294117647058826,0.03658763484379145,1.9645449266686887,0.04946693155724896,-0.39102056778782895,-0.3502450712275945,0.7349110735327539,2.0019545082718637,-0.00030349157173450205,60.674920656464536,0.0,10,0.019718262888945754,,,,210.46424300406602,56.0,0.032359943183803634
low_volatility|20d|q10_minus_middle|unconstrained_beta|r5|ensemble,low_volatility|20d,low_volatility,20d,63,low_volatility_family_sensitivity,lower_tail,q10_minus_middle,market_neutral,False,5,ensemble,3,836.3333333333334,0.0,0.0,,5,self_financing_spread_return,4181,-0.05554170369402622,0.10271482647510556,-0.504866017689756,-0.646782330050059,0.43,0.23529411764705882,0.006285623345026653,0.3370768461593365,0.7360589711860557,-0.39121642526025646,-0.3502450712275945,0.7349110735327539,2.0019545082718637,-0.00030349157173450205,60.674920656464536,0.03033746032823227,10,0.019718262888945754,,,,210.46424300406602,56.0,0.032359943183803634
low_volatility|20d|q10_minus_middle|unconstrained_beta|r5|ensemble,low_volatility|20d,low_volatility,20d,63,low_volatility_family_sensitivity,lower_tail,q10_minus_middle,market_neutral,False,5,ensemble,3,836.3333333333334,0.0,0.0,,10,self_financing_spread_return,4181,-0.08377282239698425,0.10278063088030608,-0.7996481892020179,-0.7770621426917046,0.375,0.11764705882352941,-0.024016388153738584,-1.285968272546317,0.19845413471994255,-0.3914122827326838,-0.3502450712275945,0.7349110735327539,2.0019545082718637,-0.00030349157173450205,60.674920656464536,0.06067492065646454,10,0.019718262888945754,,,,210.46424300406602,56.0,0.032359943183803634
low_volatility|20d|q10_minus_middle|unconstrained_beta|r5|ensemble,low_volatility|20d,low_volatility,20d,63,low_volatility_family_sensitivity,lower_tail,q10_minus_middle,market_neutral,False,5,ensemble,3,836.3333333333334,0.0,0.0,,25,self_financing_spread_return,4181,-0.16353570035966547,0.10314254208746904,-1.679052132790193,-0.9498311690097592,0.265,0.058823529411764705,-0.11492242265003293,-6.116436965914035,9.569071198944831e-10,-0.3919998551499667,-0.3502450712275945,0.7349110735327539,2.0019545082718637,-0.00030349157173450205,60.674920656464536,0.15168730164116134,10,0.019718262888945754,,,,210.46424300406602,56.0,0.032359943183803634
low_volatility|20d|q10_minus_middle|unconstrained_beta|r21|ensemble,low_volatility|20d,low_volatility,20d,63,low_volatility_family_sensitivity,lower_tail,q10_minus_middle,market_neutral,False,21,ensemble,3,199.33333333333334,0.0,0.0,,0,self_financing_spread_return,4181,-0.030061917936160087,0.0982569175480401,-0.26144793131461186,-0.4644954639177501,0.46,0.29411764705882354,0.02737325940767636,1.4245899558047748,0.15427576514421773,-0.35703193816653833,-0.3558836108043795,0.788454682820502,2.007398733254519,-0.0012902436283940256,28.333654809342985,0.0,21,0.01185852122893638,,,,209.91549071195087,56.0,0.034458449642853335
low_volatility|20d|q10_minus_middle|unconstrained_beta|r21|ensemble,low_volatility|20d,low_volatility,20d,63,low_volatility_family_sensitivity,lower_tail,q10_minus_middle,market_neutral,False,21,ensemble,3,199.33333333333334,0.0,0.0,,5,self_financing_spread_return,4181,-0.043708702723629034,0.09827643246820444,-0.405534546941566,-0.5676406619934717,0.435,0.23529411764705882,0.013220815107525557,0.6875140621213253,0.4917588424112044,-0.35711925028304214,-0.3558836108043795,0.788454682820502,2.007398733254519,-0.0012902436283940256,28.333654809342985,0.01416682740467149,21,0.01185852122893638,,,,209.91549071195087,56.0,0.034458449642853335
low_volatility|20d|q10_minus_middle|unconstrained_beta|r21|ensemble,low_volatility|20d,low_volatility,20d,63,low_volatility_family_sensitivity,lower_tail,q10_minus_middle,market_neutral,False,21,ensemble,3,199.33333333333334,0.0,0.0,,10,self_financing_spread_return,4181,-0.0571688355516603,0.09834556152196433,-0.5492867025798931,-0.6509492227205689,0.425,0.17647058823529413,-0.0009316291926250776,-0.04837686963632485,0.9614158930731375,-0.35720656239954585,-0.3558836108043795,0.788454682820502,2.007398733254519,-0.0012902436283940256,28.333654809342985,0.02833365480934298,21,0.01185852122893638,,,,209.91549071195087,56.0,0.034458449642853335
low_volatility|20d|q10_minus_middle|unconstrained_beta|r21|ensemble,low_volatility|20d,low_volatility,20d,63,low_volatility_family_sensitivity,lower_tail,q10_minus_middle,market_neutral,False,21,ensemble,3,199.33333333333334,0.0,0.0,,25,self_financing_spread_return,4181,-0.09645395966682391,0.09884921905000348,-0.9763979137778325,-0.8181078637789801,0.34,0.11764705882352941,-0.04338896209307726,-2.234530960366343,0.025448157767021768,-0.3574684987490572,-0.3558836108043795,0.788454682820502,2.007398733254519,-0.0012902436283940256,28.333654809342985,0.07083413702335746,21,0.01185852122893638,,,,209.91549071195087,56.0,0.034458449642853335
low_volatility|20d|q10_minus_middle|unconstrained_beta|r63|ensemble,low_volatility|20d,low_volatility,20d,63,low_volatility_family_sensitivity,lower_tail,q10_minus_middle,market_neutral,False,63,ensemble,3,66.33333333333333,0.0,0.0,,0,self_financing_spread_return,4181,-0.022770580012699382,0.09322896318012237,-0.2004090834886584,-0.3648965066458214,0.5,0.29411764705882354,0.028980059325398568,1.4964689147814851,0.1345315025944021,-0.320709018164745,-0.36083758792784615,0.8106854399177505,2.026957846224476,-0.005171243944293797,9.809658566811354,0.0,14,0.02904843728940547,,,,208.54667942278562,56.0,0.03694094417707667
low_volatility|20d|q10_minus_middle|unconstrained_beta|r63|ensemble,low_volatility|20d,low_volatility,20d,63,low_volatility_family_sensitivity,lower_tail,q10_minus_middle,market_neutral,False,63,ensemble,3,66.33333333333333,0.0,0.0,,5,self_financing_spread_return,4181,-0.02755297340955898,0.09323167121115919,-0.25301441840986444,-0.40998004217587625,0.5,0.29411764705882354,0.0240769411903056,1.2431648558014188,0.21380709040573898,-0.32072185533068226,-0.36083758792784615,0.8106854399177505,2.026957846224476,-0.005171243944293797,9.809658566811354,0.004904829283405677,14,0.02904843728940547,,,,208.54667942278562,56.0,0.03694094417707667
low_volatility|20d|q10_minus_middle|unconstrained_beta|r63|ensemble,low_volatility|20d,low_volatility,20d,63,low_volatility_family_sensitivity,lower_tail,q10_minus_middle,market_neutral,False,63,ensemble,3,66.33333333333333,0.0,0.0,,10,self_financing_spread_return,4181,-0.03231392504403352,0.09325509395454536,-0.30554881094328656,-0.4518801999641484,0.495,0.29411764705882354,0.0191738230552129,0.989497933325961,0.32241958051041786,-0.32073469249661946,-0.36083758792784615,0.8106854399177505,2.026957846224476,-0.005171243944293797,9.809658566811354,0.009809658566811354,14,0.02904843728940547,,,,208.54667942278562,56.0,0.03694094417707667
low_volatility|20d|q10_minus_middle|unconstrained_beta|r63|ensemble,low_volatility|20d,low_volatility,20d,63,low_volatility_family_sensitivity,lower_tail,q10_minus_middle,market_neutral,False,63,ensemble,3,66.33333333333333,0.0,0.0,,25,self_financing_spread_return,4181,-0.04646900129701215,0.09344942582043583,-0.462379096531605,-0.560639238328404,0.46,0.29411764705882354,0.004464468649934251,0.22947672581216175,0.818498408126896,-0.320773203994431,-0.36083758792784615,0.8106854399177505,2.026957846224476,-0.005171243944293797,9.809658566811354,0.024524146417028384,14,0.02904843728940547,,,,208.54667942278562,56.0,0.03694094417707667
low_volatility|20d|q10_minus_middle|beta_neutral|r1|ensemble,low_volatility|20d,low_volatility,20d,63,low_volatility_family_sensitivity,lower_tail,q10_minus_middle,market_neutral,True,1,ensemble,1,4181.0,0.0,4181.0,1.0,0,self_financing_spread_return,4181,0.04464922954976647,0.09087501063734955,0.5261939820946278,-0.1873872155038161,0.6,0.7058823529411765,0.050128184601578446,2.179205214775855,0.02931642672034223,-0.0155449495786733,-1.0124493044810224e-18,4.996003610813204e-16,2.0,0.4423104762170163,122.10770392387901,0.0,0,0.0,,,,210.3326955273858,168.0,0.04235164703431153
low_volatility|20d|q10_minus_middle|beta_neutral|r1|ensemble,low_volatility|20d,low_volatility,20d,63,low_volatility_family_sensitivity,lower_tail,q10_minus_middle,market_neutral,True,1,ensemble,1,4181.0,0.0,4181.0,1.0,5,self_financing_spread_return,4181,-0.017231417817041073,0.09089229561410203,-0.14572591018620631,-0.43037237070810475,0.495,0.4117647058823529,-0.010965151674894194,-0.47529126464016663,0.6345793844764955,-0.01534248751027591,-1.0124493044810224e-18,4.996003610813204e-16,2.0,0.4423104762170163,122.10770392387901,0.061053851961939506,0,0.0,,,,210.3326955273858,168.0,0.04235164703431153
low_volatility|20d|q10_minus_middle|beta_neutral|r1|ensemble,low_volatility|20d,low_volatility,20d,63,low_volatility_family_sensitivity,lower_tail,q10_minus_middle,market_neutral,True,1,ensemble,1,4181.0,0.0,4181.0,1.0,10,self_financing_spread_return,4181,-0.07546301282201173,0.09094301352432332,-0.8170898000300049,-0.7562248563630853,0.375,0.11764705882352941,-0.07205848795136605,-3.112128935615514,0.0018574335557866681,-0.01514002544187851,-1.0124493044810224e-18,4.996003610813204e-16,2.0,0.4423104762170163,122.10770392387901,0.12210770392387901,0,0.0,,,,210.3326955273858,168.0,0.04235164703431153
low_volatility|20d|q10_minus_middle|beta_neutral|r1|ensemble,low_volatility|20d,low_volatility,20d,63,low_volatility_family_sensitivity,lower_tail,q10_minus_middle,market_neutral,True,1,ensemble,1,4181.0,0.0,4181.0,1.0,25,self_financing_spread_return,4181,-0.23034372427439387,0.09129502400932536,-2.8205080201383668,-0.9870424131349907,0.205,0.0,-0.25533849678078324,-10.865024899458643,1.691770251790744e-27,-0.014532639236686096,-1.0124493044810224e-18,4.996003610813204e-16,2.0,0.4423104762170163,122.10770392387901,0.30526925980969755,0,0.0,,,,210.3326955273858,168.0,0.04235164703431153
low_volatility|20d|q10_minus_middle|beta_neutral|r5|ensemble,low_volatility|20d,low_volatility,20d,63,low_volatility_family_sensitivity,lower_tail,q10_minus_middle,market_neutral,True,5,ensemble,3,836.3333333333334,0.0,836.3333333333334,1.0,0,self_financing_spread_return,4181,0.042669232414749736,0.09070698103211822,0.5060736713829674,-0.1697648883395032,0.59,0.8235294117647058,0.04776507737825685,2.1272521616449436,0.033399137222458276,-0.012519539973871101,-0.000526979945499504,0.11088399111228049,2.000560778483959,0.4422507296197488,62.88589900681736,0.0,10,0.02300007661200069,,,,210.192936299131,56.0,0.04447757958393941
low_volatility|20d|q10_minus_middle|beta_neutral|r5|ensemble,low_volatility|20d,low_volatility,20d,63,low_volatility_family_sensitivity,lower_tail,q10_minus_middle,market_neutral,True,5,ensemble,3,836.3333333333334,0.0,836.3333333333334,1.0,5,self_financing_spread_return,4181,0.010391145854013129,0.09073552166006138,0.1593403476485946,-0.24264063748733478,0.545,0.6470588235294118,0.016356713241727244,0.7281727361476713,0.4665078530820286,-0.012776712869657054,-0.000526979945499504,0.11088399111228049,2.000560778483959,0.4422507296197488,62.88589900681736,0.03144294950340868,10,0.02300007661200069,,,,210.192936299131,56.0,0.04447757958393941
low_volatility|20d|q10_minus_middle|beta_neutral|r5|ensemble,low_volatility|20d,low_volatility,20d,63,low_volatility_family_sensitivity,lower_tail,q10_minus_middle,market_neutral,True,5,ensemble,3,836.3333333333334,0.0,836.3333333333334,1.0,10,self_financing_spread_return,4181,-0.020894590356403953,0.090798314005119,-0.18710430877879772,-0.4410950627451684,0.48,0.29411764705882354,-0.01505165089480262,-0.6696681579324096,0.5030693544869529,-0.013033885765443053,-0.000526979945499504,0.11088399111228049,2.000560778483959,0.4422507296197488,62.88589900681736,0.06288589900681736,10,0.02300007661200069,,,,210.192936299131,56.0,0.04447757958393941
low_volatility|20d|q10_minus_middle|beta_neutral|r5|ensemble,low_volatility|20d,low_volatility,20d,63,low_volatility_family_sensitivity,lower_tail,q10_minus_middle,market_neutral,True,5,ensemble,3,836.3333333333334,0.0,836.3333333333334,1.0,25,self_financing_spread_return,4181,-0.10909610147860649,0.09119130082215207,-1.2208238155756215,-0.8562464666278875,0.31,0.058823529411764705,-0.10927674330439198,-4.846878426750869,1.2541923049867458e-06,-0.013805404452801264,-0.000526979945499504,0.11088399111228049,2.000560778483959,0.4422507296197488,62.88589900681736,0.1572147475170434,10,0.02300007661200069,,,,210.192936299131,56.0,0.04447757958393941
low_volatility|20d|q10_minus_middle|beta_neutral|r21|ensemble,low_volatility|20d,low_volatility,20d,63,low_volatility_family_sensitivity,lower_tail,q10_minus_middle,market_neutral,True,21,ensemble,3,199.33333333333334,0.0,199.33333333333334,1.0,0,self_financing_spread_return,4181,0.027123319171690863,0.09060384583220245,0.34071066915268605,-0.18473925423377568,0.525,0.7058823529411765,0.02742885516188078,1.1734600474087347,0.24061136944769812,0.02315183810012581,-0.002462865011055643,0.3578632995954954,2.001719705695518,0.4451106397830421,29.106901049513915,0.0,21,0.012957239211031734,,,,209.656461771506,56.0,0.04529741731117071
low_volatility|20d|q10_minus_middle|beta_neutral|r21|ensemble,low_volatility|20d,low_volatility,20d,63,low_volatility_family_sensitivity,lower_tail,q10_minus_middle,market_neutral,True,21,ensemble,3,199.33333333333334,0.0,199.33333333333334,1.0,5,self_financing_spread_return,4181,0.012280332506714897,0.09062405080686353,0.180019248751624,-0.2014737749928216,0.5,0.6470588235294118,0.012892724460392049,0.5512070902479841,0.5814917201815111,0.02302068074347003,-0.002462865011055643,0.3578632995954954,2.001719705695518,0.4451106397830421,29.106901049513915,0.014553450524756957,21,0.012957239211031734,,,,209.656461771506,56.0,0.04529741731117071
low_volatility|20d|q10_minus_middle|beta_neutral|r21|ensemble,low_volatility|20d,low_volatility,20d,63,low_volatility_family_sensitivity,lower_tail,q10_minus_middle,market_neutral,True,21,ensemble,3,199.33333333333334,0.0,199.33333333333334,1.0,10,self_financing_spread_return,4181,-0.002354165776449757,0.0907013696732374,0.019387250216828862,-0.28233173157213975,0.46,0.4117647058823529,-0.0016434062410971841,-0.0701805415757897,0.9440499617056473,0.02288952338681419,-0.002462865011055643,0.3578632995954954,2.001719705695518,0.4451106397830421,29.106901049513915,0.029106901049513915,21,0.012957239211031734,,,,209.656461771506,56.0,0.04529741731117071
low_volatility|20d|q10_minus_middle|beta_neutral|r21|ensemble,low_volatility|20d,low_volatility,20d,63,low_volatility_family_sensitivity,lower_tail,q10_minus_middle,market_neutral,True,21,ensemble,3,199.33333333333334,0.0,199.33333333333334,1.0,25,self_financing_spread_return,4181,-0.04503498385853377,0.09127402211939063,-0.4591494826969075,-0.6090777615094659,0.395,0.17647058823529413,-0.04525179834556401,-1.9203622942039895,0.054812152808993826,0.022496051316846687,-0.002462865011055643,0.3578632995954954,2.001719705695518,0.4451106397830421,29.106901049513915,0.07276725262378479,21,0.012957239211031734,,,,209.656461771506,56.0,0.04529741731117071
low_volatility|20d|q10_minus_middle|beta_neutral|r63|ensemble,low_volatility|20d,low_volatility,20d,63,low_volatility_family_sensitivity,lower_tail,q10_minus_middle,market_neutral,True,63,ensemble,3,66.33333333333333,0.0,66.33333333333333,1.0,0,self_financing_spread_return,4181,0.03571713868400517,0.08739338917200741,0.4453137937523818,-0.22604435614728113,0.575,0.7647058823529411,0.030588327247745448,1.3534674760592098,0.17590633361710617,0.0560430404282943,-0.007914574357404565,0.3405833262623217,2.0082479519078063,0.4381545308640149,9.977838473943185,0.0,14,0.03294390707344357,,,,208.2709080762178,56.0,0.04769815562803235
low_volatility|20d|q10_minus_middle|beta_neutral|r63|ensemble,low_volatility|20d,low_volatility,20d,63,low_volatility_family_sensitivity,lower_tail,q10_minus_middle,market_neutral,True,63,ensemble,3,66.33333333333333,0.0,66.33333333333333,1.0,5,self_financing_spread_return,4181,0.030561813405623584,0.08739119497803988,0.38821665047099785,-0.22835407483327663,0.575,0.7647058823529411,0.02560028059989013,1.1325744855463857,0.25739298828433876,0.056024752002420575,-0.007914574357404565,0.3405833262623217,2.0082479519078063,0.4381545308640149,9.977838473943185,0.004988919236971593,14,0.03294390707344357,,,,208.2709080762178,56.0,0.04769815562803235
low_volatility|20d|q10_minus_middle|beta_neutral|r63|ensemble,low_volatility|20d,low_volatility,20d,63,low_volatility_family_sensitivity,lower_tail,q10_minus_middle,market_neutral,True,63,ensemble,3,66.33333333333333,0.0,66.33333333333333,1.0,10,self_financing_spread_return,4181,0.02542999081567987,0.08741195384336198,0.33102969372875163,-0.23065804107802645,0.555,0.7058823529411765,0.020612233952034584,0.9114646668578754,0.362050594324289,0.05600646357654678,-0.007914574357404565,0.3405833262623217,2.0082479519078063,0.4381545308640149,9.977838473943185,0.009977838473943186,14,0.03294390707344357,,,,208.2709080762178,56.0,0.04769815562803235
low_volatility|20d|q10_minus_middle|beta_neutral|r63|ensemble,low_volatility|20d,low_volatility,20d,63,low_volatility_family_sensitivity,lower_tail,q10_minus_middle,market_neutral,True,63,ensemble,3,66.33333333333333,0.0,66.33333333333333,1.0,25,self_financing_spread_return,4181,0.010174567674897217,0.08761169543852776,0.15938121253115176,-0.23856475359447515,0.535,0.5294117647058824,0.005648094008468524,0.24892970551282964,0.8034151567285399,0.05595159829892562,-0.007914574357404565,0.3405833262623217,2.0082479519078063,0.4381545308640149,9.977838473943185,0.02494459618485796,14,0.03294390707344357,,,,208.2709080762178,56.0,0.04769815562803235
low_volatility|20d|q10_minus_q1|unconstrained_beta|r1|ensemble,low_volatility|20d,low_volatility,20d,63,low_volatility_family_sensitivity,lower_tail,q10_minus_q1,market_neutral,False,1,ensemble,1,4181.0,0.0,0.0,,0,self_financing_spread_return,4181,-0.09304924517676527,0.25009978426398455,-0.26494091640855355,-0.8474156072662449,0.48,0.4117647058823529,0.06482811149748856,1.479204520438074,0.13908566177318582,-0.8820426804290223,-0.7278993248829186,1.519798175112546,2.0,1.5110889498941716e-18,112.87455525925148,0.0,0,0.0,,,,84.09519253767041,67.0,0.030303030303030304
low_volatility|20d|q10_minus_q1|unconstrained_beta|r1|ensemble,low_volatility|20d,low_volatility,20d,63,low_volatility_family_sensitivity,lower_tail,q10_minus_q1,market_neutral,False,1,ensemble,1,4181.0,0.0,0.0,,5,self_financing_spread_return,4181,-0.142823846118329,0.25005125573089954,-0.4906273539296749,-0.9297088966638067,0.43,0.4117647058823529,0.00834906058035785,0.1903517860678163,0.8490334759845849,-0.8816475065541807,-0.7278993248829186,1.519798175112546,2.0,1.5110889498941716e-18,112.87455525925148,0.056437277629625734,0,0.0,,,,84.09519253767041,67.0,0.030303030303030304
low_volatility|20d|q10_minus_q1|unconstrained_beta|r1|ensemble,low_volatility|20d,low_volatility,20d,63,low_volatility_family_sensitivity,lower_tail,q10_minus_q1,market_neutral,False,1,ensemble,1,4181.0,0.0,0.0,,10,self_financing_spread_return,4181,-0.1898788006966814,0.25001159516521787,-0.7163759974302273,-0.9717975707909692,0.395,0.11764705882352941,-0.04812999033677226,-1.0963107305466682,0.27294281505088114,-0.8812523326793396,-0.7278993248829186,1.519798175112546,2.0,1.5110889498941716e-18,112.87455525925148,0.11287455525925147,0,0.0,,,,84.09519253767041,67.0,0.030303030303030304
low_volatility|20d|q10_minus_q1|unconstrained_beta|r1|ensemble,low_volatility|20d,low_volatility,20d,63,low_volatility_family_sensitivity,lower_tail,q10_minus_q1,market_neutral,False,1,ensemble,1,4181.0,0.0,0.0,,25,self_financing_spread_return,4181,-0.31616557821771774,0.24994585876729675,-1.3937549007708132,-0.9982115878091504,0.29,0.0,-0.21756714308816244,-4.938266222920299,7.882019236000749e-07,-0.8800668110548167,-0.7278993248829186,1.519798175112546,2.0,1.5110889498941716e-18,112.87455525925148,0.2821863881481287,0,0.0,,,,84.09519253767041,67.0,0.030303030303030304
low_volatility|20d|q10_minus_q1|unconstrained_beta|r5|ensemble,low_volatility|20d,low_volatility,20d,63,low_volatility_family_sensitivity,lower_tail,q10_minus_q1,market_neutral,False,5,ensemble,3,836.3333333333334,0.0,0.0,,0,self_financing_spread_return,4181,-0.10980684452104938,0.24890888725885243,-0.3418980082876881,-0.8801206510600645,0.47,0.4117647058823529,0.044199423393107146,0.9862611303684975,0.3240049884561863,-0.870005987985374,-0.7323406351011911,1.7139226937372747,2.0048098691395797,-0.0009163182390752958,60.79999660877795,0.0,2,0.015753156257400296,,,,84.01905445268277,22.333333333333332,0.04965723726318703
low_volatility|20d|q10_minus_q1|unconstrained_beta|r5|ensemble,low_volatility|20d,low_volatility,20d,63,low_volatility_family_sensitivity,lower_tail,q10_minus_q1,market_neutral,False,5,ensemble,3,836.3333333333334,0.0,0.0,,5,self_financing_spread_return,4181,-0.1364643213863489,0.24892582000831742,-0.4639153212375758,-0.9239999849588099,0.45,0.35294117647058826,0.01383749179977328,0.30864440692879025,0.7575920370965297,-0.870121162818064,-0.7323406351011911,1.7139226937372747,2.0048098691395797,-0.0009163182390752958,60.79999660877795,0.030399998304388977,2,0.015753156257400296,,,,84.01905445268277,22.333333333333332,0.04965723726318703
low_volatility|20d|q10_minus_q1|unconstrained_beta|r5|ensemble,low_volatility|20d,low_volatility,20d,63,low_volatility_family_sensitivity,lower_tail,q10_minus_q1,market_neutral,False,5,ensemble,3,836.3333333333334,0.0,0.0,,10,self_financing_spread_return,4181,-0.16232897437406502,0.24895415657995112,-0.5858891962754663,-0.9536876110025078,0.42,0.23529411764705882,-0.01652443979355976,-0.3684130518078416,0.7125652668782314,-0.8702363376507539,-0.7323406351011911,1.7139226937372747,2.0048098691395797,-0.0009163182390752958,60.79999660877795,0.060799996608777954,2,0.015753156257400296,,,,84.01905445268277,22.333333333333332,0.04965723726318703
low_volatility|20d|q10_minus_q1|unconstrained_beta|r5|ensemble,low_volatility|20d,low_volatility,20d,63,low_volatility_family_sensitivity,lower_tail,q10_minus_q1,market_neutral,False,5,ensemble,3,836.3333333333334,0.0,0.0,,25,self_financing_spread_return,4181,-0.23539674939485644,0.24910754248073275,-0.9513830661716384,-0.9895269983036649,0.365,0.058823529411764705,-0.1076102345735605,-2.395372608997173,0.01660348273983168,-0.8705818621488226,-0.7323406351011911,1.7139226937372747,2.0048098691395797,-0.0009163182390752958,60.79999660877795,0.15199999152194488,2,0.015753156257400296,,,,84.01905445268277,22.333333333333332,0.04965723726318703
low_volatility|20d|q10_minus_q1|unconstrained_beta|r21|ensemble,low_volatility|20d,low_volatility,20d,63,low_volatility_family_sensitivity,lower_tail,q10_minus_q1,market_neutral,False,21,ensemble,3,199.33333333333334,0.0,0.0,,0,self_financing_spread_return,4181,-0.09752943427260852,0.24339784625007482,-0.2989861930132803,-0.8602693152200525,0.47,0.4117647058823529,0.046376228583134574,0.9939959170405409,0.32022485522358635,-0.8016975090394216,-0.7453404218950072,1.9764711373926642,2.014353503648659,-0.0020265131377640868,30.995562201544477,0.0,4,0.01495704597481643,,,,83.71769114246989,22.333333333333332,0.05819585376462109
low_volatility|20d|q10_minus_q1|unconstrained_beta|r21|ensemble,low_volatility|20d,low_volatility,20d,63,low_volatility_family_sensitivity,lower_tail,q10_minus_q1,market_neutral,False,21,ensemble,3,199.33333333333334,0.0,0.0,,5,self_financing_spread_return,4181,-0.11141091790532887,0.24338863821850595,-0.36265840213814615,-0.8890880481941708,0.47,0.4117647058823529,0.030887437080184814,0.661721943373434,0.5081494389663457,-0.801734836914928,-0.7453404218950072,1.9764711373926642,2.014353503648659,-0.0020265131377640868,30.995562201544477,0.015497781100772238,4,0.01495704597481643,,,,83.71769114246989,22.333333333333332,0.05819585376462109
low_volatility|20d|q10_minus_q1|unconstrained_beta|r21|ensemble,low_volatility|20d,low_volatility,20d,63,low_volatility_family_sensitivity,lower_tail,q10_minus_q1,market_neutral,False,21,ensemble,3,199.33333333333334,0.0,0.0,,10,self_financing_spread_return,4181,-0.12508481805512184,0.24340337046354,-0.42629349640582115,-0.9119721254874713,0.46,0.35294117647058826,0.015398645577234896,0.32970211047945835,0.7416250589038724,-0.8017721647904342,-0.7453404218950072,1.9764711373926642,2.014353503648659,-0.0020265131377640868,30.995562201544477,0.030995562201544476,4,0.01495704597481643,,,,83.71769114246989,22.333333333333332,0.05819585376462109
low_volatility|20d|q10_minus_q1|unconstrained_beta|r21|ensemble,low_volatility|20d,low_volatility,20d,63,low_volatility_family_sensitivity,lower_tail,q10_minus_q1,market_neutral,False,21,ensemble,3,199.33333333333334,0.0,0.0,,25,self_financing_spread_return,4181,-0.16489096031075512,0.24359113012850378,-0.6167888434340251,-0.9560177691159941,0.44,0.17647058823529413,-0.03106772893161427,-0.6634893354517036,0.5070172074081087,-0.8018841484169533,-0.7453404218950072,1.9764711373926642,2.014353503648659,-0.0020265131377640868,30.995562201544477,0.07748890550386119,4,0.01495704597481643,,,,83.71769114246989,22.333333333333332,0.05819585376462109
low_volatility|20d|q10_minus_q1|unconstrained_beta|r63|ensemble,low_volatility|20d,low_volatility,20d,63,low_volatility_family_sensitivity,lower_tail,q10_minus_q1,market_neutral,False,63,ensemble,3,66.33333333333333,0.0,0.0,,0,self_financing_spread_return,4181,-0.09066865942757885,0.25508611767518147,-0.24498097389946957,-0.8467911217010095,0.495,0.35294117647058826,0.04861894821091093,0.9225076203809469,0.3562638572986898,-0.7476092717479976,-0.8028394128486003,3.8303918551861535,2.0587567151246637,-0.01067603441466352,10.819918093838556,0.0,4,0.023122344032152447,,,,82.96109383720002,22.333333333333332,0.1225337417600096
low_volatility|20d|q10_minus_q1|unconstrained_beta|r63|ensemble,low_volatility|20d,low_volatility,20d,63,low_volatility_family_sensitivity,lower_tail,q10_minus_q1,market_neutral,False,63,ensemble,3,66.33333333333333,0.0,0.0,,5,self_financing_spread_return,4181,-0.09557593961825872,0.2550852596979818,-0.26618603325213086,-0.8586057398695375,0.485,0.35294117647058826,0.04321118007579371,0.8197704429072828,0.41234698372352985,-0.7476168060206434,-0.8028394128486003,3.8303918551861535,2.0587567151246637,-0.01067603441466352,10.819918093838556,0.005409959046919277,4,0.023122344032152447,,,,82.96109383720002,22.333333333333332,0.1225337417600096
low_volatility|20d|q10_minus_q1|unconstrained_beta|r63|ensemble,low_volatility|20d,low_volatility,20d,63,low_volatility_family_sensitivity,lower_tail,q10_minus_q1,market_neutral,False,63,ensemble,3,66.33333333333333,0.0,0.0,,10,self_financing_spread_return,4181,-0.10045896244135011,0.25509362881707526,-0.28738083990509705,-0.8695141353925446,0.475,0.35294117647058826,0.03780341194067651,0.7170166514016175,0.4733638222881186,-0.7476243402932887,-0.8028394128486003,3.8303918551861535,2.0587567151246637,-0.01067603441466352,10.819918093838556,0.010819918093838555,4,0.023122344032152447,,,,82.96109383720002,22.333333333333332,0.1225337417600096
low_volatility|20d|q10_minus_q1|unconstrained_beta|r63|ensemble,low_volatility|20d,low_volatility,20d,63,low_volatility_family_sensitivity,lower_tail,q10_minus_q1,market_neutral,False,63,ensemble,3,66.33333333333333,0.0,0.0,,25,self_financing_spread_return,4181,-0.11496357432934612,0.25517408466851554,-0.3508807921132976,-0.897467529626911,0.465,0.35294117647058826,0.02158010753532511,0.4088659814095872,0.6826380152329363,-0.7476469431112257,-0.8028394128486003,3.8303918551861535,2.0587567151246637,-0.01067603441466352,10.819918093838556,0.02704979523459639,4,0.023122344032152447,,,,82.96109383720002,22.333333333333332,0.1225337417600096
low_volatility|20d|q10_minus_q1|beta_neutral|r1|ensemble,low_volatility|20d,low_volatility,20d,63,low_volatility_family_sensitivity,lower_tail,q10_minus_q1,market_neutral,True,1,ensemble,1,4181.0,0.0,4181.0,1.0,0,self_financing_spread_return,4181,0.058353014553610194,0.16956561709759024,0.4192660510232035,-0.42166166719047404,0.59,0.7647058823529411,0.07656926860108206,1.8971594272384624,0.057806899877548085,-0.0368465691160607,2.413844144954356e-18,6.661338147750939e-16,2.0,0.7310265484977144,120.60917501370378,0.0,0,0.0,,,,83.85075340827554,67.0,0.04701006373900266
low_volatility|20d|q10_minus_q1|beta_neutral|r1|ensemble,low_volatility|20d,low_volatility,20d,63,low_volatility_family_sensitivity,lower_tail,q10_minus_q1,market_neutral,True,1,ensemble,1,4181.0,0.0,4181.0,1.0,5,self_financing_spread_return,4181,-0.0035928492783828814,0.16956821985654585,0.06356193401513983,-0.5617698784209674,0.53,0.47058823529411764,0.016234926294175445,0.401822585229624,0.6878145992971956,-0.03671657617380849,2.413844144954356e-18,6.661338147750939e-16,2.0,0.7310265484977144,120.60917501370378,0.06030458750685189,0,0.0,,,,83.85075340827554,67.0,0.04701006373900266
low_volatility|20d|q10_minus_q1|beta_neutral|r1|ensemble,low_volatility|20d,low_volatility,20d,63,low_volatility_family_sensitivity,lower_tail,q10_minus_q1,market_neutral,True,1,ensemble,1,4181.0,0.0,4181.0,1.0,10,self_financing_spread_return,4181,-0.06192927123921799,0.16958795966507592,-0.2921017433341299,-0.7524899927959392,0.485,0.29411764705882354,-0.044099416012731665,-1.0900852645344934,0.2756755866512193,-0.036586583231556564,2.413844144954356e-18,6.661338147750939e-16,2.0,0.7310265484977144,120.60917501370378,0.12060917501370377,0,0.0,,,,83.85075340827554,67.0,0.04701006373900266
low_volatility|20d|q10_minus_q1|beta_neutral|r1|ensemble,low_volatility|20d,low_volatility,20d,63,low_volatility_family_sensitivity,lower_tail,q10_minus_q1,market_neutral,True,1,ensemble,1,4181.0,0.0,4181.0,1.0,25,self_financing_spread_return,4181,-0.21731579984752947,0.1697499156523668,-1.357773909846015,-0.9833544789316446,0.325,0.058823529411764705,-0.22510244293345175,-5.536046236394989,3.093759268675396e-08,-0.036196604404800534,2.413844144954356e-18,6.661338147750939e-16,2.0,0.7310265484977144,120.60917501370378,0.3015229375342594,0,0.0,,,,83.85075340827554,67.0,0.04701006373900266
low_volatility|20d|q10_minus_q1|beta_neutral|r5|ensemble,low_volatility|20d,low_volatility,20d,63,low_volatility_family_sensitivity,lower_tail,q10_minus_q1,market_neutral,True,5,ensemble,3,836.3333333333334,0.0,836.3333333333334,1.0,0,self_financing_spread_return,4181,0.04513979357461406,0.16831005333782773,0.34656654605283255,-0.39219689707534855,0.585,0.7058823529411765,0.06300351919206416,1.5709329525890738,0.11619822338193402,-0.031441691250663775,-0.0013432773587925884,0.21867611633931783,2.000865907362006,0.7310957105443847,63.292899871622865,0.0,2,0.021380494572014436,,,,83.77605038666985,22.333333333333332,0.050597738477943854
low_volatility|20d|q10_minus_q1|beta_neutral|r5|ensemble,low_volatility|20d,low_volatility,20d,63,low_volatility_family_sensitivity,lower_tail,q10_minus_q1,market_neutral,True,5,ensemble,3,836.3333333333334,0.0,836.3333333333334,1.0,5,self_financing_spread_return,4181,0.012579097162896513,0.1683238949768311,0.15851273136644603,-0.4623376451445743,0.555,0.6470588235294118,0.03139170110286588,0.7825299653970826,0.43390318204570977,-0.03169290404681138,-0.0013432773587925884,0.21867611633931783,2.000865907362006,0.7310957105443847,63.292899871622865,0.031646449935811435,2,0.021380494572014436,,,,83.77605038666985,22.333333333333332,0.050597738477943854
low_volatility|20d|q10_minus_q1|beta_neutral|r5|ensemble,low_volatility|20d,low_volatility,20d,63,low_volatility_family_sensitivity,lower_tail,q10_minus_q1,market_neutral,True,5,ensemble,3,836.3333333333334,0.0,836.3333333333334,1.0,10,self_financing_spread_return,4181,-0.018974182949461293,0.1683564652216603,-0.029506874895990534,-0.5657675209457832,0.505,0.4117647058823529,-0.00022011698633279627,-0.0054853442879807136,0.9956233504301126,-0.03194411684295897,-0.0013432773587925884,0.21867611633931783,2.000865907362006,0.7310957105443847,63.292899871622865,0.06329289987162287,2,0.021380494572014436,,,,83.77605038666985,22.333333333333332,0.050597738477943854
low_volatility|20d|q10_minus_q1|beta_neutral|r5|ensemble,low_volatility|20d,low_volatility,20d,63,low_volatility_family_sensitivity,lower_tail,q10_minus_q1,market_neutral,True,5,ensemble,3,836.3333333333334,0.0,836.3333333333334,1.0,25,self_financing_spread_return,4181,-0.10789436092813831,0.16856640781676135,-0.5927345487397875,-0.8649192131122151,0.43,0.11764705882352941,-0.09505557125392788,-2.3656291435885404,0.017999464451830104,-0.0326977552314019,-0.0013432773587925884,0.21867611633931783,2.000865907362006,0.7310957105443847,63.292899871622865,0.15823224967905716,2,0.021380494572014436,,,,83.77605038666985,22.333333333333332,0.050597738477943854
low_volatility|20d|q10_minus_q1|beta_neutral|r21|ensemble,low_volatility|20d,low_volatility,20d,63,low_volatility_family_sensitivity,lower_tail,q10_minus_q1,market_neutral,True,21,ensemble,3,199.33333333333334,0.0,199.33333333333334,1.0,0,self_financing_spread_return,4181,0.0363706298469022,0.166706156495462,0.2977901835812518,-0.3773548546945661,0.57,0.7058823529411765,0.047998655287536725,1.1743661381115076,0.24024840238271306,0.011067112109717801,-0.005250128982486681,0.4746784040737553,1.9996682807056458,0.7335404435214828,31.001263414634952,0.0,4,0.011917516892844211,,,,83.48744319540779,22.333333333333332,0.051860277384258434
low_volatility|20d|q10_minus_q1|beta_neutral|r21|ensemble,low_volatility|20d,low_volatility,20d,63,low_volatility_family_sensitivity,lower_tail,q10_minus_q1,market_neutral,True,21,ensemble,3,199.33333333333334,0.0,199.33333333333334,1.0,5,self_financing_spread_return,4181,0.020426615078150467,0.16669320171074437,0.20478450660804406,-0.4247929405229096,0.56,0.5882352941176471,0.03251208150962297,0.7952078055917912,0.426492632038162,0.010927844124934723,-0.005250128982486681,0.4746784040737553,1.9996682807056458,0.7335404435214828,31.001263414634952,0.015500631707317476,4,0.011917516892844211,,,,83.48744319540779,22.333333333333332,0.051860277384258434
low_volatility|20d|q10_minus_q1|beta_neutral|r21|ensemble,low_volatility|20d,low_volatility,20d,63,low_volatility_family_sensitivity,lower_tail,q10_minus_q1,market_neutral,True,21,ensemble,3,199.33333333333334,0.0,199.33333333333334,1.0,10,self_financing_spread_return,4181,0.004721036149633928,0.16671545810706068,0.11174076716766503,-0.4822337046219618,0.52,0.5294117647058824,0.017025507731709567,0.4162171856074382,0.6772510853045167,0.010788576140151544,-0.005250128982486681,0.4746784040737553,1.9996682807056458,0.7335404435214828,31.001263414634952,0.031001263414634952,4,0.011917516892844211,,,,83.48744319540779,22.333333333333332,0.051860277384258434
low_volatility|20d|q10_minus_q1|beta_neutral|r21|ensemble,low_volatility|20d,low_volatility,20d,63,low_volatility_family_sensitivity,lower_tail,q10_minus_q1,market_neutral,True,21,ensemble,3,199.33333333333334,0.0,199.33333333333334,1.0,25,self_financing_spread_return,4181,-0.04099947471355114,0.16699324223070894,-0.16703012696075523,-0.6369924337843011,0.505,0.4117647058823529,-0.029434213602030947,-0.7177336663745377,0.47292152077726135,0.01037077218580206,-0.005250128982486681,0.4746784040737553,1.9996682807056458,0.7335404435214828,31.001263414634952,0.07750315853658737,4,0.011917516892844211,,,,83.48744319540779,22.333333333333332,0.051860277384258434
low_volatility|20d|q10_minus_q1|beta_neutral|r63|ensemble,low_volatility|20d,low_volatility,20d,63,low_volatility_family_sensitivity,lower_tail,q10_minus_q1,market_neutral,True,63,ensemble,3,66.33333333333333,0.0,66.33333333333333,1.0,0,self_financing_spread_return,4181,0.047426663007110514,0.165861370574269,0.36235083323644257,-0.3811356633844195,0.565,0.5882352941176471,0.05038336068832415,1.2371515547326453,0.21603082299679766,0.06537882576484505,-0.016675365784867648,0.6297734387357136,2.003925298974942,0.738978818804559,10.608952038667901,0.0,4,0.030974101852382068,,,,82.78864705413379,22.333333333333332,0.05476481244738629
low_volatility|20d|q10_minus_q1|beta_neutral|r63|ensemble,low_volatility|20d,low_volatility,20d,63,low_volatility_family_sensitivity,lower_tail,q10_minus_q1,market_neutral,True,63,ensemble,3,66.33333333333333,0.0,66.33333333333333,1.0,5,self_financing_spread_return,4181,0.041884090664777274,0.1658531307305436,0.33036629606879037,-0.3853994739267107,0.56,0.5882352941176471,0.045078861262312635,1.1067142231655682,0.268417503980772,0.06535714700127136,-0.016675365784867648,0.6297734387357136,2.003925298974942,0.738978818804559,10.608952038667901,0.005304476019333951,4,0.030974101852382068,,,,82.78864705413379,22.333333333333332,0.05476481244738629
low_volatility|20d|q10_minus_q1|beta_neutral|r63|ensemble,low_volatility|20d,low_volatility,20d,63,low_volatility_family_sensitivity,lower_tail,q10_minus_q1,market_neutral,True,63,ensemble,3,66.33333333333333,0.0,66.33333333333333,1.0,10,self_financing_spread_return,4181,0.03636839366228739,0.16585849871061978,0.2983541002546881,-0.38963587527256494,0.56,0.5882352941176471,0.039774361836301064,0.9762144060998648,0.32895822569300015,0.0653354682376977,-0.016675365784867648,0.6297734387357136,2.003925298974942,0.738978818804559,10.608952038667901,0.010608952038667902,4,0.030974101852382068,,,,82.78864705413379,22.333333333333332,0.05476481244738629
low_volatility|20d|q10_minus_q1|beta_neutral|r63|ensemble,low_volatility|20d,low_volatility,20d,63,low_volatility_family_sensitivity,lower_tail,q10_minus_q1,market_neutral,True,63,ensemble,3,66.33333333333333,0.0,66.33333333333333,1.0,25,self_financing_spread_return,4181,0.019981372467457126,0.16595621965209567,0.20223043889147765,-0.41514091224269356,0.55,0.5882352941176471,0.02386086355826653,0.5847676457397997,0.558703962077281,0.06527043194697657,-0.016675365784867648,0.6297734387357136,2.003925298974942,0.738978818804559,10.608952038667901,0.026522380096669754,4,0.030974101852382068,,,,82.78864705413379,22.333333333333332,0.05476481244738629
low_volatility|252d|continuous_high_minus_low|unconstrained_beta|r1|ensemble,low_volatility|252d,low_volatility,252d,63,low_volatility_family_sensitivity,no_stable_structure,continuous_high_minus_low,market_neutral,False,1,ensemble,1,4181.0,0.0,0.0,,0,self_financing_spread_return,4181,-0.0653542766203995,0.17404449129065327,-0.3009521022131126,-0.7254482923284605,0.445,0.4117647058823529,0.042001028652086894,1.3436503027438345,0.179061494938632,-0.6350400771085853,-0.6583735235401555,1.1801701762327088,2.0,2.567647986386623e-18,13.56156870752759,0.0,0,0.0,,,,418.3527864147333,335.0,0.011940191473340744
low_volatility|252d|continuous_high_minus_low|unconstrained_beta|r1|ensemble,low_volatility|252d,low_volatility,252d,63,low_volatility_family_sensitivity,no_stable_structure,continuous_high_minus_low,market_neutral,False,1,ensemble,1,4181.0,0.0,0.0,,5,self_financing_spread_return,4181,-0.07167061263187002,0.17404988116849018,-0.33988119464823086,-0.740693932763185,0.445,0.4117647058823529,0.035223236359316575,1.1260760661931506,0.26013332366178443,-0.6350362668353545,-0.6583735235401555,1.1801701762327088,2.0,2.567647986386623e-18,13.56156870752759,0.006780784353763795,0,0.0,,,,418.3527864147333,335.0,0.011940191473340744
low_volatility|252d|continuous_high_minus_low|unconstrained_beta|r1|ensemble,low_volatility|252d,low_volatility,252d,63,low_volatility_family_sensitivity,no_stable_structure,continuous_high_minus_low,market_neutral,False,1,ensemble,1,4181.0,0.0,0.0,,10,self_financing_spread_return,4181,-0.07794454796855699,0.17405598591824237,-0.37880632027383876,-0.7649262800766343,0.44,0.4117647058823529,0.02844544406654603,0.9087749739431185,0.3634689193001438,-0.6350324565621237,-0.6583735235401555,1.1801701762327088,2.0,2.567647986386623e-18,13.56156870752759,0.01356156870752759,0,0.0,,,,418.3527864147333,335.0,0.011940191473340744
low_volatility|252d|continuous_high_minus_low|unconstrained_beta|r1|ensemble,low_volatility|252d,low_volatility,252d,63,low_volatility_family_sensitivity,no_stable_structure,continuous_high_minus_low,market_neutral,False,1,ensemble,1,4181.0,0.0,0.0,,25,self_financing_spread_return,4181,-0.09651476888519206,0.1740785886028617,-0.49555310771914785,-0.8248666926622648,0.44,0.23529411764705882,0.008112067188233957,0.2586122776844554,0.7959344092244293,-0.635021025742431,-0.6583735235401555,1.1801701762327088,2.0,2.567647986386623e-18,13.56156870752759,0.03390392176881898,0,0.0,,,,418.3527864147333,335.0,0.011940191473340744
low_volatility|252d|continuous_high_minus_low|unconstrained_beta|r5|ensemble,low_volatility|252d,low_volatility,252d,63,low_volatility_family_sensitivity,no_stable_structure,continuous_high_minus_low,market_neutral,False,5,ensemble,3,836.3333333333334,0.0,0.0,,0,self_financing_spread_return,4181,-0.06601703118959956,0.17299706740308646,-0.307890713229774,-0.7293631047981921,0.46,0.4117647058823529,0.03922534132322664,1.2281192976502704,0.21940218782485732,-0.6223194216105022,-0.6601242914654322,1.2726386613355953,2.0033384985311025,-0.0004894754860295572,6.813337167193072,0.0,4,0.013138480478557467,,,,418.05142310452044,111.66666666666667,0.018013181556085462
low_volatility|252d|continuous_high_minus_low|unconstrained_beta|r5|ensemble,low_volatility|252d,low_volatility,252d,63,low_volatility_family_sensitivity,no_stable_structure,continuous_high_minus_low,market_neutral,False,5,ensemble,3,836.3333333333334,0.0,0.0,,5,self_financing_spread_return,4181,-0.06919344280711093,0.17300370410713897,-0.32755597306573964,-0.7423743936389318,0.455,0.4117647058823529,0.035829613287231964,1.1214572798038693,0.2620932660863915,-0.6223764670886388,-0.6601242914654322,1.2726386613355953,2.0033384985311025,-0.0004894754860295572,6.813337167193072,0.003406668583596536,4,0.013138480478557467,,,,418.05142310452044,111.66666666666667,0.018013181556085462
low_volatility|252d|continuous_high_minus_low|unconstrained_beta|r5|ensemble,low_volatility|252d,low_volatility,252d,63,low_volatility_family_sensitivity,no_stable_structure,continuous_high_minus_low,market_neutral,False,5,ensemble,3,836.3333333333334,0.0,0.0,,10,self_financing_spread_return,4181,-0.07235916060990166,0.17301075148515746,-0.34721889998460803,-0.7547605024309099,0.455,0.4117647058823529,0.0324338852512375,1.014854653982649,0.31017511657215313,-0.6224335125667755,-0.6601242914654322,1.2726386613355953,2.0033384985311025,-0.0004894754860295572,6.813337167193072,0.006813337167193072,4,0.013138480478557467,,,,418.05142310452044,111.66666666666667,0.018013181556085462
low_volatility|252d|continuous_high_minus_low|unconstrained_beta|r5|ensemble,low_volatility|252d,low_volatility,252d,63,low_volatility_family_sensitivity,no_stable_structure,continuous_high_minus_low,market_neutral,False,5,ensemble,3,836.3333333333334,0.0,0.0,,25,self_financing_spread_return,4181,-0.08179250703442742,0.17303435714660798,-0.40619228744741487,-0.7884608344621838,0.455,0.29411764705882354,0.022246701143253535,0.695421522892281,0.4867911762285727,-0.6226046490011842,-0.6601242914654322,1.2726386613355953,2.0033384985311025,-0.0004894754860295572,6.813337167193072,0.01703334291798268,4,0.013138480478557467,,,,418.05142310452044,111.66666666666667,0.018013181556085462
low_volatility|252d|continuous_high_minus_low|unconstrained_beta|r21|ensemble,low_volatility|252d,low_volatility,252d,63,low_volatility_family_sensitivity,no_stable_structure,continuous_high_minus_low,market_neutral,False,21,ensemble,3,199.33333333333334,0.0,0.0,,0,self_financing_spread_return,4181,-0.062195968098469834,0.16935107558063217,-0.2941848596648922,-0.7114034418008821,0.46,0.4117647058823529,0.036204505205274934,1.107047758087938,0.26827328058466393,-0.5788227531060901,-0.6637913714203815,1.3780898495805047,2.0111174283754267,-0.000981376880229847,3.857776268406194,0.0,4,0.019782769074042524,,,,416.8488399904329,111.66666666666667,0.020598222046364804
low_volatility|252d|continuous_high_minus_low|unconstrained_beta|r21|ensemble,low_volatility|252d,low_volatility,252d,63,low_volatility_family_sensitivity,no_stable_structure,continuous_high_minus_low,market_neutral,False,21,ensemble,3,199.33333333333334,0.0,0.0,,5,self_financing_spread_return,4181,-0.06400320726292386,0.16935873144300004,-0.3055494782017027,-0.7193088396277977,0.46,0.4117647058823529,0.03428971473311938,1.0482881831794795,0.2945058523300639,-0.57890456638989,-0.6637913714203815,1.3780898495805047,2.0111174283754267,-0.000981376880229847,3.857776268406194,0.001928888134203097,4,0.019782769074042524,,,,416.8488399904329,111.66666666666667,0.020598222046364804
low_volatility|252d|continuous_high_minus_low|unconstrained_beta|r21|ensemble,low_volatility|252d,low_volatility,252d,63,low_volatility_family_sensitivity,no_stable_structure,continuous_high_minus_low,market_neutral,False,21,ensemble,3,199.33333333333334,0.0,0.0,,10,self_financing_spread_return,4181,-0.06580709062885248,0.16936709629449564,-0.31691174267702005,-0.7269981680636097,0.46,0.4117647058823529,0.032374924260963694,0.9895459963741876,0.32239607710218954,-0.5789863796736899,-0.6637913714203815,1.3780898495805047,2.0111174283754267,-0.000981376880229847,3.857776268406194,0.003857776268406194,4,0.019782769074042524,,,,416.8488399904329,111.66666666666667,0.020598222046364804
low_volatility|252d|continuous_high_minus_low|unconstrained_beta|r21|ensemble,low_volatility|252d,low_volatility,252d,63,low_volatility_family_sensitivity,no_stable_structure,continuous_high_minus_low,market_neutral,False,21,ensemble,3,199.33333333333334,0.0,0.0,,25,self_financing_spread_return,4181,-0.07119866597443936,0.1693964436889342,-0.35098299112221326,-0.7488278646403591,0.46,0.4117647058823529,0.026630552844497023,0.8134345874763173,0.41596893567403725,-0.5792318195250894,-0.6637913714203815,1.3780898495805047,2.0111174283754267,-0.000981376880229847,3.857776268406194,0.009644440671015485,4,0.019782769074042524,,,,416.8488399904329,111.66666666666667,0.020598222046364804
low_volatility|252d|continuous_high_minus_low|unconstrained_beta|r63|ensemble,low_volatility|252d,low_volatility,252d,63,low_volatility_family_sensitivity,no_stable_structure,continuous_high_minus_low,market_neutral,False,63,ensemble,3,66.33333333333333,0.0,0.0,,0,self_financing_spread_return,4181,-0.059999337957155174,0.17059663054227708,-0.2772201382618609,-0.7047524803844187,0.46,0.4117647058823529,0.03256695966252126,0.9368128233947352,0.3488548479138355,-0.5373396519957415,-0.6804956147409712,1.6306853140997009,2.0442874659613675,-0.006516046234411753,2.643204665798911,0.0,4,0.019052279084251986,,,,413.909032926732,111.66666666666667,0.032932809644107754
low_volatility|252d|continuous_high_minus_low|unconstrained_beta|r63|ensemble,low_volatility|252d,low_volatility,252d,63,low_volatility_family_sensitivity,no_stable_structure,continuous_high_minus_low,market_neutral,False,63,ensemble,3,66.33333333333333,0.0,0.0,,5,self_financing_spread_return,4181,-0.06124090183490227,0.17060128972739708,-0.2849527225307113,-0.710281749439625,0.46,0.4117647058823529,0.031251639771365025,0.8989181122951533,0.36869627969568985,-0.5373743751459245,-0.6804956147409712,1.6306853140997009,2.0442874659613675,-0.006516046234411753,2.643204665798911,0.0013216023328994557,4,0.019052279084251986,,,,413.909032926732,111.66666666666667,0.032932809644107754
low_volatility|252d|continuous_high_minus_low|unconstrained_beta|r63|ensemble,low_volatility|252d,low_volatility,252d,63,low_volatility_family_sensitivity,no_stable_structure,continuous_high_minus_low,market_neutral,False,63,ensemble,3,66.33333333333333,0.0,0.0,,10,self_financing_spread_return,4181,-0.062480980401822706,0.17060687027735413,-0.29268330380265556,-0.7157080938693423,0.455,0.4117647058823529,0.02993631988020894,0.8610195895576377,0.38922725396488733,-0.5374090982961073,-0.6804956147409712,1.6306853140997009,2.0442874659613675,-0.006516046234411753,2.643204665798911,0.0026432046657989114,4,0.019052279084251986,,,,413.909032926732,111.66666666666667,0.032932809644107754
low_volatility|252d|continuous_high_minus_low|unconstrained_beta|r63|ensemble,low_volatility|252d,low_volatility,252d,63,low_volatility_family_sensitivity,no_stable_structure,continuous_high_minus_low,market_neutral,False,63,ensemble,3,66.33333333333333,0.0,0.0,,25,self_financing_spread_return,4181,-0.06619232025993305,0.17062913913760255,-0.3158617814284822,-0.7313884477547907,0.455,0.4117647058823529,0.025990360206740108,0.7473127276069028,0.45487481149785314,-0.5375132677466561,-0.6804956147409712,1.6306853140997009,2.0442874659613675,-0.006516046234411753,2.643204665798911,0.006608011664497278,4,0.019052279084251986,,,,413.909032926732,111.66666666666667,0.032932809644107754
low_volatility|252d|continuous_high_minus_low|beta_neutral|r1|ensemble,low_volatility|252d,low_volatility,252d,63,low_volatility_family_sensitivity,no_stable_structure,continuous_high_minus_low,market_neutral,True,1,ensemble,1,4181.0,0.0,4181.0,1.0,0,self_financing_spread_return,4181,0.0465119240868892,0.12589422194361594,0.42417347342191414,-0.2917882533750522,0.55,0.7058823529411765,0.050311026229207856,1.6469283057717523,0.09957278301209509,0.020790937735795198,7.961664004002918e-19,4.718447854656915e-16,2.0,0.6556733014167462,11.541316160562706,0.0,0,0.0,,,,418.3527864147333,335.0,0.01847140803323839
low_volatility|252d|continuous_high_minus_low|beta_neutral|r1|ensemble,low_volatility|252d,low_volatility,252d,63,low_volatility_family_sensitivity,no_stable_structure,continuous_high_minus_low,market_neutral,True,1,ensemble,1,4181.0,0.0,4181.0,1.0,5,self_financing_spread_return,4181,0.040490130115503176,0.1258959330010814,0.37832758779305425,-0.29658738073765856,0.545,0.7058823529411765,0.04454222973371511,1.457450334565098,0.14499211143331164,0.02077554105668118,7.961664004002918e-19,4.718447854656915e-16,2.0,0.6556733014167462,11.541316160562706,0.005770658080281353,0,0.0,,,,418.3527864147333,335.0,0.01847140803323839
low_volatility|252d|continuous_high_minus_low|beta_neutral|r1|ensemble,low_volatility|252d,low_volatility,252d,63,low_volatility_family_sensitivity,no_stable_structure,continuous_high_minus_low,market_neutral,True,1,ensemble,1,4181.0,0.0,4181.0,1.0,10,self_financing_spread_return,4181,0.03450274241908202,0.12589846873896846,0.33248077045102553,-0.30135414469202526,0.54,0.7058823529411765,0.03877343323822156,1.2681205064272911,0.20475491945443347,0.020760144377567402,7.961664004002918e-19,4.718447854656915e-16,2.0,0.6556733014167462,11.541316160562706,0.011541316160562707,0,0.0,,,,418.3527864147333,335.0,0.01847140803323839
low_volatility|252d|continuous_high_minus_low|beta_neutral|r1|ensemble,low_volatility|252d,low_volatility,252d,63,low_volatility_family_sensitivity,no_stable_structure,continuous_high_minus_low,market_neutral,True,1,ensemble,1,4181.0,0.0,4181.0,1.0,25,self_financing_spread_return,4181,0.01674506932569808,0.1259110234558875,0.19494373828659198,-0.3765823843947883,0.515,0.6470588235294118,0.021467043751741532,0.7010952505792906,0.4832435741131643,0.020713954340225486,7.961664004002918e-19,4.718447854656915e-16,2.0,0.6556733014167462,11.541316160562706,0.028853290401406766,0,0.0,,,,418.3527864147333,335.0,0.01847140803323839
low_volatility|252d|continuous_high_minus_low|beta_neutral|r5|ensemble,low_volatility|252d,low_volatility,252d,63,low_volatility_family_sensitivity,no_stable_structure,continuous_high_minus_low,market_neutral,True,5,ensemble,3,836.3333333333334,0.0,836.3333333333334,1.0,0,self_financing_spread_return,4181,0.044727686424400837,0.12591892935830937,0.41055296479404174,-0.291742919593759,0.545,0.7058823529411765,0.04711304643136268,1.5245419757518583,0.12737337947799948,0.030839204408825992,-0.00023234239900762782,0.17531127874793206,2.000726616572526,0.655659281325149,5.8915474518441995,0.0,4,0.012280193949810928,,,,418.05142310452044,111.66666666666667,0.018636183143228235
low_volatility|252d|continuous_high_minus_low|beta_neutral|r5|ensemble,low_volatility|252d,low_volatility,252d,63,low_volatility_family_sensitivity,no_stable_structure,continuous_high_minus_low,market_neutral,True,5,ensemble,3,836.3333333333334,0.0,836.3333333333334,1.0,5,self_financing_spread_return,4181,0.0416546360950083,0.12591979152453478,0.38715460293436066,-0.2948738054906128,0.545,0.7058823529411765,0.044176425213474244,1.429203421036607,0.15294577472546717,0.030776348654266945,-0.00023234239900762782,0.17531127874793206,2.000726616572526,0.655659281325149,5.8915474518441995,0.0029457737259221,4,0.012280193949810928,,,,418.05142310452044,111.66666666666667,0.018636183143228235
low_volatility|252d|continuous_high_minus_low|beta_neutral|r5|ensemble,low_volatility|252d,low_volatility,252d,63,low_volatility_family_sensitivity,no_stable_structure,continuous_high_minus_low,market_neutral,True,5,ensemble,3,836.3333333333334,0.0,836.3333333333334,1.0,10,self_financing_spread_return,4181,0.038590530625171926,0.1259211025572841,0.3637552648169887,-0.2979910338645406,0.545,0.7058823529411765,0.041239803995585814,1.333899347021394,0.1822368456084006,0.030713492899708032,-0.00023234239900762782,0.17531127874793206,2.000726616572526,0.655659281325149,5.8915474518441995,0.0058915474518442,4,0.012280193949810928,,,,418.05142310452044,111.66666666666667,0.018636183143228235
low_volatility|252d|continuous_high_minus_low|beta_neutral|r5|ensemble,low_volatility|252d,low_volatility,252d,63,low_volatility_family_sensitivity,no_stable_structure,continuous_high_minus_low,market_neutral,True,5,ensemble,3,836.3333333333334,0.0,836.3333333333334,1.0,25,self_financing_spread_return,4181,0.029451625986247176,0.12592772869048127,0.29355389590303693,-0.32527241782445004,0.525,0.7058823529411765,0.03242994034191978,1.0482090034414213,0.29454232329723795,0.03052492563603092,-0.00023234239900762782,0.17531127874793206,2.000726616572526,0.655659281325149,5.8915474518441995,0.0147288686296105,4,0.012280193949810928,,,,418.05142310452044,111.66666666666667,0.018636183143228235
low_volatility|252d|continuous_high_minus_low|beta_neutral|r21|ensemble,low_volatility|252d,low_volatility,252d,63,low_volatility_family_sensitivity,no_stable_structure,continuous_high_minus_low,market_neutral,True,21,ensemble,3,199.33333333333334,0.0,199.33333333333334,1.0,0,self_financing_spread_return,4181,0.043323647250339326,0.12603717380371865,0.3996440527256431,-0.3125454112503896,0.535,0.7058823529411765,0.040649934107538206,1.3039978436506905,0.19223431759589305,0.06540188907344581,0.00047709267392261436,0.3623330243114749,2.0003611089332596,0.6561846207321891,3.405391368673764,0.0,4,0.01846352262293347,,,,416.8488399904329,111.66666666666667,0.018560370916856875
low_volatility|252d|continuous_high_minus_low|beta_neutral|r21|ensemble,low_volatility|252d,low_volatility,252d,63,low_volatility_family_sensitivity,no_stable_structure,continuous_high_minus_low,market_neutral,True,21,ensemble,3,199.33333333333334,0.0,199.33333333333334,1.0,5,self_financing_spread_return,4181,0.04154863933537212,0.12603453317419652,0.38613782877256564,-0.3142632789610247,0.535,0.7058823529411765,0.03896060201567517,1.2496230912439117,0.21143726384865225,0.06530786547275313,0.00047709267392261436,0.3623330243114749,2.0003611089332596,0.6561846207321891,3.405391368673764,0.0017026956843368818,4,0.01846352262293347,,,,416.8488399904329,111.66666666666667,0.018560370916856875
low_volatility|252d|continuous_high_minus_low|beta_neutral|r21|ensemble,low_volatility|252d,low_volatility,252d,63,low_volatility_family_sensitivity,no_stable_structure,continuous_high_minus_low,market_neutral,True,21,ensemble,3,199.33333333333334,0.0,199.33333333333334,1.0,10,self_financing_spread_return,4181,0.03977653787176494,0.12603266751954223,0.37262874754444253,-0.31597706006708715,0.535,0.7058823529411765,0.03727126992381235,1.1952578915644032,0.2319862862562545,0.06521384187206064,0.00047709267392261436,0.3623330243114749,2.0003611089332596,0.6561846207321891,3.405391368673764,0.0034053913686737636,4,0.01846352262293347,,,,416.8488399904329,111.66666666666667,0.018560370916856875
low_volatility|252d|continuous_high_minus_low|beta_neutral|r21|ensemble,low_volatility|252d,low_volatility,252d,63,low_volatility_family_sensitivity,no_stable_structure,continuous_high_minus_low,market_neutral,True,21,ensemble,3,199.33333333333334,0.0,199.33333333333334,1.0,25,self_financing_spread_return,4181,0.03447762634961049,0.1260317206774658,0.33208685078840844,-0.3210939762127576,0.53,0.7058823529411765,0.03220327364822373,1.0322282916485654,0.3019651844662494,0.06493177106998275,0.00047709267392261436,0.3623330243114749,2.0003611089332596,0.6561846207321891,3.405391368673764,0.00851347842168441,4,0.01846352262293347,,,,416.8488399904329,111.66666666666667,0.018560370916856875
low_volatility|252d|continuous_high_minus_low|beta_neutral|r63|ensemble,low_volatility|252d,low_volatility,252d,63,low_volatility_family_sensitivity,no_stable_structure,continuous_high_minus_low,market_neutral,True,63,ensemble,3,66.33333333333333,0.0,66.33333333333333,1.0,0,self_financing_spread_return,4181,0.041348185494078704,0.13042139855437967,0.3760157837162239,-0.31353379112384827,0.535,0.7058823529411765,0.031291599556822806,0.9688240850318974,0.33263296746027504,0.11942419835426249,-0.0011698247331296328,0.5609154949333687,2.0081359350075765,0.6555660370558838,2.329853615126099,0.0,4,0.017612269418850267,,,,413.909032926732,111.66666666666667,0.019189924245865544
low_volatility|252d|continuous_high_minus_low|beta_neutral|r63|ensemble,low_volatility|252d,low_volatility,252d,63,low_volatility_family_sensitivity,no_stable_structure,continuous_high_minus_low,market_neutral,True,63,ensemble,3,66.33333333333333,0.0,66.33333333333333,1.0,5,self_financing_spread_return,4181,0.04013572868372739,0.13041980914649054,0.36708494904131034,-0.314791985872074,0.535,0.7058823529411765,0.030132283338030107,0.9328912840811785,0.350876102991706,0.11938356351306025,-0.0011698247331296328,0.5609154949333687,2.0081359350075765,0.6555660370558838,2.329853615126099,0.0011649268075630496,4,0.017612269418850267,,,,413.909032926732,111.66666666666667,0.019189924245865544
low_volatility|252d|continuous_high_minus_low|beta_neutral|r63|ensemble,low_volatility|252d,low_volatility,252d,63,low_volatility_family_sensitivity,no_stable_structure,continuous_high_minus_low,market_neutral,True,63,ensemble,3,66.33333333333333,0.0,66.33333333333333,1.0,10,self_financing_spread_return,4181,0.038924546282004036,0.13041919212604014,0.35815122634022567,-0.3160481140577378,0.535,0.7058823529411765,0.02897296711923742,0.896953207806751,0.36974388618608944,0.11934292867185801,-0.0011698247331296328,0.5609154949333687,2.0081359350075765,0.6555660370558838,2.329853615126099,0.002329853615126099,4,0.017612269418850267,,,,413.909032926732,111.66666666666667,0.019189924245865544
low_volatility|252d|continuous_high_minus_low|beta_neutral|r63|ensemble,low_volatility|252d,low_volatility,252d,63,low_volatility_family_sensitivity,no_stable_structure,continuous_high_minus_low,market_neutral,True,63,ensemble,3,66.33333333333333,0.0,66.33333333333333,1.0,25,self_financing_spread_return,4181,0.03529863346267903,0.13042317541858306,0.33133472843863165,-0.31980412947353176,0.535,0.7058823529411765,0.025495018462859263,0.789117301395813,0.43004345069752103,0.11922102414825128,-0.0011698247331296328,0.5609154949333687,2.0081359350075765,0.6555660370558838,2.329853615126099,0.005824634037815248,4,0.017612269418850267,,,,413.909032926732,111.66666666666667,0.019189924245865544
low_volatility|252d|long_q1|unconstrained_beta|r1|ensemble,low_volatility|252d,low_volatility,252d,63,low_volatility_family_sensitivity,no_stable_structure,long_q1,long_only,False,1,ensemble,1,4181.0,0.0,0.0,,0,return_minus_risk_free,4181,0.18141769002093122,0.3109385454419632,0.6438323333401271,-0.5804320553376296,0.605,0.7647058823529411,-0.003345023278944281,-0.10094549868804731,0.9195937248172217,1.5219745856525844,1.519412974765254,2.260093197385709,1.0,1.0,9.178716297763437,0.0,0,0.0,,,,41.47572351112174,33.0,0.030303030303030304
low_volatility|252d|long_q1|unconstrained_beta|r1|ensemble,low_volatility|252d,low_volatility,252d,63,low_volatility_family_sensitivity,no_stable_structure,long_q1,long_only,False,1,ensemble,1,4181.0,0.0,0.0,,5,return_minus_risk_free,4181,0.17600806958437754,0.3109226641356829,0.6290845276107648,-0.580998777219786,0.605,0.7647058823529411,-0.007929740417388744,-0.23934381827052661,0.8108389905072482,1.5218925368463891,1.519412974765254,2.260093197385709,1.0,1.0,9.178716297763437,0.0045893581488817186,0,0.0,,,,41.47572351112174,33.0,0.030303030303030304
low_volatility|252d|long_q1|unconstrained_beta|r1|ensemble,low_volatility|252d,low_volatility,252d,63,low_volatility_family_sensitivity,no_stable_structure,long_q1,long_only,False,1,ensemble,1,4181.0,0.0,0.0,,10,return_minus_risk_free,4181,0.1706230319112194,0.31090703305151907,0.6143347220760677,-0.581564785625647,0.605,0.7647058823529411,-0.01251445755583314,-0.37778732969934853,0.7055885868474772,1.521810488040194,1.519412974765254,2.260093197385709,1.0,1.0,9.178716297763437,0.009178716297763437,0,0.0,,,,41.47572351112174,33.0,0.030303030303030304
low_volatility|252d|long_q1|unconstrained_beta|r1|ensemble,low_volatility|252d,low_volatility,252d,63,low_volatility_family_sensitivity,no_stable_structure,long_q1,long_only,False,1,ensemble,1,4181.0,0.0,0.0,,25,return_minus_risk_free,4181,0.15461430914850327,0.3108616415061633,0.5700736591599093,-0.5832585383877789,0.59,0.7647058823529411,-0.026268608971166535,-0.7933573435768817,0.4275696558811306,1.521564341621606,1.519412974765254,2.260093197385709,1.0,1.0,9.178716297763437,0.022946790744408592,0,0.0,,,,41.47572351112174,33.0,0.030303030303030304
low_volatility|252d|long_q1|unconstrained_beta|r5|ensemble,low_volatility|252d,low_volatility,252d,63,low_volatility_family_sensitivity,no_stable_structure,long_q1,long_only,False,5,ensemble,3,836.3333333333334,0.0,0.0,,0,return_minus_risk_free,4181,0.17793044620306975,0.3081647069944119,0.6371804447230838,-0.5540354050586341,0.595,0.7647058823529411,-0.005326880657262546,-0.1618538875002756,0.8714209163572453,1.5081085698359147,1.5174108267493072,2.2621682809744756,0.998790487602566,0.998790487602566,4.870841437554508,0.0,2,0.008004226836388639,,,,41.42143027983736,11.0,0.044278577099271584
low_volatility|252d|long_q1|unconstrained_beta|r5|ensemble,low_volatility|252d,low_volatility,252d,63,low_volatility_family_sensitivity,no_stable_structure,long_q1,long_only,False,5,ensemble,3,836.3333333333334,0.0,0.0,,5,return_minus_risk_free,4181,0.1750651474222762,0.3081536275489602,0.6292867633257089,-0.5543508404337631,0.595,0.7647058823529411,-0.007758082777850406,-0.23574276024549276,0.8136322869763403,1.5080462367032486,1.5174108267493072,2.2621682809744756,0.998790487602566,0.998790487602566,4.870841437554508,0.0024354207187772536,2,0.008004226836388639,,,,41.42143027983736,11.0,0.044278577099271584
low_volatility|252d|long_q1|unconstrained_beta|r5|ensemble,low_volatility|252d,low_volatility,252d,63,low_volatility_family_sensitivity,no_stable_structure,long_q1,long_only,False,5,ensemble,3,836.3333333333334,0.0,0.0,,10,return_minus_risk_free,4181,0.17220675250273798,0.30814265496554194,0.6213922994010654,-0.5546660719003423,0.595,0.7647058823529411,-0.010189284898438454,-0.30964236655952465,0.7568329347453313,1.507983903570581,1.5174108267493072,2.2621682809744756,0.998790487602566,0.998790487602566,4.870841437554508,0.004870841437554507,2,0.008004226836388639,,,,41.42143027983736,11.0,0.044278577099271584
low_volatility|252d|long_q1|unconstrained_beta|r5|ensemble,low_volatility|252d,low_volatility,252d,63,low_volatility_family_sensitivity,no_stable_structure,long_q1,long_only,False,5,ensemble,3,836.3333333333334,0.0,0.0,,25,return_minus_risk_free,4181,0.16367282632291502,0.3081103785011001,0.5977042935569061,-0.5556105440527348,0.595,0.7647058823529411,-0.01748289126020131,-0.5314001323273491,0.5951415298372009,1.5077969041725803,1.5174108267493072,2.2621682809744756,0.998790487602566,0.998790487602566,4.870841437554508,0.01217710359388627,2,0.008004226836388639,,,,41.42143027983736,11.0,0.044278577099271584
low_volatility|252d|long_q1|unconstrained_beta|r21|ensemble,low_volatility|252d,low_volatility,252d,63,low_volatility_family_sensitivity,no_stable_structure,long_q1,long_only,False,21,ensemble,3,199.33333333333334,0.0,0.0,,0,return_minus_risk_free,4181,0.17172259757717745,0.3011267632344847,0.6274451467440249,-0.5132102270160931,0.575,0.7647058823529411,-0.008687773853262576,-0.2713697328412707,0.7861066786061213,1.4777851821397803,1.509589366464445,2.195922759294855,0.9940868441003955,0.9940868441003955,2.860796803987137,0.0,2,0.023338042191732144,,,,41.207924738898186,11.0,0.04780291917679267
low_volatility|252d|long_q1|unconstrained_beta|r21|ensemble,low_volatility|252d,low_volatility,252d,63,low_volatility_family_sensitivity,no_stable_structure,long_q1,long_only,False,21,ensemble,3,199.33333333333334,0.0,0.0,,5,return_minus_risk_free,4181,0.17004772623318898,0.30111461176841137,0.6227072879145203,-0.5133591123778222,0.575,0.7647058823529411,-0.01011099498323882,-0.3158310104574165,0.7521307790005929,1.477702555155194,1.509589366464445,2.195922759294855,0.9940868441003955,0.9940868441003955,2.860796803987137,0.0014303984019935685,2,0.023338042191732144,,,,41.207924738898186,11.0,0.04780291917679267
low_volatility|252d|long_q1|unconstrained_beta|r21|ensemble,low_volatility|252d,low_volatility,252d,63,low_volatility_family_sensitivity,no_stable_structure,long_q1,long_only,False,21,ensemble,3,199.33333333333334,0.0,0.0,,10,return_minus_risk_free,4181,0.16837517039765615,0.3011026610452773,0.6179686348137904,-0.513507960909809,0.575,0.7647058823529411,-0.011534216113215002,-0.3602927983143255,0.7186281843168602,1.4776199281706086,1.509589366464445,2.195922759294855,0.9940868441003955,0.9940868441003955,2.860796803987137,0.002860796803987137,2,0.023338042191732144,,,,41.207924738898186,11.0,0.04780291917679267
low_volatility|252d|long_q1|unconstrained_beta|r21|ensemble,low_volatility|252d,low_volatility,252d,63,low_volatility_family_sensitivity,no_stable_structure,long_q1,long_only,False,21,ensemble,3,199.33333333333334,0.0,0.0,,25,return_minus_risk_free,4181,0.16337136500370542,0.3010680135705537,0.6037480032658046,-0.5139542855985955,0.575,0.7647058823529411,-0.015803879503143575,-0.49367706617643603,0.621534264360029,1.4773720472168501,1.509589366464445,2.195922759294855,0.9940868441003955,0.9940868441003955,2.860796803987137,0.007151992009967843,2,0.023338042191732144,,,,41.207924738898186,11.0,0.04780291917679267
low_volatility|252d|long_q1|unconstrained_beta|r63|ensemble,low_volatility|252d,low_volatility,252d,63,low_volatility_family_sensitivity,no_stable_structure,long_q1,long_only,False,63,ensemble,3,66.33333333333333,0.0,0.0,,0,return_minus_risk_free,4181,0.17392515068526504,0.2899198981136349,0.6469073564380886,-0.4755285122104862,0.595,0.7647058823529411,-0.00241659918720174,-0.0764011541155954,0.9390999514399105,1.4204995115217836,1.489879027699701,2.095712273041498,0.9836354752122062,0.9836354752122062,1.9479445003956635,0.0,2,0.021477342301474186,,,,40.70142709080762,11.0,0.051449334521273433
low_volatility|252d|long_q1|unconstrained_beta|r63|ensemble,low_volatility|252d,low_volatility,252d,63,low_volatility_family_sensitivity,no_stable_structure,long_q1,long_only,False,63,ensemble,3,66.33333333333333,0.0,0.0,,5,return_minus_risk_free,4181,0.1727822884089656,0.28991738695116925,0.6435494204925951,-0.4755617239989056,0.595,0.7647058823529411,-0.0033878609871826914,-0.1070987956799863,0.9147106025815647,1.420470418180999,1.489879027699701,2.095712273041498,0.9836354752122062,0.9836354752122062,1.9479445003956635,0.0009739722501978317,2,0.021477342301474186,,,,40.70142709080762,11.0,0.051449334521273433
low_volatility|252d|long_q1|unconstrained_beta|r63|ensemble,low_volatility|252d,low_volatility,252d,63,low_volatility_family_sensitivity,no_stable_structure,long_q1,long_only,False,63,ensemble,3,66.33333333333333,0.0,0.0,,10,return_minus_risk_free,4181,0.17164044207362705,0.28991514948898206,0.6401908219943898,-0.47559493578732515,0.595,0.7647058823529411,-0.004359122787163499,-0.13779045680875102,0.8904060267779602,1.4204413248402148,1.489879027699701,2.095712273041498,0.9836354752122062,0.9836354752122062,1.9479445003956635,0.0019479445003956633,2,0.021477342301474186,,,,40.70142709080762,11.0,0.051449334521273433
low_volatility|252d|long_q1|unconstrained_beta|r63|ensemble,low_volatility|252d,low_volatility,252d,63,low_volatility_family_sensitivity,no_stable_structure,long_q1,long_only,False,63,ensemble,3,66.33333333333333,0.0,0.0,,25,return_minus_risk_free,4181,0.16822099050690031,0.28991007936358565,0.6301111460430147,-0.47569457115258484,0.595,0.7647058823529411,-0.007272908187106324,-0.22982389361326377,0.8182286172173373,1.4203540448178618,1.489879027699701,2.095712273041498,0.9836354752122062,0.9836354752122062,1.9479445003956635,0.004869861250989159,2,0.021477342301474186,,,,40.70142709080762,11.0,0.051449334521273433
low_volatility|252d|long_q10|unconstrained_beta|r1|ensemble,low_volatility|252d,low_volatility,252d,63,low_volatility_family_sensitivity,no_stable_structure,long_q10,long_only,False,1,ensemble,1,4181.0,0.0,0.0,,0,return_minus_risk_free,4181,0.11785871382728264,0.1327452223924868,0.7937992915582565,-0.3183412432473084,0.645,0.8823529411764706,0.03160143776876957,1.4504293965039639,0.14693881449686047,0.5517384410213896,0.5216712250210193,0.7850931324386448,1.0,1.0,8.777700034711597,0.0,0,0.0,,,,42.36283185840708,34.0,0.029411764705882353
low_volatility|252d|long_q10|unconstrained_beta|r1|ensemble,low_volatility|252d,low_volatility,252d,63,low_volatility_family_sensitivity,no_stable_structure,long_q10,long_only,False,1,ensemble,1,4181.0,0.0,0.0,,5,return_minus_risk_free,4181,0.11296324907277966,0.13274321865110647,0.7607398858577588,-0.3196455420930354,0.645,0.8823529411764706,0.02720999375227596,1.2478391947400098,0.21208995189135582,0.5517450523614398,0.5216712250210193,0.7850931324386448,1.0,1.0,8.777700034711597,0.004388850017355799,0,0.0,,,,42.36283185840708,34.0,0.029411764705882353
low_volatility|252d|long_q10|unconstrained_beta|r1|ensemble,low_volatility|252d,low_volatility,252d,63,low_volatility_family_sensitivity,no_stable_structure,long_q10,long_only,False,1,ensemble,1,4181.0,0.0,0.0,,10,return_minus_risk_free,4181,0.10808902222603245,0.1327420070401726,0.7276751690323756,-0.3209475531596837,0.64,0.8823529411764706,0.022818549735781537,1.0455525701281563,0.2957676571602058,0.5517516637014906,0.5216712250210193,0.7850931324386448,1.0,1.0,8.777700034711597,0.008777700034711598,0,0.0,,,,42.36283185840708,34.0,0.029411764705882353
low_volatility|252d|long_q10|unconstrained_beta|r1|ensemble,low_volatility|252d,low_volatility,252d,63,low_volatility_family_sensitivity,no_stable_structure,long_q10,long_only,False,1,ensemble,1,4181.0,0.0,0.0,,25,return_minus_risk_free,4181,0.09359285818505425,0.13274312513605,0.6284550684088086,-0.32483989638128596,0.62,0.8823529411764706,0.009644217686300173,0.44068861279906585,0.6594384414796696,0.5517714977216439,0.5216712250210193,0.7850931324386448,1.0,1.0,8.777700034711597,0.02194425008677899,0,0.0,,,,42.36283185840708,34.0,0.029411764705882353
low_volatility|252d|long_q10|unconstrained_beta|r5|ensemble,low_volatility|252d,low_volatility,252d,63,low_volatility_family_sensitivity,no_stable_structure,long_q10,long_only,False,5,ensemble,3,836.3333333333334,0.0,0.0,,0,return_minus_risk_free,4181,0.11562064328861132,0.13343071200072923,0.7754358010099061,-0.3287939421518451,0.645,0.8823529411764706,0.029105537776556483,1.321902751408049,0.1862005361135627,0.5561424336432046,0.5215734056497545,0.7861306969462181,0.9994787757692807,0.9994787757692807,4.601539470029429,0.0,0,0.0,,,,42.33731962050546,11.333333333333334,0.034126255976984786
low_volatility|252d|long_q10|unconstrained_beta|r5|ensemble,low_volatility|252d,low_volatility,252d,63,low_volatility_family_sensitivity,no_stable_structure,long_q10,long_only,False,5,ensemble,3,836.3333333333334,0.0,0.0,,5,return_minus_risk_free,4181,0.11305677530695912,0.1334211714443337,0.7582341006040806,-0.32934503178259833,0.645,0.8823529411764706,0.026811746743735997,1.2174144607476927,0.22344656383841777,0.5560753355250893,0.5215734056497545,0.7861306969462181,0.9994787757692807,0.9994787757692807,4.601539470029429,0.0023007697350147147,0,0.0,,,,42.33731962050546,11.333333333333334,0.034126255976984786
low_volatility|252d|long_q10|unconstrained_beta|r5|ensemble,low_volatility|252d,low_volatility,252d,63,low_volatility_family_sensitivity,no_stable_structure,long_q10,long_only,False,5,ensemble,3,836.3333333333334,0.0,0.0,,10,return_minus_risk_free,4181,0.11049873503556062,0.133411909214832,0.7410283968003987,-0.3298957260354346,0.64,0.8823529411764706,0.024517955710915695,1.1129710379914168,0.26572086834579833,0.5560082374069746,0.5215734056497545,0.7861306969462181,0.9994787757692807,0.9994787757692807,4.601539470029429,0.004601539470029429,0,0.0,,,,42.33731962050546,11.333333333333334,0.034126255976984786
low_volatility|252d|long_q10|unconstrained_beta|r5|ensemble,low_volatility|252d,low_volatility,252d,63,low_volatility_family_sensitivity,no_stable_structure,long_q10,long_only,False,5,ensemble,3,836.3333333333334,0.0,0.0,,25,return_minus_risk_free,4181,0.10285944959581927,0.1333857930587838,0.6893883307531485,-0.33154543898898914,0.625,0.8823529411764706,0.017636582612454505,0.7999330031467657,0.42374961505191255,0.5558069430526296,0.5215734056497545,0.7861306969462181,0.9994787757692807,0.9994787757692807,4.601539470029429,0.011503848675073572,0,0.0,,,,42.33731962050546,11.333333333333334,0.034126255976984786
low_volatility|252d|long_q10|unconstrained_beta|r21|ensemble,low_volatility|252d,low_volatility,252d,63,low_volatility_family_sensitivity,no_stable_structure,long_q10,long_only,False,21,ensemble,3,199.33333333333334,0.0,0.0,,0,return_minus_risk_free,4181,0.11532936054449228,0.13601706473618305,0.7613988839961056,-0.35233493238778024,0.645,0.8823529411764706,0.02712728851315215,1.214821614805269,0.22443413505429122,0.5716440305749971,0.5212350614550542,0.789086697509906,0.9973569946378585,0.9973569946378585,2.634188781961677,0.0,2,0.007707903296742606,,,,42.23200191341784,11.333333333333334,0.0335848634920273
low_volatility|252d|long_q10|unconstrained_beta|r21|ensemble,low_volatility|252d,low_volatility,252d,63,low_volatility_family_sensitivity,no_stable_structure,long_q10,long_only,False,21,ensemble,3,199.33333333333334,0.0,0.0,,5,return_minus_risk_free,4181,0.11386129490063124,0.13600450574167477,0.7517701623738149,-0.3524209792750729,0.645,0.8823529411764706,0.025820464892934804,1.1562078197675236,0.24759616204659196,0.5715509933378963,0.5212350614550542,0.789086697509906,0.9973569946378585,0.9973569946378585,2.634188781961677,0.0013170943909808386,2,0.007707903296742606,,,,42.23200191341784,11.333333333333334,0.0335848634920273
low_volatility|252d|long_q10|unconstrained_beta|r21|ensemble,low_volatility|252d,low_volatility,252d,63,low_volatility_family_sensitivity,no_stable_structure,long_q10,long_only,False,21,ensemble,3,199.33333333333334,0.0,0.0,,10,return_minus_risk_free,4181,0.11239508455563008,0.1359924104494559,0.7421371324950625,-0.35250701887735725,0.645,0.8823529411764706,0.024513641272717383,1.0975953583138673,0.27238122061192094,0.5714579561007953,0.5212350614550542,0.789086697509906,0.9973569946378585,0.9973569946378585,2.634188781961677,0.0026341887819616772,2,0.007707903296742606,,,,42.23200191341784,11.333333333333334,0.0335848634920273
low_volatility|252d|long_q10|unconstrained_beta|r21|ensemble,low_volatility|252d,low_volatility,252d,63,low_volatility_family_sensitivity,no_stable_structure,long_q10,long_only,False,21,ensemble,3,199.33333333333334,0.0,0.0,,25,return_minus_risk_free,4181,0.10800756279933066,0.1359589080003811,0.7132131613004101,-0.35276509397703815,0.645,0.8823529411764706,0.020593170412065223,0.9217786708428565,0.3566440351459841,0.5711788443894926,0.5212350614550542,0.789086697509906,0.9973569946378585,0.9973569946378585,2.634188781961677,0.006585471954904193,2,0.007707903296742606,,,,42.23200191341784,11.333333333333334,0.0335848634920273
low_volatility|252d|long_q10|unconstrained_beta|r63|ensemble,low_volatility|252d,low_volatility,252d,63,low_volatility_family_sensitivity,no_stable_structure,long_q10,long_only,False,63,ensemble,3,66.33333333333333,0.0,0.0,,0,return_minus_risk_free,4181,0.11487894829568468,0.13808824380399018,0.7490924720029241,-0.35721986234070335,0.645,0.8823529411764706,0.025219069927539015,1.1351329208251346,0.25631962983832446,0.5849871357398625,0.5212728538211443,0.8298236131115875,0.9919658408318259,0.9919658408318259,1.7264749667512551,0.0,2,0.007707903296742606,,,,41.968029976879535,11.333333333333334,0.03427558954324209
low_volatility|252d|long_q10|unconstrained_beta|r63|ensemble,low_volatility|252d,low_volatility,252d,63,low_volatility_family_sensitivity,no_stable_structure,long_q10,long_only,False,63,ensemble,3,66.33333333333333,0.0,0.0,,5,return_minus_risk_free,4181,0.11391691426515793,0.1380849339007247,0.7428535081967981,-0.35726964441350806,0.645,0.8823529411764706,0.02435939729792754,1.0963974604898816,0.27290487483380754,0.5849541564591496,0.5212728538211443,0.8298236131115875,0.9919658408318259,0.9919658408318259,1.7264749667512551,0.0008632374833756275,2,0.007707903296742606,,,,41.968029976879535,11.333333333333334,0.03427558954324209
low_volatility|252d|long_q10|unconstrained_beta|r63|ensemble,low_volatility|252d,low_volatility,252d,63,low_volatility_family_sensitivity,no_stable_structure,long_q10,long_only,False,63,ensemble,3,66.33333333333333,0.0,0.0,,10,return_minus_risk_free,4181,0.11295562242848556,0.13808217703517867,0.7366112947778622,-0.3573194264863132,0.645,0.8823529411764706,0.023499724668316093,1.057651987777078,0.2902141317241015,0.5849211771784367,0.5212728538211443,0.8298236131115875,0.9919658408318259,0.9919658408318259,1.7264749667512551,0.001726474966751255,2,0.007707903296742606,,,,41.968029976879535,11.333333333333334,0.03427558954324209
low_volatility|252d|long_q10|unconstrained_beta|r63|ensemble,low_volatility|252d,low_volatility,252d,63,low_volatility_family_sensitivity,no_stable_structure,long_q10,long_only,False,63,ensemble,3,66.33333333333333,0.0,0.0,,25,return_minus_risk_free,4181,0.11007619498120436,0.13807722496289174,0.7178659036242097,-0.357468772704728,0.64,0.8823529411764706,0.02092070677948179,0.9413697033954618,0.34651543378985217,0.5848222393362985,0.5212728538211443,0.8298236131115875,0.9919658408318259,0.9919658408318259,1.7264749667512551,0.004316187416878138,2,0.007707903296742606,,,,41.968029976879535,11.333333333333334,0.03427558954324209
low_volatility|252d|middle_minus_q1|unconstrained_beta|r1|ensemble,low_volatility|252d,low_volatility,252d,63,low_volatility_family_sensitivity,no_stable_structure,middle_minus_q1,market_neutral,False,1,ensemble,1,4181.0,0.0,0.0,,0,self_financing_spread_return,4181,-0.0864394229535369,0.1857932456418513,-0.39310135106576294,-0.8080524748754829,0.425,0.29411764705882354,0.00635928606223724,0.17515526013680707,0.8609576380344607,-0.5342114248557449,-0.5280254477828837,1.3931354713825406,2.0,1.7117376638339906e-17,21.555332844730284,0.0,0,0.0,,,,209.00406601291556,167.0,0.030303030303030304
low_volatility|252d|middle_minus_q1|unconstrained_beta|r1|ensemble,low_volatility|252d,low_volatility,252d,63,low_volatility_family_sensitivity,no_stable_structure,middle_minus_q1,market_neutral,False,1,ensemble,1,4181.0,0.0,0.0,,5,self_financing_spread_return,4181,-0.09623293801038835,0.1858004679560327,-0.45105728258718203,-0.8344019314002546,0.41,0.29411764705882354,-0.004407044549857536,-0.12132735162660595,0.9034317565769842,-0.534243369852037,-0.5280254477828837,1.3931354713825406,2.0,1.7117376638339906e-17,21.555332844730284,0.010777666422365143,0,0.0,,,,209.00406601291556,167.0,0.030303030303030304
low_volatility|252d|middle_minus_q1|unconstrained_beta|r1|ensemble,low_volatility|252d,low_volatility,252d,63,low_volatility_family_sensitivity,no_stable_structure,middle_minus_q1,market_neutral,False,1,ensemble,1,4181.0,0.0,0.0,,10,self_financing_spread_return,4181,-0.10592212310444593,0.1858091559485137,-0.509004693530019,-0.8602377477890455,0.405,0.23529411764705882,-0.01517337516195217,-0.4175197665317182,0.6762982692883897,-0.5342753148483289,-0.5280254477828837,1.3931354713825406,2.0,1.7117376638339906e-17,21.555332844730284,0.021555332844730286,0,0.0,,,,209.00406601291556,167.0,0.030303030303030304
low_volatility|252d|middle_minus_q1|unconstrained_beta|r1|ensemble,low_volatility|252d,low_volatility,252d,63,low_volatility_family_sensitivity,no_stable_structure,middle_minus_q1,market_neutral,False,1,ensemble,1,4181.0,0.0,0.0,,25,self_financing_spread_return,4181,-0.13437468624305537,0.1858440117668021,-0.6827821147919324,-0.9173417109884715,0.385,0.17647058823529413,-0.04747236699823574,-1.3040958602977633,0.19220090019049663,-0.5343711498372057,-0.5280254477828837,1.3931354713825406,2.0,1.7117376638339906e-17,21.555332844730284,0.053888332111825706,0,0.0,,,,209.00406601291556,167.0,0.030303030303030304
low_volatility|252d|middle_minus_q1|unconstrained_beta|r5|ensemble,low_volatility|252d,low_volatility,252d,63,low_volatility_family_sensitivity,no_stable_structure,middle_minus_q1,market_neutral,False,5,ensemble,3,836.3333333333334,0.0,0.0,,0,self_financing_spread_return,4181,-0.08752768440243619,0.18586066716956184,-0.39915328952497914,-0.8272387334467332,0.445,0.29411764705882354,0.0036467980398246108,0.0986532221456393,0.9214136109259382,-0.5237070504064282,-0.5299688196748267,1.5538486654838461,2.0041811407680004,-0.0004492961346697858,11.054668564511212,0.0,2,0.008124392821755618,,,,208.8383161922985,55.666666666666664,0.047390782509645846
low_volatility|252d|middle_minus_q1|unconstrained_beta|r5|ensemble,low_volatility|252d,low_volatility,252d,63,low_volatility_family_sensitivity,no_stable_structure,middle_minus_q1,market_neutral,False,5,ensemble,3,836.3333333333334,0.0,0.0,,5,self_financing_spread_return,4181,-0.09255743879741218,0.1858638039601889,-0.4288671553287721,-0.8399856502708839,0.445,0.29411764705882354,-0.0018656836898322533,-0.05045102254428618,0.9597629780122288,-0.523784445152379,-0.5299688196748267,1.5538486654838461,2.0041811407680004,-0.0004492961346697858,11.054668564511212,0.005527334282255606,2,0.008124392821755618,,,,208.8383161922985,55.666666666666664,0.047390782509645846
low_volatility|252d|middle_minus_q1|unconstrained_beta|r5|ensemble,low_volatility|252d,low_volatility,252d,63,low_volatility_family_sensitivity,no_stable_structure,middle_minus_q1,market_neutral,False,5,ensemble,3,836.3333333333334,0.0,0.0,,10,self_financing_spread_return,4181,-0.09755972247267697,0.18586780717180384,-0.4585778805318269,-0.8517926116258742,0.445,0.29411764705882354,-0.007378165419489599,-0.19943840551153194,0.8419198206090766,-0.5238618398983294,-0.5299688196748267,1.5538486654838461,2.0041811407680004,-0.0004492961346697858,11.054668564511212,0.011054668564511212,2,0.008124392821755618,,,,208.8383161922985,55.666666666666664,0.047390782509645846
low_volatility|252d|middle_minus_q1|unconstrained_beta|r5|ensemble,low_volatility|252d,low_volatility,252d,63,low_volatility_family_sensitivity,no_stable_structure,middle_minus_q1,market_neutral,False,5,ensemble,3,836.3333333333334,0.0,0.0,,25,self_financing_spread_return,4181,-0.11240323189582879,0.1858850147122243,-0.5476870623294452,-0.8822413405284169,0.43,0.23529411764705882,-0.02391561060846122,-0.6456596145727485,0.5184998204568105,-0.5240940241361816,-0.5299688196748267,1.5538486654838461,2.0041811407680004,-0.0004492961346697858,11.054668564511212,0.02763667141127803,2,0.008124392821755618,,,,208.8383161922985,55.666666666666664,0.047390782509645846
low_volatility|252d|middle_minus_q1|unconstrained_beta|r21|ensemble,low_volatility|252d,low_volatility,252d,63,low_volatility_family_sensitivity,no_stable_structure,middle_minus_q1,market_neutral,False,21,ensemble,3,199.33333333333334,0.0,0.0,,0,self_financing_spread_return,4181,-0.0763943721942727,0.18197825038346746,-0.34510767018359956,-0.7947154749752727,0.465,0.29411764705882354,0.00873084367655954,0.23418435487049385,0.814841860355231,-0.4813121340064619,-0.5327512990448587,1.6238061909480608,2.011969148032173,7.581236144465143e-05,6.264340649765384,0.0,2,0.02322876811285084,,,,208.19309575061786,55.666666666666664,0.05304464910634817
low_volatility|252d|middle_minus_q1|unconstrained_beta|r21|ensemble,low_volatility|252d,low_volatility,252d,63,low_volatility_family_sensitivity,no_stable_structure,middle_minus_q1,market_neutral,False,21,ensemble,3,199.33333333333334,0.0,0.0,,5,self_financing_spread_return,4181,-0.07928288694474717,0.1819880852354918,-0.36228239396264483,-0.8034264192184474,0.465,0.29411764705882354,0.0056169541249228225,0.15061807907229458,0.8802769990570405,-0.4814137324304046,-0.5327512990448587,1.6238061909480608,2.011969148032173,7.581236144465143e-05,6.264340649765384,0.003132170324882692,2,0.02322876811285084,,,,208.19309575061786,55.666666666666664,0.05304464910634817
low_volatility|252d|middle_minus_q1|unconstrained_beta|r21|ensemble,low_volatility|252d,low_volatility,252d,63,low_volatility_family_sensitivity,no_stable_structure,middle_minus_q1,market_neutral,False,21,ensemble,3,199.33333333333334,0.0,0.0,,10,self_financing_spread_return,4181,-0.08216266797055183,0.18199949017934572,-0.3794519880336166,-0.8117685548258972,0.46,0.29411764705882354,0.002503064573286215,0.06709928741127964,0.9465026611819983,-0.4815153308543475,-0.5327512990448587,1.6238061909480608,2.011969148032173,7.581236144465143e-05,6.264340649765384,0.006264340649765384,2,0.02322876811285084,,,,208.19309575061786,55.666666666666664,0.05304464910634817
low_volatility|252d|middle_minus_q1|unconstrained_beta|r21|ensemble,low_volatility|252d,low_volatility,252d,63,low_volatility_family_sensitivity,no_stable_structure,middle_minus_q1,market_neutral,False,21,ensemble,3,199.33333333333334,0.0,0.0,,25,self_financing_spread_return,4181,-0.09074986359286241,0.1820431224077856,-0.43092556788566144,-0.8347346524899424,0.445,0.29411764705882354,-0.0068386040816234995,-0.18314399192583594,0.8546850389129138,-0.4818201261261757,-0.5327512990448587,1.6238061909480608,2.011969148032173,7.581236144465143e-05,6.264340649765384,0.015660851624413462,2,0.02322876811285084,,,,208.19309575061786,55.666666666666664,0.05304464910634817
low_volatility|252d|middle_minus_q1|unconstrained_beta|r63|ensemble,low_volatility|252d,low_volatility,252d,63,low_volatility_family_sensitivity,no_stable_structure,middle_minus_q1,market_neutral,False,63,ensemble,3,66.33333333333333,0.0,0.0,,0,self_financing_spread_return,4181,-0.07466955300932832,0.18965670292147677,-0.3140292688262968,-0.7998062933926908,0.44,0.29411764705882354,0.007046487493088316,0.17302089773557947,0.8626350013318078,-0.44814924809613255,-0.5486397485313677,2.144139405983641,2.050381504221801,-0.0036312152333660467,4.209030539660927,0.0,2,0.022049577965174035,,,,206.55202104759627,55.666666666666664,0.09801085070770814
low_volatility|252d|middle_minus_q1|unconstrained_beta|r63|ensemble,low_volatility|252d,low_volatility,252d,63,low_volatility_family_sensitivity,no_stable_structure,middle_minus_q1,market_neutral,False,63,ensemble,3,66.33333333333333,0.0,0.0,,5,self_financing_spread_return,4181,-0.07661505960709303,0.18965890522255768,-0.3251165388350547,-0.8055221250483602,0.435,0.29411764705882354,0.004949356804326418,0.12151999271739176,0.903279180152274,-0.4481920442283209,-0.5486397485313677,2.144139405983641,2.050381504221801,-0.0036312152333660467,4.209030539660927,0.0021045152698304635,2,0.022049577965174035,,,,206.55202104759627,55.666666666666664,0.09801085070770814
low_volatility|252d|middle_minus_q1|unconstrained_beta|r63|ensemble,low_volatility|252d,low_volatility,252d,63,low_volatility_family_sensitivity,no_stable_structure,middle_minus_q1,market_neutral,False,63,ensemble,3,66.33333333333333,0.0,0.0,,10,self_financing_spread_return,4181,-0.07855683960438442,0.1896630903715761,-0.33620003649126456,-0.811075771770454,0.435,0.29411764705882354,0.002852226115564379,0.07002420953205384,0.94417439051072,-0.44823484036050926,-0.5486397485313677,2.144139405983641,2.050381504221801,-0.0036312152333660467,4.209030539660927,0.004209030539660927,2,0.022049577965174035,,,,206.55202104759627,55.666666666666664,0.09801085070770814
low_volatility|252d|middle_minus_q1|unconstrained_beta|r63|ensemble,low_volatility|252d,low_volatility,252d,63,low_volatility_family_sensitivity,no_stable_structure,middle_minus_q1,market_neutral,False,63,ensemble,3,66.33333333333333,0.0,0.0,,25,self_financing_spread_return,4181,-0.08435988458724564,0.18968754128289908,-0.36942442643483164,-0.8268086983615633,0.435,0.29411764705882354,-0.0034391659507215493,-0.08440467269451726,0.9327346922728418,-0.4483632287570743,-0.5486397485313677,2.144139405983641,2.050381504221801,-0.0036312152333660467,4.209030539660927,0.010522576349152317,2,0.022049577965174035,,,,206.55202104759627,55.666666666666664,0.09801085070770814
low_volatility|252d|middle_minus_q1|beta_neutral|r1|ensemble,low_volatility|252d,low_volatility,252d,63,low_volatility_family_sensitivity,no_stable_structure,middle_minus_q1,market_neutral,True,1,ensemble,1,4181.0,0.0,4181.0,1.0,0,self_financing_spread_return,4181,0.007263395241932313,0.1299583635916897,0.12071579723185162,-0.4564382204493532,0.505,0.5294117647058824,0.015254773915705993,0.5071730733988684,0.612033386375023,0.0029151634222518473,6.7565944235778074e-18,8.049116928532385e-16,2.0,0.4144573672525292,19.62762396735036,0.0,0,0.0,,,,209.00406601291556,167.0,0.026024023704105167
low_volatility|252d|middle_minus_q1|beta_neutral|r1|ensemble,low_volatility|252d,low_volatility,252d,63,low_volatility_family_sensitivity,no_stable_structure,middle_minus_q1,market_neutral,True,1,ensemble,1,4181.0,0.0,4181.0,1.0,5,self_financing_spread_return,4181,-0.002573652547939287,0.129956312294388,0.045201646783041546,-0.49032109473081675,0.505,0.47058823529411764,0.005450745058302441,0.18117546364225873,0.8562298530560695,0.002849497692825338,6.7565944235778074e-18,8.049116928532385e-16,2.0,0.4144573672525292,19.62762396735036,0.00981381198367518,0,0.0,,,,209.00406601291556,167.0,0.026024023704105167
low_volatility|252d|middle_minus_q1|beta_neutral|r1|ensemble,low_volatility|252d,low_volatility,252d,63,low_volatility_family_sensitivity,no_stable_structure,middle_minus_q1,market_neutral,True,1,ensemble,1,4181.0,0.0,4181.0,1.0,10,self_financing_spread_return,4181,-0.012315227189291567,0.12995597338101067,-0.03031448816325257,-0.5220937387308322,0.5,0.4117647058823529,-0.004353283799101169,-0.1446566682203446,0.8849819529575258,0.0027838319633986695,6.7565944235778074e-18,8.049116928532385e-16,2.0,0.4144573672525292,19.62762396735036,0.01962762396735036,0,0.0,,,,209.00406601291556,167.0,0.026024023704105167
low_volatility|252d|middle_minus_q1|beta_neutral|r1|ensemble,low_volatility|252d,low_volatility,252d,63,low_volatility_family_sensitivity,no_stable_structure,middle_minus_q1,market_neutral,True,1,ensemble,1,4181.0,0.0,4181.0,1.0,25,self_financing_spread_return,4181,-0.04097627785750857,0.1299652307399593,-0.2568449504057967,-0.6177245322579885,0.455,0.35294117647058826,-0.03376537037131172,-1.1208212701159277,0.26236394838697297,0.002586834775118859,6.7565944235778074e-18,8.049116928532385e-16,2.0,0.4144573672525292,19.62762396735036,0.0490690599183759,0,0.0,,,,209.00406601291556,167.0,0.026024023704105167
low_volatility|252d|middle_minus_q1|beta_neutral|r5|ensemble,low_volatility|252d,low_volatility,252d,63,low_volatility_family_sensitivity,no_stable_structure,middle_minus_q1,market_neutral,True,5,ensemble,3,836.3333333333334,0.0,836.3333333333334,1.0,0,self_financing_spread_return,4181,0.005475487983922722,0.130054800756362,0.10709726344015616,-0.43715585429291315,0.525,0.5294117647058824,0.01281029811649062,0.42248588618676675,0.6726704003897828,0.007523954190005296,-0.0003140680513975423,0.2779167119930646,2.0017696747782088,0.4146165610957883,10.145772619669975,0.0,2,0.006956218521172146,,,,208.8383161922985,55.666666666666664,0.03619895136693623
low_volatility|252d|middle_minus_q1|beta_neutral|r5|ensemble,low_volatility|252d,low_volatility,252d,63,low_volatility_family_sensitivity,no_stable_structure,middle_minus_q1,market_neutral,True,5,ensemble,3,836.3333333333334,0.0,836.3333333333334,1.0,5,self_financing_spread_return,4181,0.0003876243373659438,0.13005249644439495,0.068091964871596,-0.4554773269835082,0.52,0.5294117647058824,0.007750527458109455,0.25554439029310955,0.7983026628691902,0.007435052826674105,-0.0003140680513975423,0.2779167119930646,2.0017696747782088,0.4146165610957883,10.145772619669975,0.005072886309834988,2,0.006956218521172146,,,,208.8383161922985,55.666666666666664,0.03619895136693623
low_volatility|252d|middle_minus_q1|beta_neutral|r5|ensemble,low_volatility|252d,low_volatility,252d,63,low_volatility_family_sensitivity,no_stable_structure,middle_minus_q1,market_neutral,True,5,ensemble,3,836.3333333333334,0.0,836.3333333333334,1.0,10,self_financing_spread_return,4181,-0.0046747257717230095,0.13005120230098602,0.02908505814267591,-0.4732032559619499,0.51,0.47058823529411764,0.0026907567997283537,0.08869248386502493,0.9293263060020673,0.007346151463342946,-0.0003140680513975423,0.2779167119930646,2.0017696747782088,0.4146165610957883,10.145772619669975,0.010145772619669976,2,0.006956218521172146,,,,208.8383161922985,55.666666666666664,0.03619895136693623
low_volatility|252d|middle_minus_q1|beta_neutral|r5|ensemble,low_volatility|252d,low_volatility,252d,63,low_volatility_family_sensitivity,no_stable_structure,middle_minus_q1,market_neutral,True,5,ensemble,3,836.3333333333334,0.0,836.3333333333334,1.0,25,self_financing_spread_return,4181,-0.01970995972903511,0.13005338106597442,-0.08793622159247984,-0.5229979754180568,0.48,0.4117647058823529,-0.012488555175414846,-0.4112703645908207,0.6808742975679851,0.00707944737334913,-0.0003140680513975423,0.2779167119930646,2.0017696747782088,0.4146165610957883,10.145772619669975,0.025364431549174938,2,0.006956218521172146,,,,208.8383161922985,55.666666666666664,0.03619895136693623
low_volatility|252d|middle_minus_q1|beta_neutral|r21|ensemble,low_volatility|252d,low_volatility,252d,63,low_volatility_family_sensitivity,no_stable_structure,middle_minus_q1,market_neutral,True,21,ensemble,3,199.33333333333334,0.0,199.33333333333334,1.0,0,self_financing_spread_return,4181,0.012171986191103157,0.1272564349236329,0.15879270615560834,-0.39235349199198666,0.54,0.5294117647058824,0.016118402567382187,0.5422879967443851,0.587620123228898,0.027512936146784288,0.001206369352367334,0.3155453386021489,2.0023111365437702,0.41639039325403865,5.799110360188552,0.0,2,0.01975517616165019,,,,208.19309575061786,55.666666666666664,0.04059990276946854
low_volatility|252d|middle_minus_q1|beta_neutral|r21|ensemble,low_volatility|252d,low_volatility,252d,63,low_volatility_family_sensitivity,no_stable_structure,middle_minus_q1,market_neutral,True,21,ensemble,3,199.33333333333334,0.0,199.33333333333334,1.0,5,self_financing_spread_return,4181,0.009241249427340836,0.12725381408614503,0.1360070156530127,-0.40118558064488763,0.54,0.5294117647058824,0.013235400547361775,0.44519366616369677,0.656179803606539,0.02739868439123785,0.001206369352367334,0.3155453386021489,2.0023111365437702,0.41639039325403865,5.799110360188552,0.0028995551800942757,2,0.01975517616165019,,,,208.19309575061786,55.666666666666664,0.04059990276946854
low_volatility|252d|middle_minus_q1|beta_neutral|r21|ensemble,low_volatility|252d,low_volatility,252d,63,low_volatility_family_sensitivity,no_stable_structure,middle_minus_q1,market_neutral,True,21,ensemble,3,199.33333333333334,0.0,199.33333333333334,1.0,10,self_financing_spread_return,4181,0.0063187213347521975,0.12725309473348206,0.11321869477183433,-0.4118728025685626,0.535,0.5294117647058824,0.010352398527341648,0.34813717504512515,0.7277371668482527,0.027284432635691417,0.001206369352367334,0.3155453386021489,2.0023111365437702,0.41639039325403865,5.799110360188552,0.005799110360188551,2,0.01975517616165019,,,,208.19309575061786,55.666666666666664,0.04059990276946854
low_volatility|252d|middle_minus_q1|beta_neutral|r21|ensemble,low_volatility|252d,low_volatility,252d,63,low_volatility_family_sensitivity,no_stable_structure,middle_minus_q1,market_neutral,True,21,ensemble,3,199.33333333333334,0.0,199.33333333333334,1.0,25,self_financing_spread_return,4181,-0.0023998329781389494,0.12726234548072346,0.044848165347615085,-0.4431729947936842,0.53,0.5294117647058824,0.0017033924672802435,0.057237234615671255,0.954356217830338,0.02694167736905218,0.001206369352367334,0.3155453386021489,2.0023111365437702,0.41639039325403865,5.799110360188552,0.014497775900471379,2,0.01975517616165019,,,,208.19309575061786,55.666666666666664,0.04059990276946854
low_volatility|252d|middle_minus_q1|beta_neutral|r63|ensemble,low_volatility|252d,low_volatility,252d,63,low_volatility_family_sensitivity,no_stable_structure,middle_minus_q1,market_neutral,True,63,ensemble,3,66.33333333333333,0.0,66.33333333333333,1.0,0,self_financing_spread_return,4181,0.009560082301283357,0.1305523204064516,0.1382050124368762,-0.4176848357542057,0.58,0.5294117647058824,0.009310004494468251,0.3018636940111804,0.76275597340404,0.058760200344038754,9.880572778826589e-05,0.6396143874735724,2.0174391211385676,0.41823473158981156,3.8869070569024555,0.0,2,0.01802977698758944,,,,206.55202104759627,55.666666666666664,0.05852325225829349
low_volatility|252d|middle_minus_q1|beta_neutral|r63|ensemble,low_volatility|252d,low_volatility,252d,63,low_volatility_family_sensitivity,no_stable_structure,middle_minus_q1,market_neutral,True,63,ensemble,3,66.33333333333333,0.0,66.33333333333333,1.0,5,self_financing_spread_return,4181,0.0075997878394324925,0.13054593420138164,0.12331702296532512,-0.41987814426760994,0.575,0.5294117647058824,0.00737185666790757,0.23902021651069716,0.8110899065138247,0.05871780198336024,9.880572778826589e-05,0.6396143874735724,2.0174391211385676,0.41823473158981156,3.8869070569024555,0.0019434535284512278,2,0.01802977698758944,,,,206.55202104759627,55.666666666666664,0.05852325225829349
low_volatility|252d|middle_minus_q1|beta_neutral|r63|ensemble,low_volatility|252d,low_volatility,252d,63,low_volatility_family_sensitivity,no_stable_structure,middle_minus_q1,market_neutral,True,63,ensemble,3,66.33333333333333,0.0,66.33333333333333,1.0,10,self_financing_spread_return,4181,0.005642966936704408,0.1305419698791277,0.10842556519985146,-0.42206359110832126,0.57,0.5294117647058824,0.005433708841346718,0.17617307146501487,0.8601579757451868,0.05867540362268177,9.880572778826589e-05,0.6396143874735724,2.0174391211385676,0.41823473158981156,3.8869070569024555,0.0038869070569024556,2,0.01802977698758944,,,,206.55202104759627,55.666666666666664,0.05852325225829349
low_volatility|252d|middle_minus_q1|beta_neutral|r63|ensemble,low_volatility|252d,low_volatility,252d,63,low_volatility_family_sensitivity,no_stable_structure,middle_minus_q1,market_neutral,True,63,ensemble,3,66.33333333333333,0.0,66.33333333333333,1.0,25,self_financing_spread_return,4181,-0.00020671019741869134,0.13054460974169613,0.06373866821789914,-0.4402661689860692,0.57,0.5294117647058824,-0.0003807346383355355,-0.012341095225993732,0.9901534805982185,0.05854820854064636,9.880572778826589e-05,0.6396143874735724,2.0174391211385676,0.41823473158981156,3.8869070569024555,0.009717267642256139,2,0.01802977698758944,,,,206.55202104759627,55.666666666666664,0.05852325225829349
low_volatility|252d|q10_minus_middle|unconstrained_beta|r1|ensemble,low_volatility|252d,low_volatility,252d,63,low_volatility_family_sensitivity,no_stable_structure,q10_minus_middle,market_neutral,False,1,ensemble,1,4181.0,0.0,0.0,,0,self_financing_spread_return,4181,-0.028434633400283515,0.11890400114611392,-0.18309943500518658,-0.4422311850983415,0.435,0.35294117647058826,0.043051188882724765,1.8677541560774993,0.061796346165588566,-0.43616034452788777,-0.4697163019613511,0.6965013239158087,2.0,-7.95748900879196e-18,19.24936605565774,0.0,0,0.0,,,,209.89117436020092,168.0,0.029411764705882353
low_volatility|252d|q10_minus_middle|unconstrained_beta|r1|ensemble,low_volatility|252d,low_volatility,252d,63,low_volatility_family_sensitivity,no_stable_structure,q10_minus_middle,market_neutral,False,1,ensemble,1,4181.0,0.0,0.0,,5,self_financing_spread_return,4181,-0.03774109112333912,0.11890000658263677,-0.26404432064779704,-0.5162917480381808,0.435,0.29411764705882354,0.033420443826488226,1.4476711584546171,0.14770903975074148,-0.43611237661985497,-0.4697163019613511,0.6965013239158087,2.0,-7.95748900879196e-18,19.24936605565774,0.009624683027828871,0,0.0,,,,209.89117436020092,168.0,0.029411764705882353
low_volatility|252d|q10_minus_middle|unconstrained_beta|r1|ensemble,low_volatility|252d,low_volatility,252d,63,low_volatility_family_sensitivity,no_stable_structure,q10_minus_middle,market_neutral,False,1,ensemble,1,4181.0,0.0,0.0,,10,self_financing_spread_return,4181,-0.04695900870114966,0.11889824946861706,-0.34498815314668835,-0.5805221810750611,0.435,0.23529411764705882,0.023789698770251447,1.0288148160098516,0.3035667031591093,-0.4360644087118227,-0.4697163019613511,0.6965013239158087,2.0,-7.95748900879196e-18,19.24936605565774,0.019249366055657743,0,0.0,,,,209.89117436020092,168.0,0.029411764705882353
low_volatility|252d|q10_minus_middle|unconstrained_beta|r1|ensemble,low_volatility|252d,low_volatility,252d,63,low_volatility_family_sensitivity,no_stable_structure,q10_minus_middle,market_neutral,False,1,ensemble,1,4181.0,0.0,0.0,,25,self_financing_spread_return,4181,-0.07408984895097337,0.11890640318367791,-0.5877676367760966,-0.7264334892751305,0.38,0.23529411764705882,-0.005102536398457831,-0.21948954178416594,0.8262687257056067,-0.4359205049877242,-0.4697163019613511,0.6965013239158087,2.0,-7.95748900879196e-18,19.24936605565774,0.04812341513914436,0,0.0,,,,209.89117436020092,168.0,0.029411764705882353
low_volatility|252d|q10_minus_middle|unconstrained_beta|r5|ensemble,low_volatility|252d,low_volatility,252d,63,low_volatility_family_sensitivity,no_stable_structure,q10_minus_middle,market_neutral,False,5,ensemble,3,836.3333333333334,0.0,0.0,,0,self_financing_spread_return,4181,-0.030007195843076317,0.11779411851983522,-0.19969187126157015,-0.46602133542241064,0.445,0.29411764705882354,0.03975901896657074,1.6961457595794733,0.08985827951569869,-0.42579235631289053,-0.47032585003663985,0.7180156199888449,2.00192493498061,-0.00029762706254855554,9.887816729531263,0.0,0,0.0,,,,209.7542055329666,56.0,0.03423797684054224
low_volatility|252d|q10_minus_middle|unconstrained_beta|r5|ensemble,low_volatility|252d,low_volatility,252d,63,low_volatility_family_sensitivity,no_stable_structure,q10_minus_middle,market_neutral,False,5,ensemble,3,836.3333333333334,0.0,0.0,,5,self_financing_spread_return,4181,-0.034791026527303814,0.11780315568567402,-0.241628218363829,-0.5036950073801356,0.445,0.29411764705882354,0.034830265806209584,1.4852634640252007,0.13747404620592898,-0.4258817484171477,-0.47032585003663985,0.7180156199888449,2.00192493498061,-0.00029762706254855554,9.887816729531263,0.004943908364765632,0,0.0,,,,209.7542055329666,56.0,0.03423797684054224
low_volatility|252d|q10_minus_middle|unconstrained_beta|r5|ensemble,low_volatility|252d,low_volatility,252d,63,low_volatility_family_sensitivity,no_stable_structure,q10_minus_middle,market_neutral,False,5,ensemble,3,836.3333333333334,0.0,0.0,,10,self_financing_spread_return,4181,-0.03955148321317603,0.11781329861982237,-0.28355547032853134,-0.5387121605762192,0.425,0.29411764705882354,0.029901512645848387,1.2745315831192527,0.2024750869570796,-0.4259711405214051,-0.47032585003663985,0.7180156199888449,2.00192493498061,-0.00029762706254855554,9.887816729531263,0.009887816729531264,0,0.0,,,,209.7542055329666,56.0,0.03423797684054224
low_volatility|252d|q10_minus_middle|unconstrained_beta|r5|ensemble,low_volatility|252d,low_volatility,252d,63,low_volatility_family_sensitivity,no_stable_structure,q10_minus_middle,market_neutral,False,5,ensemble,3,836.3333333333334,0.0,0.0,,25,self_financing_spread_return,4181,-0.05369373812761202,0.11785035902141754,-0.4092708900253209,-0.6296316858607991,0.41,0.23529411764705882,0.015115253164764676,0.6433606752820327,0.5199900940068989,-0.4262393168341765,-0.47032585003663985,0.7180156199888449,2.00192493498061,-0.00029762706254855554,9.887816729531263,0.024719541823828156,0,0.0,,,,209.7542055329666,56.0,0.03423797684054224
low_volatility|252d|q10_minus_middle|unconstrained_beta|r21|ensemble,low_volatility|252d,low_volatility,252d,63,low_volatility_family_sensitivity,no_stable_structure,q10_minus_middle,market_neutral,False,21,ensemble,3,199.33333333333334,0.0,0.0,,0,self_financing_spread_return,4181,-0.02894322983554143,0.11516685754297297,-0.19742033065404058,-0.4510629700060408,0.44,0.35294117647058826,0.03658626461452911,1.5377885417314108,0.12410032611386464,-0.3991540488441423,-0.47182863978400674,0.7483417634340239,2.0074480750455614,-0.0010865394687007877,5.603103969080825,0.0,2,0.007891095637166647,,,,209.21717292513753,56.0,0.03441068008826314
low_volatility|252d|q10_minus_middle|unconstrained_beta|r21|ensemble,low_volatility|252d,low_volatility,252d,63,low_volatility_family_sensitivity,no_stable_structure,q10_minus_middle,market_neutral,False,21,ensemble,3,199.33333333333334,0.0,0.0,,5,self_financing_spread_return,4181,-0.03166002090682174,0.11517942232007711,-0.22170688997284924,-0.4732587177115489,0.44,0.29411764705882354,0.03380463104581044,1.4206203094440535,0.15542717096738626,-0.3992762313490623,-0.47182863978400674,0.7483417634340239,2.0074480750455614,-0.0010865394687007877,5.603103969080825,0.002801551984540413,2,0.007891095637166647,,,,209.21717292513753,56.0,0.03441068008826314
low_volatility|252d|q10_minus_middle|unconstrained_beta|r21|ensemble,low_volatility|252d,low_volatility,252d,63,low_volatility_family_sensitivity,no_stable_structure,q10_minus_middle,market_neutral,False,21,ensemble,3,199.33333333333334,0.0,0.0,,10,self_financing_spread_return,4181,-0.034369474852726456,0.1151940756389119,-0.2459836911683596,-0.4945589685300109,0.44,0.29411764705882354,0.03102299747709184,1.3034633236189657,0.1924166298949792,-0.3993984138539824,-0.47182863978400674,0.7483417634340239,2.0074480750455614,-0.0010865394687007877,5.603103969080825,0.005603103969080826,2,0.007891095637166647,,,,209.21717292513753,56.0,0.03441068008826314
low_volatility|252d|q10_minus_middle|unconstrained_beta|r21|ensemble,low_volatility|252d,low_volatility,252d,63,low_volatility_family_sensitivity,no_stable_structure,q10_minus_middle,market_neutral,False,21,ensemble,3,199.33333333333334,0.0,0.0,,25,self_financing_spread_return,4181,-0.0424540049638471,0.1152505583117669,-0.31874241400039866,-0.5534400569990936,0.435,0.29411764705882354,0.022678096770935796,0.9521411310538418,0.34102541170959877,-0.3997649613687428,-0.47182863978400674,0.7483417634340239,2.0074480750455614,-0.0010865394687007877,5.603103969080825,0.014007759922702064,2,0.007891095637166647,,,,209.21717292513753,56.0,0.03441068008826314
low_volatility|252d|q10_minus_middle|unconstrained_beta|r63|ensemble,low_volatility|252d,low_volatility,252d,63,low_volatility_family_sensitivity,no_stable_structure,q10_minus_middle,market_neutral,False,63,ensemble,3,66.33333333333333,0.0,0.0,,0,self_financing_spread_return,4181,-0.026688242326211586,0.1139466701871784,-0.18041756365911354,-0.42653643052473433,0.445,0.29411764705882354,0.03395425597402088,1.3810680359608227,0.16725804250105392,-0.36678770982799536,-0.47815791876315994,0.8788233331430774,2.0288888730954433,-0.005042629354748236,3.7046504102928774,0.0,2,0.007891095637166647,,,,207.8186239336682,56.0,0.038709982844420704
low_volatility|252d|q10_minus_middle|unconstrained_beta|r63|ensemble,low_volatility|252d,low_volatility,252d,63,low_volatility_family_sensitivity,no_stable_structure,q10_minus_middle,market_neutral,False,63,ensemble,3,66.33333333333333,0.0,0.0,,5,self_financing_spread_return,4181,-0.028489618930676253,0.11395271211833022,-0.19665630628477596,-0.44195879847368935,0.445,0.29411764705882354,0.03210848814019354,1.3059856646720067,0.19155743260529678,-0.366826540228282,-0.47815791876315994,0.8788233331430774,2.0288888730954433,-0.005042629354748236,3.7046504102928774,0.0018523252051464386,2,0.007891095637166647,,,,207.8186239336682,56.0,0.038709982844420704
low_volatility|252d|q10_minus_middle|unconstrained_beta|r63|ensemble,low_volatility|252d,low_volatility,252d,63,low_volatility_family_sensitivity,no_stable_structure,q10_minus_middle,market_neutral,False,63,ensemble,3,66.33333333333333,0.0,0.0,,10,self_financing_spread_return,4181,-0.03028797199335065,0.1139614366949868,-0.21288831550396317,-0.4569689295669185,0.44,0.29411764705882354,0.03026272030636615,1.2308545877115447,0.2183772548487346,-0.3668653706285685,-0.47815791876315994,0.8788233331430774,2.0288888730954433,-0.005042629354748236,3.7046504102928774,0.0037046504102928772,2,0.007891095637166647,,,,207.8186239336682,56.0,0.038709982844420704
low_volatility|252d|q10_minus_middle|unconstrained_beta|r63|ensemble,low_volatility|252d,low_volatility,252d,63,low_volatility_family_sensitivity,no_stable_structure,q10_minus_middle,market_neutral,False,63,ensemble,3,66.33333333333333,0.0,0.0,,25,self_financing_spread_return,4181,-0.03566493562870965,0.11400369919210043,-0.26153252047040004,-0.49963398047675656,0.43,0.29411764705882354,0.024725416804884,1.005259937003652,0.31477170088553896,-0.36698186182942827,-0.47815791876315994,0.8788233331430774,2.0288888730954433,-0.005042629354748236,3.7046504102928774,0.009261626025732194,2,0.007891095637166647,,,,207.8186239336682,56.0,0.038709982844420704
low_volatility|252d|q10_minus_middle|beta_neutral|r1|ensemble,low_volatility|252d,low_volatility,252d,63,low_volatility_family_sensitivity,no_stable_structure,q10_minus_middle,market_neutral,True,1,ensemble,1,4181.0,0.0,4181.0,1.0,0,self_financing_spread_return,4181,0.05387560790124901,0.1152774293196866,0.5128914740818609,-0.1867862121129643,0.55,0.8823529411764706,0.05371788052181505,1.84128681366599,0.0655795390733005,0.03638074024353123,-1.9433954415829027e-18,4.996003610813204e-16,2.0,0.6331820360132515,18.658208559512737,0.0,0,0.0,,,,209.89117436020092,168.0,0.04335691345351519
low_volatility|252d|q10_minus_middle|beta_neutral|r1|ensemble,low_volatility|252d,low_volatility,252d,63,low_volatility_family_sensitivity,no_stable_structure,q10_minus_middle,market_neutral,True,1,ensemble,1,4181.0,0.0,4181.0,1.0,5,self_financing_spread_return,4181,0.04408927066064705,0.11527368134021848,0.4319618414185219,-0.19709922877881747,0.54,0.8235294117647058,0.04438301959994187,1.5198830099585845,0.1285403812743786,0.03640685995112998,-1.9433954415829027e-18,4.996003610813204e-16,2.0,0.6331820360132515,18.658208559512737,0.009329104279756367,0,0.0,,,,209.89117436020092,168.0,0.04335691345351519
low_volatility|252d|q10_minus_middle|beta_neutral|r1|ensemble,low_volatility|252d,low_volatility,252d,63,low_volatility_family_sensitivity,no_stable_structure,q10_minus_middle,market_neutral,True,1,ensemble,1,4181.0,0.0,4181.0,1.0,10,self_financing_spread_return,4181,0.0343931358035221,0.11527259517046368,0.35101884021651325,-0.20747538331330673,0.525,0.8235294117647058,0.03504815867806887,1.1990194002819852,0.23052040212129643,0.03643297965872852,-1.9433954415829027e-18,4.996003610813204e-16,2.0,0.6331820360132515,18.658208559512737,0.018658208559512734,0,0.0,,,,209.89117436020092,168.0,0.04335691345351519
low_volatility|252d|q10_minus_middle|beta_neutral|r1|ensemble,low_volatility|252d,low_volatility,252d,63,low_volatility_family_sensitivity,no_stable_structure,q10_minus_middle,market_neutral,True,1,ensemble,1,4181.0,0.0,4181.0,1.0,25,self_financing_spread_return,4181,0.005837729252689439,0.11528530734995905,0.1081656975389221,-0.2851898404976049,0.505,0.47058823529411764,0.007043575912449755,0.24017090343148878,0.8101977693029221,0.0365113387815247,-1.9433954415829027e-18,4.996003610813204e-16,2.0,0.6331820360132515,18.658208559512737,0.04664552139878184,0,0.0,,,,209.89117436020092,168.0,0.04335691345351519
low_volatility|252d|q10_minus_middle|beta_neutral|r5|ensemble,low_volatility|252d,low_volatility,252d,63,low_volatility_family_sensitivity,no_stable_structure,q10_minus_middle,market_neutral,True,5,ensemble,3,836.3333333333334,0.0,836.3333333333334,1.0,0,self_financing_spread_return,4181,0.05089237976091443,0.11595874670660346,0.4861062006733464,-0.20248037630937188,0.535,0.8235294117647058,0.04888235811261013,1.6443175857073806,0.10011061866825033,0.05036922178874161,-1.9416069478063204e-05,0.16965758975627096,2.000232212452889,0.6329828800489263,9.603326937980825,0.0,0,0.0,,,,209.7542055329666,56.0,0.04419135281557954
low_volatility|252d|q10_minus_middle|beta_neutral|r5|ensemble,low_volatility|252d,low_volatility,252d,63,low_volatility_family_sensitivity,no_stable_structure,q10_minus_middle,market_neutral,True,5,ensemble,3,836.3333333333334,0.0,836.3333333333334,1.0,5,self_financing_spread_return,4181,0.045858325890948404,0.11595690489490042,0.4446973298294605,-0.20404790748489832,0.535,0.8235294117647058,0.044095274538087446,1.4828475324898016,0.13811492400616043,0.05026522387636886,-1.9416069478063204e-05,0.16965758975627096,2.000232212452889,0.6329828800489263,9.603326937980825,0.004801663468990412,0,0.0,,,,209.7542055329666,56.0,0.04419135281557954
low_volatility|252d|q10_minus_middle|beta_neutral|r5|ensemble,low_volatility|252d,low_volatility,252d,63,low_volatility_family_sensitivity,no_stable_structure,q10_minus_middle,market_neutral,True,5,ensemble,3,836.3333333333334,0.0,836.3333333333334,1.0,10,self_financing_spread_return,4181,0.04084815232300998,0.11595621209128365,0.4032831473565101,-0.2056126479550907,0.53,0.8235294117647058,0.03930819096356477,1.3214557463208003,0.18634944887050064,0.050161225963995956,-1.9416069478063204e-05,0.16965758975627096,2.000232212452889,0.6329828800489263,9.603326937980825,0.009603326937980824,0,0.0,,,,209.7542055329666,56.0,0.04419135281557954
low_volatility|252d|q10_minus_middle|beta_neutral|r5|ensemble,low_volatility|252d,low_volatility,252d,63,low_volatility_family_sensitivity,no_stable_structure,q10_minus_middle,market_neutral,True,5,ensemble,3,836.3333333333334,0.0,836.3333333333334,1.0,25,self_financing_spread_return,4181,0.025959794106611644,0.11596102776411642,0.27902104136668093,-0.224193062503947,0.52,0.7647058823529411,0.024946940239996176,0.8378140946684552,0.4021351215024659,0.04984923222687762,-1.9416069478063204e-05,0.16965758975627096,2.000232212452889,0.6329828800489263,9.603326937980825,0.02400831734495206,0,0.0,,,,209.7542055329666,56.0,0.04419135281557954
low_volatility|252d|q10_minus_middle|beta_neutral|r21|ensemble,low_volatility|252d,low_volatility,252d,63,low_volatility_family_sensitivity,no_stable_structure,q10_minus_middle,market_neutral,True,21,ensemble,3,199.33333333333334,0.0,199.33333333333334,1.0,0,self_financing_spread_return,4181,0.04649145577341929,0.12007614898135524,0.4385941676751838,-0.2643866927932933,0.535,0.8235294117647058,0.03848054617790853,1.2247950075343728,0.22065246648961878,0.09543862286667601,0.0004894150276912531,0.42954059062201,2.0003713728067978,0.6323471381749288,5.459434656909023,0.0,2,0.009444477958128599,,,,209.21717292513753,56.0,0.045781560434354045
low_volatility|252d|q10_minus_middle|beta_neutral|r21|ensemble,low_volatility|252d,low_volatility,252d,63,low_volatility_family_sensitivity,no_stable_structure,q10_minus_middle,market_neutral,True,21,ensemble,3,199.33333333333334,0.0,199.33333333333334,1.0,5,self_financing_spread_return,4181,0.04363858307963486,0.12007737427060546,0.41585338824083,-0.26466469812295657,0.535,0.8235294117647058,0.03577337261334046,1.138386599083878,0.2549590873228793,0.09528425595753612,0.0004894150276912531,0.42954059062201,2.0003713728067978,0.6323471381749288,5.459434656909023,0.002729717328454512,2,0.009444477958128599,,,,209.21717292513753,56.0,0.045781560434354045
low_volatility|252d|q10_minus_middle|beta_neutral|r21|ensemble,low_volatility|252d,low_volatility,252d,63,low_volatility_family_sensitivity,no_stable_structure,q10_minus_middle,market_neutral,True,21,ensemble,3,199.33333333333334,0.0,199.33333333333334,1.0,10,self_financing_spread_return,4181,0.040793204049267784,0.12008062366499923,0.3931064465034692,-0.2649426384178336,0.535,0.8235294117647058,0.03306619904877241,1.0520007717033366,0.2927991955741245,0.09512988904839627,0.0004894150276912531,0.42954059062201,2.0003713728067978,0.6323471381749288,5.459434656909023,0.005459434656909024,2,0.009444477958128599,,,,209.21717292513753,56.0,0.045781560434354045
low_volatility|252d|q10_minus_middle|beta_neutral|r21|ensemble,low_volatility|252d,low_volatility,252d,63,low_volatility_family_sensitivity,no_stable_structure,q10_minus_middle,market_neutral,True,21,ensemble,3,199.33333333333334,0.0,199.33333333333334,1.0,25,self_financing_spread_return,4181,0.03230183945543463,0.12010251432447837,0.32484016214338735,-0.2657760691601876,0.53,0.8235294117647058,0.0249446783550679,0.7930134758638268,0.4277699714819233,0.09466678832097657,0.0004894150276912531,0.42954059062201,2.0003713728067978,0.6323471381749288,5.459434656909023,0.013648586642272557,2,0.009444477958128599,,,,209.21717292513753,56.0,0.045781560434354045
low_volatility|252d|q10_minus_middle|beta_neutral|r63|ensemble,low_volatility|252d,low_volatility,252d,63,low_volatility_family_sensitivity,no_stable_structure,q10_minus_middle,market_neutral,True,63,ensemble,3,66.33333333333333,0.0,66.33333333333333,1.0,0,self_financing_spread_return,4181,0.04772569412890615,0.12960309951726548,0.4247052442649803,-0.3232294900324564,0.57,0.8823529411764706,0.030134369563621467,0.9024709678210513,0.36680673693454613,0.16759947205399514,0.00150174715380534,0.7191362494344543,2.0051302143443737,0.6298134203248246,3.572792848008072,0.0,2,0.009444477958128599,,,,207.8186239336682,56.0,0.048486103393626544
low_volatility|252d|q10_minus_middle|beta_neutral|r63|ensemble,low_volatility|252d,low_volatility,252d,63,low_volatility_family_sensitivity,no_stable_structure,q10_minus_middle,market_neutral,True,63,ensemble,3,66.33333333333333,0.0,66.33333333333333,1.0,5,self_financing_spread_return,4181,0.04585554716286455,0.12960417635116492,0.41091582987834213,-0.32332703328039913,0.555,0.8823529411764706,0.028355757055643745,0.8491874130028204,0.39577701605918025,0.16754499881852145,0.00150174715380534,0.7191362494344543,2.0051302143443737,0.6298134203248246,3.572792848008072,0.001786396424004036,2,0.009444477958128599,,,,207.8186239336682,56.0,0.048486103393626544
low_volatility|252d|q10_minus_middle|beta_neutral|r63|ensemble,low_volatility|252d,low_volatility,252d,63,low_volatility_family_sensitivity,no_stable_structure,q10_minus_middle,market_neutral,True,63,ensemble,3,66.33333333333333,0.0,66.33333333333333,1.0,10,self_financing_spread_return,4181,0.043988410229987895,0.1296075804391757,0.39711951376371446,-0.3234245765283419,0.55,0.8235294117647058,0.026577144547665927,0.7958890891381256,0.42609650357471374,0.1674905255830478,0.00150174715380534,0.7191362494344543,2.0051302143443737,0.6298134203248246,3.572792848008072,0.003572792848008072,2,0.009444477958128599,,,,207.8186239336682,56.0,0.048486103393626544
low_volatility|252d|q10_minus_middle|beta_neutral|r63|ensemble,low_volatility|252d,low_volatility,252d,63,low_volatility_family_sensitivity,no_stable_structure,q10_minus_middle,market_neutral,True,63,ensemble,3,66.33333333333333,0.0,66.33333333333333,1.0,25,self_financing_spread_return,4181,0.03840501617908276,0.12963175376777689,0.3556966014351334,-0.32371720627217115,0.545,0.7647058823529411,0.02124130702373266,0.6359395660556373,0.5248158127718917,0.16732710587662686,0.00150174715380534,0.7191362494344543,2.0051302143443737,0.6298134203248246,3.572792848008072,0.00893198212002018,2,0.009444477958128599,,,,207.8186239336682,56.0,0.048486103393626544
low_volatility|252d|q10_minus_q1|unconstrained_beta|r1|ensemble,low_volatility|252d,low_volatility,252d,63,low_volatility_family_sensitivity,no_stable_structure,q10_minus_q1,market_neutral,False,1,ensemble,1,4181.0,0.0,0.0,,0,self_financing_spread_return,4181,-0.12488026592313695,0.276660225225696,-0.34268327235355794,-0.902441301555319,0.445,0.29411764705882354,0.0494104749449625,0.9826966058411797,0.32575678171523637,-0.9703717693836331,-0.9977417497442348,1.9353687750161839,2.0,4.071890981400714e-18,23.623230065595365,0.0,0,0.0,,,,83.83855536952882,67.0,0.030303030303030304
low_volatility|252d|q10_minus_q1|unconstrained_beta|r1|ensemble,low_volatility|252d,low_volatility,252d,63,low_volatility_family_sensitivity,no_stable_structure,q10_minus_q1,market_neutral,False,1,ensemble,1,4181.0,0.0,0.0,,5,self_financing_spread_return,4181,-0.13515643425705193,0.27665489539083,-0.3853532954811224,-0.9178255371289672,0.44,0.29411764705882354,0.03759842776088854,0.747258461654915,0.454907561000067,-0.9703111933923338,-0.9977417497442348,1.9353687750161839,2.0,4.071890981400714e-18,23.623230065595365,0.011811615032797682,0,0.0,,,,83.83855536952882,67.0,0.030303030303030304
low_volatility|252d|q10_minus_q1|unconstrained_beta|r1|ensemble,low_volatility|252d,low_volatility,252d,63,low_volatility_family_sensitivity,no_stable_structure,q10_minus_q1,market_neutral,False,1,ensemble,1,4181.0,0.0,0.0,,10,self_financing_spread_return,4181,-0.14531271891333208,0.2766508748858677,-0.42802293698915606,-0.9307846736817573,0.44,0.29411764705882354,0.025786380576815045,0.5121335183221789,0.6085575675428614,-0.9702506174010329,-0.9977417497442348,1.9353687750161839,2.0,4.071890981400714e-18,23.623230065595365,0.023623230065595364,0,0.0,,,,83.83855536952882,67.0,0.030303030303030304
low_volatility|252d|q10_minus_q1|unconstrained_beta|r1|ensemble,low_volatility|252d,low_volatility,252d,63,low_volatility_family_sensitivity,no_stable_structure,q10_minus_q1,market_neutral,False,1,ensemble,1,4181.0,0.0,0.0,,25,self_financing_spread_return,4181,-0.17507608685154563,0.27664666982830455,-0.5560235122404243,-0.9605551678474268,0.415,0.23529411764705882,-0.009649760975406317,-0.1912186687605937,0.848354277923111,-0.9700688894271343,-0.9977417497442348,1.9353687750161839,2.0,4.071890981400714e-18,23.623230065595365,0.059058075163988415,0,0.0,,,,83.83855536952882,67.0,0.030303030303030304
low_volatility|252d|q10_minus_q1|unconstrained_beta|r5|ensemble,low_volatility|252d,low_volatility,252d,63,low_volatility_family_sensitivity,no_stable_structure,q10_minus_q1,market_neutral,False,5,ensemble,3,836.3333333333334,0.0,0.0,,0,self_financing_spread_return,4181,-0.12925583216477876,0.2762520144386703,-0.3614579228813959,-0.9178922359172899,0.45,0.29411764705882354,0.04165282766350618,0.800115871972963,0.423643666014901,-0.9521307051309057,-1.001777500300286,2.1674567598253573,2.0053322506730846,-0.0010036671821601678,12.07540083615839,0.0,2,0.00823835461252138,,,,83.75874990034283,22.333333333333332,0.05232269978499073
low_volatility|252d|q10_minus_q1|unconstrained_beta|r5|ensemble,low_volatility|252d,low_volatility,252d,63,low_volatility_family_sensitivity,no_stable_structure,q10_minus_q1,market_neutral,False,5,ensemble,3,836.3333333333334,0.0,0.0,,5,self_financing_spread_return,4181,-0.13449743512283496,0.2762508697375853,-0.38329736831879385,-0.9248012973097548,0.445,0.29411764705882354,0.03563210242469366,0.6842409656330628,0.4938230179752371,-0.9522116279007118,-1.001777500300286,2.1674567598253573,2.0053322506730846,-0.0010036671821601678,12.07540083615839,0.006037700418079195,2,0.00823835461252138,,,,83.75874990034283,22.333333333333332,0.05232269978499073
low_volatility|252d|q10_minus_q1|unconstrained_beta|r5|ensemble,low_volatility|252d,low_volatility,252d,63,low_volatility_family_sensitivity,no_stable_structure,q10_minus_q1,market_neutral,False,5,ensemble,3,836.3333333333334,0.0,0.0,,10,self_financing_spread_return,4181,-0.1397077827757892,0.2762504544831778,-0.40513592497419987,-0.9311293230074806,0.445,0.29411764705882354,0.02961137718588122,0.5684377846315012,0.569737739983277,-0.9522925506705172,-1.001777500300286,2.1674567598253573,2.0053322506730846,-0.0010036671821601678,12.07540083615839,0.01207540083615839,2,0.00823835461252138,,,,83.75874990034283,22.333333333333332,0.05232269978499073
low_volatility|252d|q10_minus_q1|unconstrained_beta|r5|ensemble,low_volatility|252d,low_volatility,252d,63,low_volatility_family_sensitivity,no_stable_structure,q10_minus_q1,market_neutral,False,5,ensemble,3,836.3333333333334,0.0,0.0,,25,self_financing_spread_return,4181,-0.15515313483274307,0.2762535854040228,-0.47064453233288545,-0.9470953742541622,0.44,0.29411764705882354,0.011549201469443483,0.22147838423934266,0.8247199655824792,-0.9525353189799336,-1.001777500300286,2.1674567598253573,2.0053322506730846,-0.0010036671821601678,12.07540083615839,0.030188502090395974,2,0.00823835461252138,,,,83.75874990034283,22.333333333333332,0.05232269978499073
low_volatility|252d|q10_minus_q1|unconstrained_beta|r21|ensemble,low_volatility|252d,low_volatility,252d,63,low_volatility_family_sensitivity,no_stable_structure,q10_minus_q1,market_neutral,False,21,ensemble,3,199.33333333333334,0.0,0.0,,0,self_financing_spread_return,4181,-0.11548907866858604,0.2710406560213478,-0.31618662608079745,-0.8973100253495345,0.455,0.29411764705882354,0.0456387142008525,0.8557866277932813,0.39211581313093247,-0.8837138289883475,-1.0104447522820668,2.3092467144070965,2.0167339794046435,-0.0020577249536958306,6.751072501590957,0.0,2,0.03127401459996384,,,,83.43992665231605,22.333333333333332,0.05857096233027137
low_volatility|252d|q10_minus_q1|unconstrained_beta|r21|ensemble,low_volatility|252d,low_volatility,252d,63,low_volatility_family_sensitivity,no_stable_structure,q10_minus_q1,market_neutral,False,21,ensemble,3,199.33333333333334,0.0,0.0,,5,self_financing_spread_return,4181,-0.11846991518057937,0.2710511029069293,-0.3286076657276728,-0.9022402829060888,0.455,0.29411764705882354,0.042284334208004315,0.7927169284502786,0.4279427651388401,-0.8838191956764874,-1.0104447522820668,2.3092467144070965,2.0167339794046435,-0.0020577249536958306,6.751072501590957,0.0033755362507954787,2,0.03127401459996384,,,,83.43992665231605,22.333333333333332,0.05857096233027137
low_volatility|252d|q10_minus_q1|unconstrained_beta|r21|ensemble,low_volatility|252d,low_volatility,252d,63,low_volatility_family_sensitivity,no_stable_structure,q10_minus_q1,market_neutral,False,21,ensemble,3,199.33333333333334,0.0,0.0,,10,self_financing_spread_return,4181,-0.12144104774574338,0.2710628037294619,-0.34102617035002364,-0.9069343520562766,0.455,0.29411764705882354,0.038929954215156215,0.7296693770364615,0.4655923038684411,-0.8839245623646269,-1.0104447522820668,2.3092467144070965,2.0167339794046435,-0.0020577249536958306,6.751072501590957,0.0067510725015909575,2,0.03127401459996384,,,,83.43992665231605,22.333333333333332,0.05857096233027137
low_volatility|252d|q10_minus_q1|unconstrained_beta|r21|ensemble,low_volatility|252d,low_volatility,252d,63,low_volatility_family_sensitivity,no_stable_structure,q10_minus_q1,market_neutral,False,21,ensemble,3,199.33333333333334,0.0,0.0,,25,self_financing_spread_return,4181,-0.130296526414155,0.27110542810818344,-0.3782647569210607,-0.9197096623753931,0.45,0.29411764705882354,0.0288668142366121,0.5406724049975066,0.5887334019484461,-0.8842406624290461,-1.0104447522820668,2.3092467144070965,2.0167339794046435,-0.0020577249536958306,6.751072501590957,0.01687768125397739,2,0.03127401459996384,,,,83.43992665231605,22.333333333333332,0.05857096233027137
low_volatility|252d|q10_minus_q1|unconstrained_beta|r63|ensemble,low_volatility|252d,low_volatility,252d,63,low_volatility_family_sensitivity,no_stable_structure,q10_minus_q1,market_neutral,False,63,ensemble,3,66.33333333333333,0.0,0.0,,0,self_financing_spread_return,4181,-0.11119998236703676,0.2837848400336892,-0.2731010817828707,-0.8943242617605727,0.465,0.35294117647058826,0.04647489238701256,0.7824943422441203,0.4339241090794277,-0.8341829974139126,-1.0482528959005553,4.005020471681079,2.0681888858464146,-0.01245430676185815,4.484689740841581,0.0,2,0.030288739571519608,,,,82.66945706768716,22.333333333333332,0.1279616340982442
low_volatility|252d|q10_minus_q1|unconstrained_beta|r63|ensemble,low_volatility|252d,low_volatility,252d,63,low_volatility_family_sensitivity,no_stable_structure,q10_minus_q1,market_neutral,False,63,ensemble,3,66.33333333333333,0.0,0.0,,5,self_financing_spread_return,4181,-0.11319095269963375,0.28379231109415326,-0.28098362237757407,-0.8976968676906225,0.465,0.35294117647058826,0.04424332319216067,0.7448730737616687,0.4563484542405305,-0.8342332970950632,-1.0482528959005553,4.005020471681079,2.0681888858464146,-0.01245430676185815,4.484689740841581,0.002242344870420791,2,0.030288739571519608,,,,82.66945706768716,22.333333333333332,0.1279616340982442
low_volatility|252d|q10_minus_q1|unconstrained_beta|r63|ensemble,low_volatility|252d,low_volatility,252d,63,low_volatility_family_sensitivity,no_stable_structure,q10_minus_q1,market_neutral,False,63,ensemble,3,66.33333333333333,0.0,0.0,,10,self_financing_spread_return,4181,-0.1151778763304363,0.2838013450149311,-0.2888641572054024,-0.9009624992576194,0.465,0.29411764705882354,0.04201175399730883,0.7072496054152251,0.47941137667544587,-0.8342835967762136,-1.0482528959005553,4.005020471681079,2.0681888858464146,-0.01245430676185815,4.484689740841581,0.004484689740841582,2,0.030288739571519608,,,,82.66945706768716,22.333333333333332,0.1279616340982442
low_volatility|252d|q10_minus_q1|unconstrained_beta|r63|ensemble,low_volatility|252d,low_volatility,252d,63,low_volatility_family_sensitivity,no_stable_structure,q10_minus_q1,market_neutral,False,63,ensemble,3,66.33333333333333,0.0,0.0,,25,self_financing_spread_return,4181,-0.12111444116584336,0.2838378223177971,-0.31249242937139515,-0.9101507444145647,0.46,0.29411764705882354,0.03531704641275359,0.5943773465385064,0.5522597565376622,-0.8344344958196653,-1.0482528959005553,4.005020471681079,2.0681888858464146,-0.01245430676185815,4.484689740841581,0.011211724352103955,2,0.030288739571519608,,,,82.66945706768716,22.333333333333332,0.1279616340982442
low_volatility|252d|q10_minus_q1|beta_neutral|r1|ensemble,low_volatility|252d,low_volatility,252d,63,low_volatility_family_sensitivity,no_stable_structure,q10_minus_q1,market_neutral,True,1,ensemble,1,4181.0,0.0,4181.0,1.0,0,self_financing_spread_return,4181,0.06292844308048728,0.18764411574193707,0.4191219447625527,-0.3617930307184112,0.55,0.7647058823529411,0.07289191037189081,1.602030587294839,0.10914884581391247,0.03871504678241765,-8.494818671936474e-19,7.216449660063518e-16,2.0,0.974953185418168,20.151396426655833,0.0,0,0.0,,,,83.83855536952882,67.0,0.05165195457514793
low_volatility|252d|q10_minus_q1|beta_neutral|r1|ensemble,low_volatility|252d,low_volatility,252d,63,low_volatility_family_sensitivity,no_stable_structure,q10_minus_q1,market_neutral,True,1,ensemble,1,4181.0,0.0,4181.0,1.0,5,self_financing_spread_return,4181,0.052272076050709826,0.18763512271118546,0.3654314634937168,-0.3690522743728719,0.545,0.7058823529411765,0.06281148118537158,1.379629940732202,0.16770061390647306,0.038731464206841565,-8.494818671936474e-19,7.216449660063518e-16,2.0,0.974953185418168,20.151396426655833,0.010075698213327917,0,0.0,,,,83.83855536952882,67.0,0.05165195457514793
low_volatility|252d|q10_minus_q1|beta_neutral|r1|ensemble,low_volatility|252d,low_volatility,252d,63,low_volatility_family_sensitivity,no_stable_structure,q10_minus_q1,market_neutral,True,1,ensemble,1,4181.0,0.0,4181.0,1.0,10,self_financing_spread_return,4181,0.041721763618085994,0.18762798471596834,0.31173275333034556,-0.3820398283248587,0.54,0.7058823529411765,0.05273105199885181,1.1574751130927698,0.2470783013679505,0.03874788163126559,-8.494818671936474e-19,7.216449660063518e-16,2.0,0.974953185418168,20.151396426655833,0.020151396426655834,0,0.0,,,,83.83855536952882,67.0,0.05165195457514793
low_volatility|252d|q10_minus_q1|beta_neutral|r1|ensemble,low_volatility|252d,low_volatility,252d,63,low_volatility_family_sensitivity,no_stable_structure,q10_minus_q1,market_neutral,True,1,ensemble,1,4181.0,0.0,4181.0,1.0,25,self_financing_spread_return,4181,0.010696726317132033,0.18761770278567325,0.15060316912682098,-0.49511428638652855,0.525,0.5882352941176471,0.02248976443929287,0.49264351381017385,0.6222644962378465,0.038797133904537484,-8.494818671936474e-19,7.216449660063518e-16,2.0,0.974953185418168,20.151396426655833,0.05037849106663958,0,0.0,,,,83.83855536952882,67.0,0.05165195457514793
low_volatility|252d|q10_minus_q1|beta_neutral|r5|ensemble,low_volatility|252d,low_volatility,252d,63,low_volatility_family_sensitivity,no_stable_structure,q10_minus_q1,market_neutral,True,5,ensemble,3,836.3333333333334,0.0,836.3333333333334,1.0,0,self_financing_spread_return,4181,0.05720920694874376,0.18836659013153673,0.3896468188644246,-0.3836676345514436,0.545,0.7647058823529411,0.06496533225795187,1.3948024507004528,0.1630754196915074,0.056729054905125906,-0.00025645163768034417,0.30514078027620983,2.0004610501290663,0.9747975449246092,10.415649139365962,0.0,2,0.005375748189104174,,,,83.75874990034283,22.333333333333332,0.053145207123448994
low_volatility|252d|q10_minus_q1|beta_neutral|r5|ensemble,low_volatility|252d,low_volatility,252d,63,low_volatility_family_sensitivity,no_stable_structure,q10_minus_q1,market_neutral,True,5,ensemble,3,836.3333333333334,0.0,836.3333333333334,1.0,5,self_financing_spread_return,4181,0.051717620119120955,0.18835821084310464,0.36200648465792135,-0.38841081026137547,0.545,0.7647058823529411,0.05977239416624004,1.2830227445467937,0.1994841077467866,0.05661728869399431,-0.00025645163768034417,0.30514078027620983,2.0004610501290663,0.9747975449246092,10.415649139365962,0.005207824569682981,2,0.005375748189104174,,,,83.75874990034283,22.333333333333332,0.053145207123448994
low_volatility|252d|q10_minus_q1|beta_neutral|r5|ensemble,low_volatility|252d,low_volatility,252d,63,low_volatility_family_sensitivity,no_stable_structure,q10_minus_q1,market_neutral,True,5,ensemble,3,836.3333333333334,0.0,836.3333333333334,1.0,10,self_financing_spread_return,4181,0.04625428347534899,0.18835065975257298,0.33436222089783935,-0.39311796369747654,0.54,0.7058823529411765,0.054579456074528375,1.1712857904216083,0.2414839211069678,0.056505522482862704,-0.00025645163768034417,0.30514078027620983,2.0004610501290663,0.9747975449246092,10.415649139365962,0.010415649139365962,2,0.005375748189104174,,,,83.75874990034283,22.333333333333332,0.053145207123448994
low_volatility|252d|q10_minus_q1|beta_neutral|r5|ensemble,low_volatility|252d,low_volatility,252d,63,low_volatility_family_sensitivity,no_stable_structure,q10_minus_q1,market_neutral,True,5,ensemble,3,836.3333333333334,0.0,836.3333333333334,1.0,25,self_financing_spread_return,4181,0.030032338936261338,0.18833297660993273,0.25140949381656785,-0.42162145567451026,0.535,0.7058823529411765,0.03900064179939322,0.8363521513071318,0.4029568223877529,0.05617022384946805,-0.00025645163768034417,0.30514078027620983,2.0004610501290663,0.9747975449246092,10.415649139365962,0.026039122848414906,2,0.005375748189104174,,,,83.75874990034283,22.333333333333332,0.053145207123448994
low_volatility|252d|q10_minus_q1|beta_neutral|r21|ensemble,low_volatility|252d,low_volatility,252d,63,low_volatility_family_sensitivity,no_stable_structure,q10_minus_q1,market_neutral,True,21,ensemble,3,199.33333333333334,0.0,199.33333333333334,1.0,0,self_financing_spread_return,4181,0.05936542732793715,0.19001935467175238,0.3987669313779184,-0.4129939735370073,0.56,0.7058823529411765,0.05799167084603415,1.2179277263459574,0.22325143878487752,0.11964529333393298,0.0014085424068388797,0.6417610201186976,1.997804320280933,0.9748540678656821,5.886637556938817,0.0,2,0.026215010821098023,,,,83.43992665231605,22.333333333333332,0.054779263039260485
low_volatility|252d|q10_minus_q1|beta_neutral|r21|ensemble,low_volatility|252d,low_volatility,252d,63,low_volatility_family_sensitivity,no_stable_structure,q10_minus_q1,market_neutral,True,21,ensemble,3,199.33333333333334,0.0,199.33333333333334,1.0,5,self_financing_spread_return,4181,0.05625179888857268,0.19001814222656968,0.3832755333815867,-0.41546549160313395,0.555,0.7058823529411765,0.05507202605533095,1.1564516678350696,0.24749645814920473,0.11948054263363006,0.0014085424068388797,0.6417610201186976,1.997804320280933,0.9748540678656821,5.886637556938817,0.0029433187784694086,2,0.026215010821098023,,,,83.43992665231605,22.333333333333332,0.054779263039260485
low_volatility|252d|q10_minus_q1|beta_neutral|r21|ensemble,low_volatility|252d,low_volatility,252d,63,low_volatility_family_sensitivity,no_stable_structure,q10_minus_q1,market_neutral,True,21,ensemble,3,199.33333333333334,0.0,199.33333333333334,1.0,10,self_financing_spread_return,4181,0.05314699775345422,0.1900183683866468,0.36778115324653726,-0.4179271429744198,0.555,0.7058823529411765,0.0521523812646276,1.0949852852004318,0.2735230831146984,0.11931579193332696,0.0014085424068388797,0.6417610201186976,1.997804320280933,0.9748540678656821,5.886637556938817,0.005886637556938817,2,0.026215010821098023,,,,83.43992665231605,22.333333333333332,0.054779263039260485
low_volatility|252d|q10_minus_q1|beta_neutral|r21|ensemble,low_volatility|252d,low_volatility,252d,63,low_volatility_family_sensitivity,no_stable_structure,q10_minus_q1,market_neutral,True,21,ensemble,3,199.33333333333334,0.0,199.33333333333334,1.0,25,self_financing_spread_return,4181,0.04388531704982079,0.19002767828370884,0.3212836401637979,-0.42567523247308214,0.535,0.7058823529411765,0.04339344689251754,0.9106562188775054,0.3624765389765162,0.11882153983241805,0.0014085424068388797,0.6417610201186976,1.997804320280933,0.9748540678656821,5.886637556938817,0.014716593892347044,2,0.026215010821098023,,,,83.43992665231605,22.333333333333332,0.054779263039260485
low_volatility|252d|q10_minus_q1|beta_neutral|r63|ensemble,low_volatility|252d,low_volatility,252d,63,low_volatility_family_sensitivity,no_stable_structure,q10_minus_q1,market_neutral,True,63,ensemble,3,66.33333333333333,0.0,66.33333333333333,1.0,0,self_financing_spread_return,4181,0.060200896171654916,0.2001592065176538,0.3924384937799174,-0.4068163338417834,0.555,0.7058823529411765,0.046514004363414206,0.9352236781250991,0.34967303836578767,0.2155566404568787,0.0012064249417676031,1.0199795579624833,2.001754284409223,0.9726094268497045,3.8453562763657243,0.0,2,0.024754433533111787,,,,82.66945706768716,22.333333333333332,0.057371232384116656
low_volatility|252d|q10_minus_q1|beta_neutral|r63|ensemble,low_volatility|252d,low_volatility,252d,63,low_volatility_family_sensitivity,no_stable_structure,q10_minus_q1,market_neutral,True,63,ensemble,3,66.33333333333333,0.0,66.33333333333333,1.0,5,self_financing_spread_return,4181,0.058164241540925365,0.2001581421610851,0.3828311202201289,-0.40868533932727935,0.555,0.7058823529411765,0.04459983352136122,0.8967247896984818,0.36986578926695335,0.21549446273307465,0.0012064249417676031,1.0199795579624833,2.001754284409223,0.9726094268497045,3.8453562763657243,0.0019226781381828622,2,0.024754433533111787,,,,82.66945706768716,22.333333333333332,0.057371232384116656
low_volatility|252d|q10_minus_q1|beta_neutral|r63|ensemble,low_volatility|252d,low_volatility,252d,63,low_volatility_family_sensitivity,no_stable_structure,q10_minus_q1,market_neutral,True,63,ensemble,3,66.33333333333333,0.0,66.33333333333333,1.0,10,self_financing_spread_return,4181,0.05613112412868859,0.20015877967137788,0.37322047111844325,-0.4105491054464274,0.555,0.7058823529411765,0.042685662679308047,0.8582176740059401,0.3907722784756378,0.21543228500927084,0.0012064249417676031,1.0199795579624833,2.001754284409223,0.9726094268497045,3.8453562763657243,0.0038453562763657244,2,0.024754433533111787,,,,82.66945706768716,22.333333333333332,0.057371232384116656
low_volatility|252d|q10_minus_q1|beta_neutral|r63|ensemble,low_volatility|252d,low_volatility,252d,63,low_volatility_family_sensitivity,no_stable_structure,q10_minus_q1,market_neutral,True,63,ensemble,3,66.33333333333333,0.0,66.33333333333333,1.0,25,self_financing_spread_return,4181,0.05005293994419957,0.20017090302377927,0.34437132367567397,-0.4161090974220226,0.555,0.7058823529411765,0.03694315015314899,0.7426594420463952,0.4576878906154954,0.21524575183785918,0.0012064249417676031,1.0199795579624833,2.001754284409223,0.9726094268497045,3.8453562763657243,0.009613390690914311,2,0.024754433533111787,,,,82.66945706768716,22.333333333333332,0.057371232384116656
low_volatility|40d|continuous_high_minus_low|unconstrained_beta|r1|ensemble,low_volatility|40d,low_volatility,40d,63,low_volatility_family_sensitivity,lower_tail,continuous_high_minus_low,market_neutral,False,1,ensemble,1,4181.0,0.0,0.0,,0,self_financing_spread_return,4181,-0.05858922383833798,0.1674482674421893,-0.2765044968292903,-0.7079626611756707,0.465,0.4117647058823529,0.04610497966697787,1.5874934748490566,0.11240092365170444,-0.6217518478711461,-0.5417320741586449,0.9573511588741025,2.0,2.0780584858717623e-18,38.8727318414953,0.0,0,0.0,,,,419.6802200430519,335.0,0.011940191473340744
low_volatility|40d|continuous_high_minus_low|unconstrained_beta|r1|ensemble,low_volatility|40d,low_volatility,40d,63,low_volatility_family_sensitivity,lower_tail,continuous_high_minus_low,market_neutral,False,1,ensemble,1,4181.0,0.0,0.0,,5,self_financing_spread_return,4181,-0.07671101447421114,0.16744111282780655,-0.39256668203945333,-0.7609985990821606,0.465,0.4117647058823529,0.02665458264300878,0.9167969338440712,0.3592490596470399,-0.6216253926633014,-0.5417320741586449,0.9573511588741025,2.0,2.0780584858717623e-18,38.8727318414953,0.01943636592074765,0,0.0,,,,419.6802200430519,335.0,0.011940191473340744
low_volatility|40d|continuous_high_minus_low|unconstrained_beta|r1|ensemble,low_volatility|40d,low_volatility,40d,63,low_volatility_family_sensitivity,lower_tail,continuous_high_minus_low,market_neutral,False,1,ensemble,1,4181.0,0.0,0.0,,10,self_financing_spread_return,4181,-0.09448565354339444,0.16743611187146287,-0.5086322437476991,-0.820805090958366,0.445,0.4117647058823529,0.007204185619039312,0.2475128757383376,0.8045113280449274,-0.6214989374554565,-0.5417320741586449,0.9573511588741025,2.0,2.0780584858717623e-18,38.8727318414953,0.0388727318414953,0,0.0,,,,419.6802200430519,335.0,0.011940191473340744
low_volatility|40d|continuous_high_minus_low|unconstrained_beta|r1|ensemble,low_volatility|40d,low_volatility,40d,63,low_volatility_family_sensitivity,lower_tail,continuous_high_minus_low,market_neutral,False,1,ensemble,1,4181.0,0.0,0.0,,25,self_financing_spread_return,4181,-0.14579221703198786,0.16743403246491578,-0.8568043942496232,-0.9285700039658475,0.395,0.11764705882352941,-0.05114700545286865,-1.7507200871107313,0.07999413762474035,-0.6211195718319231,-0.5417320741586449,0.9573511588741025,2.0,2.0780584858717623e-18,38.8727318414953,0.09718182960373825,0,0.0,,,,419.6802200430519,335.0,0.011940191473340744
low_volatility|40d|continuous_high_minus_low|unconstrained_beta|r5|ensemble,low_volatility|40d,low_volatility,40d,63,low_volatility_family_sensitivity,lower_tail,continuous_high_minus_low,market_neutral,False,5,ensemble,3,836.3333333333334,0.0,0.0,,0,self_financing_spread_return,4181,-0.060309301837052964,0.1663825760245877,-0.2902762592946894,-0.7126449819405722,0.485,0.4117647058823529,0.04203407649622298,1.4181622583914002,0.15614339796628007,-0.6077955773822221,-0.5440914244559425,1.1539244956946,2.003097117052275,-0.00046640066452634043,22.151661126070834,0.0,18,0.011975055352427816,,,,419.3712030614685,111.66666666666667,0.016793950945937348
low_volatility|40d|continuous_high_minus_low|unconstrained_beta|r5|ensemble,low_volatility|40d,low_volatility,40d,63,low_volatility_family_sensitivity,lower_tail,continuous_high_minus_low,market_neutral,False,5,ensemble,3,836.3333333333334,0.0,0.0,,5,self_financing_spread_return,4181,-0.07066015239194234,0.16639242213394612,-0.3567940397288764,-0.7459047983258795,0.48,0.4117647058823529,0.030970934695211633,1.0445480745532716,0.29623188912065435,-0.6078478641334439,-0.5440914244559425,1.1539244956946,2.003097117052275,-0.00046640066452634043,22.151661126070834,0.011075830563035417,18,0.011975055352427816,,,,419.3712030614685,111.66666666666667,0.016793950945937348
low_volatility|40d|continuous_high_minus_low|unconstrained_beta|r5|ensemble,low_volatility|40d,low_volatility,40d,63,low_volatility_family_sensitivity,lower_tail,continuous_high_minus_low,market_neutral,False,5,ensemble,3,836.3333333333334,0.0,0.0,,10,self_financing_spread_return,4181,-0.08089781984204669,0.16640478673031595,-0.4232975417997531,-0.7845030023691739,0.47,0.4117647058823529,0.01990779289420013,0.6711773597267089,0.5021075497688479,-0.6079001508846655,-0.5440914244559425,1.1539244956946,2.003097117052275,-0.00046640066452634043,22.151661126070834,0.022151661126070834,18,0.011975055352427816,,,,419.3712030614685,111.66666666666667,0.016793950945937348
low_volatility|40d|continuous_high_minus_low|unconstrained_beta|r5|ensemble,low_volatility|40d,low_volatility,40d,63,low_volatility_family_sensitivity,lower_tail,continuous_high_minus_low,market_neutral,False,5,ensemble,3,836.3333333333334,0.0,0.0,,25,self_financing_spread_return,4181,-0.11094394281004138,0.1664569852576509,-0.622692253412212,-0.8685566676975587,0.43,0.23529411764705882,-0.013281632508834344,-0.44722718561039354,0.654711034589261,-0.6080570111383304,-0.5440914244559425,1.1539244956946,2.003097117052275,-0.00046640066452634043,22.151661126070834,0.055379152815177086,18,0.011975055352427816,,,,419.3712030614685,111.66666666666667,0.016793950945937348
low_volatility|40d|continuous_high_minus_low|unconstrained_beta|r21|ensemble,low_volatility|40d,low_volatility,40d,63,low_volatility_family_sensitivity,lower_tail,continuous_high_minus_low,market_neutral,False,21,ensemble,3,199.33333333333334,0.0,0.0,,0,self_financing_spread_return,4181,-0.05650250442570637,0.1611614294185301,-0.2800209380378415,-0.6796726657400999,0.48,0.4117647058823529,0.037771476777337616,1.2337762470468685,0.2172862928133461,-0.557796228939721,-0.5503042965246551,1.2105483692873154,2.0101973222370106,-0.00105943340112005,12.71868244948135,0.0,27,0.01815272272305892,,,,418.1828908554572,111.66666666666667,0.02032447049043933
low_volatility|40d|continuous_high_minus_low|unconstrained_beta|r21|ensemble,low_volatility|40d,low_volatility,40d,63,low_volatility_family_sensitivity,lower_tail,continuous_high_minus_low,market_neutral,False,21,ensemble,3,199.33333333333334,0.0,0.0,,5,self_financing_spread_return,4181,-0.06248403848687489,0.16115872599142333,-0.31948011981725016,-0.7086219387319028,0.48,0.4117647058823529,0.031422470838845355,1.0261017692894268,0.3048436164158097,-0.5578596690339038,-0.5503042965246551,1.2105483692873154,2.0101973222370106,-0.00105943340112005,12.71868244948135,0.006359341224740675,27,0.01815272272305892,,,,418.1828908554572,111.66666666666667,0.02032447049043933
low_volatility|40d|continuous_high_minus_low|unconstrained_beta|r21|ensemble,low_volatility|40d,low_volatility,40d,63,low_volatility_family_sensitivity,lower_tail,continuous_high_minus_low,market_neutral,False,21,ensemble,3,199.33333333333334,0.0,0.0,,10,self_financing_spread_return,4181,-0.06842874298188717,0.16116229466669288,-0.35892665624429926,-0.73495963637102,0.475,0.4117647058823529,0.025073464900352865,0.8184987000918538,0.4130724839876664,-0.5579231091280858,-0.5503042965246551,1.2105483692873154,2.0101973222370106,-0.00105943340112005,12.71868244948135,0.01271868244948135,27,0.01815272272305892,,,,418.1828908554572,111.66666666666667,0.02032447049043933
low_volatility|40d|continuous_high_minus_low|unconstrained_beta|r21|ensemble,low_volatility|40d,low_volatility,40d,63,low_volatility_family_sensitivity,lower_tail,continuous_high_minus_low,market_neutral,False,21,ensemble,3,199.33333333333334,0.0,0.0,,25,self_financing_spread_return,4181,-0.08604407334069375,0.16121062548108436,-0.4771443982178309,-0.800551205935169,0.47,0.35294117647058826,0.00602644708487571,0.1964632631954406,0.8442475840309068,-0.5581134294106335,-0.5503042965246551,1.2105483692873154,2.0101973222370106,-0.00105943340112005,12.71868244948135,0.03179670612370337,27,0.01815272272305892,,,,418.1828908554572,111.66666666666667,0.02032447049043933
low_volatility|40d|continuous_high_minus_low|unconstrained_beta|r63|ensemble,low_volatility|40d,low_volatility,40d,63,low_volatility_family_sensitivity,lower_tail,continuous_high_minus_low,market_neutral,False,63,ensemble,3,66.33333333333333,0.0,0.0,,0,self_financing_spread_return,4181,-0.05445947762292502,0.15998738439646443,-0.2699152629319301,-0.6691555480000384,0.465,0.4117647058823529,0.03160476907531763,0.9698962947616903,0.33209818715321815,-0.5032126692790813,-0.5760543623956369,1.803657710521511,2.042116539857231,-0.006441229757352151,6.09176512241406,0.0,45,0.016442739034977852,,,,415.2270589173244,111.66666666666667,0.032484186807309724
low_volatility|40d|continuous_high_minus_low|unconstrained_beta|r63|ensemble,low_volatility|40d,low_volatility,40d,63,low_volatility_family_sensitivity,lower_tail,continuous_high_minus_low,market_neutral,False,63,ensemble,3,66.33333333333333,0.0,0.0,,5,self_financing_spread_return,4181,-0.057335470896694996,0.1599903379527062,-0.2889425470736919,-0.6837441704018022,0.46,0.4117647058823529,0.028564130790062536,0.8765279154706538,0.3807431074282692,-0.5032418748041573,-0.5760543623956369,1.803657710521511,2.042116539857231,-0.006441229757352151,6.09176512241406,0.00304588256120703,45,0.016442739034977852,,,,415.2270589173244,111.66666666666667,0.032484186807309724
low_volatility|40d|continuous_high_minus_low|unconstrained_beta|r63|ensemble,low_volatility|40d,low_volatility,40d,63,low_volatility_family_sensitivity,lower_tail,continuous_high_minus_low,market_neutral,False,63,ensemble,3,66.33333333333333,0.0,0.0,,10,self_financing_spread_return,4181,-0.060203453480998315,0.1599979565830303,-0.3079601492268931,-0.6976930522583928,0.46,0.4117647058823529,0.02552349250480737,0.7831276521392272,0.4335521544137837,-0.5032710803292336,-0.5760543623956369,1.803657710521511,2.042116539857231,-0.006441229757352151,6.09176512241406,0.00609176512241406,45,0.016442739034977852,,,,415.2270589173244,111.66666666666667,0.032484186807309724
low_volatility|40d|continuous_high_minus_low|unconstrained_beta|r63|ensemble,low_volatility|40d,low_volatility,40d,63,low_volatility_family_sensitivity,lower_tail,continuous_high_minus_low,market_neutral,False,63,ensemble,3,66.33333333333333,0.0,0.0,,25,self_financing_spread_return,4181,-0.0687595396049101,0.1600487942168502,-0.3649382762383569,-0.7359742414233634,0.455,0.4117647058823529,0.016401577649041835,0.5028927934590143,0.6150396481170337,-0.5033586969044621,-0.5760543623956369,1.803657710521511,2.042116539857231,-0.006441229757352151,6.09176512241406,0.015229412806035151,45,0.016442739034977852,,,,415.2270589173244,111.66666666666667,0.032484186807309724
low_volatility|40d|continuous_high_minus_low|beta_neutral|r1|ensemble,low_volatility|40d,low_volatility,40d,63,low_volatility_family_sensitivity,lower_tail,continuous_high_minus_low,market_neutral,True,1,ensemble,1,4181.0,0.0,4181.0,1.0,0,self_financing_spread_return,4181,0.03920650543804993,0.11952560711204571,0.38158903135720673,-0.31622954333999753,0.545,0.7058823529411765,0.049031687988696455,1.716048533357034,0.08615315985671514,-0.023025244467498488,-1.0012727645063453e-18,4.440892098500626e-16,2.0,0.5459028022249275,38.73018300514094,0.0,0,0.0,,,,418.944510882564,335.0,0.017450564899713153
low_volatility|40d|continuous_high_minus_low|beta_neutral|r1|ensemble,low_volatility|40d,low_volatility,40d,63,low_volatility_family_sensitivity,lower_tail,continuous_high_minus_low,market_neutral,True,1,ensemble,1,4181.0,0.0,4181.0,1.0,5,self_financing_spread_return,4181,0.01927482991549745,0.11953171376962647,0.21954828683448505,-0.3643190595117958,0.515,0.6470588235294118,0.029652635308168813,1.0367674297274172,0.29984425814066584,-0.02294197865763078,-1.0012727645063453e-18,4.440892098500626e-16,2.0,0.5459028022249275,38.73018300514094,0.01936509150257047,0,0.0,,,,418.944510882564,335.0,0.017450564899713153
low_volatility|40d|continuous_high_minus_low|beta_neutral|r1|ensemble,low_volatility|40d,low_volatility,40d,63,low_volatility_family_sensitivity,lower_tail,continuous_high_minus_low,market_neutral,True,1,ensemble,1,4181.0,0.0,4181.0,1.0,10,self_financing_spread_return,4181,-0.0002764248006439374,0.11954095377706642,0.057522590405109736,-0.439753255521939,0.51,0.5294117647058824,0.010273582627640032,0.358820258307478,0.7197295565925763,-0.022858712847762985,-1.0012727645063453e-18,4.440892098500626e-16,2.0,0.5459028022249275,38.73018300514094,0.03873018300514094,0,0.0,,,,418.944510882564,335.0,0.017450564899713153
low_volatility|40d|continuous_high_minus_low|beta_neutral|r1|ensemble,low_volatility|40d,low_volatility,40d,63,low_volatility_family_sensitivity,lower_tail,continuous_high_minus_low,market_neutral,True,1,ensemble,1,4181.0,0.0,4181.0,1.0,25,self_financing_spread_return,4181,-0.05671923820920821,0.11958746540405983,-0.4283369288364848,-0.6753275983282577,0.435,0.29411764705882354,-0.04786357541394344,-1.6657237357113794,0.09576845215372588,-0.0226089154181597,-1.0012727645063453e-18,4.440892098500626e-16,2.0,0.5459028022249275,38.73018300514094,0.09682545751285235,0,0.0,,,,418.944510882564,335.0,0.017450564899713153
low_volatility|40d|continuous_high_minus_low|beta_neutral|r5|ensemble,low_volatility|40d,low_volatility,40d,63,low_volatility_family_sensitivity,lower_tail,continuous_high_minus_low,market_neutral,True,5,ensemble,3,836.3333333333334,0.0,836.3333333333334,1.0,0,self_financing_spread_return,4181,0.03649257193007571,0.11945267847480254,0.35984396890573295,-0.298647852431276,0.54,0.7058823529411765,0.045282457093022935,1.577164884121545,0.11475759072552315,-0.015463065229244835,-0.0009102698794709739,0.1628137539132167,2.0008071822302287,0.5459558455595015,22.065080610599725,0.0,18,0.01293229014029087,,,,418.6375667703101,111.66666666666667,0.017711317666233403
low_volatility|40d|continuous_high_minus_low|beta_neutral|r5|ensemble,low_volatility|40d,low_volatility,40d,63,low_volatility_family_sensitivity,lower_tail,continuous_high_minus_low,market_neutral,True,5,ensemble,3,836.3333333333334,0.0,836.3333333333334,1.0,5,self_financing_spread_return,4181,0.025119810150995514,0.11945833337807314,0.2674667271774935,-0.33355848278781064,0.525,0.6470588235294118,0.03426105566668914,1.1929446830225283,0.23289103802653388,-0.015542428546894008,-0.0009102698794709739,0.1628137539132167,2.0008071822302287,0.5459558455595015,22.065080610599725,0.011032540305299862,18,0.01293229014029087,,,,418.6375667703101,111.66666666666667,0.017711317666233403
low_volatility|40d|continuous_high_minus_low|beta_neutral|r5|ensemble,low_volatility|40d,low_volatility,40d,63,low_volatility_family_sensitivity,lower_tail,continuous_high_minus_low,market_neutral,True,5,ensemble,3,836.3333333333334,0.0,836.3333333333334,1.0,10,self_financing_spread_return,4181,0.0138709169394311,0.11946751809640435,0.175093057426281,-0.38277376166445176,0.515,0.5882352941176471,0.0232396542403553,0.8089296028398344,0.41855564010014656,-0.01562179186454314,-0.0009102698794709739,0.1628137539132167,2.0008071822302287,0.5459558455595015,22.065080610599725,0.022065080610599724,18,0.01293229014029087,,,,418.6375667703101,111.66666666666667,0.017711317666233403
low_volatility|40d|continuous_high_minus_low|beta_neutral|r5|ensemble,low_volatility|40d,low_volatility,40d,63,low_volatility_family_sensitivity,lower_tail,continuous_high_minus_low,market_neutral,True,5,ensemble,3,836.3333333333334,0.0,836.3333333333334,1.0,25,self_financing_spread_return,4181,-0.01914587127923062,0.11951624144011337,-0.10192469420752708,-0.5096857392727104,0.49,0.5294117647058824,-0.009824550038645075,-0.34159598566619825,0.7326549586482924,-0.01585988181749074,-0.0009102698794709739,0.1628137539132167,2.0008071822302287,0.5459558455595015,22.065080610599725,0.05516270152649931,18,0.01293229014029087,,,,418.6375667703101,111.66666666666667,0.017711317666233403
low_volatility|40d|continuous_high_minus_low|beta_neutral|r21|ensemble,low_volatility|40d,low_volatility,40d,63,low_volatility_family_sensitivity,lower_tail,continuous_high_minus_low,market_neutral,True,21,ensemble,3,199.33333333333334,0.0,199.33333333333334,1.0,0,self_financing_spread_return,4181,0.033005402912424486,0.1181501090527585,0.3339865284935145,-0.30459559365385724,0.555,0.7058823529411765,0.03731093673702401,1.2844364838440943,0.1989892742691759,0.01446372143850236,-0.0033470262101649505,0.31669509579394406,2.0010190190749273,0.5463694866649768,12.58733026771117,0.0,27,0.019621646010508947,,,,417.46081479709795,111.66666666666667,0.017768516988120358
low_volatility|40d|continuous_high_minus_low|beta_neutral|r21|ensemble,low_volatility|40d,low_volatility,40d,63,low_volatility_family_sensitivity,lower_tail,continuous_high_minus_low,market_neutral,True,21,ensemble,3,199.33333333333334,0.0,199.33333333333334,1.0,5,self_financing_spread_return,4181,0.026523836568444148,0.11813742240058292,0.280725672673404,-0.3344070086668931,0.54,0.6470588235294118,0.031027672713861344,1.067874190691877,0.2855772660809375,0.014375756764049579,-0.0033470262101649505,0.31669509579394406,2.0010190190749273,0.5463694866649768,12.58733026771117,0.006293665133855585,27,0.019621646010508947,,,,417.46081479709795,111.66666666666667,0.017768516988120358
low_volatility|40d|continuous_high_minus_low|beta_neutral|r21|ensemble,low_volatility|40d,low_volatility,40d,63,low_volatility_family_sensitivity,lower_tail,continuous_high_minus_low,market_neutral,True,21,ensemble,3,199.33333333333334,0.0,199.33333333333334,1.0,10,self_financing_spread_return,4181,0.02008176139802731,0.11813318065937242,0.22743711655763993,-0.36294566489485836,0.53,0.6470588235294118,0.024744408690698636,0.8513652471469947,0.39456649058083715,0.014287792089596829,-0.0033470262101649505,0.31669509579394406,2.0010190190749273,0.5463694866649768,12.58733026771117,0.01258733026771117,27,0.019621646010508947,,,,417.46081479709795,111.66666666666667,0.017768516988120358
low_volatility|40d|continuous_high_minus_low|beta_neutral|r21|ensemble,low_volatility|40d,low_volatility,40d,63,low_volatility_family_sensitivity,lower_tail,continuous_high_minus_low,market_neutral,True,21,ensemble,3,199.33333333333334,0.0,199.33333333333334,1.0,25,self_financing_spread_return,4181,0.0009901549916957464,0.11817112494287821,0.06751952142066599,-0.44145487431148944,0.51,0.5294117647058824,0.005894616621210839,0.20255363041420676,0.8394839361716505,0.014023898066238449,-0.0033470262101649505,0.31669509579394406,2.0010190190749273,0.5463694866649768,12.58733026771117,0.03146832566927792,27,0.019621646010508947,,,,417.46081479709795,111.66666666666667,0.017768516988120358
low_volatility|40d|continuous_high_minus_low|beta_neutral|r63|ensemble,low_volatility|40d,low_volatility,40d,63,low_volatility_family_sensitivity,lower_tail,continuous_high_minus_low,market_neutral,True,63,ensemble,3,66.33333333333333,0.0,66.33333333333333,1.0,0,self_financing_spread_return,4181,0.03724966183666378,0.11670151978196766,0.3717853790760518,-0.2872290623571965,0.545,0.7058823529411765,0.03661520723830944,1.278263596603055,0.20115649890737042,0.0455704536718894,-0.012782741338649907,0.4064740910120133,2.0090629975103518,0.5467152215167221,5.893490983859196,0.0,45,0.018201036680786573,,,,414.5340827553217,111.66666666666667,0.01871420852903274
low_volatility|40d|continuous_high_minus_low|beta_neutral|r63|ensemble,low_volatility|40d,low_volatility,40d,63,low_volatility_family_sensitivity,lower_tail,continuous_high_minus_low,market_neutral,True,63,ensemble,3,66.33333333333333,0.0,66.33333333333333,1.0,5,self_financing_spread_return,4181,0.03419727022858998,0.11669934490227009,0.3465333113123151,-0.2899525613210512,0.545,0.6470588235294118,0.0336729190269619,1.175452554370598,0.23981370835334404,0.04553398403115573,-0.012782741338649907,0.4064740910120133,2.0090629975103518,0.5467152215167221,5.893490983859196,0.002946745491929598,45,0.018201036680786573,,,,414.5340827553217,111.66666666666667,0.01871420852903274
low_volatility|40d|continuous_high_minus_low|beta_neutral|r63|ensemble,low_volatility|40d,low_volatility,40d,63,low_volatility_family_sensitivity,lower_tail,continuous_high_minus_low,market_neutral,True,63,ensemble,3,66.33333333333333,0.0,66.33333333333333,1.0,10,self_financing_spread_return,4181,0.0311531034902901,0.11670317178744065,0.321263779628204,-0.2929493281125385,0.545,0.6470588235294118,0.030730630815614147,1.0725852198962935,0.28345725912527187,0.04549751439042203,-0.012782741338649907,0.4064740910120133,2.0090629975103518,0.5467152215167221,5.893490983859196,0.005893490983859196,45,0.018201036680786573,,,,414.5340827553217,111.66666666666667,0.01871420852903274
low_volatility|40d|continuous_high_minus_low|beta_neutral|r63|ensemble,low_volatility|40d,low_volatility,40d,63,low_volatility_family_sensitivity,lower_tail,continuous_high_minus_low,market_neutral,True,63,ensemble,3,66.33333333333333,0.0,66.33333333333333,1.0,25,self_financing_spread_return,4181,0.022069751386908587,0.11675065250237333,0.24538943797906362,-0.3353272355060023,0.535,0.6470588235294118,0.02190376618157104,0.763854987395241,0.4449536641178976,0.04538810546822094,-0.012782741338649907,0.4064740910120133,2.0090629975103518,0.5467152215167221,5.893490983859196,0.014733727459647988,45,0.018201036680786573,,,,414.5340827553217,111.66666666666667,0.01871420852903274
low_volatility|40d|long_q1|unconstrained_beta|r1|ensemble,low_volatility|40d,low_volatility,40d,63,low_volatility_family_sensitivity,lower_tail,long_q1,long_only,False,1,ensemble,1,4181.0,0.0,0.0,,0,return_minus_risk_free,4181,0.15886789451822292,0.3067030489888858,0.5860258992542242,-0.5926498415527308,0.585,0.7647058823529411,-0.02177290603829156,-0.7008161492955779,0.4834177584140362,1.5067818718245318,1.4048370079738772,1.818453173857787,1.0,1.0,26.706918613212125,0.0,0,0.0,,,,41.58311408753887,33.0,0.030303030303030304
low_volatility|40d|long_q1|unconstrained_beta|r1|ensemble,low_volatility|40d,low_volatility,40d,63,low_volatility_family_sensitivity,lower_tail,long_q1,long_only,False,1,ensemble,1,4181.0,0.0,0.0,,5,return_minus_risk_free,4181,0.1434952937484768,0.30669488680535867,0.5424783536874169,-0.5943129389192583,0.58,0.7647058823529411,-0.0351263410276525,-1.1305997908556602,0.2582235755882758,1.5067292788736493,1.4048370079738772,1.818453173857787,1.0,1.0,26.706918613212125,0.013353459306606062,0,0.0,,,,41.58311408753887,33.0,0.030303030303030304
low_volatility|40d|long_q1|unconstrained_beta|r1|ensemble,low_volatility|40d,low_volatility,40d,63,low_volatility_family_sensitivity,lower_tail,long_q1,long_only,False,1,ensemble,1,4181.0,0.0,0.0,,10,return_minus_risk_free,4181,0.12832549071674992,0.30668766768572076,0.4989269710075862,-0.5959694746953852,0.57,0.7647058823529411,-0.04847977601701408,-1.5603083531288597,0.11868703037063376,1.5066766859227645,1.4048370079738772,1.818453173857787,1.0,1.0,26.706918613212125,0.026706918613212123,0,0.0,,,,41.58311408753887,33.0,0.030303030303030304
low_volatility|40d|long_q1|unconstrained_beta|r1|ensemble,low_volatility|40d,low_volatility,40d,63,low_volatility_family_sensitivity,lower_tail,long_q1,long_only,False,1,ensemble,1,4181.0,0.0,0.0,,25,return_minus_risk_free,4181,0.08400643526667295,0.3066716693326393,0.36825381509881366,-0.6102691317441304,0.555,0.6470588235294118,-0.0885400809850977,-2.8485554293620687,0.004391820227624314,1.5065189070701106,1.4048370079738772,1.818453173857787,1.0,1.0,26.706918613212125,0.0667672965330303,0,0.0,,,,41.58311408753887,33.0,0.030303030303030304
low_volatility|40d|long_q1|unconstrained_beta|r5|ensemble,low_volatility|40d,low_volatility,40d,63,low_volatility_family_sensitivity,lower_tail,long_q1,long_only,False,5,ensemble,3,836.3333333333334,0.0,0.0,,0,return_minus_risk_free,4181,0.16479415098123584,0.3035633259147675,0.6055415567493415,-0.5705634821110563,0.58,0.7647058823529411,-0.016053014695518654,-0.527189195972532,0.5980622106080091,1.4945579503779243,1.4041531521898243,1.811942038483928,0.9988427365522788,0.9988427365522788,15.334258071953396,0.0,0,0.0,,,,41.53041537112334,11.0,0.040601302292948525
low_volatility|40d|long_q1|unconstrained_beta|r5|ensemble,low_volatility|40d,low_volatility,40d,63,low_volatility_family_sensitivity,lower_tail,long_q1,long_only,False,5,ensemble,3,836.3333333333334,0.0,0.0,,5,return_minus_risk_free,4181,0.15589740942468078,0.3035401150282767,0.5802958435619459,-0.5714799473632839,0.58,0.7647058823529411,-0.023715819938909026,-0.7788398968285509,0.4360740324563551,1.4944511230648445,1.4041531521898243,1.811942038483928,0.9988427365522788,0.9988427365522788,15.334258071953396,0.007667129035976698,0,0.0,,,,41.53041537112334,11.0,0.040601302292948525
low_volatility|40d|long_q1|unconstrained_beta|r5|ensemble,low_volatility|40d,low_volatility,40d,63,low_volatility_family_sensitivity,lower_tail,long_q1,long_only,False,5,ensemble,3,836.3333333333334,0.0,0.0,,10,return_minus_risk_free,4181,0.14706809887817163,0.3035176380820724,0.5550449362641852,-0.5723945496807146,0.575,0.7058823529411765,-0.0313786251823004,-1.0304769024088327,0.3027861894411993,1.4943442957517619,1.4041531521898243,1.811942038483928,0.9988427365522788,0.9988427365522788,15.334258071953396,0.015334258071953396,0,0.0,,,,41.53041537112334,11.0,0.040601302292948525
low_volatility|40d|long_q1|unconstrained_beta|r5|ensemble,low_volatility|40d,low_volatility,40d,63,low_volatility_family_sensitivity,lower_tail,long_q1,long_only,False,5,ensemble,3,836.3333333333334,0.0,0.0,,25,return_minus_risk_free,4181,0.12097970091357424,0.30345461248944305,0.4792628682403617,-0.5751272150017563,0.57,0.7058823529411765,-0.05436704091247191,-1.7852041994380632,0.07422820106336186,1.494023813812522,1.4041531521898243,1.811942038483928,0.9988427365522788,0.9988427365522788,15.334258071953396,0.03833564517988349,0,0.0,,,,41.53041537112334,11.0,0.040601302292948525
low_volatility|40d|long_q1|unconstrained_beta|r21|ensemble,low_volatility|40d,low_volatility,40d,63,low_volatility_family_sensitivity,lower_tail,long_q1,long_only,False,21,ensemble,3,199.33333333333334,0.0,0.0,,0,return_minus_risk_free,4181,0.16289944102771048,0.2945054962578606,0.6093839184476229,-0.5129752071176408,0.585,0.7647058823529411,-0.015583409477962036,-0.533993739483203,0.5933458654872055,1.4584900674825385,1.4007000829355147,1.7990218289896138,0.9945700011270573,0.9945700011270573,9.109694274242885,0.0,0,0.0,,,,41.33181854420792,11.0,0.0466615171255505
low_volatility|40d|long_q1|unconstrained_beta|r21|ensemble,low_volatility|40d,low_volatility,40d,63,low_volatility_family_sensitivity,lower_tail,long_q1,long_only,False,21,ensemble,3,199.33333333333334,0.0,0.0,,5,return_minus_risk_free,4181,0.15761430695814438,0.2944908595876353,0.5939266708058792,-0.5134248617664883,0.58,0.7058823529411765,-0.020130466436368382,-0.6898535353751464,0.49028629823197867,1.4583866753820156,1.4007000829355147,1.7990218289896138,0.9945700011270573,0.9945700011270573,9.109694274242885,0.0045548471371214426,0,0.0,,,,41.33181854420792,11.0,0.0466615171255505
low_volatility|40d|long_q1|unconstrained_beta|r21|ensemble,low_volatility|40d,low_volatility,40d,63,low_volatility_family_sensitivity,lower_tail,long_q1,long_only,False,21,ensemble,3,199.33333333333334,0.0,0.0,,10,return_minus_risk_free,4181,0.15235249634442738,0.29447800396590595,0.578464392778949,-0.5138741723352638,0.58,0.7058823529411765,-0.024677523394775,-0.8457076922571548,0.39771583088720863,1.458283283281492,1.4007000829355147,1.7990218289896138,0.9945700011270573,0.9945700011270573,9.109694274242885,0.009109694274242885,0,0.0,,,,41.33181854420792,11.0,0.0466615171255505
low_volatility|40d|long_q1|unconstrained_beta|r21|ensemble,low_volatility|40d,low_volatility,40d,63,low_volatility_family_sensitivity,lower_tail,long_q1,long_only,False,21,ensemble,3,199.33333333333334,0.0,0.0,,25,return_minus_risk_free,4181,0.13670600866130678,0.29445012556290157,0.5320501726761474,-0.5152200416564958,0.58,0.7058823529411765,-0.03831869426999428,-1.3130885699134907,0.1891531049370575,1.457973106979925,1.4007000829355147,1.7990218289896138,0.9945700011270573,0.9945700011270573,9.109694274242885,0.022774235685607214,0,0.0,,,,41.33181854420792,11.0,0.0466615171255505
low_volatility|40d|long_q1|unconstrained_beta|r63|ensemble,low_volatility|40d,low_volatility,40d,63,low_volatility_family_sensitivity,lower_tail,long_q1,long_only,False,63,ensemble,3,66.33333333333333,0.0,0.0,,0,return_minus_risk_free,4181,0.17787225727355715,0.28096177059197947,0.670541387285045,-0.48458703254246993,0.61,0.7647058823529411,0.0025746390478871353,0.08854651708619903,0.92944231421527,1.3894952232217934,1.3986122744483327,1.8022105819576424,0.9854951426455416,0.9854951426455416,4.403327900455101,0.0,0,0.0,,,,40.89252969783943,11.0,0.05085338050140614
low_volatility|40d|long_q1|unconstrained_beta|r63|ensemble,low_volatility|40d,low_volatility,40d,63,low_volatility_family_sensitivity,lower_tail,long_q1,long_only,False,63,ensemble,3,66.33333333333333,0.0,0.0,,5,return_minus_risk_free,4181,0.1752815948565749,0.2809634396038873,0.6626984109289528,-0.484669419580414,0.61,0.7647058823529411,0.00037468121038182836,0.012884904141246782,0.989719618378514,1.3894764321570099,1.3986122744483327,1.8022105819576424,0.9854951426455416,0.9854951426455416,4.403327900455101,0.0022016639502275503,0,0.0,,,,40.89252969783943,11.0,0.05085338050140614
low_volatility|40d|long_q1|unconstrained_beta|r63|ensemble,low_volatility|40d,low_volatility,40d,63,low_volatility_family_sensitivity,lower_tail,long_q1,long_only,False,63,ensemble,3,66.33333333333333,0.0,0.0,,10,return_minus_risk_free,4181,0.1726961589717273,0.2809664721321167,0.6548523502636884,-0.48475180661835804,0.61,0.7647058823529411,-0.0018252766271237536,-0.06276196749411923,0.9499560516761107,1.3894576410922266,1.3986122744483327,1.8022105819576424,0.9854951426455416,0.9854951426455416,4.403327900455101,0.0044033279004551005,0,0.0,,,,40.89252969783943,11.0,0.05085338050140614
low_volatility|40d|long_q1|unconstrained_beta|r63|ensemble,low_volatility|40d,low_volatility,40d,63,low_volatility_family_sensitivity,lower_tail,long_q1,long_only,False,63,ensemble,3,66.33333333333333,0.0,0.0,,25,return_minus_risk_free,4181,0.1649711145960855,0.2809837502740095,0.6312968073004139,-0.48499896773219,0.61,0.7647058823529411,-0.008425150139639933,-0.28953293600823765,0.7721735793539818,1.3894012678978769,1.3986122744483327,1.8022105819576424,0.9854951426455416,0.9854951426455416,4.403327900455101,0.011008319751137752,0,0.0,,,,40.89252969783943,11.0,0.05085338050140614
low_volatility|40d|long_q10|unconstrained_beta|r1|ensemble,low_volatility|40d,low_volatility,40d,63,low_volatility_family_sensitivity,lower_tail,long_q10,long_only,False,1,ensemble,1,4181.0,0.0,0.0,,0,return_minus_risk_free,4181,0.12582851604663858,0.12989673075250538,0.8630627508486743,-0.3137641327740236,0.625,1.0,0.036161554299756746,1.8215688100113705,0.06852043707513394,0.5680044685108676,0.6042426777914978,0.9525854670546996,1.0,1.0,36.353875264968416,0.0,0,0.0,,,,42.471179143745516,34.0,0.029411764705882353
low_volatility|40d|long_q10|unconstrained_beta|r1|ensemble,low_volatility|40d,low_volatility,40d,63,low_volatility_family_sensitivity,lower_tail,long_q10,long_only,False,1,ensemble,1,4181.0,0.0,0.0,,5,return_minus_risk_free,4181,0.10554824216974379,0.1299074330464172,0.7230353536557619,-0.3167408650548409,0.615,0.8823529411764706,0.017977197549607127,0.9032039127951702,0.3664176816119179,0.5680127670059659,0.6042426777914978,0.9525854670546996,1.0,1.0,36.353875264968416,0.018176937632484208,0,0.0,,,,42.471179143745516,34.0,0.029411764705882353
low_volatility|40d|long_q10|unconstrained_beta|r1|ensemble,low_volatility|40d,low_volatility,40d,63,low_volatility_family_sensitivity,lower_tail,long_q10,long_only,False,1,ensemble,1,4181.0,0.0,0.0,,10,return_minus_risk_free,4181,0.08563127680851079,0.12992231698229653,0.5830133590848571,-0.3197054296964933,0.59,0.8235294117647058,-0.00020715920054350932,-0.010379067167025894,0.9917188512333348,0.5680210655010646,0.6042426777914978,0.9525854670546996,1.0,1.0,36.353875264968416,0.036353875264968416,0,0.0,,,,42.471179143745516,34.0,0.029411764705882353
low_volatility|40d|long_q10|unconstrained_beta|r1|ensemble,low_volatility|40d,low_volatility,40d,63,low_volatility_family_sensitivity,lower_tail,long_q10,long_only,False,1,ensemble,1,4181.0,0.0,0.0,,25,return_minus_risk_free,4181,0.027996077932257446,0.12999204226019456,0.1631148766542462,-0.32852658462174966,0.56,0.7058823529411765,-0.054760229450993035,-2.718022115810073,0.0065673448289755585,0.5680459609863604,0.6042426777914978,0.9525854670546996,1.0,1.0,36.353875264968416,0.09088468816242104,0,0.0,,,,42.471179143745516,34.0,0.029411764705882353
low_volatility|40d|long_q10|unconstrained_beta|r5|ensemble,low_volatility|40d,low_volatility,40d,63,low_volatility_family_sensitivity,lower_tail,long_q10,long_only,False,5,ensemble,3,836.3333333333334,0.0,0.0,,0,return_minus_risk_free,4181,0.12121155579798248,0.13018459982765337,0.8298346939632884,-0.3043910295773422,0.635,0.9411764705882353,0.03180809981319186,1.6184975108136437,0.1055554228341093,0.5700689715815768,0.6035397016472652,0.9262326099803966,0.9994244375956065,0.9994244375956065,19.459750791724986,0.0,2,0.015427341043140697,,,,42.4430359563103,11.333333333333334,0.03410070300968802
low_volatility|40d|long_q10|unconstrained_beta|r5|ensemble,low_volatility|40d,low_volatility,40d,63,low_volatility_family_sensitivity,lower_tail,long_q10,long_only,False,5,ensemble,3,836.3333333333334,0.0,0.0,,5,return_minus_risk_free,4181,0.11035479586074137,0.13017612074383247,0.755113095801705,-0.30587185896855806,0.62,0.9411764705882353,0.022084185835306035,1.1227992451496962,0.2615227660446353,0.5699860463663214,0.6035397016472652,0.9262326099803966,0.9994244375956065,0.9994244375956065,19.459750791724986,0.009729875395862493,2,0.015427341043140697,,,,42.4430359563103,11.333333333333334,0.03410070300968802
low_volatility|40d|long_q10|unconstrained_beta|r5|ensemble,low_volatility|40d,low_volatility,40d,63,low_volatility_family_sensitivity,lower_tail,long_q10,long_only,False,5,ensemble,3,836.3333333333334,0.0,0.0,,10,return_minus_risk_free,4181,0.0996023458616222,0.13017046425303994,0.6803673903529297,-0.30734980904524634,0.61,0.8235294117647058,0.012360271857420283,0.6278716203297537,0.5300880435566699,0.5699031211510657,0.6035397016472652,0.9262326099803966,0.9994244375956065,0.9994244375956065,19.459750791724986,0.019459750791724986,2,0.015427341043140697,,,,42.4430359563103,11.333333333333334,0.03410070300968802
low_volatility|40d|long_q10|unconstrained_beta|r5|ensemble,low_volatility|40d,low_volatility,40d,63,low_volatility_family_sensitivity,lower_tail,long_q10,long_only,False,5,ensemble,3,836.3333333333334,0.0,0.0,,25,return_minus_risk_free,4181,0.06796095877612385,0.1301704331003938,0.45603421801682775,-0.3117664341148889,0.585,0.7058823529411765,-0.016811470076237837,-0.8514720347052804,0.3945071915347025,0.5696543455052998,0.6035397016472652,0.9262326099803966,0.9994244375956065,0.9994244375956065,19.459750791724986,0.048649376979312466,2,0.015427341043140697,,,,42.4430359563103,11.333333333333334,0.03410070300968802
low_volatility|40d|long_q10|unconstrained_beta|r21|ensemble,low_volatility|40d,low_volatility,40d,63,low_volatility_family_sensitivity,lower_tail,long_q10,long_only,False,21,ensemble,3,199.33333333333334,0.0,0.0,,0,return_minus_risk_free,4181,0.10809960533740659,0.13222878266067387,0.7301215457591766,-0.32283856625199414,0.63,0.8235294117647058,0.01808560873083337,0.9122260250618056,0.3616497465962786,0.5867605631725573,0.6008927812172612,0.8905403836163869,0.9970554780073005,0.9970554780073005,10.389352475209401,0.0,2,0.02277721364656296,,,,42.327752531292354,11.333333333333334,0.03422976724069838
low_volatility|40d|long_q10|unconstrained_beta|r21|ensemble,low_volatility|40d,low_volatility,40d,63,low_volatility_family_sensitivity,lower_tail,long_q10,long_only,False,21,ensemble,3,199.33333333333334,0.0,0.0,,5,return_minus_risk_free,4181,0.10235786572624805,0.13221340918710078,0.6908881552213265,-0.32321740381300534,0.615,0.8235294117647058,0.01289625284919614,0.6503641954715155,0.5154569993181373,0.586688808053046,0.6008927812172612,0.8905403836163869,0.9970554780073005,0.9970554780073005,10.389352475209401,0.0051946762376047,2,0.02277721364656296,,,,42.327752531292354,11.333333333333334,0.03422976724069838
low_volatility|40d|long_q10|unconstrained_beta|r21|ensemble,low_volatility|40d,low_volatility,40d,63,low_volatility_family_sensitivity,lower_tail,long_q10,long_only,False,21,ensemble,3,199.33333333333334,0.0,0.0,,10,return_minus_risk_free,4181,0.09664499016556172,0.13220335549717627,0.6516195187660978,-0.32359610298677255,0.605,0.8235294117647058,0.00770689696755902,0.3885571770331521,0.6976037499759743,0.5866170529335352,0.6008927812172612,0.8905403836163869,0.9970554780073005,0.9970554780073005,10.389352475209401,0.0103893524752094,2,0.02277721364656296,,,,42.327752531292354,11.333333333333334,0.03422976724069838
low_volatility|40d|long_q10|unconstrained_beta|r21|ensemble,low_volatility|40d,low_volatility,40d,63,low_volatility_family_sensitivity,lower_tail,long_q10,long_only,False,21,ensemble,3,199.33333333333334,0.0,0.0,,25,return_minus_risk_free,4181,0.07967814452938193,0.13220512205483517,0.5336494537413073,-0.3247313704306486,0.585,0.8235294117647058,-0.007861170677352432,-0.39578700858792654,0.6922621615488691,0.586401787575002,0.6008927812172612,0.8905403836163869,0.9970554780073005,0.9970554780073005,10.389352475209401,0.0259733811880235,2,0.02277721364656296,,,,42.327752531292354,11.333333333333334,0.03422976724069838
low_volatility|40d|long_q10|unconstrained_beta|r63|ensemble,low_volatility|40d,low_volatility,40d,63,low_volatility_family_sensitivity,lower_tail,long_q10,long_only,False,63,ensemble,3,66.33333333333333,0.0,0.0,,0,return_minus_risk_free,4181,0.11695985116514374,0.1345178082399599,0.7791587145819752,-0.3469396254548285,0.63,1.0,0.02277441800219369,1.196303499726353,0.23157814354359396,0.613517927405809,0.597760132264958,0.8790611550111489,0.991227327377546,0.991227327377546,4.655379411667606,0.0,2,0.022581774751529744,,,,42.06091046799012,11.333333333333334,0.034798074871649855
low_volatility|40d|long_q10|unconstrained_beta|r63|ensemble,low_volatility|40d,low_volatility,40d,63,low_volatility_family_sensitivity,lower_tail,long_q10,long_only,False,63,ensemble,3,66.33333333333333,0.0,0.0,,5,return_minus_risk_free,4181,0.11436267690718283,0.13451566908720253,0.7618576234215472,-0.34706655516784257,0.63,1.0,0.020447543292197796,1.0739545238302783,0.2828430641895662,0.6135006551639663,0.597760132264958,0.8790611550111489,0.991227327377546,0.991227327377546,4.655379411667606,0.002327689705833803,2,0.022581774751529744,,,,42.06091046799012,11.333333333333334,0.034798074871649855
low_volatility|40d|long_q10|unconstrained_beta|r63|ensemble,low_volatility|40d,low_volatility,40d,63,low_volatility_family_sensitivity,lower_tail,long_q10,long_only,False,63,ensemble,3,66.33333333333333,0.0,0.0,,10,return_minus_risk_free,4181,0.11177101894304342,0.13451686865979967,0.7445375097687483,-0.347193484880857,0.625,1.0,0.01812066858220188,0.9515379105759667,0.3413313832749931,0.6134833829221238,0.597760132264958,0.8790611550111489,0.991227327377546,0.991227327377546,4.655379411667606,0.004655379411667606,2,0.022581774751529744,,,,42.06091046799012,11.333333333333334,0.034798074871649855
low_volatility|40d|long_q10|unconstrained_beta|r63|ensemble,low_volatility|40d,low_volatility,40d,63,low_volatility_family_sensitivity,lower_tail,long_q10,long_only,False,63,ensemble,3,66.33333333333333,0.0,0.0,,25,return_minus_risk_free,4181,0.10402903676720698,0.13454049759387363,0.6924759556619919,-0.34757427401990004,0.625,0.8823529411764706,0.011140044452214075,0.5842511571838696,0.5590513479374808,0.613431566196596,0.597760132264958,0.8790611550111489,0.991227327377546,0.991227327377546,4.655379411667606,0.011638448529169013,2,0.022581774751529744,,,,42.06091046799012,11.333333333333334,0.034798074871649855
low_volatility|40d|middle_minus_q1|unconstrained_beta|r1|ensemble,low_volatility|40d,low_volatility,40d,63,low_volatility_family_sensitivity,lower_tail,middle_minus_q1,market_neutral,False,1,ensemble,1,4181.0,0.0,0.0,,0,self_financing_spread_return,4181,-0.06194986942072889,0.18270431461180553,-0.25840754582308206,-0.7765066974470484,0.46,0.35294117647058826,0.030446071736790425,0.8814444633556374,0.3780773007840209,-0.5225265319603966,-0.41277859030898995,0.8598249737010943,2.0,2.1580109407439772e-17,59.33480687267993,0.0,0,0.0,,,,209.66252092800767,167.0,0.030303030303030304
low_volatility|40d|middle_minus_q1|unconstrained_beta|r1|ensemble,low_volatility|40d,low_volatility,40d,63,low_volatility_family_sensitivity,lower_tail,middle_minus_q1,market_neutral,False,1,ensemble,1,4181.0,0.0,0.0,,5,self_financing_spread_return,4181,-0.08937260485551035,0.182673674969165,-0.42083341627396814,-0.8147090189407088,0.425,0.23529411764705882,0.0007546755774235524,0.021844359012124795,0.9825721092432056,-0.5223355557781363,-0.41277859030898995,0.8598249737010943,2.0,2.1580109407439772e-17,59.33480687267993,0.029667403436339963,0,0.0,,,,209.66252092800767,167.0,0.030303030303030304
low_volatility|40d|middle_minus_q1|unconstrained_beta|r1|ensemble,low_volatility|40d,low_volatility,40d,63,low_volatility_family_sensitivity,lower_tail,middle_minus_q1,market_neutral,False,1,ensemble,1,4181.0,0.0,0.0,,10,self_financing_spread_return,4181,-0.11599752774724859,0.18264779228178202,-0.5832985908020213,-0.8844979602247752,0.405,0.17647058823529413,-0.028936720581943694,-0.8373389773936477,0.4024020559425746,-0.5221445795958762,-0.41277859030898995,0.8598249737010943,2.0,2.1580109407439772e-17,59.33480687267993,0.059334806872679925,0,0.0,,,,209.66252092800767,167.0,0.030303030303030304
low_volatility|40d|middle_minus_q1|unconstrained_beta|r1|ensemble,low_volatility|40d,low_volatility,40d,63,low_volatility_family_sensitivity,lower_tail,middle_minus_q1,market_neutral,False,1,ensemble,1,4181.0,0.0,0.0,,25,self_financing_spread_return,4181,-0.19131310235864318,0.18259870432071906,-1.0708029940839208,-0.9728711379732486,0.325,0.058823529411764705,-0.11801090906004351,-3.4098868700997764,0.0006498983150899619,-0.5215716510490963,-0.41277859030898995,0.8598249737010943,2.0,2.1580109407439772e-17,59.33480687267993,0.1483370171816998,0,0.0,,,,209.66252092800767,167.0,0.030303030303030304
low_volatility|40d|middle_minus_q1|unconstrained_beta|r5|ensemble,low_volatility|40d,low_volatility,40d,63,low_volatility_family_sensitivity,lower_tail,middle_minus_q1,market_neutral,False,5,ensemble,3,836.3333333333334,0.0,0.0,,0,self_financing_spread_return,4181,-0.07073796129363119,0.18106545028942056,-0.3141299695808235,-0.786770901273511,0.45,0.35294117647058826,0.019419091992906586,0.5597481915922365,0.575651206200744,-0.513368526770718,-0.4152920810358595,1.1124388938262486,2.0037632895606983,-0.00028251232908172645,33.04416369229282,0.0,16,0.0064559223177261815,,,,209.50251136091845,55.666666666666664,0.04779086455112178
low_volatility|40d|middle_minus_q1|unconstrained_beta|r5|ensemble,low_volatility|40d,low_volatility,40d,63,low_volatility_family_sensitivity,lower_tail,middle_minus_q1,market_neutral,False,5,ensemble,3,836.3333333333334,0.0,0.0,,5,self_financing_spread_return,4181,-0.08596608669209005,0.18107596279109764,-0.4053127848544333,-0.8078357781106733,0.42,0.29411764705882354,0.0029170192834518187,0.08405953007525441,0.9330091010383881,-0.5134509220911755,-0.4152920810358595,1.1124388938262486,2.0037632895606983,-0.00028251232908172645,33.04416369229282,0.01652208184614641,16,0.0064559223177261815,,,,209.50251136091845,55.666666666666664,0.04779086455112178
low_volatility|40d|middle_minus_q1|unconstrained_beta|r5|ensemble,low_volatility|40d,low_volatility,40d,63,low_volatility_family_sensitivity,lower_tail,middle_minus_q1,market_neutral,False,5,ensemble,3,836.3333333333334,0.0,0.0,,10,self_financing_spread_return,4181,-0.10094647567519377,0.18109161955561195,-0.49647090973722147,-0.8528993082601726,0.41,0.23529411764705882,-0.013585053426003151,-0.39136127971399376,0.695530208802349,-0.5135333174116337,-0.4152920810358595,1.1124388938262486,2.0037632895606983,-0.00028251232908172645,33.04416369229282,0.03304416369229282,16,0.0064559223177261815,,,,209.50251136091845,55.666666666666664,0.04779086455112178
low_volatility|40d|middle_minus_q1|unconstrained_beta|r5|ensemble,low_volatility|40d,low_volatility,40d,63,low_volatility_family_sensitivity,lower_tail,middle_minus_q1,market_neutral,False,5,ensemble,3,836.3333333333334,0.0,0.0,,25,self_financing_spread_return,4181,-0.14444091284552418,0.18116943989802473,-0.7697196406720977,-0.934364124564307,0.385,0.17647058823529413,-0.06309127155436768,-1.8155258238995629,0.06944314112517251,-0.5137805033730073,-0.4152920810358595,1.1124388938262486,2.0037632895606983,-0.00028251232908172645,33.04416369229282,0.08261040923073204,16,0.0064559223177261815,,,,209.50251136091845,55.666666666666664,0.04779086455112178
low_volatility|40d|middle_minus_q1|unconstrained_beta|r21|ensemble,low_volatility|40d,low_volatility,40d,63,low_volatility_family_sensitivity,lower_tail,middle_minus_q1,market_neutral,False,21,ensemble,3,199.33333333333334,0.0,0.0,,0,self_financing_spread_return,4181,-0.05768359009854085,0.17461207168843068,-0.2525923483204431,-0.7244430124349794,0.475,0.35294117647058826,0.02519906927031075,0.732455998486969,0.4638902901634413,-0.4663196627068426,-0.4195848067699215,1.1518148025128032,2.009965632053365,0.0006201728833520558,18.52009636648755,0.0,27,0.006151827236536604,,,,208.87538866299928,55.666666666666664,0.05412311351583863
low_volatility|40d|middle_minus_q1|unconstrained_beta|r21|ensemble,low_volatility|40d,low_volatility,40d,63,low_volatility_family_sensitivity,lower_tail,middle_minus_q1,market_neutral,False,21,ensemble,3,199.33333333333334,0.0,0.0,,5,self_financing_spread_return,4181,-0.06637035887080445,0.17461305714627764,-0.30561029542717755,-0.7504306352643189,0.465,0.35294117647058826,0.0159525831232392,0.4634991381640392,0.6430066324586015,-0.4663962913458557,-0.4195848067699215,1.1518148025128032,2.009965632053365,0.0006201728833520558,18.52009636648755,0.009260048183243776,27,0.006151827236536604,,,,208.87538866299928,55.666666666666664,0.05412311351583863
low_volatility|40d|middle_minus_q1|unconstrained_beta|r21|ensemble,low_volatility|40d,low_volatility,40d,63,low_volatility_family_sensitivity,lower_tail,middle_minus_q1,market_neutral,False,21,ensemble,3,199.33333333333334,0.0,0.0,,10,self_financing_spread_return,4181,-0.0749793282749357,0.17462619740895607,-0.35860268193495765,-0.7739735417395031,0.455,0.29411764705882354,0.006706096976167427,0.19474609951888033,0.8455917205826539,-0.46647291998486917,-0.4195848067699215,1.1518148025128032,2.009965632053365,0.0006201728833520558,18.52009636648755,0.018520096366487552,27,0.006151827236536604,,,,208.87538866299928,55.666666666666664,0.05412311351583863
low_volatility|40d|middle_minus_q1|unconstrained_beta|r21|ensemble,low_volatility|40d,low_volatility,40d,63,low_volatility_family_sensitivity,lower_tail,middle_minus_q1,market_neutral,False,21,ensemble,3,199.33333333333334,0.0,0.0,,25,self_financing_spread_return,4181,-0.1003461758396238,0.17473850692257947,-0.517316123160655,-0.8461656120450255,0.425,0.23529411764705882,-0.02103336146504745,-0.6095550074356754,0.5421566237074846,-0.4667028059019088,-0.4195848067699215,1.1518148025128032,2.009965632053365,0.0006201728833520558,18.52009636648755,0.04630024091621888,27,0.006151827236536604,,,,208.87538866299928,55.666666666666664,0.05412311351583863
low_volatility|40d|middle_minus_q1|unconstrained_beta|r63|ensemble,low_volatility|40d,low_volatility,40d,63,low_volatility_family_sensitivity,lower_tail,middle_minus_q1,market_neutral,False,63,ensemble,3,66.33333333333333,0.0,0.0,,0,self_financing_spread_return,4181,-0.07446118267336865,0.1814244043237043,-0.3355670546073873,-0.7745715563281189,0.44,0.35294117647058826,0.0023023654971816377,0.05954949554933702,0.9525144436457138,-0.4251253668231658,-0.4543480696517521,2.2899877646493834,2.0493538129959705,-0.004405363025084732,8.780969501894337,0.0,43,0.006450806365342337,,,,207.3458502750538,55.666666666666664,0.10115626562570253
low_volatility|40d|middle_minus_q1|unconstrained_beta|r63|ensemble,low_volatility|40d,low_volatility,40d,63,low_volatility_family_sensitivity,lower_tail,middle_minus_q1,market_neutral,False,63,ensemble,3,66.33333333333333,0.0,0.0,,5,self_financing_spread_return,4181,-0.07851658666919459,0.18141958157914878,-0.3597772356145468,-0.788627692862898,0.435,0.35294117647058826,-0.002084907581841061,-0.053918754048537416,0.9569998948296222,-0.4251476347552114,-0.4543480696517521,2.2899877646493834,2.0493538129959705,-0.004405363025084732,8.780969501894337,0.004390484750947168,43,0.006450806365342337,,,,207.3458502750538,55.666666666666664,0.10115626562570253
low_volatility|40d|middle_minus_q1|unconstrained_beta|r63|ensemble,low_volatility|40d,low_volatility,40d,63,low_volatility_family_sensitivity,lower_tail,middle_minus_q1,market_neutral,False,63,ensemble,3,66.33333333333333,0.0,0.0,,10,self_financing_spread_return,4181,-0.08255571024197894,0.18142327549979717,-0.3839706780129256,-0.80181212825328,0.43,0.35294117647058826,-0.006472180660864064,-0.16734667938146602,0.8670972771215913,-0.42516990268725696,-0.4543480696517521,2.2899877646493834,2.0493538129959705,-0.004405363025084732,8.780969501894337,0.008780969501894336,43,0.006450806365342337,,,,207.3458502750538,55.666666666666664,0.10115626562570253
low_volatility|40d|middle_minus_q1|unconstrained_beta|r63|ensemble,low_volatility|40d,low_volatility,40d,63,low_volatility_family_sensitivity,lower_tail,middle_minus_q1,market_neutral,False,63,ensemble,3,66.33333333333333,0.0,0.0,,25,self_financing_spread_return,4181,-0.09457599167306696,0.18148544605757652,-0.4564165753377859,-0.8366565895883569,0.42,0.29411764705882354,-0.01963399989793276,-0.5071089773024197,0.6120783563975478,-0.4252367064833939,-0.4543480696517521,2.2899877646493834,2.0493538129959705,-0.004405363025084732,8.780969501894337,0.021952423754735842,43,0.006450806365342337,,,,207.3458502750538,55.666666666666664,0.10115626562570253
low_volatility|40d|middle_minus_q1|beta_neutral|r1|ensemble,low_volatility|40d,low_volatility,40d,63,low_volatility_family_sensitivity,lower_tail,middle_minus_q1,market_neutral,True,1,ensemble,1,4181.0,0.0,4181.0,1.0,0,self_financing_spread_return,4181,0.012565398040206288,0.13186316822901703,0.16059616443162336,-0.4471968798157082,0.51,0.5294117647058824,0.0258917877484025,0.8850418031959045,0.37613408552419303,-0.031725523634956086,-3.836431624161576e-18,8.265957363029486e-16,2.0,0.3433221460607242,58.71297129635252,0.0,0,0.0,,,,209.24300406601293,167.0,0.02691994636561789
low_volatility|40d|middle_minus_q1|beta_neutral|r1|ensemble,low_volatility|40d,low_volatility,40d,63,low_volatility_family_sensitivity,lower_tail,middle_minus_q1,market_neutral,True,1,ensemble,1,4181.0,0.0,4181.0,1.0,5,self_financing_spread_return,4181,-0.016729964869869995,0.13184382719203125,-0.062063621425123595,-0.5402942516996471,0.475,0.47058823529411764,-0.003483887893721919,-0.11905731664367855,0.9052299465339593,-0.03161617668990971,-3.836431624161576e-18,8.265957363029486e-16,2.0,0.3433221460607242,58.71297129635252,0.02935648564817626,0,0.0,,,,209.24300406601293,167.0,0.02691994636561789
low_volatility|40d|middle_minus_q1|beta_neutral|r1|ensemble,low_volatility|40d,low_volatility,40d,63,low_volatility_family_sensitivity,lower_tail,middle_minus_q1,market_neutral,True,1,ensemble,1,4181.0,0.0,4181.0,1.0,10,self_financing_spread_return,4181,-0.045181798239955495,0.1318306333700821,-0.2847754641226921,-0.6177234765312469,0.415,0.35294117647058826,-0.03285956353584657,-1.122502985895401,0.2616486387114084,-0.03150682974486338,-3.836431624161576e-18,8.265957363029486e-16,2.0,0.3433221460607242,58.71297129635252,0.05871297129635252,0,0.0,,,,209.24300406601293,167.0,0.02691994636561789
low_volatility|40d|middle_minus_q1|beta_neutral|r1|ensemble,low_volatility|40d,low_volatility,40d,63,low_volatility_family_sensitivity,lower_tail,middle_minus_q1,market_neutral,True,1,ensemble,1,4181.0,0.0,4181.0,1.0,25,self_financing_spread_return,4181,-0.1257144199225848,0.13182794935180273,-0.9529117588313559,-0.9030540452585384,0.305,0.11764705882352941,-0.12098659046222043,-4.125034567863292,3.706790786694915e-05,-0.03117878890972442,-3.836431624161576e-18,8.265957363029486e-16,2.0,0.3433221460607242,58.71297129635252,0.14678242824088128,0,0.0,,,,209.24300406601293,167.0,0.02691994636561789
low_volatility|40d|middle_minus_q1|beta_neutral|r5|ensemble,low_volatility|40d,low_volatility,40d,63,low_volatility_family_sensitivity,lower_tail,middle_minus_q1,market_neutral,True,5,ensemble,3,836.3333333333334,0.0,836.3333333333334,1.0,0,self_financing_spread_return,4181,0.0047830239401562835,0.1300109433561438,0.1017283282492687,-0.45483991771097776,0.495,0.5294117647058824,0.017457899282610923,0.6004277929927022,0.5482211697949149,-0.028475872508945066,-0.0009147055687542137,0.26413726115430575,2.001810593455809,0.34367588428152973,32.68502819357386,0.0,16,0.00726505222586126,,,,209.08355257912777,55.666666666666664,0.03638906758275969
low_volatility|40d|middle_minus_q1|beta_neutral|r5|ensemble,low_volatility|40d,low_volatility,40d,63,low_volatility_family_sensitivity,lower_tail,middle_minus_q1,market_neutral,True,5,ensemble,3,836.3333333333334,0.0,836.3333333333334,1.0,5,self_financing_spread_return,4181,-0.011505176849898713,0.1300160328148334,-0.023966715950057324,-0.5078713935784764,0.48,0.5294117647058824,0.0011333203465780496,0.03896944692196615,0.968914747926478,-0.028592103398473494,-0.0009147055687542137,0.26413726115430575,2.001810593455809,0.34367588428152973,32.68502819357386,0.016342514096786928,16,0.00726505222586126,,,,209.08355257912777,55.666666666666664,0.03638906758275969
low_volatility|40d|middle_minus_q1|beta_neutral|r5|ensemble,low_volatility|40d,low_volatility,40d,63,low_volatility_family_sensitivity,lower_tail,middle_minus_q1,market_neutral,True,5,ensemble,3,836.3333333333334,0.0,836.3333333333334,1.0,10,self_financing_spread_return,4181,-0.027531243386115123,0.1300280645484874,-0.14964392990197908,-0.5557497041582863,0.465,0.47058823529411764,-0.015191258589454934,-0.5222125228152872,0.6015223678394771,-0.028708334288001833,-0.0009147055687542137,0.26413726115430575,2.001810593455809,0.34367588428152973,32.68502819357386,0.032685028193573856,16,0.00726505222586126,,,,209.08355257912777,55.666666666666664,0.03638906758275969
low_volatility|40d|middle_minus_q1|beta_neutral|r5|ensemble,low_volatility|40d,low_volatility,40d,63,low_volatility_family_sensitivity,lower_tail,middle_minus_q1,market_neutral,True,5,ensemble,3,836.3333333333334,0.0,836.3333333333334,1.0,25,self_financing_spread_return,4181,-0.07407818638283814,0.1301057885828492,-0.5263675895592171,-0.755157853533417,0.39,0.17647058823529413,-0.06416499539755319,-2.203298138666246,0.02757374208850328,-0.029057026956587146,-0.0009147055687542137,0.26413726115430575,2.001810593455809,0.34367588428152973,32.68502819357386,0.08171257048393464,16,0.00726505222586126,,,,209.08355257912777,55.666666666666664,0.03638906758275969
low_volatility|40d|middle_minus_q1|beta_neutral|r21|ensemble,low_volatility|40d,low_volatility,40d,63,low_volatility_family_sensitivity,lower_tail,middle_minus_q1,market_neutral,True,21,ensemble,3,199.33333333333334,0.0,199.33333333333334,1.0,0,self_financing_spread_return,4181,0.012874378420905774,0.12571035399325606,0.16465273243334141,-0.38761348770179294,0.535,0.5294117647058824,0.02240729223874929,0.7934535011448891,0.42751365033384725,-0.011497316721007685,-0.002515476768843014,0.2923105204214931,2.002655017501335,0.34514799331838525,18.19854088653344,0.0,27,0.0067646797155454285,,,,208.46783066252092,55.666666666666664,0.041204708893148576
low_volatility|40d|middle_minus_q1|beta_neutral|r21|ensemble,low_volatility|40d,low_volatility,40d,63,low_volatility_family_sensitivity,lower_tail,middle_minus_q1,market_neutral,True,21,ensemble,3,199.33333333333334,0.0,199.33333333333334,1.0,5,self_financing_spread_return,4181,0.0036985722695137557,0.12570086863297023,0.09225825929994864,-0.4111572099704184,0.515,0.5294117647058824,0.0133208985799504,0.4715301167451903,0.6372622180808748,-0.011599700113501582,-0.002515476768843014,0.2923105204214931,2.002655017501335,0.34514799331838525,18.19854088653344,0.00909927044326672,27,0.0067646797155454285,,,,208.46783066252092,55.666666666666664,0.041204708893148576
low_volatility|40d|middle_minus_q1|beta_neutral|r21|ensemble,low_volatility|40d,low_volatility,40d,63,low_volatility_family_sensitivity,lower_tail,middle_minus_q1,market_neutral,True,21,ensemble,3,199.33333333333334,0.0,199.33333333333334,1.0,10,self_financing_spread_return,4181,-0.005396473300101956,0.12570768682276365,0.019850284800041813,-0.44547111729059596,0.51,0.5294117647058824,0.004234504921151328,0.1498185271112501,0.880907791814884,-0.01170208350599549,-0.002515476768843014,0.2923105204214931,2.002655017501335,0.34514799331838525,18.19854088653344,0.01819854088653344,27,0.0067646797155454285,,,,208.46783066252092,55.666666666666664,0.041204708893148576
low_volatility|40d|middle_minus_q1|beta_neutral|r21|ensemble,low_volatility|40d,low_volatility,40d,63,low_volatility_family_sensitivity,lower_tail,middle_minus_q1,market_neutral,True,21,ensemble,3,199.33333333333334,0.0,199.33333333333334,1.0,25,self_financing_spread_return,4181,-0.03220391836349279,0.12582590450185613,-0.19717320178211808,-0.5801406341002121,0.485,0.47058823529411764,-0.023024676055245077,-0.8127895797220446,0.41633871090977936,-0.012009233683476861,-0.002515476768843014,0.2923105204214931,2.002655017501335,0.34514799331838525,18.19854088653344,0.0454963522163336,27,0.0067646797155454285,,,,208.46783066252092,55.666666666666664,0.041204708893148576
low_volatility|40d|middle_minus_q1|beta_neutral|r63|ensemble,low_volatility|40d,low_volatility,40d,63,low_volatility_family_sensitivity,lower_tail,middle_minus_q1,market_neutral,True,63,ensemble,3,66.33333333333333,0.0,66.33333333333333,1.0,0,self_financing_spread_return,4181,-0.000654383891482202,0.1270599758805519,0.05842899988306992,-0.43347628707378316,0.52,0.5294117647058824,0.005408136437800329,0.18157564519264402,0.8559157634185011,0.013563731248036786,-0.014025589312627748,0.702004274436587,2.0203205848652033,0.3510691455152197,8.471876305845226,0.0,43,0.007269342103636129,,,,206.9291238140796,55.666666666666664,0.059713587810060476
low_volatility|40d|middle_minus_q1|beta_neutral|r63|ensemble,low_volatility|40d,low_volatility,40d,63,low_volatility_family_sensitivity,lower_tail,middle_minus_q1,market_neutral,True,63,ensemble,3,66.33333333333333,0.0,66.33333333333333,1.0,5,self_financing_spread_return,4181,-0.0048793425966930926,0.12704844514919963,0.025077144421867082,-0.4374604305049451,0.515,0.47058823529411764,0.0011741806835105814,0.039419974786465486,0.9685555547090713,0.013536686867914613,-0.014025589312627748,0.702004274436587,2.0203205848652033,0.3510691455152197,8.471876305845226,0.004235938152922614,43,0.007269342103636129,,,,206.9291238140796,55.666666666666664,0.059713587810060476
low_volatility|40d|middle_minus_q1|beta_neutral|r63|ensemble,low_volatility|40d,low_volatility,40d,63,low_volatility_family_sensitivity,lower_tail,middle_minus_q1,market_neutral,True,63,ensemble,3,66.33333333333333,0.0,66.33333333333333,1.0,10,self_financing_spread_return,4181,-0.009087924853213525,0.12704815744749806,-0.008280032720207922,-0.4502597624004646,0.51,0.47058823529411764,-0.0030597750707792174,-0.10270385846558555,0.918198011229056,0.013509642487792378,-0.014025589312627748,0.702004274436587,2.0203205848652033,0.3510691455152197,8.471876305845226,0.008471876305845227,43,0.007269342103636129,,,,206.9291238140796,55.666666666666664,0.059713587810060476
low_volatility|40d|middle_minus_q1|beta_neutral|r63|ensemble,low_volatility|40d,low_volatility,40d,63,low_volatility_family_sensitivity,lower_tail,middle_minus_q1,market_neutral,True,63,ensemble,3,66.33333333333333,0.0,66.33333333333333,1.0,25,self_financing_spread_return,4181,-0.021615989444833672,0.12711473836736395,-0.10829498138749581,-0.5071786827281123,0.505,0.35294117647058826,-0.01576164233364868,-0.5283399912303979,0.5972633796268978,0.013428509347425772,-0.014025589312627748,0.702004274436587,2.0203205848652033,0.3510691455152197,8.471876305845226,0.021179690764613065,43,0.007269342103636129,,,,206.9291238140796,55.666666666666664,0.059713587810060476
low_volatility|40d|q10_minus_middle|unconstrained_beta|r1|ensemble,low_volatility|40d,low_volatility,40d,63,low_volatility_family_sensitivity,lower_tail,q10_minus_middle,market_neutral,False,1,ensemble,1,4181.0,0.0,0.0,,0,self_financing_spread_return,4181,-0.02605560747358704,0.10949354662587214,-0.18630836687225533,-0.423623129422637,0.48,0.35294117647058826,0.041489636522161866,2.0034872550171414,0.04512501423294255,-0.4164238983170282,-0.38781573987338963,0.6866632161165074,2.0,-1.6115792694066285e-17,67.17148845959237,0.0,0,0.0,,,,210.5505859842143,168.0,0.029411764705882353
low_volatility|40d|q10_minus_middle|unconstrained_beta|r1|ensemble,low_volatility|40d,low_volatility,40d,63,low_volatility_family_sensitivity,lower_tail,q10_minus_middle,market_neutral,False,1,ensemble,1,4181.0,0.0,0.0,,5,self_financing_spread_return,4181,-0.05822573023385691,0.10949733293638138,-0.4929898953508246,-0.6537048215091932,0.415,0.23529411764705882,0.007876513143229964,0.3786732944920486,0.7049304869449884,-0.416211219101355,-0.38781573987338963,0.6866632161165074,2.0,-1.6115792694066285e-17,67.17148845959237,0.03358574422979618,0,0.0,,,,210.5505859842143,168.0,0.029411764705882353
low_volatility|40d|q10_minus_middle|unconstrained_beta|r1|ensemble,low_volatility|40d,low_volatility,40d,63,low_volatility_family_sensitivity,lower_tail,q10_minus_middle,market_neutral,False,1,ensemble,1,4181.0,0.0,0.0,,10,self_financing_spread_return,4181,-0.08933843950255793,0.10951224952504418,-0.7995689426145909,-0.793026409237065,0.37,0.17647058823529413,-0.025736610235702007,-1.2314103694465894,0.2181694206337822,-0.4159985398856818,-0.38781573987338963,0.6866632161165074,2.0,-1.6115792694066285e-17,67.17148845959237,0.06717148845959237,0,0.0,,,,210.5505859842143,168.0,0.029411764705882353
low_volatility|40d|q10_minus_middle|unconstrained_beta|r1|ensemble,low_volatility|40d,low_volatility,40d,63,low_volatility_family_sensitivity,lower_tail,q10_minus_middle,market_neutral,False,1,ensemble,1,4181.0,0.0,0.0,,25,self_financing_spread_return,4181,-0.1766723590793564,0.10962371857365685,-1.7177590813187988,-0.9606346605664148,0.28,0.058823529411764705,-0.12657598037249723,-5.957124595962297,2.567145258907263e-09,-0.4153605022386621,-0.38781573987338963,0.6866632161165074,2.0,-1.6115792694066285e-17,67.17148845959237,0.16792872114898091,0,0.0,,,,210.5505859842143,168.0,0.029411764705882353
low_volatility|40d|q10_minus_middle|unconstrained_beta|r5|ensemble,low_volatility|40d,low_volatility,40d,63,low_volatility_family_sensitivity,lower_tail,q10_minus_middle,market_neutral,False,5,ensemble,3,836.3333333333334,0.0,0.0,,0,self_financing_spread_return,4181,-0.027779085034732698,0.10876820517095541,-0.20455850542517987,-0.44946195694510815,0.47,0.29411764705882354,0.038561360448453895,1.8772021421041283,0.06049039405797171,-0.4091679869212176,-0.3889755934084226,0.7760024767557834,2.0019664530250023,-0.0003640728168075842,36.36810231179812,0.0,16,0.019696320141321392,,,,210.4151319461054,56.0,0.0342939745665111
low_volatility|40d|q10_minus_middle|unconstrained_beta|r5|ensemble,low_volatility|40d,low_volatility,40d,63,low_volatility_family_sensitivity,lower_tail,q10_minus_middle,market_neutral,False,5,ensemble,3,836.3333333333334,0.0,0.0,,5,self_financing_spread_return,4181,-0.04529940449165659,0.10878560728515553,-0.37164588645985847,-0.5824679942078548,0.425,0.29411764705882354,0.02039197019324357,0.9914256526325882,0.3214777792845205,-0.40924113765135095,-0.3889755934084226,0.7760024767557834,2.0019664530250023,-0.0003640728168075842,36.36810231179812,0.018184051155899057,16,0.019696320141321392,,,,210.4151319461054,56.0,0.0342939745665111
low_volatility|40d|q10_minus_middle|unconstrained_beta|r5|ensemble,low_volatility|40d,low_volatility,40d,63,low_volatility_family_sensitivity,lower_tail,q10_minus_middle,market_neutral,False,5,ensemble,3,836.3333333333334,0.0,0.0,,10,self_financing_spread_return,4181,-0.06250629358366133,0.10881350407775436,-0.5386278653217631,-0.6833527664247183,0.39,0.23529411764705882,0.002222579938032799,0.10790592688131385,0.9140703156055777,-0.4093142883814839,-0.3889755934084226,0.7760024767557834,2.0019664530250023,-0.0003640728168075842,36.36810231179812,0.036368102311798114,16,0.019696320141321392,,,,210.4151319461054,56.0,0.0342939745665111
low_volatility|40d|q10_minus_middle|unconstrained_beta|r5|ensemble,low_volatility|40d,low_volatility,40d,63,low_volatility_family_sensitivity,lower_tail,q10_minus_middle,market_neutral,False,5,ensemble,3,836.3333333333334,0.0,0.0,,25,self_financing_spread_return,4181,-0.11230154990314511,0.10896006675594365,-1.038460921385741,-0.8655800508975247,0.365,0.11764705882352941,-0.052285590827598365,-2.5258276989370745,0.011542607603082658,-0.4095337405718842,-0.3889755934084226,0.7760024767557834,2.0019664530250023,-0.0003640728168075842,36.36810231179812,0.09092025577949531,16,0.019696320141321392,,,,210.4151319461054,56.0,0.0342939745665111
low_volatility|40d|q10_minus_middle|unconstrained_beta|r21|ensemble,low_volatility|40d,low_volatility,40d,63,low_volatility_family_sensitivity,lower_tail,q10_minus_middle,market_neutral,False,21,ensemble,3,199.33333333333334,0.0,0.0,,0,self_financing_spread_return,4181,-0.03802687298833973,0.10537396661361322,-0.3151523544354885,-0.5278436139537444,0.445,0.29411764705882354,0.02296033570299028,1.0842572889255986,0.27825073698775693,-0.37793658123492235,-0.3927498072632953,0.7445299555110793,2.007837621966883,-0.0017883249198700638,19.488694091813503,0.0,27,0.02667205181553658,,,,209.8713226500837,56.0,0.03487556392603067
low_volatility|40d|q10_minus_middle|unconstrained_beta|r21|ensemble,low_volatility|40d,low_volatility,40d,63,low_volatility_family_sensitivity,lower_tail,q10_minus_middle,market_neutral,False,21,ensemble,3,199.33333333333334,0.0,0.0,,5,self_financing_spread_return,4181,-0.04735646349044975,0.10537444608747322,-0.4076191649897431,-0.5926189183117887,0.43,0.29411764705882354,0.013226768817453225,0.6243659160664413,0.5323873037392064,-0.3780053682020617,-0.3927498072632953,0.7445299555110793,2.007837621966883,-0.0017883249198700638,19.488694091813503,0.009744347045906751,27,0.02667205181553658,,,,209.8713226500837,56.0,0.03487556392603067
low_volatility|40d|q10_minus_middle|unconstrained_beta|r21|ensemble,low_volatility|40d,low_volatility,40d,63,low_volatility_family_sensitivity,lower_tail,q10_minus_middle,market_neutral,False,21,ensemble,3,199.33333333333334,0.0,0.0,,10,self_financing_spread_return,4181,-0.05659817413047363,0.10539750997267322,-0.4999779766148311,-0.6485226377455398,0.42,0.29411764705882354,0.0034932019319158037,0.16478626865448245,0.8691122123107415,-0.3780741551692013,-0.3927498072632953,0.7445299555110793,2.007837621966883,-0.0017883249198700638,19.488694091813503,0.019488694091813502,27,0.02667205181553658,,,,209.8713226500837,56.0,0.03487556392603067
low_volatility|40d|q10_minus_middle|unconstrained_beta|r21|ensemble,low_volatility|40d,low_volatility,40d,63,low_volatility_family_sensitivity,lower_tail,q10_minus_middle,market_neutral,False,21,ensemble,3,199.33333333333334,0.0,0.0,,25,self_financing_spread_return,4181,-0.08380402452789304,0.10560198767112186,-0.7758168736782232,-0.7743289616270571,0.395,0.17647058823529413,-0.025707498724695518,-1.208320526753366,0.22692399583375855,-0.37828051607061947,-0.3927498072632953,0.7445299555110793,2.007837621966883,-0.0017883249198700638,19.488694091813503,0.04872173522953376,27,0.02667205181553658,,,,209.8713226500837,56.0,0.03487556392603067
low_volatility|40d|q10_minus_middle|unconstrained_beta|r63|ensemble,low_volatility|40d,low_volatility,40d,63,low_volatility_family_sensitivity,lower_tail,q10_minus_middle,market_neutral,False,63,ensemble,3,66.33333333333333,0.0,0.0,,0,self_financing_spread_return,4181,-0.02069790202673827,0.09967260294574269,-0.15996605270175807,-0.34884239348931945,0.47,0.29411764705882354,0.03444202882528182,1.66723165191482,0.09546835122632388,-0.33902592670439063,-0.3980156564137235,0.8246815556396433,2.0268884581103412,-0.0053690734340355005,8.776863549789919,0.0,43,0.02844811361954042,,,,208.5142310452045,56.0,0.03773676279142907
low_volatility|40d|q10_minus_middle|unconstrained_beta|r63|ensemble,low_volatility|40d,low_volatility,40d,63,low_volatility_family_sensitivity,lower_tail,q10_minus_middle,market_neutral,False,63,ensemble,3,66.33333333333333,0.0,0.0,,5,self_financing_spread_return,4181,-0.02498688250218062,0.09968259466128251,-0.20396747952335292,-0.3905256452778444,0.465,0.29411764705882354,0.030056714937876487,1.454781427479657,0.1457297814455108,-0.33904248457753544,-0.3980156564137235,0.8246815556396433,2.0268884581103412,-0.0053690734340355005,8.776863549789919,0.00438843177489496,43,0.02844811361954042,,,,208.5142310452045,56.0,0.03773676279142907
low_volatility|40d|q10_minus_middle|unconstrained_beta|r63|ensemble,low_volatility|40d,low_volatility,40d,63,low_volatility_family_sensitivity,lower_tail,q10_minus_middle,market_neutral,False,63,ensemble,3,66.33333333333333,0.0,0.0,,10,self_financing_spread_return,4181,-0.02925866489135842,0.09970819103992067,-0.2479212796587825,-0.4295548839096871,0.465,0.29411764705882354,0.025671401050471252,1.2420162816504636,0.2142305548695551,-0.33905904245068036,-0.3980156564137235,0.8246815556396433,2.0268884581103412,-0.0053690734340355005,8.776863549789919,0.00877686354978992,43,0.02844811361954042,,,,208.5142310452045,56.0,0.03773676279142907
low_volatility|40d|q10_minus_middle|unconstrained_beta|r63|ensemble,low_volatility|40d,low_volatility,40d,63,low_volatility_family_sensitivity,lower_tail,q10_minus_middle,market_neutral,False,63,ensemble,3,66.33333333333333,0.0,0.0,,25,self_financing_spread_return,4181,-0.041971448737390005,0.09987845161158616,-0.3792920884617928,-0.5323469795546593,0.45,0.23529411764705882,0.012515459388255275,0.6037095048209298,0.5460367937661903,-0.3391087160701151,-0.3980156564137235,0.8246815556396433,2.0268884581103412,-0.0053690734340355005,8.776863549789919,0.021942158874474798,43,0.02844811361954042,,,,208.5142310452045,56.0,0.03773676279142907
low_volatility|40d|q10_minus_middle|beta_neutral|r1|ensemble,low_volatility|40d,low_volatility,40d,63,low_volatility_family_sensitivity,lower_tail,q10_minus_middle,market_neutral,True,1,ensemble,1,4181.0,0.0,4181.0,1.0,0,self_financing_spread_return,4181,0.04933370119158398,0.09909884457109135,0.5355725130255066,-0.1763856806291204,0.555,0.8235294117647058,0.05360605650746704,2.099187356413119,0.03580038812412054,-0.0035758099382803554,5.027627773295614e-19,4.85722573273506e-16,2.0,0.49953933205430556,70.2286763623211,0.0,0,0.0,,,,210.3214541975604,168.0,0.04416919812978505
low_volatility|40d|q10_minus_middle|beta_neutral|r1|ensemble,low_volatility|40d,low_volatility,40d,63,low_volatility_family_sensitivity,lower_tail,q10_minus_middle,market_neutral,True,1,ensemble,1,4181.0,0.0,4181.0,1.0,5,self_financing_spread_return,4181,0.013123204395246502,0.09912998353674912,0.18114398611475888,-0.2073266766679932,0.505,0.5882352941176471,0.018467981803452663,0.7209170827866397,0.4709605318320905,-0.003439504268533083,5.027627773295614e-19,4.85722573273506e-16,2.0,0.49953933205430556,70.2286763623211,0.03511433818116055,0,0.0,,,,210.3214541975604,168.0,0.04416919812978505
low_volatility|40d|q10_minus_middle|beta_neutral|r1|ensemble,low_volatility|40d,low_volatility,40d,63,low_volatility_family_sensitivity,lower_tail,q10_minus_middle,market_neutral,True,1,ensemble,1,4181.0,0.0,4181.0,1.0,10,self_financing_spread_return,4181,-0.021844025428797598,0.09917655526322461,-0.17303501272696878,-0.4571766739362938,0.45,0.35294117647058826,-0.01667009290056147,-0.6484799352831973,0.5166745842382652,-0.0033031985987861706,5.027627773295614e-19,4.85722573273506e-16,2.0,0.49953933205430556,70.2286763623211,0.0702286763623211,0,0.0,,,,210.3214541975604,168.0,0.04416919812978505
low_volatility|40d|q10_minus_middle|beta_neutral|r1|ensemble,low_volatility|40d,low_volatility,40d,63,low_volatility_family_sensitivity,lower_tail,q10_minus_middle,market_neutral,True,1,ensemble,1,4181.0,0.0,4181.0,1.0,25,self_financing_spread_return,4181,-0.11970366096514429,0.09940861416800882,-1.2324331057035771,-0.8828709305800783,0.315,0.058823529411764705,-0.12208431701260436,-4.6914887746842595,2.712241553918215e-06,-0.0028942815895447796,5.027627773295614e-19,4.85722573273506e-16,2.0,0.49953933205430556,70.2286763623211,0.17557169090580274,0,0.0,,,,210.3214541975604,168.0,0.04416919812978505
low_volatility|40d|q10_minus_middle|beta_neutral|r5|ensemble,low_volatility|40d,low_volatility,40d,63,low_volatility_family_sensitivity,lower_tail,q10_minus_middle,market_neutral,True,5,ensemble,3,836.3333333333334,0.0,836.3333333333334,1.0,0,self_financing_spread_return,4181,0.0453447516807759,0.09935063399190566,0.4960943988517805,-0.16579370006697536,0.555,0.8823529411764706,0.04923188576180069,1.9582316431426023,0.05020283768167328,0.0003728100709002623,-0.0005936367454390836,0.11908100299132995,2.000430149140634,0.4995037630064629,37.52664761333277,0.0,16,0.02273234380043322,,,,210.1851231762736,56.0,0.04500450001300396
low_volatility|40d|q10_minus_middle|beta_neutral|r5|ensemble,low_volatility|40d,low_volatility,40d,63,low_volatility_family_sensitivity,lower_tail,q10_minus_middle,market_neutral,True,5,ensemble,3,836.3333333333334,0.0,836.3333333333334,1.0,5,self_financing_spread_return,4181,0.025912113018158767,0.09936193413460503,0.3071764119733929,-0.17489848629151572,0.52,0.7058823529411765,0.03048214466691454,1.2115520120323102,0.22568391343075134,0.00026576213298976146,-0.0005936367454390836,0.11908100299132995,2.000430149140634,0.4995037630064629,37.52664761333277,0.018763323806666385,16,0.02273234380043322,,,,210.1851231762736,56.0,0.04500450001300396
low_volatility|40d|q10_minus_middle|beta_neutral|r5|ensemble,low_volatility|40d,low_volatility,40d,63,low_volatility_family_sensitivity,lower_tail,q10_minus_middle,market_neutral,True,5,ensemble,3,836.3333333333334,0.0,836.3333333333334,1.0,10,self_financing_spread_return,4181,0.006838042655007204,0.09938594128844967,0.11828626494094224,-0.21017768148031035,0.485,0.5294117647058824,0.011732403572027506,0.4659263608850211,0.6412682115529992,0.00015871419507914946,-0.0005936367454390836,0.11908100299132995,2.000430149140634,0.4995037630064629,37.52664761333277,0.03752664761333277,16,0.02273234380043322,,,,210.1851231762736,56.0,0.04500450001300396
low_volatility|40d|q10_minus_middle|beta_neutral|r5|ensemble,low_volatility|40d,low_volatility,40d,63,low_volatility_family_sensitivity,lower_tail,q10_minus_middle,market_neutral,True,5,ensemble,3,836.3333333333334,0.0,836.3333333333334,1.0,25,self_financing_spread_return,4181,-0.04829783318149927,0.09953408853719124,-0.44749452942813994,-0.635421701674863,0.4,0.17647058823529413,-0.044516819712631134,-1.7623284599835847,0.07801381805315095,-0.00016242961865246794,-0.0005936367454390836,0.11908100299132995,2.000430149140634,0.4995037630064629,37.52664761333277,0.09381661903333192,16,0.02273234380043322,,,,210.1851231762736,56.0,0.04500450001300396
low_volatility|40d|q10_minus_middle|beta_neutral|r21|ensemble,low_volatility|40d,low_volatility,40d,63,low_volatility_family_sensitivity,lower_tail,q10_minus_middle,market_neutral,True,21,ensemble,3,199.33333333333334,0.0,199.33333333333334,1.0,0,self_financing_spread_return,4181,0.021684098486233427,0.09998362382588556,0.2645905257493076,-0.22485896988487786,0.535,0.6470588235294118,0.021423293903733272,0.8209900546738819,0.41165193314778603,0.03385414397728847,-0.002956431149642612,0.3075409897625036,2.0017804215552113,0.4988629046256518,19.94954992219938,0.0,27,0.03144326172671507,,,,209.65749820617077,56.0,0.04873212570576942
low_volatility|40d|q10_minus_middle|beta_neutral|r21|ensemble,low_volatility|40d,low_volatility,40d,63,low_volatility_family_sensitivity,lower_tail,q10_minus_middle,market_neutral,True,21,ensemble,3,199.33333333333334,0.0,199.33333333333334,1.0,5,self_financing_spread_return,4181,0.01154221128411681,0.09998072298444598,0.1648084110979063,-0.25744533121561575,0.505,0.5294117647058824,0.011460625657291843,0.4390155272937811,0.6606502854732325,0.033757338787868886,-0.002956431149642612,0.3075409897625036,2.0017804215552113,0.4988629046256518,19.94954992219938,0.00997477496109969,27,0.03144326172671507,,,,209.65749820617077,56.0,0.04873212570576942
low_volatility|40d|q10_minus_middle|beta_neutral|r21|ensemble,low_volatility|40d,low_volatility,40d,63,low_volatility_family_sensitivity,lower_tail,q10_minus_middle,market_neutral,True,21,ensemble,3,199.33333333333334,0.0,199.33333333333334,1.0,10,self_financing_spread_return,4181,0.0014980740886672006,0.10000308221530266,0.06500408239983439,-0.2886707760981412,0.5,0.47058823529411764,0.001497957410850503,0.05734646488697013,0.9542692075998613,0.03366053359844935,-0.002956431149642612,0.3075409897625036,2.0017804215552113,0.4988629046256518,19.94954992219938,0.01994954992219938,27,0.03144326172671507,,,,209.65749820617077,56.0,0.04873212570576942
low_volatility|40d|q10_minus_middle|beta_neutral|r21|ensemble,low_volatility|40d,low_volatility,40d,63,low_volatility_family_sensitivity,lower_tail,q10_minus_middle,market_neutral,True,21,ensemble,3,199.33333333333334,0.0,199.33333333333334,1.0,25,self_financing_spread_return,4181,-0.028056936285988154,0.10022145577846639,-0.23378784231599328,-0.5091081861495083,0.45,0.17647058823529413,-0.028390047328473323,-1.0836227690635885,0.27853209115211974,0.03337011803019072,-0.002956431149642612,0.3075409897625036,2.0017804215552113,0.4988629046256518,19.94954992219938,0.04987387480549845,27,0.03144326172671507,,,,209.65749820617077,56.0,0.04873212570576942
low_volatility|40d|q10_minus_middle|beta_neutral|r63|ensemble,low_volatility|40d,low_volatility,40d,63,low_volatility_family_sensitivity,lower_tail,q10_minus_middle,market_neutral,True,63,ensemble,3,66.33333333333333,0.0,66.33333333333333,1.0,0,self_financing_spread_return,4181,0.04439341093808147,0.09333576816943938,0.5120892127717981,-0.1632841612716821,0.575,0.7647058823529411,0.040098709189809796,1.6850248795377634,0.09198377147719297,0.05179313655282491,-0.008686114510753113,0.32988759672542933,2.006197973526377,0.4913569940096189,8.886920771487208,0.0,43,0.032793303645930715,,,,208.2886869170055,56.0,0.051696205476921366
low_volatility|40d|q10_minus_middle|beta_neutral|r63|ensemble,low_volatility|40d,low_volatility,40d,63,low_volatility_family_sensitivity,lower_tail,q10_minus_middle,market_neutral,True,63,ensemble,3,66.33333333333333,0.0,66.33333333333333,1.0,5,self_financing_spread_return,4181,0.039762109494777986,0.09334344584776805,0.46443519952164664,-0.1685230253980281,0.575,0.7058823529411765,0.03565784080759021,1.4982200994142263,0.1340760752072533,0.05177032837489386,-0.008686114510753113,0.32988759672542933,2.006197973526377,0.4913569940096189,8.886920771487208,0.004443460385743604,43,0.032793303645930715,,,,208.2886869170055,56.0,0.051696205476921366
low_volatility|40d|q10_minus_middle|beta_neutral|r63|ensemble,low_volatility|40d,low_volatility,40d,63,low_volatility_family_sensitivity,lower_tail,q10_minus_middle,market_neutral,True,63,ensemble,3,66.33333333333333,0.0,66.33333333333333,1.0,10,self_financing_spread_return,4181,0.035149600412771376,0.09336833220092783,0.41671220670005976,-0.17474822598174466,0.575,0.7058823529411765,0.0312169724253704,1.3111633785920818,0.18980257198620443,0.05174752019696287,-0.008686114510753113,0.32988759672542933,2.006197973526377,0.4913569940096189,8.886920771487208,0.008886920771487209,43,0.032793303645930715,,,,208.2886869170055,56.0,0.051696205476921366
low_volatility|40d|q10_minus_middle|beta_neutral|r63|ensemble,low_volatility|40d,low_volatility,40d,63,low_volatility_family_sensitivity,lower_tail,q10_minus_middle,market_neutral,True,63,ensemble,3,66.33333333333333,0.0,66.33333333333333,1.0,25,self_financing_spread_return,4181,0.021424136459611942,0.09354605848177713,0.27339419442622176,-0.19316094180401278,0.565,0.5882352941176471,0.017894367278711732,0.7497670068496796,0.4533950429317918,0.05167909566316976,-0.008686114510753113,0.32988759672542933,2.006197973526377,0.4913569940096189,8.886920771487208,0.02221730192871802,43,0.032793303645930715,,,,208.2886869170055,56.0,0.051696205476921366
low_volatility|40d|q10_minus_q1|unconstrained_beta|r1|ensemble,low_volatility|40d,low_volatility,40d,63,low_volatility_family_sensitivity,lower_tail,q10_minus_q1,market_neutral,False,1,ensemble,1,4181.0,0.0,0.0,,0,self_financing_spread_return,4181,-0.09762529342294324,0.2643043802898997,-0.25581012819720506,-0.8600414274591572,0.46,0.4117647058823529,0.07193570825895247,1.5527184101391875,0.12049042210527469,-0.9389504302774244,-0.8005943301823796,1.4874813193897176,2.0,2.0015082631217693e-18,68.16935827648169,0.0,0,0.0,,,,84.05429323128438,67.0,0.030303030303030304
low_volatility|40d|q10_minus_q1|unconstrained_beta|r1|ensemble,low_volatility|40d,low_volatility,40d,63,low_volatility_family_sensitivity,lower_tail,q10_minus_q1,market_neutral,False,1,ensemble,1,4181.0,0.0,0.0,,5,self_financing_spread_return,4181,-0.12786672073920236,0.26426539116088393,-0.3847903977246477,-0.911603409325879,0.45,0.4117647058823529,0.03781803238024269,0.8154971802422804,0.41478777796678434,-0.9386636040035944,-0.8005943301823796,1.4874813193897176,2.0,2.0015082631217693e-18,68.16935827648169,0.03408467913824085,0,0.0,,,,84.05429323128438,67.0,0.030303030303030304
low_volatility|40d|q10_minus_q1|unconstrained_beta|r1|ensemble,low_volatility|40d,low_volatility,40d,63,low_volatility_family_sensitivity,lower_tail,q10_minus_q1,market_neutral,False,1,ensemble,1,4181.0,0.0,0.0,,10,self_financing_spread_return,4181,-0.15709958081859032,0.2642310203582123,-0.5137997512563806,-0.9467229453573908,0.435,0.29411764705882354,0.003700356501533849,0.0797095183881703,0.9364682889653385,-0.9383767777297644,-0.8005943301823796,1.4874813193897176,2.0,2.0015082631217693e-18,68.16935827648169,0.0681693582764817,0,0.0,,,,84.05429323128438,67.0,0.030303030303030304
low_volatility|40d|q10_minus_q1|unconstrained_beta|r1|ensemble,low_volatility|40d,low_volatility,40d,63,low_volatility_family_sensitivity,lower_tail,q10_minus_q1,market_neutral,False,1,ensemble,1,4181.0,0.0,0.0,,25,self_financing_spread_return,4181,-0.23907599328558626,0.2641556347246119,-0.9009346913088453,-0.9898920979580236,0.365,0.11764705882352941,-0.09865267113459497,-2.1174501801849854,0.03422165925035601,-0.9375162989082739,-0.8005943301823796,1.4874813193897176,2.0,2.0015082631217693e-18,68.16935827648169,0.1704233956912042,0,0.0,,,,84.05429323128438,67.0,0.030303030303030304
low_volatility|40d|q10_minus_q1|unconstrained_beta|r5|ensemble,low_volatility|40d,low_volatility,40d,63,low_volatility_family_sensitivity,lower_tail,q10_minus_q1,market_neutral,False,5,ensemble,3,836.3333333333334,0.0,0.0,,0,self_financing_spread_return,4181,-0.10937850459959697,0.26351700664456,-0.3067022301697968,-0.8853457202561094,0.46,0.4117647058823529,0.056608587236471,1.1889504439416223,0.23445916825005186,-0.9247020437841833,-0.8054451747755171,1.8588744996572075,2.0047231208178773,-0.0008660438587504601,36.988221990463565,0.0,2,0.01573633159667176,,,,83.97345132743362,22.333333333333332,0.051365809917994255
low_volatility|40d|q10_minus_q1|unconstrained_beta|r5|ensemble,low_volatility|40d,low_volatility,40d,63,low_volatility_family_sensitivity,lower_tail,q10_minus_q1,market_neutral,False,5,ensemble,3,836.3333333333334,0.0,0.0,,5,self_financing_spread_return,4181,-0.12569949370981193,0.2635215450245265,-0.37683057159938615,-0.9129985041189896,0.45,0.35294117647058826,0.038134095133542927,0.8005679622138484,0.42338180422108884,-0.9247506824538542,-0.8054451747755171,1.8588744996572075,2.0047231208178773,-0.0008660438587504601,36.988221990463565,0.01849411099523178,2,0.01573633159667176,,,,83.97345132743362,22.333333333333332,0.051365809917994255
low_volatility|40d|q10_minus_q1|unconstrained_beta|r5|ensemble,low_volatility|40d,low_volatility,40d,63,low_volatility_family_sensitivity,lower_tail,q10_minus_q1,market_neutral,False,5,ensemble,3,836.3333333333334,0.0,0.0,,10,self_financing_spread_return,4181,-0.14172357853525686,0.263530589157878,-0.4469488556585442,-0.9339844286126834,0.445,0.29411764705882354,0.01965960303061493,0.4125270971926989,0.679953123728545,-0.9247993211235239,-0.8054451747755171,1.8588744996572075,2.0047231208178773,-0.0008660438587504601,36.988221990463565,0.03698822199046356,2,0.01573633159667176,,,,83.97345132743362,22.333333333333332,0.051365809917994255
low_volatility|40d|q10_minus_q1|unconstrained_beta|r5|ensemble,low_volatility|40d,low_volatility,40d,63,low_volatility_family_sensitivity,lower_tail,q10_minus_q1,market_neutral,False,5,ensemble,3,836.3333333333334,0.0,0.0,,25,self_financing_spread_return,4181,-0.18806754345395316,0.2635847502848635,-0.6572074352263975,-0.97218849628376,0.42,0.17647058823529413,-0.03576387327816944,-0.7492718761463364,0.45369335517118403,-0.9249452371325365,-0.8054451747755171,1.8588744996572075,2.0047231208178773,-0.0008660438587504601,36.988221990463565,0.09247055497615891,2,0.01573633159667176,,,,83.97345132743362,22.333333333333332,0.051365809917994255
low_volatility|40d|q10_minus_q1|unconstrained_beta|r21|ensemble,low_volatility|40d,low_volatility,40d,63,low_volatility_family_sensitivity,lower_tail,q10_minus_q1,market_neutral,False,21,ensemble,3,199.33333333333334,0.0,0.0,,0,self_financing_spread_return,4181,-0.10469525542150038,0.25675729754450766,-0.30154804302905697,-0.8760267813857553,0.46,0.4117647058823529,0.048580313524607045,0.9896566441198545,0.32234197327352065,-0.8478293824435846,-0.8170689727812791,1.910573211967036,2.014295684757929,-0.0020628599824456095,20.491469022331884,0.0,2,0.02269000827794897,,,,83.65957107550028,22.333333333333332,0.05838435704964109
low_volatility|40d|q10_minus_q1|unconstrained_beta|r21|ensemble,low_volatility|40d,low_volatility,40d,63,low_volatility_family_sensitivity,lower_tail,q10_minus_q1,market_neutral,False,21,ensemble,3,199.33333333333334,0.0,0.0,,5,self_financing_spread_return,4181,-0.11382282526982146,0.2567509304461857,-0.34144734968512025,-0.8936065981803651,0.455,0.35294117647058826,0.03834558413034188,0.780915091156214,0.4348524355708233,-0.8478800801534152,-0.8170689727812791,1.910573211967036,2.014295684757929,-0.0020628599824456095,20.491469022331884,0.010245734511165942,2,0.02269000827794897,,,,83.65957107550028,22.333333333333332,0.05838435704964109
low_volatility|40d|q10_minus_q1|unconstrained_beta|r21|ensemble,low_volatility|40d,low_volatility,40d,63,low_volatility_family_sensitivity,lower_tail,q10_minus_q1,market_neutral,False,21,ensemble,3,199.33333333333334,0.0,0.0,,10,self_financing_spread_return,4181,-0.1228600085907281,0.2567547780522538,-0.3813334637619708,-0.9086977614065646,0.455,0.29411764705882354,0.028110854736076617,0.5722714420602732,0.5671380938544386,-0.8479307778632462,-0.8170689727812791,1.910573211967036,2.014295684757929,-0.0020628599824456095,20.491469022331884,0.020491469022331885,2,0.02269000827794897,,,,83.65957107550028,22.333333333333332,0.05838435704964109
low_volatility|40d|q10_minus_q1|unconstrained_beta|r21|ensemble,low_volatility|40d,low_volatility,40d,63,low_volatility_family_sensitivity,lower_tail,q10_minus_q1,market_neutral,False,21,ensemble,3,199.33333333333334,0.0,0.0,,25,self_financing_spread_return,4181,-0.149437886038982,0.256827598411936,-0.5008651017791598,-0.9423152569908777,0.45,0.29411764705882354,-0.002593333446719056,-0.05271785142048588,0.9579567154264967,-0.8480828709927388,-0.8170689727812791,1.910573211967036,2.014295684757929,-0.0020628599824456095,20.491469022331884,0.05122867255582971,2,0.02269000827794897,,,,83.65957107550028,22.333333333333332,0.05838435704964109
low_volatility|40d|q10_minus_q1|unconstrained_beta|r63|ensemble,low_volatility|40d,low_volatility,40d,63,low_volatility_family_sensitivity,lower_tail,q10_minus_q1,market_neutral,False,63,ensemble,3,66.33333333333333,0.0,0.0,,0,self_financing_spread_return,4181,-0.10321452837808742,0.26680013034497707,-0.27480864149924633,-0.8706100575633152,0.465,0.35294117647058826,0.04303637693228237,0.7733588036074835,0.43931006359855296,-0.7829015660227745,-0.8705058454392253,4.2427654649892474,2.063923871853992,-0.012883589855550498,9.767060663626014,0.0,2,0.023044873013664174,,,,82.95344016582955,22.333333333333332,0.1300327006095223
low_volatility|40d|q10_minus_q1|unconstrained_beta|r63|ensemble,low_volatility|40d,low_volatility,40d,63,low_volatility_family_sensitivity,lower_tail,q10_minus_q1,market_neutral,False,63,ensemble,3,66.33333333333333,0.0,0.0,,5,self_financing_spread_return,4181,-0.10758423617686153,0.2668007567562435,-0.29310542333303624,-0.8796620745408695,0.465,0.35294117647058826,0.03815618360178377,0.6855772516100942,0.49297973063847866,-0.7829121570943173,-0.8705058454392253,4.2427654649892474,2.063923871853992,-0.012883589855550498,9.767060663626014,0.004883530331813006,2,0.023044873013664174,,,,82.95344016582955,22.333333333333332,0.1300327006095223
low_volatility|40d|q10_minus_q1|unconstrained_beta|r63|ensemble,low_volatility|40d,low_volatility,40d,63,low_volatility_family_sensitivity,lower_tail,q10_minus_q1,market_neutral,False,63,ensemble,3,66.33333333333333,0.0,0.0,,10,self_financing_spread_return,4181,-0.11193445425585047,0.2668086191355827,-0.31139367388683126,-0.8880842473753479,0.465,0.29411764705882354,0.03327599027128509,0.5977874262955618,0.5499817814942636,-0.7829227481658604,-0.8705058454392253,4.2427654649892474,2.063923871853992,-0.012883589855550498,9.767060663626014,0.009767060663626013,2,0.023044873013664174,,,,82.95344016582955,22.333333333333332,0.1300327006095223
low_volatility|40d|q10_minus_q1|unconstrained_beta|r63|ensemble,low_volatility|40d,low_volatility,40d,63,low_volatility_family_sensitivity,lower_tail,q10_minus_q1,market_neutral,False,63,ensemble,3,66.33333333333333,0.0,0.0,,25,self_financing_spread_return,4181,-0.12486895836420953,0.2668756127438044,-0.366192389333013,-0.9099927710020281,0.45,0.29411764705882354,0.018635410279789568,0.334500712693661,0.7380017531888949,-0.7829545213804893,-0.8705058454392253,4.2427654649892474,2.063923871853992,-0.012883589855550498,9.767060663626014,0.024417651659065034,2,0.023044873013664174,,,,82.95344016582955,22.333333333333332,0.1300327006095223
low_volatility|40d|q10_minus_q1|beta_neutral|r1|ensemble,low_volatility|40d,low_volatility,40d,63,low_volatility_family_sensitivity,lower_tail,q10_minus_q1,market_neutral,True,1,ensemble,1,4181.0,0.0,4181.0,1.0,0,self_financing_spread_return,4181,0.0666746467752739,0.17780339590907177,0.4519554228235544,-0.3765897926729648,0.57,0.6470588235294118,0.08452604597551609,1.9904922700958028,0.04653673466189757,-0.028036725240806318,-2.2184524242079624e-18,6.38378239159465e-16,2.0,0.8022755564805543,70.5254046140785,0.0,0,0.0,,,,83.86103802917962,67.0,0.048626416700232634
low_volatility|40d|q10_minus_q1|beta_neutral|r1|ensemble,low_volatility|40d,low_volatility,40d,63,low_volatility_family_sensitivity,lower_tail,q10_minus_q1,market_neutral,True,1,ensemble,1,4181.0,0.0,4181.0,1.0,5,self_financing_spread_return,4181,0.029712936853805605,0.17779558377085095,0.25359842090363144,-0.4013198854083728,0.54,0.6470588235294118,0.049237621169744464,1.1579275903302835,0.2468935871434319,-0.02791631725390702,-2.2184524242079624e-18,6.38378239159465e-16,2.0,0.8022755564805543,70.5254046140785,0.03526270230703925,0,0.0,,,,83.86103802917962,67.0,0.048626416700232634
low_volatility|40d|q10_minus_q1|beta_neutral|r1|ensemble,low_volatility|40d,low_volatility,40d,63,low_volatility_family_sensitivity,lower_tail,q10_minus_q1,market_neutral,True,1,ensemble,1,4181.0,0.0,4181.0,1.0,10,self_financing_spread_return,4181,-0.005974441279784193,0.1777964544757756,0.05522129013907829,-0.5045269946344746,0.505,0.5882352941176471,0.013949196363973097,0.32756598487754285,0.7432398442429813,-0.02779590926700792,-2.2184524242079624e-18,6.38378239159465e-16,2.0,0.8022755564805543,70.5254046140785,0.0705254046140785,0,0.0,,,,83.86103802917962,67.0,0.048626416700232634
low_volatility|40d|q10_minus_q1|beta_neutral|r1|ensemble,low_volatility|40d,low_volatility,40d,63,low_volatility_family_sensitivity,lower_tail,q10_minus_q1,market_neutral,True,1,ensemble,1,4181.0,0.0,4181.0,1.0,25,self_financing_spread_return,4181,-0.10582031463375041,0.1778511560156103,-0.5397403178089677,-0.8682509199154309,0.41,0.17647058823529413,-0.09191607805334223,-2.1475665393868058,0.031748205947770766,-0.02743468530631048,-2.2184524242079624e-18,6.38378239159465e-16,2.0,0.8022755564805543,70.5254046140785,0.17631351153519625,0,0.0,,,,83.86103802917962,67.0,0.048626416700232634
low_volatility|40d|q10_minus_q1|beta_neutral|r5|ensemble,low_volatility|40d,low_volatility,40d,63,low_volatility_family_sensitivity,lower_tail,q10_minus_q1,market_neutral,True,5,ensemble,3,836.3333333333334,0.0,836.3333333333334,1.0,0,self_financing_spread_return,4181,0.05627897017122363,0.1774093608475995,0.3973728624263035,-0.3617936823103488,0.56,0.6470588235294118,0.07365071736113714,1.7291023582891223,0.0837907771747132,-0.021215432134213803,-0.0012789241051941159,0.25592703516077336,2.000498638698324,0.8024779342002543,37.7945940453919,0.0,2,0.02129556229430703,,,,83.78051502830264,22.333333333333332,0.04970621663924596
low_volatility|40d|q10_minus_q1|beta_neutral|r5|ensemble,low_volatility|40d,low_volatility,40d,63,low_volatility_family_sensitivity,lower_tail,q10_minus_q1,market_neutral,True,5,ensemble,3,836.3333333333334,0.0,836.3333333333334,1.0,5,self_financing_spread_return,4181,0.036504174046414706,0.17741313618442825,0.29083548295943623,-0.3756194905136998,0.54,0.6470588235294118,0.05476819414281825,1.2852650230601026,0.19869968833018026,-0.021330538444275193,-0.0012789241051941159,0.25592703516077336,2.000498638698324,0.8024779342002543,37.7945940453919,0.01889729702269595,2,0.02129556229430703,,,,83.78051502830264,22.333333333333332,0.04970621663924596
low_volatility|40d|q10_minus_q1|beta_neutral|r5|ensemble,low_volatility|40d,low_volatility,40d,63,low_volatility_family_sensitivity,lower_tail,q10_minus_q1,market_neutral,True,5,ensemble,3,836.3333333333334,0.0,836.3333333333334,1.0,10,self_financing_spread_return,4181,0.017096839365629224,0.17742414735069972,0.18429512125668712,-0.4202651651460718,0.53,0.6470588235294118,0.03588567092449956,0.8417634956114577,0.3999203488616857,-0.021445644754336683,-0.0012789241051941159,0.25592703516077336,2.000498638698324,0.8024779342002543,37.7945940453919,0.0377945940453919,2,0.02129556229430703,,,,83.78051502830264,22.333333333333332,0.04970621663924596
low_volatility|40d|q10_minus_q1|beta_neutral|r5|ensemble,low_volatility|40d,low_volatility,40d,63,low_volatility_family_sensitivity,lower_tail,q10_minus_q1,market_neutral,True,5,ensemble,3,836.3333333333334,0.0,836.3333333333334,1.0,25,self_financing_spread_return,4181,-0.03898755150019351,0.17750057793549145,-0.1352135678449261,-0.6363589887630559,0.48,0.4117647058823529,-0.020761898730457272,-0.4862459599399032,0.6267927889550261,-0.021790963684521037,-0.0012789241051941159,0.25592703516077336,2.000498638698324,0.8024779342002543,37.7945940453919,0.09448648511347973,2,0.02129556229430703,,,,83.78051502830264,22.333333333333332,0.04970621663924596
low_volatility|40d|q10_minus_q1|beta_neutral|r21|ensemble,low_volatility|40d,low_volatility,40d,63,low_volatility_family_sensitivity,lower_tail,q10_minus_q1,market_neutral,True,21,ensemble,3,199.33333333333334,0.0,199.33333333333334,1.0,0,self_financing_spread_return,4181,0.03509954199306309,0.17585248176682147,0.28416509969887555,-0.38497041033222135,0.555,0.6470588235294118,0.045691274250879,1.0588102699408046,0.28968619555414377,0.028797230235065387,-0.004886633312920871,0.5233769076497562,1.998749500735658,0.80272450098015,20.54714497884223,0.0,2,0.03083104149596801,,,,83.46583751893486,22.333333333333332,0.05383262653925413
low_volatility|40d|q10_minus_q1|beta_neutral|r21|ensemble,low_volatility|40d,low_volatility,40d,63,low_volatility_family_sensitivity,lower_tail,q10_minus_q1,market_neutral,True,21,ensemble,3,199.33333333333334,0.0,199.33333333333334,1.0,5,self_financing_spread_return,4181,0.024518227933212344,0.17583711507111857,0.22573516282170633,-0.4272748865333563,0.545,0.6470588235294118,0.03543014183512399,0.8208411539119245,0.41173675366733054,0.028680249221054815,-0.004886633312920871,0.5233769076497562,1.998749500735658,0.80272450098015,20.54714497884223,0.010273572489421115,2,0.03083104149596801,,,,83.46583751893486,22.333333333333332,0.05383262653925413
low_volatility|40d|q10_minus_q1|beta_neutral|r21|ensemble,low_volatility|40d,low_volatility,40d,63,low_volatility_family_sensitivity,lower_tail,q10_minus_q1,market_neutral,True,21,ensemble,3,199.33333333333334,0.0,199.33333333333334,1.0,10,self_financing_spread_return,4181,0.014041946981159015,0.17583695496617946,0.16728054460139005,-0.46668124595470883,0.54,0.5882352941176471,0.02516900941936899,0.5829362198623791,0.5599362368215631,0.02856326820704415,-0.004886633312920871,0.5233769076497562,1.998749500735658,0.80272450098015,20.54714497884223,0.02054714497884223,2,0.03083104149596801,,,,83.46583751893486,22.333333333333332,0.05383262653925413
low_volatility|40d|q10_minus_q1|beta_neutral|r21|ensemble,low_volatility|40d,low_volatility,40d,63,low_volatility_family_sensitivity,lower_tail,q10_minus_q1,market_neutral,True,21,ensemble,3,199.33333333333334,0.0,199.33333333333334,1.0,25,self_financing_spread_return,4181,-0.01676676568583968,0.1759276948950253,-0.008079757150867797,-0.5694226748970699,0.505,0.4117647058823529,-0.005614387827895987,-0.1298577958827681,0.8966789354815643,0.028212325165012486,-0.004886633312920871,0.5233769076497562,1.998749500735658,0.80272450098015,20.54714497884223,0.051367862447105575,2,0.03083104149596801,,,,83.46583751893486,22.333333333333332,0.05383262653925413
low_volatility|40d|q10_minus_q1|beta_neutral|r63|ensemble,low_volatility|40d,low_volatility,40d,63,low_volatility_family_sensitivity,lower_tail,q10_minus_q1,market_neutral,True,63,ensemble,3,66.33333333333333,0.0,66.33333333333333,1.0,0,self_financing_spread_return,4181,0.04892880420465806,0.17189412587068373,0.3639178974846281,-0.3557352617274756,0.57,0.6470588235294118,0.05207314823961455,1.2288437456688344,0.2191303963202641,0.07052989577648139,-0.019482344674332623,0.6655649168529957,2.004210202679454,0.8002065842905354,9.416083009713402,0.0,2,0.031415159482473705,,,,82.76225783305429,22.333333333333332,0.05744871105857099
low_volatility|40d|q10_minus_q1|beta_neutral|r63|ensemble,low_volatility|40d,low_volatility,40d,63,low_volatility_family_sensitivity,lower_tail,q10_minus_q1,market_neutral,True,63,ensemble,3,66.33333333333333,0.0,66.33333333333333,1.0,5,self_financing_spread_return,4181,0.04400102820285179,0.1718899489525151,0.33652369247674657,-0.35960013306091865,0.565,0.6470588235294118,0.047366441334757446,1.1176571248944995,0.2637134610123859,0.0705056619284787,-0.019482344674332623,0.6655649168529957,2.004210202679454,0.8002065842905354,9.416083009713402,0.004708041504856701,2,0.031415159482473705,,,,82.76225783305429,22.333333333333332,0.05744871105857099
low_volatility|40d|q10_minus_q1|beta_neutral|r63|ensemble,low_volatility|40d,low_volatility,40d,63,low_volatility_family_sensitivity,lower_tail,q10_minus_q1,market_neutral,True,63,ensemble,3,66.33333333333333,0.0,66.33333333333333,1.0,10,self_financing_spread_return,4181,0.03909444555814967,0.17189621617004697,0.3091093739544542,-0.36344339293441863,0.555,0.6470588235294118,0.042659734429900585,1.0064127240877137,0.31421707537692944,0.07048142808047587,-0.019482344674332623,0.6655649168529957,2.004210202679454,0.8002065842905354,9.416083009713402,0.009416083009713402,2,0.031415159482473705,,,,82.76225783305429,22.333333333333332,0.05744871105857099
low_volatility|40d|q10_minus_q1|beta_neutral|r63|ensemble,low_volatility|40d,low_volatility,40d,63,low_volatility_family_sensitivity,lower_tail,q10_minus_q1,market_neutral,True,63,ensemble,3,66.33333333333333,0.0,66.33333333333333,1.0,25,self_financing_spread_return,4181,0.024501031442018872,0.17197766170465356,0.22679576935645365,-0.3928554097798006,0.54,0.6470588235294118,0.028539613715329395,0.6726013514345236,0.5012009417198178,0.07040872653646776,-0.019482344674332623,0.6655649168529957,2.004210202679454,0.8002065842905354,9.416083009713402,0.023540207524283506,2,0.031415159482473705,,,,82.76225783305429,22.333333333333332,0.05744871105857099
low_volatility|60d|continuous_high_minus_low|unconstrained_beta|r1|ensemble,low_volatility|60d,low_volatility,60d,63,low_volatility_family_sensitivity,lower_tail,continuous_high_minus_low,market_neutral,False,1,ensemble,1,4181.0,0.0,0.0,,0,self_financing_spread_return,4181,-0.05819367731472769,0.17026140170961093,-0.2667213991424089,-0.7133647110367822,0.47,0.4117647058823529,0.04844137209847366,1.627240176882325,0.10368609785223011,-0.6314984917519841,-0.5683414226836195,0.9949564256248503,2.0,-6.671694210405898e-19,28.78758142147672,0.0,0,0.0,,,,419.5477158574504,335.0,0.011940191473340744
low_volatility|60d|continuous_high_minus_low|unconstrained_beta|r1|ensemble,low_volatility|60d,low_volatility,60d,63,low_volatility_family_sensitivity,lower_tail,continuous_high_minus_low,market_neutral,False,1,ensemble,1,4181.0,0.0,0.0,,5,self_financing_spread_return,4181,-0.07165324666501072,0.17025640852193635,-0.3512490666809079,-0.7386265658696569,0.46,0.4117647058823529,0.03403706865953146,1.1426455249510556,0.25318579583837153,-0.6314025553473503,-0.5683414226836195,0.9949564256248503,2.0,-6.671694210405898e-19,28.78758142147672,0.01439379071073836,0,0.0,,,,419.5477158574504,335.0,0.011940191473340744
low_volatility|60d|continuous_high_minus_low|unconstrained_beta|r1|ensemble,low_volatility|60d,low_volatility,60d,63,low_volatility_family_sensitivity,lower_tail,continuous_high_minus_low,market_neutral,False,1,ensemble,1,4181.0,0.0,0.0,,10,self_financing_spread_return,4181,-0.08492145232312609,0.17025292876537573,-0.43577781852936626,-0.7886926508546003,0.455,0.4117647058823529,0.019632765220590084,0.6586368153504977,0.5101290159399136,-0.6313066189427167,-0.5683414226836195,0.9949564256248503,2.0,-6.671694210405898e-19,28.78758142147672,0.02878758142147672,0,0.0,,,,419.5477158574504,335.0,0.011940191473340744
low_volatility|60d|continuous_high_minus_low|unconstrained_beta|r1|ensemble,low_volatility|60d,low_volatility,60d,63,low_volatility_family_sensitivity,lower_tail,continuous_high_minus_low,market_neutral,False,1,ensemble,1,4181.0,0.0,0.0,,25,self_financing_spread_return,4181,-0.1236047653594764,0.17025157080856157,-0.6893480351208794,-0.8915471610703335,0.415,0.17647058823529413,-0.023580145096235773,-0.7892476865755176,0.4299672555992752,-0.6310188097288146,-0.5683414226836195,0.9949564256248503,2.0,-6.671694210405898e-19,28.78758142147672,0.0719689535536918,0,0.0,,,,419.5477158574504,335.0,0.011940191473340744
low_volatility|60d|continuous_high_minus_low|unconstrained_beta|r5|ensemble,low_volatility|60d,low_volatility,60d,63,low_volatility_family_sensitivity,lower_tail,continuous_high_minus_low,market_neutral,False,5,ensemble,3,836.3333333333334,0.0,0.0,,0,self_financing_spread_return,4181,-0.06114877806813934,0.1690229885719692,-0.2884476112734072,-0.7217551853897148,0.47,0.4117647058823529,0.043008597017064755,1.4193729904265493,0.15579030253408022,-0.6174300784738206,-0.5707086520044665,1.1015892258581876,2.0031150791346533,-0.00046395676435701807,15.91352381343855,0.0,18,0.01224734860297428,,,,419.24053256796617,111.66666666666667,0.016777980593118903
low_volatility|60d|continuous_high_minus_low|unconstrained_beta|r5|ensemble,low_volatility|60d,low_volatility,60d,63,low_volatility_family_sensitivity,lower_tail,continuous_high_minus_low,market_neutral,False,5,ensemble,3,836.3333333333334,0.0,0.0,,5,self_financing_spread_return,4181,-0.06858958350226951,0.16902844418177684,-0.33549163035087354,-0.7371761804797261,0.465,0.4117647058823529,0.035062116187185806,1.156883206759714,0.24732008064929056,-0.6174763047509726,-0.5707086520044665,1.1015892258581876,2.0031150791346533,-0.00046395676435701807,15.91352381343855,0.007956761906719276,18,0.01224734860297428,,,,419.24053256796617,111.66666666666667,0.016777980593118903
low_volatility|60d|continuous_high_minus_low|unconstrained_beta|r5|ensemble,low_volatility|60d,low_volatility,60d,63,low_volatility_family_sensitivity,lower_tail,continuous_high_minus_low,market_neutral,False,5,ensemble,3,836.3333333333334,0.0,0.0,,10,self_financing_spread_return,4181,-0.07597187468915123,0.16903533930953507,-0.3825293550371069,-0.7664278383271477,0.465,0.4117647058823529,0.02711563535730683,0.8944878325813145,0.3710609369792337,-0.6175225310281243,-0.5707086520044665,1.1015892258581876,2.0031150791346533,-0.00046395676435701807,15.91352381343855,0.01591352381343855,18,0.01224734860297428,,,,419.24053256796617,111.66666666666667,0.016777980593118903
low_volatility|60d|continuous_high_minus_low|unconstrained_beta|r5|ensemble,low_volatility|60d,low_volatility,60d,63,low_volatility_family_sensitivity,lower_tail,continuous_high_minus_low,market_neutral,False,5,ensemble,3,836.3333333333334,0.0,0.0,,25,self_financing_spread_return,4181,-0.09777221087441323,0.16906465985538152,-0.5235927628594499,-0.8360651594365394,0.45,0.35294117647058826,0.0032761928676696556,0.10799229228782048,0.9140018063160308,-0.6176612098595785,-0.5707086520044665,1.1015892258581876,2.0031150791346533,-0.00046395676435701807,15.91352381343855,0.03978380953359638,18,0.01224734860297428,,,,419.24053256796617,111.66666666666667,0.016777980593118903
low_volatility|60d|continuous_high_minus_low|unconstrained_beta|r21|ensemble,low_volatility|60d,low_volatility,60d,63,low_volatility_family_sensitivity,lower_tail,continuous_high_minus_low,market_neutral,False,21,ensemble,3,199.33333333333334,0.0,0.0,,0,self_financing_spread_return,4181,-0.0581026229883862,0.16429831534077544,-0.28191963741395076,-0.692451941113692,0.47,0.4117647058823529,0.03803803127997021,1.2101889390454432,0.22620640142608417,-0.5675990464895533,-0.577273302838477,1.1591736650120852,2.010478069154868,-0.0009690538183820365,9.010810167375432,0.0,27,0.017606197253898514,,,,418.03842780833935,111.66666666666667,0.020836129881060633
low_volatility|60d|continuous_high_minus_low|unconstrained_beta|r21|ensemble,low_volatility|60d,low_volatility,60d,63,low_volatility_family_sensitivity,lower_tail,continuous_high_minus_low,market_neutral,False,21,ensemble,3,199.33333333333334,0.0,0.0,,5,self_financing_spread_return,4181,-0.06233699087477229,0.16430071178800068,-0.3093279676470132,-0.712290703910391,0.47,0.4117647058823529,0.03354395675796674,1.0669539208402432,0.28599264419061354,-0.5676650484089882,-0.577273302838477,1.1591736650120852,2.010478069154868,-0.0009690538183820365,9.010810167375432,0.004505405083687716,27,0.017606197253898514,,,,418.03842780833935,111.66666666666667,0.020836129881060633
low_volatility|60d|continuous_high_minus_low|unconstrained_beta|r21|ensemble,low_volatility|60d,low_volatility,60d,63,low_volatility_family_sensitivity,lower_tail,continuous_high_minus_low,market_neutral,False,21,ensemble,3,199.33333333333334,0.0,0.0,,10,self_financing_spread_return,4181,-0.06655288831184747,0.16430629894546947,-0.33672895918888174,-0.7308521581284704,0.47,0.4117647058823529,0.029049882235963543,0.9237616759153087,0.3556104126338866,-0.5677310503284229,-0.577273302838477,1.1591736650120852,2.010478069154868,-0.0009690538183820365,9.010810167375432,0.009010810167375432,27,0.017606197253898514,,,,418.03842780833935,111.66666666666667,0.020836129881060633
low_volatility|60d|continuous_high_minus_low|unconstrained_beta|r21|ensemble,low_volatility|60d,low_volatility,60d,63,low_volatility_family_sensitivity,lower_tail,continuous_high_minus_low,market_neutral,False,21,ensemble,3,199.33333333333334,0.0,0.0,,25,self_financing_spread_return,4181,-0.07909053750950568,0.1643422004958742,-0.41887196435007795,-0.7796675155822359,0.46,0.4117647058823529,0.01556765866995381,0.49456049743831504,0.6209103922320989,-0.5679290560867267,-0.577273302838477,1.1591736650120852,2.010478069154868,-0.0009690538183820365,9.010810167375432,0.02252702541843858,27,0.017606197253898514,,,,418.03842780833935,111.66666666666667,0.020836129881060633
low_volatility|60d|continuous_high_minus_low|unconstrained_beta|r63|ensemble,low_volatility|60d,low_volatility,60d,63,low_volatility_family_sensitivity,lower_tail,continuous_high_minus_low,market_neutral,False,63,ensemble,3,66.33333333333333,0.0,0.0,,0,self_financing_spread_return,4181,-0.05653902692198154,0.16394732731107978,-0.27289066243542237,-0.6841019444818814,0.465,0.4117647058823529,0.03212835040666537,0.9601123621528518,0.3369986673838381,-0.5172096395973271,-0.6006261908018312,1.7746041885539692,2.0433139964964697,-0.006369520653158845,5.644862887457824,0.0,45,0.019387911998009932,,,,415.1024475803237,111.66666666666667,0.03260402298256749
low_volatility|60d|continuous_high_minus_low|unconstrained_beta|r63|ensemble,low_volatility|60d,low_volatility,60d,63,low_volatility_family_sensitivity,lower_tail,continuous_high_minus_low,market_neutral,False,63,ensemble,3,66.33333333333333,0.0,0.0,,5,self_financing_spread_return,4181,-0.05919844340040892,0.1639497239712386,-0.2900967095302632,-0.6970198558248026,0.455,0.4117647058823529,0.029310686777028618,0.8758504356471872,0.3811113473469506,-0.5172359957446606,-0.6006261908018312,1.7746041885539692,2.0433139964964697,-0.006369520653158845,5.644862887457824,0.0028224314437289124,45,0.019387911998009932,,,,415.1024475803237,111.66666666666667,0.03260402298256749
low_volatility|60d|continuous_high_minus_low|unconstrained_beta|r63|ensemble,low_volatility|60d,low_volatility,60d,63,low_volatility_family_sensitivity,lower_tail,continuous_high_minus_low,market_neutral,False,63,ensemble,3,66.33333333333333,0.0,0.0,,10,self_financing_spread_return,4181,-0.061850995751425164,0.16395603255466407,-0.30729492148248366,-0.7094124387382361,0.455,0.4117647058823529,0.026493023147391707,0.7915636268274525,0.4286151625835858,-0.5172623518919938,-0.6006261908018312,1.7746041885539692,2.0433139964964697,-0.006369520653158845,5.644862887457824,0.005644862887457825,45,0.019387911998009932,,,,415.1024475803237,111.66666666666667,0.03260402298256749
low_volatility|60d|continuous_high_minus_low|unconstrained_beta|r63|ensemble,low_volatility|60d,low_volatility,60d,63,low_volatility_family_sensitivity,lower_tail,continuous_high_minus_low,market_neutral,False,63,ensemble,3,66.33333333333333,0.0,0.0,,25,self_financing_spread_return,4181,-0.06976762884135068,0.1639984239304104,-0.3588302669876691,-0.7436464256933526,0.45,0.35294117647058826,0.018040032258481376,0.5386703200676198,0.5901143566072333,-0.5173414203339942,-0.6006261908018312,1.7746041885539692,2.0433139964964697,-0.006369520653158845,5.644862887457824,0.014112157218644561,45,0.019387911998009932,,,,415.1024475803237,111.66666666666667,0.03260402298256749
low_volatility|60d|continuous_high_minus_low|beta_neutral|r1|ensemble,low_volatility|60d,low_volatility,60d,63,low_volatility_family_sensitivity,lower_tail,continuous_high_minus_low,market_neutral,True,1,ensemble,1,4181.0,0.0,4181.0,1.0,0,self_financing_spread_return,4181,0.041918177071825324,0.12171049324530087,0.39828998231982615,-0.3107210155152712,0.55,0.7058823529411765,0.05103432630223963,1.74690119665477,0.08065447822995185,-0.017213325932921405,-6.572972429237461e-18,4.85722573273506e-16,2.0,0.5718025078928263,28.11572357719679,0.0,0,0.0,,,,418.943793350873,335.0,0.017699558058300778
low_volatility|60d|continuous_high_minus_low|beta_neutral|r1|ensemble,low_volatility|60d,low_volatility,60d,63,low_volatility_family_sensitivity,lower_tail,continuous_high_minus_low,market_neutral,True,1,ensemble,1,4181.0,0.0,4181.0,1.0,5,self_financing_spread_return,4181,0.02737297268651151,0.12171473375448959,0.2827678054137087,-0.3461655694503605,0.53,0.7058823529411765,0.0369661019912757,1.2646494985599412,0.20599700078712568,-0.017151677319784682,-6.572972429237461e-18,4.85722573273506e-16,2.0,0.5718025078928263,28.11572357719679,0.014057861788598393,0,0.0,,,,418.943793350873,335.0,0.017699558058300778
low_volatility|60d|continuous_high_minus_low|beta_neutral|r1|ensemble,low_volatility|60d,low_volatility,60d,63,low_volatility_family_sensitivity,lower_tail,continuous_high_minus_low,market_neutral,True,1,ensemble,1,4181.0,0.0,4181.0,1.0,10,self_financing_spread_return,4181,0.013029763152491158,0.12172109709584614,0.1672507608249985,-0.4020873127896617,0.51,0.5882352941176471,0.022897877680312054,0.7828924998440363,0.43369024220150276,-0.017090028706648115,-6.572972429237461e-18,4.85722573273506e-16,2.0,0.5718025078928263,28.11572357719679,0.028115723577196786,0,0.0,,,,418.943793350873,335.0,0.017699558058300778
low_volatility|60d|continuous_high_minus_low|beta_neutral|r1|ensemble,low_volatility|60d,low_volatility,60d,63,low_volatility_family_sensitivity,lower_tail,continuous_high_minus_low,market_neutral,True,1,ensemble,1,4181.0,0.0,4181.0,1.0,25,self_financing_spread_return,4181,-0.028815611754456905,0.12175292022927546,-0.17920917230395175,-0.554024016920772,0.48,0.4117647058823529,-0.019306795252579008,-0.6587458846370954,0.5100589627480716,-0.016905082867237912,-6.572972429237461e-18,4.85722573273506e-16,2.0,0.5718025078928263,28.11572357719679,0.07028930894299197,0,0.0,,,,418.943793350873,335.0,0.017699558058300778
low_volatility|60d|continuous_high_minus_low|beta_neutral|r5|ensemble,low_volatility|60d,low_volatility,60d,63,low_volatility_family_sensitivity,lower_tail,continuous_high_minus_low,market_neutral,True,5,ensemble,3,836.3333333333334,0.0,836.3333333333334,1.0,0,self_financing_spread_return,4181,0.03910297683380071,0.12149178126780082,0.3765056583555642,-0.29988957178897047,0.53,0.7058823529411765,0.047115517563716285,1.6058045843903734,0.10831685306474233,-0.00923945799112177,-0.0008872995181293875,0.1651976189710266,2.000750716650204,0.5718572516503622,15.611553139165675,0.0,18,0.013108993553917885,,,,418.6382045762577,111.66666666666667,0.018052290382989174
low_volatility|60d|continuous_high_minus_low|beta_neutral|r5|ensemble,low_volatility|60d,low_volatility,60d,63,low_volatility_family_sensitivity,lower_tail,continuous_high_minus_low,market_neutral,True,5,ensemble,3,836.3333333333334,0.0,836.3333333333334,1.0,5,self_financing_spread_return,4181,0.031023297581789677,0.1214928780345798,0.3122467801982394,-0.3318793310864565,0.525,0.7058823529411765,0.03931851400967792,1.3398520748867129,0.18029344164534855,-0.009303914391579111,-0.0008872995181293875,0.1651976189710266,2.000750716650204,0.5718572516503622,15.611553139165675,0.007805776569582838,18,0.013108993553917885,,,,418.6382045762577,111.66666666666667,0.018052290382989174
low_volatility|60d|continuous_high_minus_low|beta_neutral|r5|ensemble,low_volatility|60d,low_volatility,60d,63,low_volatility_family_sensitivity,lower_tail,continuous_high_minus_low,market_neutral,True,5,ensemble,3,836.3333333333334,0.0,836.3333333333334,1.0,10,self_financing_spread_return,4181,0.023005951268527003,0.12149594025506437,0.24798505046632804,-0.36542164853635495,0.51,0.7058823529411765,0.031521510455639265,1.073965169480499,0.28283829266843263,-0.009368370792036416,-0.0008872995181293875,0.1651976189710266,2.000750716650204,0.5718572516503622,15.611553139165675,0.015611553139165676,18,0.013108993553917885,,,,418.6382045762577,111.66666666666667,0.018052290382989174
low_volatility|60d|continuous_high_minus_low|beta_neutral|r5|ensemble,low_volatility|60d,low_volatility,60d,63,low_volatility_family_sensitivity,lower_tail,continuous_high_minus_low,market_neutral,True,5,ensemble,3,836.3333333333334,0.0,836.3333333333334,1.0,25,self_financing_spread_return,4181,-0.0006768430683189441,0.12151691767602317,0.05521393795033285,-0.46220595348663307,0.495,0.5882352941176471,0.008130499793523486,0.27683761547477104,0.7819047965332556,-0.00956173999340841,-0.0008872995181293875,0.1651976189710266,2.000750716650204,0.5718572516503622,15.611553139165675,0.03902888284791419,18,0.013108993553917885,,,,418.6382045762577,111.66666666666667,0.018052290382989174
low_volatility|60d|continuous_high_minus_low|beta_neutral|r21|ensemble,low_volatility|60d,low_volatility,60d,63,low_volatility_family_sensitivity,lower_tail,continuous_high_minus_low,market_neutral,True,21,ensemble,3,199.33333333333334,0.0,199.33333333333334,1.0,0,self_financing_spread_return,4181,0.036904404524961576,0.12054350000999345,0.3609689725714694,-0.31524977550692446,0.545,0.7058823529411765,0.04050622828123802,1.364040896273341,0.17255469473419893,0.020227569890291664,-0.003056148083227828,0.3163133328800305,2.0008550736844595,0.5727003988250383,8.808519904205161,0.0,27,0.019388617070387693,,,,417.4510085306546,111.66666666666667,0.01782471704210904
low_volatility|60d|continuous_high_minus_low|beta_neutral|r21|ensemble,low_volatility|60d,low_volatility,60d,63,low_volatility_family_sensitivity,lower_tail,continuous_high_minus_low,market_neutral,True,21,ensemble,3,199.33333333333334,0.0,199.33333333333334,1.0,5,self_financing_spread_return,4181,0.03234734858984045,0.12053791223069571,0.32443527875263933,-0.33608663815763606,0.54,0.7058823529411765,0.03611364432683517,1.2158556010528476,0.2240399338469764,0.020139236018523073,-0.003056148083227828,0.3163133328800305,2.0008550736844595,0.5727003988250383,8.808519904205161,0.004404259952102581,27,0.019388617070387693,,,,417.4510085306546,111.66666666666667,0.01782471704210904
low_volatility|60d|continuous_high_minus_low|beta_neutral|r21|ensemble,low_volatility|60d,low_volatility,60d,63,low_volatility_family_sensitivity,lower_tail,continuous_high_minus_low,market_neutral,True,21,ensemble,3,199.33333333333334,0.0,199.33333333333334,1.0,10,self_financing_spread_return,4181,0.02780972018763439,0.12053653254653005,0.2878881466702397,-0.3562921678795731,0.54,0.6470588235294118,0.0317210603724322,1.067703003540196,0.2856545031735396,0.020050902146754472,-0.003056148083227828,0.3163133328800305,2.0008550736844595,0.5727003988250383,8.808519904205161,0.008808519904205161,27,0.019388617070387693,,,,417.4510085306546,111.66666666666667,0.01782471704210904
low_volatility|60d|continuous_high_minus_low|beta_neutral|r21|ensemble,low_volatility|60d,low_volatility,60d,63,low_volatility_family_sensitivity,lower_tail,continuous_high_minus_low,market_neutral,True,21,ensemble,3,199.33333333333334,0.0,199.33333333333334,1.0,25,self_financing_spread_return,4181,0.014312598958497347,0.12055764130630289,0.17820440202910925,-0.4133083761047155,0.52,0.6470588235294118,0.018543308509223526,0.623574536027321,0.5329070379336309,0.019785900531448658,-0.003056148083227828,0.3163133328800305,2.0008550736844595,0.5727003988250383,8.808519904205161,0.022021299760512904,27,0.019388617070387693,,,,417.4510085306546,111.66666666666667,0.01782471704210904
low_volatility|60d|continuous_high_minus_low|beta_neutral|r63|ensemble,low_volatility|60d,low_volatility,60d,63,low_volatility_family_sensitivity,lower_tail,continuous_high_minus_low,market_neutral,True,63,ensemble,3,66.33333333333333,0.0,66.33333333333333,1.0,0,self_financing_spread_return,4181,0.0370730561726933,0.12072477163136668,0.3619713753839475,-0.2914891261535597,0.565,0.6470588235294118,0.03539019258909636,1.186449841571831,0.23544469854769157,0.05590554009562181,-0.011872870776903908,0.41989728360390016,2.0093765717059675,0.5714677145444322,5.417931312459112,0.0,45,0.019535992082962104,,,,414.5202902017062,111.66666666666667,0.018785873806297707
low_volatility|60d|continuous_high_minus_low|beta_neutral|r63|ensemble,low_volatility|60d,low_volatility,60d,63,low_volatility_family_sensitivity,lower_tail,continuous_high_minus_low,market_neutral,True,63,ensemble,3,66.33333333333333,0.0,66.33333333333333,1.0,5,self_financing_spread_return,4181,0.034267140857303424,0.12072327458427815,0.3395297467850347,-0.2948663069349249,0.565,0.6470588235294118,0.03268538761158111,1.095676718080539,0.27322027487528044,0.05587214095931987,-0.011872870776903908,0.41989728360390016,2.0093765717059675,0.5714677145444322,5.417931312459112,0.0027089656562295557,45,0.019535992082962104,,,,414.5202902017062,111.66666666666667,0.018785873806297707
low_volatility|60d|continuous_high_minus_low|beta_neutral|r63|ensemble,low_volatility|60d,low_volatility,60d,63,low_volatility_family_sensitivity,lower_tail,continuous_high_minus_low,market_neutral,True,63,ensemble,3,66.33333333333333,0.0,66.33333333333333,1.0,10,self_financing_spread_return,4181,0.031468175058115166,0.12072669451664678,0.31707464719597395,-0.30284010006419815,0.56,0.6470588235294118,0.029980582634066187,1.0048658747594217,0.3149614384356636,0.05583874182301793,-0.011872870776903908,0.41989728360390016,2.0093765717059675,0.5714677145444322,5.417931312459112,0.0054179313124591115,45,0.019535992082962104,,,,414.5202902017062,111.66666666666667,0.018785873806297707
low_volatility|60d|continuous_high_minus_low|beta_neutral|r63|ensemble,low_volatility|60d,low_volatility,60d,63,low_volatility_family_sensitivity,lower_tail,continuous_high_minus_low,market_neutral,True,63,ensemble,3,66.33333333333333,0.0,66.33333333333333,1.0,25,self_financing_spread_return,4181,0.023112818593019613,0.12076644901033617,0.249655992861445,-0.3415349736428226,0.555,0.6470588235294118,0.021866167701520917,0.7323522657982139,0.4639535859035848,0.05573854441411215,-0.011872870776903908,0.41989728360390016,2.0093765717059675,0.5714677145444322,5.417931312459112,0.01354482828114778,45,0.019535992082962104,,,,414.5202902017062,111.66666666666667,0.018785873806297707
low_volatility|60d|long_q1|unconstrained_beta|r1|ensemble,low_volatility|60d,low_volatility,60d,63,low_volatility_family_sensitivity,lower_tail,long_q1,long_only,False,1,ensemble,1,4181.0,0.0,0.0,,0,return_minus_risk_free,4181,0.16271158522369933,0.30978432293650093,0.5940498345688892,-0.6096375757158123,0.615,0.7647058823529411,-0.018710424754074063,-0.582500561409981,0.5602295634764277,1.515967190229359,1.4283940874876269,1.8249710312690393,1.0,1.0,20.10143863484354,0.0,0,0.0,,,,41.569002630949534,33.0,0.030303030303030304
low_volatility|60d|long_q1|unconstrained_beta|r1|ensemble,low_volatility|60d,low_volatility,60d,63,low_volatility_family_sensitivity,lower_tail,long_q1,long_only,False,1,ensemble,1,4181.0,0.0,0.0,,5,return_minus_risk_free,4181,0.15108368379664405,0.30976360056286534,0.561611266172596,-0.6109769792406237,0.61,0.7058823529411765,-0.02875872629564007,-0.8954551223853463,0.370543845494805,1.5158761120927695,1.4283940874876269,1.8249710312690393,1.0,1.0,20.10143863484354,0.010050719317421769,0,0.0,,,,41.569002630949534,33.0,0.030303030303030304
low_volatility|60d|long_q1|unconstrained_beta|r1|ensemble,low_volatility|60d,low_volatility,60d,63,low_volatility_family_sensitivity,lower_tail,long_q1,long_only,False,1,ensemble,1,4181.0,0.0,0.0,,10,return_minus_risk_free,4181,0.13957138768944377,0.30974352097601926,0.5291672655348219,-0.6123119477872816,0.595,0.7058823529411765,-0.03880702783720569,-1.20847117335866,0.22686607743429243,1.5157850339561822,1.4283940874876269,1.8249710312690393,1.0,1.0,20.10143863484354,0.020101438634843538,0,0.0,,,,41.569002630949534,33.0,0.030303030303030304
low_volatility|60d|long_q1|unconstrained_beta|r1|ensemble,low_volatility|60d,low_volatility,60d,63,low_volatility_family_sensitivity,lower_tail,long_q1,long_only,False,1,ensemble,1,4181.0,0.0,0.0,,25,return_minus_risk_free,4181,0.10571676108603256,0.3096871401665208,0.4318046785221674,-0.6252424177897108,0.58,0.6470588235294118,-0.06895193246190294,-2.147677441420278,0.03173938864713639,1.515511799546412,1.4283940874876269,1.8249710312690393,1.0,1.0,20.10143863484354,0.050253596587108845,0,0.0,,,,41.569002630949534,33.0,0.030303030303030304
low_volatility|60d|long_q1|unconstrained_beta|r5|ensemble,low_volatility|60d,low_volatility,60d,63,low_volatility_family_sensitivity,lower_tail,long_q1,long_only,False,5,ensemble,3,836.3333333333334,0.0,0.0,,0,return_minus_risk_free,4181,0.16858806863976872,0.3068203510662001,0.6130713454479443,-0.5854956284099637,0.605,0.7647058823529411,-0.013025964470377464,-0.41375703874098957,0.6790520497724801,1.503939269387065,1.4274924126597766,1.8106818320566187,0.9988175136692978,0.9988175136692978,11.107419458445646,0.0,0,0.0,,,,41.5153472056127,11.0,0.040491016206161266
low_volatility|60d|long_q1|unconstrained_beta|r5|ensemble,low_volatility|60d,low_volatility,60d,63,low_volatility_family_sensitivity,lower_tail,long_q1,long_only,False,5,ensemble,3,836.3333333333334,0.0,0.0,,5,return_minus_risk_free,4181,0.16211591234820522,0.3068020957013026,0.5949811545967165,-0.5862464298599792,0.605,0.7647058823529411,-0.018574829597534374,-0.5900316494458534,0.5551694310810287,1.5038467102861126,1.4274924126597766,1.8106818320566187,0.9988175136692978,0.9988175136692978,11.107419458445646,0.005553709729222823,0,0.0,,,,41.5153472056127,11.0,0.040491016206161266
low_volatility|60d|long_q1|unconstrained_beta|r5|ensemble,low_volatility|60d,low_volatility,60d,63,low_volatility_family_sensitivity,lower_tail,long_q1,long_only,False,5,ensemble,3,836.3333333333334,0.0,0.0,,10,return_minus_risk_free,4181,0.1556793116388906,0.3067842606129405,0.5768880239652725,-0.5869959388005329,0.605,0.7647058823529411,-0.024123694724690486,-0.766311831722111,0.4434907799218405,1.5037541511851573,1.4274924126597766,1.8106818320566187,0.9988175136692978,0.9988175136692978,11.107419458445646,0.011107419458445646,0,0.0,,,,41.5153472056127,11.0,0.040491016206161266
low_volatility|60d|long_q1|unconstrained_beta|r5|ensemble,low_volatility|60d,low_volatility,60d,63,low_volatility_family_sensitivity,lower_tail,long_q1,long_only,False,5,ensemble,3,836.3333333333334,0.0,0.0,,25,return_minus_risk_free,4181,0.13658091081406387,0.3067332777315411,0.5225917308944995,-0.5892367316667386,0.595,0.7647058823529411,-0.0407702901061605,-1.2951404184820423,0.19527179401500339,1.5034764738822934,1.4274924126597766,1.8106818320566187,0.9988175136692978,0.9988175136692978,11.107419458445646,0.027768548646114114,0,0.0,,,,41.5153472056127,11.0,0.040491016206161266
low_volatility|60d|long_q1|unconstrained_beta|r21|ensemble,low_volatility|60d,low_volatility,60d,63,low_volatility_family_sensitivity,lower_tail,long_q1,long_only,False,21,ensemble,3,199.33333333333334,0.0,0.0,,0,return_minus_risk_free,4181,0.17056927958900925,0.2989433447423442,0.6268557319851258,-0.5339223489836404,0.595,0.7647058823529411,-0.009527416360651733,-0.31076742785960193,0.755977433231657,1.4724851988283465,1.423942298210776,1.787813923566645,0.9942700239977476,0.9942700239977476,6.428769721337992,0.0,0,0.0,,,,41.301443035956304,11.0,0.04681340771132975
low_volatility|60d|long_q1|unconstrained_beta|r21|ensemble,low_volatility|60d,low_volatility,60d,63,low_volatility_family_sensitivity,lower_tail,long_q1,long_only,False,21,ensemble,3,199.33333333333334,0.0,0.0,,5,return_minus_risk_free,4181,0.16681247849988923,0.298930671513439,0.6161132719700296,-0.5342677617936407,0.595,0.7647058823529411,-0.012734426814900945,-0.415400861219517,0.677848476317787,1.4723942948050686,1.423942298210776,1.787813923566645,0.9942700239977476,0.9942700239977476,6.428769721337992,0.0032143848606689955,0,0.0,,,,41.301443035956304,11.0,0.04681340771132975
low_volatility|60d|long_q1|unconstrained_beta|r21|ensemble,low_volatility|60d,low_volatility,60d,63,low_volatility_family_sensitivity,lower_tail,long_q1,long_only,False,21,ensemble,3,199.33333333333334,0.0,0.0,,10,return_minus_risk_free,4181,0.16306737199957966,0.2989189100848281,0.6053680560153775,-0.534612964216765,0.595,0.7647058823529411,-0.01594143726915003,-0.5200396314438688,0.6030359528556488,1.47230339078179,1.423942298210776,1.787813923566645,0.9942700239977476,0.9942700239977476,6.428769721337992,0.006428769721337991,0,0.0,,,,41.301443035956304,11.0,0.04681340771132975
low_volatility|60d|long_q1|unconstrained_beta|r21|ensemble,low_volatility|60d,low_volatility,60d,63,low_volatility_family_sensitivity,lower_tail,long_q1,long_only,False,21,ensemble,3,199.33333333333334,0.0,0.0,,25,return_minus_risk_free,4181,0.15190186770717706,0.2988890976354316,0.5731168509395396,-0.5356473101768495,0.595,0.7647058823529411,-0.02556246863189754,-0.8339397565873912,0.4043149324940425,1.472030678711956,1.423942298210776,1.787813923566645,0.9942700239977476,0.9942700239977476,6.428769721337992,0.01607192430334498,0,0.0,,,,41.301443035956304,11.0,0.04681340771132975
low_volatility|60d|long_q1|unconstrained_beta|r63|ensemble,low_volatility|60d,low_volatility,60d,63,low_volatility_family_sensitivity,lower_tail,long_q1,long_only,False,63,ensemble,3,66.33333333333333,0.0,0.0,,0,return_minus_risk_free,4181,0.17463860420030675,0.28565116096570775,0.6545682355489741,-0.48984674245200477,0.6,0.7647058823529411,-0.0008411551517716776,-0.02796156398096094,0.9776928066512529,1.4044220183653877,1.4136868330038614,1.8022310571145665,0.9843587351859936,0.9843587351859936,4.078314044008642,0.0,0,0.0,,,,40.82619787929523,11.0,0.05376146824726994
low_volatility|60d|long_q1|unconstrained_beta|r63|ensemble,low_volatility|60d,low_volatility,60d,63,low_volatility_family_sensitivity,lower_tail,long_q1,long_only,False,63,ensemble,3,66.33333333333333,0.0,0.0,,5,return_minus_risk_free,4181,0.1722455701382688,0.28565053106749316,0.6474263039820484,-0.4899154947515646,0.6,0.7647058823529411,-0.0028779189849483067,-0.0956614136760685,0.9237894877289966,1.4043941722480158,1.4136868330038614,1.8022310571145665,0.9843587351859936,0.9843587351859936,4.078314044008642,0.002039157022004321,0,0.0,,,,40.82619787929523,11.0,0.05376146824726994
low_volatility|60d|long_q1|unconstrained_beta|r63|ensemble,low_volatility|60d,low_volatility,60d,63,low_volatility_family_sensitivity,lower_tail,long_q1,long_only,False,63,ensemble,3,66.33333333333333,0.0,0.0,,10,return_minus_risk_free,4181,0.16985700798966552,0.2856510527531304,0.6402817606299914,-0.48998424705112453,0.6,0.7647058823529411,-0.004914682818124935,-0.16334806533116542,0.8702443914169293,1.4043663261306447,1.4136868330038614,1.8022310571145665,0.9843587351859936,0.9843587351859936,4.078314044008642,0.004078314044008642,0,0.0,,,,40.82619787929523,11.0,0.05376146824726994
low_volatility|60d|long_q1|unconstrained_beta|r63|ensemble,low_volatility|60d,low_volatility,60d,63,low_volatility_family_sensitivity,lower_tail,long_q1,long_only,False,63,ensemble,3,66.33333333333333,0.0,0.0,,25,return_minus_risk_free,4181,0.16271807699109742,0.2856595271804254,0.6188333246841546,-0.49019050394980435,0.6,0.7647058823529411,-0.011024974317655076,-0.36626997157381286,0.7141636342961952,1.4042827877785302,1.4136868330038614,1.8022310571145665,0.9843587351859936,0.9843587351859936,4.078314044008642,0.010195785110021605,0,0.0,,,,40.82619787929523,11.0,0.05376146824726994
low_volatility|60d|long_q10|unconstrained_beta|r1|ensemble,low_volatility|60d,low_volatility,60d,63,low_volatility_family_sensitivity,lower_tail,long_q10,long_only,False,1,ensemble,1,4181.0,0.0,0.0,,0,return_minus_risk_free,4181,0.1285847364693351,0.1295537722428091,0.8838550837324879,-0.2968774781395409,0.63,1.0,0.04005221180234139,1.9999045892999865,0.04551056751120547,0.55683685608412,0.5834354217590574,0.8779937295993061,1.0,1.0,25.868389898124732,0.0,0,0.0,,,,42.455632623774214,34.0,0.029411764705882353
low_volatility|60d|long_q10|unconstrained_beta|r1|ensemble,low_volatility|60d,low_volatility,60d,63,low_volatility_family_sensitivity,lower_tail,long_q10,long_only,False,1,ensemble,1,4181.0,0.0,0.0,,5,return_minus_risk_free,4181,0.11408081228921807,0.12955567299777154,0.7839764269161018,-0.29950612041234137,0.62,1.0,0.027107052322434138,1.3518871145118307,0.1764114302324099,0.5568801876455041,0.5834354217590574,0.8779937295993061,1.0,1.0,25.868389898124732,0.012934194949062368,0,0.0,,,,42.455632623774214,34.0,0.029411764705882353
low_volatility|60d|long_q10|unconstrained_beta|r1|ensemble,low_volatility|60d,low_volatility,60d,63,low_volatility_family_sensitivity,lower_tail,long_q10,long_only,False,1,ensemble,1,4181.0,0.0,0.0,,10,return_minus_risk_free,4181,0.09976212734578471,0.1295605780149435,0.6840854450028928,-0.30212558689430424,0.61,0.9411764705882353,0.014161892842527259,0.7053336012675638,0.48060265446112027,0.5569235192068882,0.5834354217590574,0.8779937295993061,1.0,1.0,25.868389898124732,0.025868389898124736,0,0.0,,,,42.455632623774214,34.0,0.029411764705882353
low_volatility|60d|long_q10|unconstrained_beta|r1|ensemble,low_volatility|60d,low_volatility,60d,63,low_volatility_family_sensitivity,lower_tail,long_q10,long_only,False,1,ensemble,1,4181.0,0.0,0.0,,25,return_minus_risk_free,4181,0.05789414453421249,0.1295933141837567,0.3844080393393173,-0.3099292295341539,0.58,0.7058823529411765,-0.02467358559719313,-1.2229105771257032,0.22136347313488003,0.5570535138910405,0.5834354217590574,0.8779937295993061,1.0,1.0,25.868389898124732,0.06467097474531183,0,0.0,,,,42.455632623774214,34.0,0.029411764705882353
low_volatility|60d|long_q10|unconstrained_beta|r5|ensemble,low_volatility|60d,low_volatility,60d,63,low_volatility_family_sensitivity,lower_tail,long_q10,long_only,False,5,ensemble,3,836.3333333333334,0.0,0.0,,0,return_minus_risk_free,4181,0.125826888819899,0.1300519426138816,0.8621468934452798,-0.2983551337637911,0.625,1.0,0.03715497808155489,1.8492685134396307,0.06441904992399525,0.5606727751546278,0.5827064951217282,0.8567715163612787,0.9994435326926562,0.9994435326926562,13.849508430436606,0.0,2,0.015426573378443144,,,,42.42908395120784,11.333333333333334,0.03418898249778634
low_volatility|60d|long_q10|unconstrained_beta|r5|ensemble,low_volatility|60d,low_volatility,60d,63,low_volatility_family_sensitivity,lower_tail,long_q10,long_only,False,5,ensemble,3,836.3333333333334,0.0,0.0,,5,return_minus_risk_free,4181,0.11805751670707298,0.1300389717674215,0.808950714308651,-0.29966210020704365,0.625,1.0,0.030235805911821293,1.504585838831072,0.13243058930549054,0.5605970914337288,0.5827064951217282,0.8567715163612787,0.9994435326926562,0.9994435326926562,13.849508430436606,0.006924754215218303,2,0.015426573378443144,,,,42.42908395120784,11.333333333333334,0.03418898249778634
low_volatility|60d|long_q10|unconstrained_beta|r5|ensemble,low_volatility|60d,low_volatility,60d,63,low_volatility_family_sensitivity,lower_tail,long_q10,long_only,False,5,ensemble,3,836.3333333333334,0.0,0.0,,10,return_minus_risk_free,4181,0.11034130767927142,0.1300276822737652,0.7557343583419621,-0.30096685617901275,0.62,1.0,0.023316633742087214,1.1599933586321305,0.24605151009805704,0.5605214077128298,0.5827064951217282,0.8567715163612787,0.9994435326926562,0.9994435326926562,13.849508430436606,0.013849508430436606,2,0.015426573378443144,,,,42.42908395120784,11.333333333333334,0.03418898249778634
low_volatility|60d|long_q10|unconstrained_beta|r5|ensemble,low_volatility|60d,low_volatility,60d,63,low_volatility_family_sensitivity,lower_tail,long_q10,long_only,False,5,ensemble,3,836.3333333333334,0.0,0.0,,25,return_minus_risk_free,4181,0.08750806435647718,0.1300039059636857,0.5959848112588944,-0.3048678949054532,0.605,0.8235294117647058,0.0025591172328857637,0.12719014670067944,0.8987899038373004,0.5602943565501332,0.5827064951217282,0.8567715163612787,0.9994435326926562,0.9994435326926562,13.849508430436606,0.03462377107609151,2,0.015426573378443144,,,,42.42908395120784,11.333333333333334,0.03418898249778634
low_volatility|60d|long_q10|unconstrained_beta|r21|ensemble,low_volatility|60d,low_volatility,60d,63,low_volatility_family_sensitivity,lower_tail,long_q10,long_only,False,21,ensemble,3,199.33333333333334,0.0,0.0,,0,return_minus_risk_free,4181,0.12666412296309892,0.13177163235559172,0.8582704628219096,-0.31815768391329746,0.635,1.0,0.03632963087153146,1.7952097698606446,0.07262028446845038,0.5741138305381676,0.5791771670426714,0.8297621733393227,0.9972544280384071,0.9972544280384071,7.31022286777352,0.0,2,0.022767188718361076,,,,42.32097584309974,11.333333333333334,0.034211004410710504
low_volatility|60d|long_q10|unconstrained_beta|r21|ensemble,low_volatility|60d,low_volatility,60d,63,low_volatility_family_sensitivity,lower_tail,long_q10,long_only,False,21,ensemble,3,199.33333333333334,0.0,0.0,,5,return_minus_risk_free,4181,0.12255332259157758,0.13175946961663315,0.8305860923254421,-0.31851383370869435,0.635,1.0,0.03268270550067071,1.6148837665930251,0.10633586833281958,0.574027697588321,0.5791771670426714,0.8297621733393227,0.9972544280384071,0.9972544280384071,7.31022286777352,0.00365511143388676,2,0.022767188718361076,,,,42.32097584309974,11.333333333333334,0.034211004410710504
low_volatility|60d|long_q10|unconstrained_beta|r21|ensemble,low_volatility|60d,low_volatility,60d,63,low_volatility_family_sensitivity,lower_tail,long_q10,long_only,False,21,ensemble,3,199.33333333333334,0.0,0.0,,10,return_minus_risk_free,4181,0.11845705407635898,0.13175008043983433,0.8028797474089461,-0.31886986006694495,0.635,1.0,0.029035780129810482,1.4345142736396495,0.15142555878609348,0.5739415646384748,0.5791771670426714,0.8297621733393227,0.9972544280384071,0.9972544280384071,7.31022286777352,0.00731022286777352,2,0.022767188718361076,,,,42.32097584309974,11.333333333333334,0.034211004410710504
low_volatility|60d|long_q10|unconstrained_beta|r21|ensemble,low_volatility|60d,low_volatility,60d,63,low_volatility_family_sensitivity,lower_tail,long_q10,long_only,False,21,ensemble,3,199.33333333333334,0.0,0.0,,25,return_minus_risk_free,4181,0.10625494317927942,0.1317385593367575,0.7196463018460973,-0.31993719873156534,0.63,0.9411764705882353,0.01809500401722852,0.8934060627692998,0.3716397571009252,0.5736831657889354,0.5791771670426714,0.8297621733393227,0.9972544280384071,0.9972544280384071,7.31022286777352,0.0182755571694338,2,0.022767188718361076,,,,42.32097584309974,11.333333333333334,0.034211004410710504
low_volatility|60d|long_q10|unconstrained_beta|r63|ensemble,low_volatility|60d,low_volatility,60d,63,low_volatility_family_sensitivity,lower_tail,long_q10,long_only,False,63,ensemble,3,66.33333333333333,0.0,0.0,,0,return_minus_risk_free,4181,0.12675052727311575,0.13355439310997103,0.8491400070112752,-0.32932169985601034,0.61,1.0,0.03435594952860014,1.733910108674918,0.0829340339848824,0.5911947184718911,0.5757375146570098,0.8154224812907344,0.9915494293129732,0.9915494293129732,4.20470194385983,0.0,2,0.022950458219485284,,,,42.05532966594913,11.333333333333334,0.034348743158373184
low_volatility|60d|long_q10|unconstrained_beta|r63|ensemble,low_volatility|60d,low_volatility,60d,63,low_volatility_family_sensitivity,lower_tail,long_q10,long_only,False,63,ensemble,3,66.33333333333333,0.0,0.0,,5,return_minus_risk_free,4181,0.12438397223862308,0.13355347426986414,0.8333961709681951,-0.3294374684262471,0.61,1.0,0.032254630580837725,1.6276528918919329,0.10359850715000703,0.5911775200054441,0.5757375146570098,0.8154224812907344,0.9915494293129732,0.9915494293129732,4.20470194385983,0.0021023509719299152,2,0.022950458219485284,,,,42.05532966594913,11.333333333333334,0.034348743158373184
low_volatility|60d|long_q10|unconstrained_beta|r63|ensemble,low_volatility|60d,low_volatility,60d,63,low_volatility_family_sensitivity,lower_tail,long_q10,long_only,False,63,ensemble,3,66.33333333333333,0.0,0.0,,10,return_minus_risk_free,4181,0.12202195202004273,0.13355533482102674,0.8176351151428725,-0.3295532369964832,0.61,1.0,0.030153311633075334,1.5213062429054942,0.12818300435010208,0.5911603215389969,0.5757375146570098,0.8154224812907344,0.9915494293129732,0.9915494293129732,4.20470194385983,0.0042047019438598305,2,0.022950458219485284,,,,42.05532966594913,11.333333333333334,0.034348743158373184
low_volatility|60d|long_q10|unconstrained_beta|r63|ensemble,low_volatility|60d,low_volatility,60d,63,low_volatility_family_sensitivity,lower_tail,long_q10,long_only,False,63,ensemble,3,66.33333333333333,0.0,0.0,,25,return_minus_risk_free,4181,0.11496302170185935,0.133577590793264,0.7702584951130372,-0.32990054270719205,0.61,0.9411764705882353,0.023849354789787953,1.2019747160710474,0.22937332425160206,0.5911087261396558,0.5757375146570098,0.8154224812907344,0.9915494293129732,0.9915494293129732,4.20470194385983,0.010511754859649575,2,0.022950458219485284,,,,42.05532966594913,11.333333333333334,0.034348743158373184
low_volatility|60d|middle_minus_q1|unconstrained_beta|r1|ensemble,low_volatility|60d,low_volatility,60d,63,low_volatility_family_sensitivity,lower_tail,middle_minus_q1,market_neutral,False,1,ensemble,1,4181.0,0.0,0.0,,0,self_financing_spread_return,4181,-0.06555054720756925,0.1861361269838305,-0.27099703627510996,-0.7812982518328534,0.43,0.35294117647058826,0.028674204063032185,0.8057461087218227,0.4203892573707495,-0.532338743778841,-0.43493643818330946,0.8928823654154512,2.0,2.2327148302081305e-17,44.89480919294704,0.0,0,0.0,,,,209.6094235828749,167.0,0.030303030303030304
low_volatility|60d|middle_minus_q1|unconstrained_beta|r1|ensemble,low_volatility|60d,low_volatility,60d,63,low_volatility_family_sensitivity,lower_tail,middle_minus_q1,market_neutral,False,1,ensemble,1,4181.0,0.0,0.0,,5,self_financing_spread_return,4181,-0.08629403911198685,0.18612544300366635,-0.3915823185473198,-0.8109397157658628,0.42,0.23529411764705882,0.006221309520475885,0.174796442585096,0.8612395837106277,-0.5322593417241127,-0.43493643818330946,0.8928823654154512,2.0,2.2327148302081305e-17,44.89480919294704,0.022447404596473517,0,0.0,,,,209.6094235828749,167.0,0.030303030303030304
low_volatility|60d|middle_minus_q1|unconstrained_beta|r1|ensemble,low_volatility|60d,low_volatility,60d,63,low_volatility_family_sensitivity,lower_tail,middle_minus_q1,market_neutral,False,1,ensemble,1,4181.0,0.0,0.0,,10,self_financing_spread_return,4181,-0.10657940760863926,0.1861181632239012,-0.5121720772250662,-0.8601660186587471,0.41,0.23529411764705882,-0.016231585022080008,-0.45595650709774815,0.6484212541307324,-0.5321799396693844,-0.43493643818330946,0.8928823654154512,2.0,2.2327148302081305e-17,44.89480919294704,0.044894809192947034,0,0.0,,,,209.6094235828749,167.0,0.030303030303030304
low_volatility|60d|middle_minus_q1|unconstrained_beta|r1|ensemble,low_volatility|60d,low_volatility,60d,63,low_volatility_family_sensitivity,lower_tail,middle_minus_q1,market_neutral,False,1,ensemble,1,4181.0,0.0,0.0,,25,self_financing_spread_return,4181,-0.16478633764069806,0.18611675214758572,-0.8739020300856895,-0.9531180392093623,0.35,0.058823529411764705,-0.08359026864974826,-2.345634887793865,0.01899470416114445,-0.5319417335051998,-0.43493643818330946,0.8928823654154512,2.0,2.2327148302081305e-17,44.89480919294704,0.11223702298236758,0,0.0,,,,209.6094235828749,167.0,0.030303030303030304
low_volatility|60d|middle_minus_q1|unconstrained_beta|r5|ensemble,low_volatility|60d,low_volatility,60d,63,low_volatility_family_sensitivity,lower_tail,middle_minus_q1,market_neutral,False,5,ensemble,3,836.3333333333334,0.0,0.0,,0,self_financing_spread_return,4181,-0.07650829497698564,0.18458993931848713,-0.33843729964072805,-0.7870075077924579,0.435,0.35294117647058826,0.014964804200663847,0.419663168586104,0.6747315349828216,-0.5210373684630398,-0.4373147950965109,1.1147822099989264,2.0037929083998405,-0.00027459539968795557,24.31789945935838,0.0,16,0.006447779930621418,,,,209.44646416327834,55.666666666666664,0.04771978569341586
low_volatility|60d|middle_minus_q1|unconstrained_beta|r5|ensemble,low_volatility|60d,low_volatility,60d,63,low_volatility_family_sensitivity,lower_tail,middle_minus_q1,market_neutral,False,5,ensemble,3,836.3333333333334,0.0,0.0,,5,self_financing_spread_return,4181,-0.08766951706599257,0.18459634250955964,-0.4042606537275947,-0.8201204813574214,0.425,0.23529411764705882,0.002823685859999311,0.07915982959028277,0.9369054956287075,-0.5211167595320779,-0.4373147950965109,1.1147822099989264,2.0037929083998405,-0.00027459539968795557,24.31789945935838,0.01215894972967919,16,0.006447779930621418,,,,209.44646416327834,55.666666666666664,0.04771978569341586
low_volatility|60d|middle_minus_q1|unconstrained_beta|r5|ensemble,low_volatility|60d,low_volatility,60d,63,low_volatility_family_sensitivity,lower_tail,middle_minus_q1,market_neutral,False,5,ensemble,3,836.3333333333334,0.0,0.0,,10,self_financing_spread_return,4181,-0.09869687650928993,0.18460576249059496,-0.470071759530808,-0.8496256904245734,0.405,0.23529411764705882,-0.00931743248066513,-0.26111553829269496,0.7940034094165829,-0.5211961506011149,-0.4373147950965109,1.1147822099989264,2.0037929083998405,-0.00027459539968795557,24.31789945935838,0.02431789945935838,16,0.006447779930621418,,,,209.44646416327834,55.666666666666664,0.04771978569341586
low_volatility|60d|middle_minus_q1|unconstrained_beta|r5|ensemble,low_volatility|60d,low_volatility,60d,63,low_volatility_family_sensitivity,lower_tail,middle_minus_q1,market_neutral,False,5,ensemble,3,836.3333333333334,0.0,0.0,,25,self_financing_spread_return,4181,-0.1309916168194709,0.18465211781714358,-0.6673993752947238,-0.9133797330659287,0.38,0.17647058823529413,-0.04574078750265892,-1.2803252624884531,0.20043076657505432,-0.5214343238082276,-0.4373147950965109,1.1147822099989264,2.0037929083998405,-0.00027459539968795557,24.31789945935838,0.060794748648395944,16,0.006447779930621418,,,,209.44646416327834,55.666666666666664,0.04771978569341586
low_volatility|60d|middle_minus_q1|unconstrained_beta|r21|ensemble,low_volatility|60d,low_volatility,60d,63,low_volatility_family_sensitivity,lower_tail,middle_minus_q1,market_neutral,False,21,ensemble,3,199.33333333333334,0.0,0.0,,0,self_financing_spread_return,4181,-0.0707125755229715,0.1792230114269817,-0.31918949504619937,-0.7726508757822358,0.455,0.35294117647058826,0.013314859602080401,0.3688819137519835,0.7122157448739174,-0.47450304382996883,-0.442376577394951,1.1544359517923668,2.0105930323901227,0.0005792072282379486,13.599847136408242,0.0,27,0.006211979509200201,,,,208.8072231523559,55.666666666666664,0.05413450537563571
low_volatility|60d|middle_minus_q1|unconstrained_beta|r21|ensemble,low_volatility|60d,low_volatility,60d,63,low_volatility_family_sensitivity,lower_tail,middle_minus_q1,market_neutral,False,21,ensemble,3,199.33333333333334,0.0,0.0,,5,self_financing_spread_return,4181,-0.0770108543041994,0.17922360186232048,-0.3571167145423738,-0.7942804647944666,0.45,0.35294117647058826,0.006527830517359603,0.18078694960066474,0.8565348070284375,-0.47457444885383787,-0.442376577394951,1.1544359517923668,2.0105930323901227,0.0005792072282379486,13.599847136408242,0.00679992356820412,27,0.006211979509200201,,,,208.8072231523559,55.666666666666664,0.05413450537563571
low_volatility|60d|middle_minus_q1|unconstrained_beta|r21|ensemble,low_volatility|60d,low_volatility,60d,63,low_volatility_family_sensitivity,lower_tail,middle_minus_q1,market_neutral,False,21,ensemble,3,199.33333333333334,0.0,0.0,,10,self_financing_spread_return,4181,-0.08326770078128976,0.1792307943089032,-0.3950291326108915,-0.8138560268397288,0.44,0.35294117647058826,-0.0002591985673610774,-0.007175587702333368,0.9942747584888797,-0.4746458538777074,-0.442376577394951,1.1544359517923668,2.0105930323901227,0.0005792072282379486,13.599847136408242,0.01359984713640824,27,0.006211979509200201,,,,208.8072231523559,55.666666666666664,0.05413450537563571
low_volatility|60d|middle_minus_q1|unconstrained_beta|r21|ensemble,low_volatility|60d,low_volatility,60d,63,low_volatility_family_sensitivity,lower_tail,middle_minus_q1,market_neutral,False,21,ensemble,3,199.33333333333334,0.0,0.0,,25,self_financing_spread_return,4181,-0.10179228168891197,0.17929197212420359,-0.5086357641952158,-0.862115181086408,0.415,0.29411764705882354,-0.02062028582152339,-0.5700008890394768,0.5686770951029971,-0.4748600689493153,-0.442376577394951,1.1544359517923668,2.0105930323901227,0.0005792072282379486,13.599847136408242,0.0339996178410206,27,0.006211979509200201,,,,208.8072231523559,55.666666666666664,0.05413450537563571
low_volatility|60d|middle_minus_q1|unconstrained_beta|r63|ensemble,low_volatility|60d,low_volatility,60d,63,low_volatility_family_sensitivity,lower_tail,middle_minus_q1,market_neutral,False,63,ensemble,3,66.33333333333333,0.0,0.0,,0,self_financing_spread_return,4181,-0.07458436138260005,0.18735795110949696,-0.31982379701086083,-0.7895434602226556,0.435,0.29411764705882354,0.004341044164184788,0.10887386896452146,0.9133025329612604,-0.4323932453100338,-0.46753430686490144,2.38383577171744,2.051014901098713,-0.004154271752376822,8.29648741581791,0.0,43,0.00645882284612643,,,,207.24722953041538,55.666666666666664,0.10315000610677579
low_volatility|60d|middle_minus_q1|unconstrained_beta|r63|ensemble,low_volatility|60d,low_volatility,60d,63,low_volatility_family_sensitivity,lower_tail,middle_minus_q1,market_neutral,False,63,ensemble,3,66.33333333333333,0.0,0.0,,5,self_financing_spread_return,4181,-0.078415926621206,0.18735302466627898,-0.3419742890951774,-0.802016493545521,0.435,0.29411764705882354,0.00019676197710985504,0.004934314697863087,0.9960630024604216,-0.4324208586217359,-0.46753430686490144,2.38383577171744,2.051014901098713,-0.004154271752376822,8.29648741581791,0.004148243707908955,43,0.00645882284612643,,,,207.24722953041538,55.666666666666664,0.10315000610677579
low_volatility|60d|middle_minus_q1|unconstrained_beta|r63|ensemble,low_volatility|60d,low_volatility,60d,63,low_volatility_family_sensitivity,lower_tail,middle_minus_q1,market_neutral,False,63,ensemble,3,66.33333333333333,0.0,0.0,,10,self_financing_spread_return,4181,-0.08223295663965924,0.18735545635424575,-0.36411164555124736,-0.813754296108467,0.435,0.29411764705882354,-0.003947520209964931,-0.09897736490243511,0.9211562420326789,-0.43244847193343794,-0.46753430686490144,2.38383577171744,2.051014901098713,-0.004154271752376822,8.29648741581791,0.00829648741581791,43,0.00645882284612643,,,,207.24722953041538,55.666666666666664,0.10315000610677579
low_volatility|60d|middle_minus_q1|unconstrained_beta|r63|ensemble,low_volatility|60d,low_volatility,60d,63,low_volatility_family_sensitivity,lower_tail,middle_minus_q1,market_neutral,False,63,ensemble,3,66.33333333333333,0.0,0.0,,25,self_financing_spread_return,4181,-0.09359733596666397,0.18740689300748462,-0.4304188629877662,-0.844974926218806,0.42,0.29411764705882354,-0.01638036677118949,-0.41032782141586666,0.681565485941361,-0.4325313118685445,-0.46753430686490144,2.38383577171744,2.051014901098713,-0.004154271752376822,8.29648741581791,0.02074121853954478,43,0.00645882284612643,,,,207.24722953041538,55.666666666666664,0.10315000610677579
low_volatility|60d|middle_minus_q1|beta_neutral|r1|ensemble,low_volatility|60d,low_volatility,60d,63,low_volatility_family_sensitivity,lower_tail,middle_minus_q1,market_neutral,True,1,ensemble,1,4181.0,0.0,4181.0,1.0,0,self_financing_spread_return,4181,0.014039004808976463,0.13318179873246666,0.17117626522405327,-0.4278335846239044,0.525,0.7058823529411765,0.027060187374437206,0.9073958220927538,0.36419751798273137,-0.028681234992645303,2.936810916965519e-18,7.771561172376096e-16,2.0,0.35758497690316404,43.76322939942801,0.0,0,0.0,,,,209.2843817268596,167.0,0.0266095170574345
low_volatility|60d|middle_minus_q1|beta_neutral|r1|ensemble,low_volatility|60d,low_volatility,60d,63,low_volatility_family_sensitivity,lower_tail,middle_minus_q1,market_neutral,True,1,ensemble,1,4181.0,0.0,4181.0,1.0,5,self_financing_spread_return,4181,-0.007910030945864066,0.13317535744534437,0.00686993206473712,-0.5026799779767673,0.485,0.5882352941176471,0.005176353908423935,0.1735333883567416,0.8622321858630166,-0.02867332074031276,2.936810916965519e-18,7.771561172376096e-16,2.0,0.35758497690316404,43.76322939942801,0.021881614699714006,0,0.0,,,,209.2843817268596,167.0,0.0266095170574345
low_volatility|60d|middle_minus_q1|beta_neutral|r1|ensemble,low_volatility|60d,low_volatility,60d,63,low_volatility_family_sensitivity,lower_tail,middle_minus_q1,market_neutral,True,1,ensemble,1,4181.0,0.0,4181.0,1.0,10,self_financing_spread_return,4181,-0.029386378596454876,0.13317324530521396,-0.15744717745743597,-0.5678414397603072,0.45,0.35294117647058826,-0.01670747955759005,-0.5599132520594751,0.575538609174786,-0.02866540648798025,2.936810916965519e-18,7.771561172376096e-16,2.0,0.35758497690316404,43.76322939942801,0.04376322939942801,0,0.0,,,,209.2843817268596,167.0,0.0266095170574345
low_volatility|60d|middle_minus_q1|beta_neutral|r1|ensemble,low_volatility|60d,low_volatility,60d,63,low_volatility_family_sensitivity,lower_tail,middle_minus_q1,market_neutral,True,1,ensemble,1,4181.0,0.0,4181.0,1.0,25,self_financing_spread_return,4181,-0.09107950014225386,0.13319288371564744,-0.6503029358878158,-0.8146432749389314,0.36,0.17647058823529413,-0.08235897995563148,-2.7556218041756315,0.0058580688376306655,-0.02864166373098255,2.936810916965519e-18,7.771561172376096e-16,2.0,0.35758497690316404,43.76322939942801,0.10940807349857003,0,0.0,,,,209.2843817268596,167.0,0.0266095170574345
low_volatility|60d|middle_minus_q1|beta_neutral|r5|ensemble,low_volatility|60d,low_volatility,60d,63,low_volatility_family_sensitivity,lower_tail,middle_minus_q1,market_neutral,True,5,ensemble,3,836.3333333333334,0.0,836.3333333333334,1.0,0,self_financing_spread_return,4181,0.0032516945602525382,0.1316324370745906,0.0904597914189719,-0.4307490494522006,0.52,0.5294117647058824,0.015299073145038568,0.515799490015221,0.605994458787019,-0.02282071703305493,-0.0008080121933847916,0.26739783640756937,2.0017307296871865,0.35794987682879326,23.76945103267914,0.0,16,0.00727768306138539,,,,209.1223790161843,55.666666666666664,0.035970876406012306
low_volatility|60d|middle_minus_q1|beta_neutral|r5|ensemble,low_volatility|60d,low_volatility,60d,63,low_volatility_family_sensitivity,lower_tail,middle_minus_q1,market_neutral,True,5,ensemble,3,836.3333333333334,0.0,836.3333333333334,1.0,5,self_financing_spread_return,4181,-0.008601641578949604,0.1316344526474619,0.0001763103495853593,-0.4723882048211093,0.495,0.5294117647058824,0.003430780486531939,0.1156257675193768,0.9079491403458085,-0.022927980891134504,-0.0008080121933847916,0.26739783640756937,2.0017307296871865,0.35794987682879326,23.76945103267914,0.01188472551633957,16,0.00727768306138539,,,,209.1223790161843,55.666666666666664,0.035970876406012306
low_volatility|60d|middle_minus_q1|beta_neutral|r5|ensemble,low_volatility|60d,low_volatility,60d,63,low_volatility_family_sensitivity,lower_tail,middle_minus_q1,market_neutral,True,5,ensemble,3,836.3333333333334,0.0,836.3333333333334,1.0,10,self_financing_spread_return,4181,-0.02031599549412577,0.1316404636261386,-0.0901016711905298,-0.5233357953643494,0.485,0.5294117647058824,-0.008437512171974986,-0.28425451617075803,0.7762153398228986,-0.023035244749214194,-0.0008080121933847916,0.26739783640756937,2.0017307296871865,0.35794987682879326,23.76945103267914,0.02376945103267914,16,0.00727768306138539,,,,209.1223790161843,55.666666666666664,0.035970876406012306
low_volatility|60d|middle_minus_q1|beta_neutral|r5|ensemble,low_volatility|60d,low_volatility,60d,63,low_volatility_family_sensitivity,lower_tail,middle_minus_q1,market_neutral,True,5,ensemble,3,836.3333333333334,0.0,836.3333333333334,1.0,25,self_financing_spread_return,4181,-0.054641242280898616,0.13168246170720696,-0.36082047684361607,-0.6753555925036612,0.425,0.29411764705882354,-0.04404239014749525,-1.481733537877292,0.13841120955407749,-0.023357036323452762,-0.0008080121933847916,0.26739783640756937,2.0017307296871865,0.35794987682879326,23.76945103267914,0.05942362758169785,16,0.00727768306138539,,,,209.1223790161843,55.666666666666664,0.035970876406012306
low_volatility|60d|middle_minus_q1|beta_neutral|r21|ensemble,low_volatility|60d,low_volatility,60d,63,low_volatility_family_sensitivity,lower_tail,middle_minus_q1,market_neutral,True,21,ensemble,3,199.33333333333334,0.0,199.33333333333334,1.0,0,self_financing_spread_return,4181,0.005101442891281893,0.12825766007401698,0.10383728410510136,-0.40919306777409925,0.53,0.5294117647058824,0.014077438882517137,0.47883252712060853,0.6320577746591782,-0.005110404730760918,-0.0018379289694897172,0.29057259721385065,2.0026774895503383,0.35988119520658873,13.288178415578148,0.0,27,0.006888932371037152,,,,208.4943793350873,55.666666666666664,0.040827801068751925
low_volatility|60d|middle_minus_q1|beta_neutral|r21|ensemble,low_volatility|60d,low_volatility,60d,63,low_volatility_family_sensitivity,lower_tail,middle_minus_q1,market_neutral,True,21,ensemble,3,199.33333333333334,0.0,199.33333333333334,1.0,5,self_financing_spread_return,4181,-0.001555055384434123,0.1282487683120336,0.052025907377418086,-0.4222893407498407,0.52,0.5294117647058824,0.00744574006098049,0.25318517502279436,0.800125122000785,-0.005204400568570191,-0.0018379289694897172,0.29057259721385065,2.0026774895503383,0.35988119520658873,13.288178415578148,0.006644089207789074,27,0.006888932371037152,,,,208.4943793350873,55.666666666666664,0.040827801068751925
low_volatility|60d|middle_minus_q1|beta_neutral|r21|ensemble,low_volatility|60d,low_volatility,60d,63,low_volatility_family_sensitivity,lower_tail,middle_minus_q1,market_neutral,True,21,ensemble,3,199.33333333333334,0.0,199.33333333333334,1.0,10,self_financing_spread_return,4181,-0.008168761606182184,0.12824866947969116,0.00020733154805165074,-0.4569101552536363,0.515,0.47058823529411764,0.0008140412394442154,0.027670537609243366,0.9779249222841163,-0.005298396406379458,-0.0018379289694897172,0.29057259721385065,2.0026774895503383,0.35988119520658873,13.288178415578148,0.013288178415578148,27,0.006888932371037152,,,,208.4943793350873,55.666666666666664,0.040827801068751925
low_volatility|60d|middle_minus_q1|beta_neutral|r21|ensemble,low_volatility|60d,low_volatility,60d,63,low_volatility_family_sensitivity,lower_tail,middle_minus_q1,market_neutral,True,21,ensemble,3,199.33333333333334,0.0,199.33333333333334,1.0,25,self_financing_spread_return,4181,-0.027755788147199034,0.12830112172455108,-0.15518504730177404,-0.561617838941548,0.46,0.47058823529411764,-0.019081055225165424,-0.6476180358857481,0.5172320290138049,-0.005580383919807416,-0.0018379289694897172,0.29057259721385065,2.0026774895503383,0.35988119520658873,13.288178415578148,0.03322044603894537,27,0.006888932371037152,,,,208.4943793350873,55.666666666666664,0.040827801068751925
low_volatility|60d|middle_minus_q1|beta_neutral|r63|ensemble,low_volatility|60d,low_volatility,60d,63,low_volatility_family_sensitivity,lower_tail,middle_minus_q1,market_neutral,True,63,ensemble,3,66.33333333333333,0.0,66.33333333333333,1.0,0,self_financing_spread_return,4181,-6.641832713816243e-07,0.13082203807611986,0.06544961318768208,-0.4386774252783079,0.5,0.5294117647058824,0.005738142512916909,0.18751150506451905,0.8512596039367839,0.019002129396548634,-0.01219949950963044,0.7135605280681924,2.020891750193586,0.35975335662983104,8.00425487552294,0.0,43,0.007344777930238287,,,,206.9554333094156,55.666666666666664,0.059775417258234424
low_volatility|60d|middle_minus_q1|beta_neutral|r63|ensemble,low_volatility|60d,low_volatility,60d,63,low_volatility_family_sensitivity,lower_tail,middle_minus_q1,market_neutral,True,63,ensemble,3,66.33333333333333,0.0,66.33333333333333,1.0,5,self_financing_spread_return,4181,-0.003995456892607607,0.1308105056831941,0.03484508072819479,-0.45151030458989383,0.495,0.5294117647058824,0.0017386137994303175,0.05681080998553721,0.9546959027239564,0.018971040556261868,-0.01219949950963044,0.7135605280681924,2.020891750193586,0.35975335662983104,8.00425487552294,0.004002127437761471,43,0.007344777930238287,,,,206.9554333094156,55.666666666666664,0.059775417258234424
low_volatility|60d|middle_minus_q1|beta_neutral|r63|ensemble,low_volatility|60d,low_volatility,60d,63,low_volatility_family_sensitivity,lower_tail,middle_minus_q1,market_neutral,True,63,ensemble,3,66.33333333333333,0.0,66.33333333333333,1.0,10,self_financing_spread_return,4181,-0.007975618036694887,0.13080871672506503,0.0042348360768022855,-0.4640540997510799,0.49,0.5294117647058824,-0.0022609149140562852,-0.07386451208049835,0.9411181939383145,0.01893995171597507,-0.01219949950963044,0.7135605280681924,2.020891750193586,0.35975335662983104,8.00425487552294,0.008004254875522941,43,0.007344777930238287,,,,206.9554333094156,55.666666666666664,0.059775417258234424
low_volatility|60d|middle_minus_q1|beta_neutral|r63|ensemble,low_volatility|60d,low_volatility,60d,63,low_volatility_family_sensitivity,lower_tail,middle_minus_q1,market_neutral,True,63,ensemble,3,66.33333333333333,0.0,66.33333333333333,1.0,25,self_financing_spread_return,4181,-0.01982879887501998,0.13086180357356855,-0.08756179181382509,-0.5251863207389035,0.48,0.5294117647058824,-0.014259501054515891,-0.46531042651165916,0.6417091691909691,0.01884668519511467,-0.01219949950963044,0.7135605280681924,2.020891750193586,0.35975335662983104,8.00425487552294,0.02001063718880735,43,0.007344777930238287,,,,206.9554333094156,55.666666666666664,0.059775417258234424
low_volatility|60d|q10_minus_middle|unconstrained_beta|r1|ensemble,low_volatility|60d,low_volatility,60d,63,low_volatility_family_sensitivity,lower_tail,q10_minus_middle,market_neutral,False,1,ensemble,1,4181.0,0.0,0.0,,0,self_financing_spread_return,4181,-0.025071569485885847,0.11242284934737032,-0.16956602475871843,-0.3913323757732664,0.47,0.29411764705882354,0.04439357655494205,2.1237137528939978,0.033694086671160306,-0.426970693679275,-0.41002222754526013,0.6815965529633521,2.0,-1.6192135463638094e-17,48.75894346142812,0.0,0,0.0,,,,210.4960535756996,168.0,0.029411764705882353
low_volatility|60d|q10_minus_middle|unconstrained_beta|r1|ensemble,low_volatility|60d,low_volatility,60d,63,low_volatility_family_sensitivity,lower_tail,q10_minus_middle,market_neutral,False,1,ensemble,1,4181.0,0.0,0.0,,5,self_financing_spread_return,4181,-0.04855395777109983,0.11240543721144605,-0.38647319579567974,-0.5793052471461251,0.44,0.23529411764705882,0.019986614475474375,0.9537267323448461,0.3402219849121544,-0.42677981046837465,-0.41002222754526013,0.6815965529633521,2.0,-1.6192135463638094e-17,48.75894346142812,0.02437947173071406,0,0.0,,,,210.4960535756996,168.0,0.029411764705882353
low_volatility|60d|q10_minus_middle|unconstrained_beta|r1|ensemble,low_volatility|60d,low_volatility,60d,63,low_volatility_family_sensitivity,lower_tail,q10_minus_middle,market_neutral,False,1,ensemble,1,4181.0,0.0,0.0,,10,self_financing_spread_return,4181,-0.07147374281271657,0.11239577061397173,-0.6034059917155306,-0.7158636391543267,0.385,0.17647058823529413,-0.004420347603993857,-0.21033802572088545,0.8334038588197585,-0.4265889272574747,-0.41002222754526013,0.6815965529633521,2.0,-1.6192135463638094e-17,48.75894346142812,0.04875894346142812,0,0.0,,,,210.4960535756996,168.0,0.029411764705882353
low_volatility|60d|q10_minus_middle|unconstrained_beta|r1|ensemble,low_volatility|60d,low_volatility,60d,63,low_volatility_family_sensitivity,lower_tail,q10_minus_middle,market_neutral,False,1,ensemble,1,4181.0,0.0,0.0,,25,self_financing_spread_return,4181,-0.13698997336985652,0.11241325602850202,-1.25390959283596,-0.914752904673146,0.3,0.11764705882352941,-0.07764123384239682,-3.65690724276929,0.0002552767036434596,-0.42601627762477556,-0.41002222754526013,0.6815965529633521,2.0,-1.6192135463638094e-17,48.75894346142812,0.12189735865357029,0,0.0,,,,210.4960535756996,168.0,0.029411764705882353
low_volatility|60d|q10_minus_middle|unconstrained_beta|r5|ensemble,low_volatility|60d,low_volatility,60d,63,low_volatility_family_sensitivity,lower_tail,q10_minus_middle,market_neutral,False,5,ensemble,3,836.3333333333334,0.0,0.0,,0,self_financing_spread_return,4181,-0.023901112381932266,0.1116344530852337,-0.16081804054105522,-0.3906899663148655,0.475,0.29411764705882354,0.04427778327894674,2.1091397409246215,0.0349325214306719,-0.41872113526968013,-0.4112110169764963,0.7190625932093027,2.001993714123721,-0.0003341588309400225,26.197509369338345,0.0,16,0.019675464893471415,,,,210.36020090887348,56.0,0.034359359210761935
low_volatility|60d|q10_minus_middle|unconstrained_beta|r5|ensemble,low_volatility|60d,low_volatility,60d,63,low_volatility_family_sensitivity,lower_tail,q10_minus_middle,market_neutral,False,5,ensemble,3,836.3333333333334,0.0,0.0,,5,self_financing_spread_return,4181,-0.0366040683936133,0.11163955500439109,-0.27812483194808546,-0.5005700962445558,0.445,0.29411764705882354,0.03119123869568629,1.4852002972538052,0.13749077330614784,-0.41879080181597333,-0.4112110169764963,0.7190625932093027,2.001993714123721,-0.0003341588309400225,26.197509369338345,0.013098754684669171,16,0.019675464893471415,,,,210.36020090887348,56.0,0.034359359210761935
low_volatility|60d|q10_minus_middle|unconstrained_beta|r5|ensemble,low_volatility|60d,low_volatility,60d,63,low_volatility_family_sensitivity,lower_tail,q10_minus_middle,market_neutral,False,5,ensemble,3,836.3333333333334,0.0,0.0,,10,self_financing_spread_return,4181,-0.049142991264312985,0.11165064104490736,-0.3953997087120547,-0.5906434553299471,0.435,0.29411764705882354,0.018104694112426212,0.8616580882646212,0.3888756955110615,-0.4188604683622663,-0.4112110169764963,0.7190625932093027,2.001993714123721,-0.0003341588309400225,26.197509369338345,0.026197509369338342,16,0.019675464893471415,,,,210.36020090887348,56.0,0.034359359210761935
low_volatility|60d|q10_minus_middle|unconstrained_beta|r5|ensemble,low_volatility|60d,low_volatility,60d,63,low_volatility_family_sensitivity,lower_tail,q10_minus_middle,market_neutral,False,5,ensemble,3,836.3333333333334,0.0,0.0,,25,self_financing_spread_return,4181,-0.08579644421634525,0.11171978127236935,-0.7468446985247801,-0.7820420056190396,0.36,0.17647058823529413,-0.02115493963735477,-1.004804815783795,0.314990844526449,-0.4190694680011449,-0.4112110169764963,0.7190625932093027,2.001993714123721,-0.0003341588309400225,26.197509369338345,0.06549377342334586,16,0.019675464893471415,,,,210.36020090887348,56.0,0.034359359210761935
low_volatility|60d|q10_minus_middle|unconstrained_beta|r21|ensemble,low_volatility|60d,low_volatility,60d,63,low_volatility_family_sensitivity,lower_tail,q10_minus_middle,market_neutral,False,21,ensemble,3,199.33333333333334,0.0,0.0,,0,self_financing_spread_return,4181,-0.02002110853209549,0.10885936361056649,-0.13131176024391583,-0.35522562897592114,0.51,0.35294117647058826,0.043943429170330076,2.037075068005539,0.041642519930213104,-0.39185627621364016,-0.4151883809785179,0.7248937952263028,2.007138243316453,-0.0008631625094115645,14.092194965915814,0.0,27,0.02877193054461974,,,,209.82675595949934,56.0,0.03521144177815733
low_volatility|60d|q10_minus_middle|unconstrained_beta|r21|ensemble,low_volatility|60d,low_volatility,60d,63,low_volatility_family_sensitivity,lower_tail,q10_minus_middle,market_neutral,False,21,ensemble,3,199.33333333333334,0.0,0.0,,5,self_financing_spread_return,4181,-0.02690258522044231,0.1088688662317869,-0.19601087642020948,-0.42032846250576017,0.495,0.29411764705882354,0.036911719660258746,1.7107611505219087,0.0871252139848523,-0.39194548130076534,-0.4151883809785179,0.7248937952263028,2.007138243316453,-0.0008631625094115645,14.092194965915814,0.0070460974829579075,27,0.02877193054461974,,,,209.82675595949934,56.0,0.03521144177815733
low_volatility|60d|q10_minus_middle|unconstrained_beta|r21|ensemble,low_volatility|60d,low_volatility,60d,63,low_volatility_family_sensitivity,lower_tail,q10_minus_middle,market_neutral,False,21,ensemble,3,199.33333333333334,0.0,0.0,,10,self_financing_spread_return,4181,-0.03373716924133874,0.10889013418216341,-0.26067053115862326,-0.478869705417738,0.485,0.23529411764705882,0.029880010150187382,1.3843794170475934,0.16624230803650664,-0.3920346863878905,-0.4151883809785179,0.7248937952263028,2.007138243316453,-0.0008631625094115645,14.092194965915814,0.014092194965915815,27,0.02877193054461974,,,,209.82675595949934,56.0,0.03521144177815733
low_volatility|60d|q10_minus_middle|unconstrained_beta|r21|ensemble,low_volatility|60d,low_volatility,60d,63,low_volatility_family_sensitivity,lower_tail,q10_minus_middle,market_neutral,False,21,ensemble,3,199.33333333333334,0.0,0.0,,25,self_financing_spread_return,4181,-0.05396265379852894,0.10902444210983178,-0.4542041201734011,-0.6214004350856221,0.43,0.23529411764705882,0.008784881619973078,0.40624070872670726,0.684565745557373,-0.392302301649266,-0.4151883809785179,0.7248937952263028,2.007138243316453,-0.0008631625094115645,14.092194965915814,0.035230487414789534,27,0.02877193054461974,,,,209.82675595949934,56.0,0.03521144177815733
low_volatility|60d|q10_minus_middle|unconstrained_beta|r63|ensemble,low_volatility|60d,low_volatility,60d,63,low_volatility_family_sensitivity,lower_tail,q10_minus_middle,market_neutral,False,63,ensemble,3,66.33333333333333,0.0,0.0,,0,self_financing_spread_return,4181,-0.012153754410285211,0.10591767956279532,-0.062483486554295815,-0.27065931924436026,0.5,0.35294117647058826,0.04675617021873885,2.13692221914567,0.03260431847061552,-0.3591308984222714,-0.42239715244927456,0.8029393344660186,2.0254071864100287,-0.0035142936410764557,8.15852425746776,0.0,43,0.025430230605839127,,,,208.47636131706926,56.0,0.03780081480759181
low_volatility|60d|q10_minus_middle|unconstrained_beta|r63|ensemble,low_volatility|60d,low_volatility,60d,63,low_volatility_family_sensitivity,lower_tail,q10_minus_middle,market_neutral,False,63,ensemble,3,66.33333333333333,0.0,0.0,,5,self_financing_spread_return,4181,-0.01617592799208456,0.1059302805707037,-0.10097609788459586,-0.30823104736122764,0.495,0.35294117647058826,0.042680372860408475,1.9502699285257663,0.05114395488707789,-0.359147875297898,-0.42239715244927456,0.8029393344660186,2.0254071864100287,-0.0035142936410764557,8.15852425746776,0.0040792621287338805,43,0.025430230605839127,,,,208.47636131706926,56.0,0.03780081480759181
low_volatility|60d|q10_minus_middle|unconstrained_beta|r63|ensemble,low_volatility|60d,low_volatility,60d,63,low_volatility_family_sensitivity,lower_tail,q10_minus_middle,market_neutral,False,63,ensemble,3,66.33333333333333,0.0,0.0,,10,self_financing_spread_return,4181,-0.0201831150437759,0.10595563580827971,-0.13944276526838115,-0.34958252987587535,0.495,0.29411764705882354,0.03860457550207808,1.7632860712237013,0.0778522533191592,-0.3591648521735244,-0.42239715244927456,0.8029393344660186,2.0254071864100287,-0.0035142936410764557,8.15852425746776,0.008158524257467761,43,0.025430230605839127,,,,208.47636131706926,56.0,0.03780081480759181
low_volatility|60d|q10_minus_middle|unconstrained_beta|r63|ensemble,low_volatility|60d,low_volatility,60d,63,low_volatility_family_sensitivity,lower_tail,q10_minus_middle,market_neutral,False,63,ensemble,3,66.33333333333333,0.0,0.0,,25,self_financing_spread_return,4181,-0.032115263044816045,0.10610811247190267,-0.2545489467556591,-0.4594590405126183,0.465,0.29411764705882354,0.026377183427086937,1.2016346878531357,0.2295050958339233,-0.35921578280040395,-0.42239715244927456,0.8029393344660186,2.0254071864100287,-0.0035142936410764557,8.15852425746776,0.020396310643669403,43,0.025430230605839127,,,,208.47636131706926,56.0,0.03780081480759181
low_volatility|60d|q10_minus_middle|beta_neutral|r1|ensemble,low_volatility|60d,low_volatility,60d,63,low_volatility_family_sensitivity,lower_tail,q10_minus_middle,market_neutral,True,1,ensemble,1,4181.0,0.0,4181.0,1.0,0,self_financing_spread_return,4181,0.0507781294690024,0.10299433231554522,0.532479449591973,-0.1753913834568358,0.545,0.8823529411764706,0.0551440116769019,2.125293212484814,0.03356215429031949,-0.0020296388557797846,-9.635681493713556e-19,4.85722573273506e-16,2.0,0.5330100326035657,50.580218235109555,0.0,0,0.0,,,,210.3259985649366,168.0,0.04401622435521047
low_volatility|60d|q10_minus_middle|beta_neutral|r1|ensemble,low_volatility|60d,low_volatility,60d,63,low_volatility_family_sensitivity,lower_tail,q10_minus_middle,market_neutral,True,1,ensemble,1,4181.0,0.0,4181.0,1.0,5,self_financing_spread_return,4181,0.02453520099834039,0.10298833861010051,0.2868963022157595,-0.18991833770013877,0.52,0.7058823529411765,0.029827413675790747,1.14775175789611,0.25107105776766026,-0.0018869525344942812,-9.635681493713556e-19,4.85722573273506e-16,2.0,0.5330100326035657,50.580218235109555,0.025290109117554777,0,0.0,,,,210.3259985649366,168.0,0.04401622435521047
low_volatility|60d|q10_minus_middle|beta_neutral|r1|ensemble,low_volatility|60d,low_volatility,60d,63,low_volatility_family_sensitivity,lower_tail,q10_minus_middle,market_neutral,True,1,ensemble,1,4181.0,0.0,4181.0,1.0,10,self_financing_spread_return,4181,-0.0010559318911800286,0.10299284602571324,0.04128035896423872,-0.30009994028589493,0.505,0.5294117647058824,0.004510815674679071,0.1732582129134141,0.8624484681551481,-0.001744266213208761,-9.635681493713556e-19,4.85722573273506e-16,2.0,0.5330100326035657,50.580218235109555,0.05058021823510955,0,0.0,,,,210.3259985649366,168.0,0.04401622435521047
low_volatility|60d|q10_minus_middle|beta_neutral|r1|ensemble,low_volatility|60d,low_volatility,60d,63,low_volatility_family_sensitivity,lower_tail,q10_minus_middle,market_neutral,True,1,ensemble,1,4181.0,0.0,4181.0,1.0,25,self_financing_spread_return,4181,-0.07407758304909196,0.10306934517343978,-0.6950135737880553,-0.7408800896905452,0.395,0.11764705882352941,-0.07143897832865582,-2.7250375044745665,0.006429418329980921,-0.0013162072493521683,-9.635681493713556e-19,4.85722573273506e-16,2.0,0.5330100326035657,50.580218235109555,0.12645054558777388,0,0.0,,,,210.3259985649366,168.0,0.04401622435521047
low_volatility|60d|q10_minus_middle|beta_neutral|r5|ensemble,low_volatility|60d,low_volatility,60d,63,low_volatility_family_sensitivity,lower_tail,q10_minus_middle,market_neutral,True,5,ensemble,3,836.3333333333334,0.0,836.3333333333334,1.0,0,self_financing_spread_return,4181,0.051701515387768904,0.10337945522436698,0.5393492445347533,-0.18050600907298142,0.555,0.8823529411764706,0.05489092970344069,2.117594510697065,0.034209423474582064,0.005831633983057332,-0.0005904438005372876,0.12626323990501045,2.0004090970278128,0.5330471332690064,26.86651762661646,0.0,16,0.02258402915276508,,,,210.19038507534083,56.0,0.04503871712568861
low_volatility|60d|q10_minus_middle|beta_neutral|r5|ensemble,low_volatility|60d,low_volatility,60d,63,low_volatility_family_sensitivity,lower_tail,q10_minus_middle,market_neutral,True,5,ensemble,3,836.3333333333334,0.0,836.3333333333334,1.0,5,self_financing_spread_return,4181,0.037667449054568536,0.10337718644228856,0.40938918787103706,-0.1866450059912773,0.54,0.8235294117647058,0.04146937461199878,1.5996273711301756,0.10968127265520967,0.005733575066653083,-0.0005904438005372876,0.12626323990501045,2.0004090970278128,0.5330471332690064,26.86651762661646,0.013433258813308232,16,0.02258402915276508,,,,210.19038507534083,56.0,0.04503871712568861
low_volatility|60d|q10_minus_middle|beta_neutral|r5|ensemble,low_volatility|60d,low_volatility,60d,63,low_volatility_family_sensitivity,lower_tail,q10_minus_middle,market_neutral,True,5,ensemble,3,836.3333333333334,0.0,836.3333333333334,1.0,10,self_financing_spread_return,4181,0.023819164823417394,0.10338207672331742,0.27940407703002706,-0.19549030015912106,0.51,0.7058823529411765,0.02804781952055688,1.0816998517406318,0.2793859190666418,0.005635516150248868,-0.0005904438005372876,0.12626323990501045,2.0004090970278128,0.5330471332690064,26.86651762661646,0.026866517626616463,16,0.02258402915276508,,,,210.19038507534083,56.0,0.04503871712568861
low_volatility|60d|q10_minus_middle|beta_neutral|r5|ensemble,low_volatility|60d,low_volatility,60d,63,low_volatility_family_sensitivity,lower_tail,q10_minus_middle,market_neutral,True,5,ensemble,3,836.3333333333334,0.0,836.3333333333334,1.0,25,self_financing_spread_return,4181,-0.016635233899688795,0.1034396843591711,-0.11043162364104125,-0.3956578080119476,0.49,0.29411764705882354,-0.012216845753768725,-0.47067310968643344,0.6378741900098117,0.005341339401036001,-0.0005904438005372876,0.12626323990501045,2.0004090970278128,0.5330471332690064,26.86651762661646,0.06716629406654115,16,0.02258402915276508,,,,210.19038507534083,56.0,0.04503871712568861
low_volatility|60d|q10_minus_middle|beta_neutral|r21|ensemble,low_volatility|60d,low_volatility,60d,63,low_volatility_family_sensitivity,lower_tail,q10_minus_middle,market_neutral,True,21,ensemble,3,199.33333333333334,0.0,199.33333333333334,1.0,0,self_financing_spread_return,4181,0.04982033136395936,0.10384988615884046,0.5201264711380431,-0.20033046260734888,0.57,0.8823529411764706,0.048885793885377456,1.829762459849555,0.06728546653871818,0.03451256677467524,-0.0024214712045505953,0.32500080648951923,2.000685053509028,0.5342267554873075,14.302709656844181,0.0,27,0.032978307942754165,,,,209.66483297456747,56.0,0.046543961247533794
low_volatility|60d|q10_minus_middle|beta_neutral|r21|ensemble,low_volatility|60d,low_volatility,60d,63,low_volatility_family_sensitivity,lower_tail,q10_minus_middle,market_neutral,True,21,ensemble,3,199.33333333333334,0.0,199.33333333333334,1.0,5,self_financing_spread_return,4181,0.04233866758583993,0.10385742268955368,0.45122006827245514,-0.20949341810304034,0.565,0.8823529411764706,0.04175103152190977,1.5622684575738401,0.11822475942841058,0.03439307400576749,-0.0024214712045505953,0.32500080648951923,2.000685053509028,0.5342267554873075,14.302709656844181,0.00715135482842209,27,0.032978307942754165,,,,209.66483297456747,56.0,0.046543961247533794
low_volatility|60d|q10_minus_middle|beta_neutral|r21|ensemble,low_volatility|60d,low_volatility,60d,63,low_volatility_family_sensitivity,lower_tail,q10_minus_middle,market_neutral,True,21,ensemble,3,199.33333333333334,0.0,199.33333333333334,1.0,10,self_financing_spread_return,4181,0.034908719546373534,0.10387791621783697,0.38227597686888604,-0.21855369018784376,0.545,0.8823529411764706,0.034616269158441904,1.2947976578472686,0.19539004017952544,0.0342735812368598,-0.0024214712045505953,0.32500080648951923,2.000685053509028,0.5342267554873075,14.302709656844181,0.01430270965684418,27,0.032978307942754165,,,,209.66483297456747,56.0,0.046543961247533794
low_volatility|60d|q10_minus_middle|beta_neutral|r21|ensemble,low_volatility|60d,low_volatility,60d,63,low_volatility_family_sensitivity,lower_tail,q10_minus_middle,market_neutral,True,21,ensemble,3,199.33333333333334,0.0,199.33333333333334,1.0,25,self_financing_spread_return,4181,0.012925716576752677,0.10401703799414344,0.17547574773658683,-0.24512959540175194,0.525,0.47058823529411764,0.013211982068038764,0.4933225712769884,0.6217846823710665,0.03391510293013661,-0.0024214712045505953,0.32500080648951923,2.000685053509028,0.5342267554873075,14.302709656844181,0.03575677414211045,27,0.032978307942754165,,,,209.66483297456747,56.0,0.046543961247533794
low_volatility|60d|q10_minus_middle|beta_neutral|r63|ensemble,low_volatility|60d,low_volatility,60d,63,low_volatility_family_sensitivity,lower_tail,q10_minus_middle,market_neutral,True,63,ensemble,3,66.33333333333333,0.0,66.33333333333333,1.0,0,self_financing_spread_return,4181,0.056346844889713976,0.10275529058007363,0.5848878567573558,-0.18645466282782253,0.57,0.8823529411764706,0.05002709143635943,1.9178154877750493,0.05513441122540873,0.06777812251979855,-0.006952902191592472,0.3912819408952932,2.0041020180204474,0.5294824122944197,8.190769309031007,0.0,43,0.031050549784594827,,,,208.3151558638284,56.0,0.048657027108408635
low_volatility|60d|q10_minus_middle|beta_neutral|r63|ensemble,low_volatility|60d,low_volatility,60d,63,low_volatility_family_sensitivity,lower_tail,q10_minus_middle,market_neutral,True,63,ensemble,3,66.33333333333333,0.0,66.33333333333333,1.0,5,self_financing_spread_return,4181,0.052028786430301066,0.10276738289152444,0.5449652875744123,-0.1921628191980974,0.565,0.8823529411764706,0.04593493996903619,1.7606385063243601,0.0782996069038367,0.06775447951176473,-0.006952902191592472,0.3912819408952932,2.0041020180204474,0.5294824122944197,8.190769309031007,0.004095384654515503,43,0.031050549784594827,,,,208.3151558638284,56.0,0.048657027108408635
low_volatility|60d|q10_minus_middle|beta_neutral|r63|ensemble,low_volatility|60d,low_volatility,60d,63,low_volatility_family_sensitivity,lower_tail,q10_minus_middle,market_neutral,True,63,ensemble,3,66.33333333333333,0.0,66.33333333333333,1.0,10,self_financing_spread_return,4181,0.04772686781391777,0.10279285080399621,0.5049863940695578,-0.19783316427561537,0.565,0.8823529411764706,0.041842788501712844,1.6032537429326152,0.10887864453005157,0.0677308365037309,-0.006952902191592472,0.3912819408952932,2.0041020180204474,0.5294824122944197,8.190769309031007,0.008190769309031006,43,0.031050549784594827,,,,208.3151558638284,56.0,0.048657027108408635
low_volatility|60d|q10_minus_middle|beta_neutral|r63|ensemble,low_volatility|60d,low_volatility,60d,63,low_volatility_family_sensitivity,lower_tail,q10_minus_middle,market_neutral,True,63,ensemble,3,66.33333333333333,0.0,66.33333333333333,1.0,25,self_financing_spread_return,4181,0.034917404781942274,0.1029493828135973,0.3848687001266741,-0.2146196813300677,0.55,0.8235294117647058,0.029566334099743134,1.1306272364545464,0.25821201882290545,0.06765990747962944,-0.006952902191592472,0.3912819408952932,2.0041020180204474,0.5294824122944197,8.190769309031007,0.020476923272577517,43,0.031050549784594827,,,,208.3151558638284,56.0,0.048657027108408635
low_volatility|60d|q10_minus_q1|unconstrained_beta|r1|ensemble,low_volatility|60d,low_volatility,60d,63,low_volatility_family_sensitivity,lower_tail,q10_minus_q1,market_neutral,False,1,ensemble,1,4181.0,0.0,0.0,,0,self_financing_spread_return,4181,-0.10093612129843088,0.2711025057880062,-0.2563806417436008,-0.8711626046577325,0.46,0.29411764705882354,0.07306778061797425,1.530761454720255,0.12582835917472898,-0.9593094374581157,-0.8449586657285695,1.438787397711643,2.0,1.850482349403626e-18,51.326469789430114,0.0,0,0.0,,,,84.02463525472375,67.0,0.030303030303030304
low_volatility|60d|q10_minus_q1|unconstrained_beta|r1|ensemble,low_volatility|60d,low_volatility,60d,63,low_volatility_family_sensitivity,lower_tail,q10_minus_q1,market_neutral,False,1,ensemble,1,4181.0,0.0,0.0,,5,self_financing_spread_return,4181,-0.1237170108617891,0.27107109665036305,-0.3510542604079605,-0.9028083085247515,0.425,0.29411764705882354,0.04737898576108563,0.9920856592450281,0.3211557415069428,-0.9590835878796047,-0.8449586657285695,1.438787397711643,2.0,1.850482349403626e-18,51.326469789430114,0.025663234894715056,0,0.0,,,,84.02463525472375,67.0,0.030303030303030304
low_volatility|60d|q10_minus_q1|unconstrained_beta|r1|ensemble,low_volatility|60d,low_volatility,60d,63,low_volatility_family_sensitivity,lower_tail,q10_minus_q1,market_neutral,False,1,ensemble,1,4181.0,0.0,0.0,,10,self_financing_spread_return,4181,-0.1459236863463943,0.2710430804951651,-0.44574424136632074,-0.9335041362562829,0.415,0.29411764705882354,0.021690190904197437,0.45392363544232583,0.6498837912472243,-0.9588577383010929,-0.8449586657285695,1.438787397711643,2.0,1.850482349403626e-18,51.326469789430114,0.05132646978943011,0,0.0,,,,84.02463525472375,67.0,0.030303030303030304
low_volatility|60d|q10_minus_q1|unconstrained_beta|r1|ensemble,low_volatility|60d,low_volatility,60d,63,low_volatility_family_sensitivity,lower_tail,q10_minus_q1,market_neutral,False,1,ensemble,1,4181.0,0.0,0.0,,25,self_financing_spread_return,4181,-0.2092406206407985,0.2709793998108421,-0.7298768070635298,-0.9800290934511298,0.365,0.11764705882352941,-0.055376193666467975,-1.1565293677806527,0.24746469432477824,-0.9581801895655595,-0.8449586657285695,1.438787397711643,2.0,1.850482349403626e-18,51.326469789430114,0.12831617447357527,0,0.0,,,,84.02463525472375,67.0,0.030303030303030304
low_volatility|60d|q10_minus_q1|unconstrained_beta|r5|ensemble,low_volatility|60d,low_volatility,60d,63,low_volatility_family_sensitivity,lower_tail,q10_minus_q1,market_neutral,False,5,ensemble,3,836.3333333333334,0.0,0.0,,0,self_financing_spread_return,4181,-0.11239864648910924,0.26986761131082865,-0.3058848821222906,-0.8919347643080917,0.455,0.29411764705882354,0.05744059405999772,1.170977411225681,0.241607856972324,-0.9419215570997375,-0.8497768774174228,1.7609228998570066,2.0048090222415307,-0.0008433708198731036,27.30482432961455,0.0,2,0.015735126552459042,,,,83.94443115682054,22.333333333333332,0.051758979430260726
low_volatility|60d|q10_minus_q1|unconstrained_beta|r5|ensemble,low_volatility|60d,low_volatility,60d,63,low_volatility_family_sensitivity,lower_tail,q10_minus_q1,market_neutral,False,5,ensemble,3,836.3333333333334,0.0,0.0,,5,self_financing_spread_return,4181,-0.12443484297775498,0.2698657977672518,-0.3564451166663796,-0.9117885969112982,0.45,0.29411764705882354,0.04380497357854774,0.8927674502823196,0.37198172076989766,-0.9419774229043492,-0.8497768774174228,1.7609228998570066,2.0048090222415307,-0.0008433708198731036,27.30482432961455,0.013652412164807276,2,0.015735126552459042,,,,83.94443115682054,22.333333333333332,0.051758979430260726
low_volatility|60d|q10_minus_q1|unconstrained_beta|r5|ensemble,low_volatility|60d,low_volatility,60d,63,low_volatility_family_sensitivity,lower_tail,q10_minus_q1,market_neutral,False,5,ensemble,3,836.3333333333334,0.0,0.0,,10,self_financing_spread_return,4181,-0.13630908930231533,0.2698666723491968,-0.4070019765992708,-0.9279964565807064,0.45,0.29411764705882354,0.030169353097097344,0.6146932955755032,0.5387572882857898,-0.9420332887089613,-0.8497768774174228,1.7609228998570066,2.0048090222415307,-0.0008433708198731036,27.30482432961455,0.027304824329614553,2,0.015735126552459042,,,,83.94443115682054,22.333333333333332,0.051758979430260726
low_volatility|60d|q10_minus_q1|unconstrained_beta|r5|ensemble,low_volatility|60d,low_volatility,60d,63,low_volatility_family_sensitivity,lower_tail,q10_minus_q1,market_neutral,False,5,ensemble,3,836.3333333333334,0.0,0.0,,25,self_financing_spread_return,4181,-0.17098160574693078,0.2698854241852159,-0.5586372046748698,-0.9608453138566493,0.415,0.29411764705882354,-0.010737508347251738,-0.21856575900066758,0.8269883282363153,-0.9422008861227964,-0.8497768774174228,1.7609228998570066,2.0048090222415307,-0.0008433708198731036,27.30482432961455,0.06826206082403638,2,0.015735126552459042,,,,83.94443115682054,22.333333333333332,0.051758979430260726
low_volatility|60d|q10_minus_q1|unconstrained_beta|r21|ensemble,low_volatility|60d,low_volatility,60d,63,low_volatility_family_sensitivity,lower_tail,q10_minus_q1,market_neutral,False,21,ensemble,3,199.33333333333334,0.0,0.0,,0,self_financing_spread_return,4181,-0.10130457295192052,0.2639386388701513,-0.2719423404744017,-0.8754142962022957,0.46,0.35294117647058826,0.057396193329694575,1.1274773518440784,0.25954071087655206,-0.8691407539435222,-0.8623382738328338,1.9101537227012448,2.014534375091735,-0.001253900484895377,14.825547305582356,0.0,2,0.02278568203527394,,,,83.62241887905606,22.333333333333332,0.05860079839220217
low_volatility|60d|q10_minus_q1|unconstrained_beta|r21|ensemble,low_volatility|60d,low_volatility,60d,63,low_volatility_family_sensitivity,lower_tail,q10_minus_q1,market_neutral,False,21,ensemble,3,199.33333333333334,0.0,0.0,,5,self_financing_spread_return,4181,-0.10794249775703268,0.26394002883743745,-0.3000088140920229,-0.8884380794691028,0.46,0.35294117647058826,0.049998245381976204,0.9818907307469069,0.32615368275584766,-0.8692100303030736,-0.8623382738328338,1.9101537227012448,2.014534375091735,-0.001253900484895377,14.825547305582356,0.007412773652791178,2,0.02278568203527394,,,,83.62241887905606,22.333333333333332,0.05860079839220217
low_volatility|60d|q10_minus_q1|unconstrained_beta|r21|ensemble,low_volatility|60d,low_volatility,60d,63,low_volatility_family_sensitivity,lower_tail,q10_minus_q1,market_neutral,False,21,ensemble,3,199.33333333333334,0.0,0.0,,10,self_financing_spread_return,4181,-0.11453284221097193,0.26394677683115625,-0.32806833229595816,-0.9001028759650568,0.455,0.29411764705882354,0.04260029743425794,0.8363578505626703,0.40295361710803324,-0.8692793066626254,-0.8623382738328338,1.9101537227012448,2.014534375091735,-0.001253900484895377,14.825547305582356,0.014825547305582356,2,0.02278568203527394,,,,83.62241887905606,22.333333333333332,0.05860079839220217
low_volatility|60d|q10_minus_q1|unconstrained_beta|r21|ensemble,low_volatility|60d,low_volatility,60d,63,low_volatility_family_sensitivity,lower_tail,q10_minus_q1,market_neutral,False,21,ensemble,3,199.33333333333334,0.0,0.0,,25,self_financing_spread_return,4181,-0.13402168963306005,0.2639991632311011,-0.4121880883974801,-0.9282867623481885,0.445,0.29411764705882354,0.02040645359110331,0.40020757849247485,0.6890036332065104,-0.8694871357412804,-0.8623382738328338,1.9101537227012448,2.014534375091735,-0.001253900484895377,14.825547305582356,0.03706386826395589,2,0.02278568203527394,,,,83.62241887905606,22.333333333333332,0.05860079839220217
low_volatility|60d|q10_minus_q1|unconstrained_beta|r63|ensemble,low_volatility|60d,low_volatility,60d,63,low_volatility_family_sensitivity,lower_tail,q10_minus_q1,market_neutral,False,63,ensemble,3,66.33333333333333,0.0,0.0,,0,self_financing_spread_return,4181,-0.09604036676421157,0.27655443557654,-0.2267769900006595,-0.8637475865866129,0.455,0.29411764705882354,0.05762016536680139,1.0059160045282196,0.31445597676957127,-0.8096878093543375,-0.9081596616416276,4.402373933523357,2.064817742025217,-0.011032788651756463,9.012419204873813,0.0,2,0.02350297850625392,,,,82.88152754524435,22.333333333333332,0.1334168784668973
low_volatility|60d|q10_minus_q1|unconstrained_beta|r63|ensemble,low_volatility|60d,low_volatility,60d,63,low_volatility_family_sensitivity,lower_tail,q10_minus_q1,market_neutral,False,63,ensemble,3,66.33333333333333,0.0,0.0,,5,self_financing_spread_return,4181,-0.10010541456052724,0.2765576758525178,-0.24305986245110428,-0.8726102153227899,0.455,0.29411764705882354,0.0531189559774088,0.9272178803485163,0.3538134210694299,-0.8097058337090183,-0.9081596616416276,4.402373933523357,2.064817742025217,-0.011032788651756463,9.012419204873813,0.0045062096024369065,2,0.02350297850625392,,,,82.88152754524435,22.333333333333332,0.1334168784668973
low_volatility|60d|q10_minus_q1|unconstrained_beta|r63|ensemble,low_volatility|60d,low_volatility,60d,63,low_volatility_family_sensitivity,lower_tail,q10_minus_q1,market_neutral,False,63,ensemble,3,66.33333333333333,0.0,0.0,,10,self_financing_spread_return,4181,-0.10415373655607363,0.27656688326257967,-0.2593367578487141,-0.8808995106959303,0.455,0.29411764705882354,0.048617746588016125,0.8485050766978791,0.39615674638059384,-0.8097238580636991,-0.9081596616416276,4.402373933523357,2.064817742025217,-0.011032788651756463,9.012419204873813,0.009012419204873813,2,0.02350297850625392,,,,82.88152754524435,22.333333333333332,0.1334168784668973
low_volatility|60d|q10_minus_q1|unconstrained_beta|r63|ensemble,low_volatility|60d,low_volatility,60d,63,low_volatility_family_sensitivity,lower_tail,q10_minus_q1,market_neutral,False,63,ensemble,3,66.33333333333333,0.0,0.0,,25,self_financing_spread_return,4181,-0.11619897159318515,0.27663030040819964,-0.30812106718338206,-0.9026846093742056,0.45,0.29411764705882354,0.03511411841983867,0.612375010789822,0.5402896712625169,-0.8097779311277415,-0.9081596616416276,4.402373933523357,2.064817742025217,-0.011032788651756463,9.012419204873813,0.022531048012184533,2,0.02350297850625392,,,,82.88152754524435,22.333333333333332,0.1334168784668973
low_volatility|60d|q10_minus_q1|beta_neutral|r1|ensemble,low_volatility|60d,low_volatility,60d,63,low_volatility_family_sensitivity,lower_tail,q10_minus_q1,market_neutral,True,1,ensemble,1,4181.0,0.0,4181.0,1.0,0,self_financing_spread_return,4181,0.06860851407489132,0.18178632684060095,0.4558292892199861,-0.363638597860373,0.565,0.7647058823529411,0.08635395437241843,2.0040677937664166,0.04506279880189683,-0.02348544201978011,2.9729077699695807e-18,6.661338147750939e-16,2.0,0.8439933644575146,51.54626286455549,0.0,0,0.0,,,,83.86964840947142,67.0,0.04874740484513292
low_volatility|60d|q10_minus_q1|beta_neutral|r1|ensemble,low_volatility|60d,low_volatility,60d,63,low_volatility_family_sensitivity,lower_tail,q10_minus_q1,market_neutral,True,1,ensemble,1,4181.0,0.0,4181.0,1.0,5,self_financing_spread_return,4181,0.04141705725032119,0.18176505053857314,0.3140443436588071,-0.38133668801654674,0.545,0.6470588235294118,0.06055549196370925,1.4044392022171375,0.16018810412365037,-0.023369601799873324,2.9729077699695807e-18,6.661338147750939e-16,2.0,0.8439933644575146,51.54626286455549,0.025773131432277746,0,0.0,,,,83.86964840947142,67.0,0.04874740484513292
low_volatility|60d|q10_minus_q1|beta_neutral|r1|ensemble,low_volatility|60d,low_volatility,60d,63,low_volatility_family_sensitivity,lower_tail,q10_minus_q1,market_neutral,True,1,ensemble,1,4181.0,0.0,4181.0,1.0,10,self_financing_spread_return,4181,0.014913696491791528,0.18174994391922392,0.17222035486976467,-0.4623739180571985,0.54,0.5882352941176471,0.034757029554999735,0.8055130256941052,0.42052369278321744,-0.02325376157996615,2.9729077699695807e-18,6.661338147750939e-16,2.0,0.8439933644575146,51.54626286455549,0.05154626286455549,0,0.0,,,,83.86964840947142,67.0,0.04874740484513292
low_volatility|60d|q10_minus_q1|beta_neutral|r1|ensemble,low_volatility|60d,low_volatility,60d,63,low_volatility_family_sensitivity,lower_tail,q10_minus_q1,market_neutral,True,1,ensemble,1,4181.0,0.0,4181.0,1.0,25,self_financing_spread_return,4181,-0.06063882135018184,0.1817416544005432,-0.2533414741053252,-0.7245982258802773,0.48,0.23529411764705882,-0.04263835767112918,-0.9854654389782025,0.32439549973372983,-0.022906240920245086,2.9729077699695807e-18,6.661338147750939e-16,2.0,0.8439933644575146,51.54626286455549,0.1288656571613887,0,0.0,,,,83.86964840947142,67.0,0.04874740484513292
low_volatility|60d|q10_minus_q1|beta_neutral|r5|ensemble,low_volatility|60d,low_volatility,60d,63,low_volatility_family_sensitivity,lower_tail,q10_minus_q1,market_neutral,True,5,ensemble,3,836.3333333333334,0.0,836.3333333333334,1.0,0,self_financing_spread_return,4181,0.06109095007822529,0.18126425613959235,0.41773437648370565,-0.3549749122362764,0.575,0.7058823529411765,0.07734843388918139,1.777229117523637,0.07553055055306447,-0.01095488823794379,-0.0011981956539331466,0.2651727373646086,2.0004460612441215,0.844250994676823,27.33168117105992,0.0,2,0.021198480051052113,,,,83.79016184325918,22.333333333333332,0.051266148937231935
low_volatility|60d|q10_minus_q1|beta_neutral|r5|ensemble,low_volatility|60d,low_volatility,60d,63,low_volatility_family_sensitivity,lower_tail,q10_minus_q1,market_neutral,True,5,ensemble,3,836.3333333333334,0.0,836.3333333333334,1.0,5,self_financing_spread_return,4181,0.04668809518191752,0.1812569632790081,0.3423375752774101,-0.36464511463006677,0.56,0.7058823529411765,0.06369572346274395,1.4633388117316397,0.14337469262892458,-0.011066119598338574,-0.0011981956539331466,0.2651727373646086,2.0004460612441215,0.844250994676823,27.33168117105992,0.01366584058552996,2,0.021198480051052113,,,,83.79016184325918,22.333333333333332,0.051266148937231935
low_volatility|60d|q10_minus_q1|beta_neutral|r5|ensemble,low_volatility|60d,low_volatility,60d,63,low_volatility_family_sensitivity,lower_tail,q10_minus_q1,market_neutral,True,5,ensemble,3,836.3333333333334,0.0,836.3333333333334,1.0,10,self_financing_spread_return,4181,0.03247918550251394,0.1812538915896011,0.2669284900897848,-0.3741716279877382,0.55,0.6470588235294118,0.05004301303630716,1.149499986357061,0.2503498723748462,-0.01117735095873307,-0.0011981956539331466,0.2651727373646086,2.0004460612441215,0.844250994676823,27.33168117105992,0.02733168117105992,2,0.021198480051052113,,,,83.79016184325918,22.333333333333332,0.051266148937231935
low_volatility|60d|q10_minus_q1|beta_neutral|r5|ensemble,low_volatility|60d,low_volatility,60d,63,low_volatility_family_sensitivity,lower_tail,q10_minus_q1,market_neutral,True,5,ensemble,3,836.3333333333334,0.0,836.3333333333334,1.0,25,self_financing_spread_return,4181,-0.009009608784073642,0.18127000421987038,0.04068021357491702,-0.5208312517273177,0.51,0.5882352941176471,0.009084881756994763,0.2085483340584204,0.834800847037628,-0.01151104503991715,-0.0011981956539331466,0.2651727373646086,2.0004460612441215,0.844250994676823,27.33168117105992,0.0683292029276498,2,0.021198480051052113,,,,83.79016184325918,22.333333333333332,0.051266148937231935
low_volatility|60d|q10_minus_q1|beta_neutral|r21|ensemble,low_volatility|60d,low_volatility,60d,63,low_volatility_family_sensitivity,lower_tail,q10_minus_q1,market_neutral,True,21,ensemble,3,199.33333333333334,0.0,199.33333333333334,1.0,0,self_financing_spread_return,4181,0.05891908030053927,0.17974985919625638,0.40838421189361934,-0.3526435818420953,0.56,0.6470588235294118,0.06835481518740395,1.5519110719083662,0.12068350331182129,0.03399385339476649,-0.0038035755232798812,0.5257796111470051,1.997901460362999,0.8461746536704721,14.617685897019259,0.0,2,0.03112675489762799,,,,83.47149804671929,22.333333333333332,0.05183177522381646
low_volatility|60d|q10_minus_q1|beta_neutral|r21|ensemble,low_volatility|60d,low_volatility,60d,63,low_volatility_family_sensitivity,lower_tail,q10_minus_q1,market_neutral,True,21,ensemble,3,199.33333333333334,0.0,199.33333333333334,1.0,5,self_financing_spread_return,4181,0.051206973731442895,0.17974816122660722,0.3677138239424924,-0.36033409126575444,0.56,0.6470588235294118,0.06106390534395189,1.3860984047631704,0.16571685742638986,0.03385786268359178,-0.0038035755232798812,0.5257796111470051,1.997901460362999,0.8461746536704721,14.617685897019259,0.00730884294850963,2,0.03112675489762799,,,,83.47149804671929,22.333333333333332,0.05183177522381646
low_volatility|60d|q10_minus_q1|beta_neutral|r21|ensemble,low_volatility|60d,low_volatility,60d,63,low_volatility_family_sensitivity,lower_tail,q10_minus_q1,market_neutral,True,21,ensemble,3,199.33333333333334,0.0,199.33333333333334,1.0,10,self_financing_spread_return,4181,0.04354935056871234,0.17975425973353373,0.3270284827954822,-0.3679352593228581,0.555,0.6470588235294118,0.05377299550049982,1.2203065650422866,0.22234868201490487,0.03372187197241701,-0.0038035755232798812,0.5257796111470051,1.997901460362999,0.8461746536704721,14.617685897019259,0.01461768589701926,2,0.03112675489762799,,,,83.47149804671929,22.333333333333332,0.05183177522381646
low_volatility|60d|q10_minus_q1|beta_neutral|r21|ensemble,low_volatility|60d,low_volatility,60d,63,low_volatility_family_sensitivity,lower_tail,q10_minus_q1,market_neutral,True,21,ensemble,3,199.33333333333334,0.0,199.33333333333334,1.0,25,self_financing_spread_return,4181,0.020899663100396593,0.179819321110817,0.20493570982963324,-0.43168318681886175,0.55,0.6470588235294118,0.03190026597014368,0.7232454891544489,0.46952907610316763,0.03331389983889276,-0.0038035755232798812,0.5257796111470051,1.997901460362999,0.8461746536704721,14.617685897019259,0.036544214742548146,2,0.03112675489762799,,,,83.47149804671929,22.333333333333332,0.05183177522381646
low_volatility|60d|q10_minus_q1|beta_neutral|r63|ensemble,low_volatility|60d,low_volatility,60d,63,low_volatility_family_sensitivity,lower_tail,q10_minus_q1,market_neutral,True,63,ensemble,3,66.33333333333333,0.0,66.33333333333333,1.0,0,self_financing_spread_return,4181,0.060997173387692394,0.1802533086856331,0.41865067603365336,-0.36692664688138343,0.555,0.6470588235294118,0.06225828993389055,1.4088445350281402,0.15888114314966206,0.0888495473890944,-0.016630357459831595,0.6779389474889402,2.003294604523894,0.8407653804785723,8.595800404940858,0.0,2,0.03241099909083478,,,,82.75093677748544,22.333333333333332,0.057497148791121444
low_volatility|60d|q10_minus_q1|beta_neutral|r63|ensemble,low_volatility|60d,low_volatility,60d,63,low_volatility_family_sensitivity,lower_tail,q10_minus_q1,market_neutral,True,63,ensemble,3,66.33333333333333,0.0,66.33333333333333,1.0,5,self_financing_spread_return,4181,0.056446063822189085,0.18025574702494104,0.39479547768628676,-0.36814132866567895,0.555,0.6470588235294118,0.05796372591996771,1.3114842301753988,0.18969421813738918,0.08881959346616589,-0.016630357459831595,0.6779389474889402,2.003294604523894,0.8407653804785723,8.595800404940858,0.00429790020247043,2,0.03241099909083478,,,,82.75093677748544,22.333333333333332,0.057497148791121444
low_volatility|60d|q10_minus_q1|beta_neutral|r63|ensemble,low_volatility|60d,low_volatility,60d,63,low_volatility_family_sensitivity,lower_tail,q10_minus_q1,market_neutral,True,63,ensemble,3,66.33333333333333,0.0,66.33333333333333,1.0,10,self_financing_spread_return,4181,0.05191281256167857,0.1802665469164155,0.3709237188488461,-0.3693542676646234,0.555,0.6470588235294118,0.0536691619060447,1.2140749602591185,0.22471910079359048,0.08878963954323736,-0.016630357459831595,0.6779389474889402,2.003294604523894,0.8407653804785723,8.595800404940858,0.00859580040494086,2,0.03241099909083478,,,,82.75093677748544,22.333333333333332,0.057497148791121444
low_volatility|60d|q10_minus_q1|beta_neutral|r63|ensemble,low_volatility|60d,low_volatility,60d,63,low_volatility_family_sensitivity,lower_tail,q10_minus_q1,market_neutral,True,63,ensemble,3,66.33333333333333,0.0,66.33333333333333,1.0,25,self_financing_spread_return,4181,0.038419573707380694,0.18034909506731112,0.2992423698479618,-0.3729826446243396,0.54,0.6470588235294118,0.04078546986427605,0.9217355814014783,0.35666651610162947,0.08869977777445207,-0.016630357459831595,0.6779389474889402,2.003294604523894,0.8407653804785723,8.595800404940858,0.021489501012352145,2,0.03241099909083478,,,,82.75093677748544,22.333333333333332,0.057497148791121444
low_volatility|90d|continuous_high_minus_low|unconstrained_beta|r1|ensemble,low_volatility|90d,low_volatility,90d,63,low_volatility_family_sensitivity,lower_tail,continuous_high_minus_low,market_neutral,False,1,ensemble,1,4181.0,0.0,0.0,,0,self_financing_spread_return,4181,-0.0609850786452415,0.1718421492745953,-0.27995977587850107,-0.7112646678834191,0.465,0.4117647058823529,0.04627566952789006,1.5225771353399031,0.1278645337637112,-0.6350701869213646,-0.593417418681194,1.0336338112921715,2.0,-6.582489343786664e-19,22.1232741084125,0.0,0,0.0,,,,419.3654628079407,335.0,0.011940191473340744
low_volatility|90d|continuous_high_minus_low|unconstrained_beta|r1|ensemble,low_volatility|90d,low_volatility,90d,63,low_volatility_family_sensitivity,lower_tail,continuous_high_minus_low,market_neutral,False,1,ensemble,1,4181.0,0.0,0.0,,5,self_financing_spread_return,4181,-0.07131519536185149,0.17183864675830285,-0.34431900006859556,-0.7401019579973555,0.46,0.4117647058823529,0.03520765796995459,1.157704429945049,0.24698467553952286,-0.6350056593551594,-0.593417418681194,1.0336338112921715,2.0,-6.582489343786664e-19,22.1232741084125,0.01106163705420625,0,0.0,,,,419.3654628079407,335.0,0.011940191473340744
low_volatility|90d|continuous_high_minus_low|unconstrained_beta|r1|ensemble,low_volatility|90d,low_volatility,90d,63,low_volatility_family_sensitivity,lower_tail,continuous_high_minus_low,market_neutral,False,1,ensemble,1,4181.0,0.0,0.0,,10,self_financing_spread_return,4181,-0.08153228773186139,0.1718362199932255,-0.408678289450803,-0.7791042917536789,0.455,0.4117647058823529,0.024139646412019117,0.7932557832650645,0.42762881281581555,-0.6349411317889533,-0.593417418681194,1.0336338112921715,2.0,-6.582489343786664e-19,22.1232741084125,0.0221232741084125,0,0.0,,,,419.3654628079407,335.0,0.011940191473340744
low_volatility|90d|continuous_high_minus_low|unconstrained_beta|r1|ensemble,low_volatility|90d,low_volatility,90d,63,low_volatility_family_sensitivity,lower_tail,continuous_high_minus_low,market_neutral,False,1,ensemble,1,4181.0,0.0,0.0,,25,self_financing_spread_return,4181,-0.11151765236160072,0.17183539456003788,-0.6017444601559482,-0.8651296491201451,0.43,0.23529411764705882,-0.009064388261786835,-0.2972443339886905,0.7662799769228814,-0.6347475490903376,-0.593417418681194,1.0336338112921715,2.0,-6.582489343786664e-19,22.1232741084125,0.05530818527103124,0,0.0,,,,419.3654628079407,335.0,0.011940191473340744
low_volatility|90d|continuous_high_minus_low|unconstrained_beta|r5|ensemble,low_volatility|90d,low_volatility,90d,63,low_volatility_family_sensitivity,lower_tail,continuous_high_minus_low,market_neutral,False,5,ensemble,3,836.3333333333334,0.0,0.0,,0,self_financing_spread_return,4181,-0.06281454136835485,0.17065304056822556,-0.2944655577441949,-0.7153032038727936,0.47,0.4117647058823529,0.041960452779642686,1.3524806805049274,0.17622159501593748,-0.6204513353334505,-0.5957564100271417,1.1160316050521535,2.0032098021700384,-0.00045271945078168886,12.17512947621589,0.0,18,0.013557681173669624,,,,419.0585186956868,111.66666666666667,0.016785740554318734
low_volatility|90d|continuous_high_minus_low|unconstrained_beta|r5|ensemble,low_volatility|90d,low_volatility,90d,63,low_volatility_family_sensitivity,lower_tail,continuous_high_minus_low,market_neutral,False,5,ensemble,3,836.3333333333334,0.0,0.0,,5,self_financing_spread_return,4181,-0.06850252725535566,0.1706586602943571,-0.3301092463309848,-0.7397456423246066,0.47,0.4117647058823529,0.03588396787407337,1.1563120305334575,0.24755354920796302,-0.62050566190984,-0.5957564100271417,1.1160316050521535,2.0032098021700384,-0.00045271945078168886,12.17512947621589,0.006087564738107945,18,0.013557681173669624,,,,419.0585186956868,111.66666666666667,0.016785740554318734
low_volatility|90d|continuous_high_minus_low|unconstrained_beta|r5|ensemble,low_volatility|90d,low_volatility,90d,63,low_volatility_family_sensitivity,lower_tail,continuous_high_minus_low,market_neutral,False,5,ensemble,3,836.3333333333334,0.0,0.0,,10,self_financing_spread_return,4181,-0.07415626757992833,0.1706651632652471,-0.3657486946564044,-0.762090597657874,0.46,0.4117647058823529,0.029807482968504082,0.9602391935365884,0.336934845355513,-0.6205599884862288,-0.5957564100271417,1.1160316050521535,2.0032098021700384,-0.00045271945078168886,12.17512947621589,0.01217512947621589,18,0.013557681173669624,,,,419.0585186956868,111.66666666666667,0.016785740554318734
low_volatility|90d|continuous_high_minus_low|unconstrained_beta|r5|ensemble,low_volatility|90d,low_volatility,90d,63,low_volatility_family_sensitivity,lower_tail,continuous_high_minus_low,market_neutral,False,5,ensemble,3,836.3333333333334,0.0,0.0,,25,self_financing_spread_return,4181,-0.09091405447955259,0.17068997056841212,-0.47263607400491353,-0.81826382387173,0.445,0.29411764705882354,0.011578028251795413,0.3726512352664875,0.7094080348135057,-0.6207229682153967,-0.5957564100271417,1.1160316050521535,2.0032098021700384,-0.00045271945078168886,12.17512947621589,0.03043782369053973,18,0.013557681173669624,,,,419.0585186956868,111.66666666666667,0.016785740554318734
low_volatility|90d|continuous_high_minus_low|unconstrained_beta|r21|ensemble,low_volatility|90d,low_volatility,90d,63,low_volatility_family_sensitivity,lower_tail,continuous_high_minus_low,market_neutral,False,21,ensemble,3,199.33333333333334,0.0,0.0,,0,self_financing_spread_return,4181,-0.05879234151396173,0.1664422327064688,-0.28055449275747285,-0.6946814238936952,0.465,0.4117647058823529,0.03823485893136771,1.1910973499748088,0.23361537008929856,-0.5714613781443592,-0.6018987990045365,1.1504748976752752,2.0107681775062307,-0.0009082539129504074,7.079624479619051,0.0,27,0.01952005765915303,,,,417.8694889579846,111.66666666666667,0.020878782282181083
low_volatility|90d|continuous_high_minus_low|unconstrained_beta|r21|ensemble,low_volatility|90d,low_volatility,90d,63,low_volatility_family_sensitivity,lower_tail,continuous_high_minus_low,market_neutral,False,21,ensemble,3,199.33333333333334,0.0,0.0,,5,self_financing_spread_return,4181,-0.06211832760660385,0.1664462261107064,-0.30180495300014076,-0.7102080040306569,0.465,0.4117647058823529,0.034707791540294686,1.0809661505988608,0.27971217100610823,-0.5715361449089467,-0.6018987990045365,1.1504748976752752,2.0107681775062307,-0.0009082539129504074,7.079624479619051,0.0035398122398095254,27,0.01952005765915303,,,,417.8694889579846,111.66666666666667,0.020878782282181083
low_volatility|90d|continuous_high_minus_low|unconstrained_beta|r21|ensemble,low_volatility|90d,low_volatility,90d,63,low_volatility_family_sensitivity,lower_tail,continuous_high_minus_low,market_neutral,False,21,ensemble,3,199.33333333333334,0.0,0.0,,10,self_financing_spread_return,4181,-0.0654329144127801,0.16645218931814676,-0.32305057053724284,-0.7249465097880697,0.465,0.4117647058823529,0.031180724149221645,0.9708710223939716,0.3316125098087773,-0.571610911673534,-0.6018987990045365,1.1504748976752752,2.0107681775062307,-0.0009082539129504074,7.079624479619051,0.007079624479619051,27,0.01952005765915303,,,,417.8694889579846,111.66666666666667,0.020878782282181083
low_volatility|90d|continuous_high_minus_low|unconstrained_beta|r21|ensemble,low_volatility|90d,low_volatility,90d,63,low_volatility_family_sensitivity,lower_tail,continuous_high_minus_low,market_neutral,False,21,ensemble,3,199.33333333333334,0.0,0.0,,25,self_financing_spread_return,4181,-0.0753086572023921,0.16648189529339727,-0.3867508382635404,-0.7648228222759903,0.465,0.4117647058823529,0.02059952197600247,0.6408561468789504,0.5216161498307286,-0.5718352119672958,-0.6018987990045365,1.1504748976752752,2.0107681775062307,-0.0009082539129504074,7.079624479619051,0.017699061199047628,27,0.01952005765915303,,,,417.8694889579846,111.66666666666667,0.020878782282181083
low_volatility|90d|continuous_high_minus_low|unconstrained_beta|r63|ensemble,low_volatility|90d,low_volatility,90d,63,low_volatility_family_sensitivity,lower_tail,continuous_high_minus_low,market_neutral,False,63,ensemble,3,66.33333333333333,0.0,0.0,,0,self_financing_spread_return,4181,-0.05926111837847825,0.1677298846177449,-0.28015152691653,-0.6977900014851106,0.455,0.4117647058823529,0.03138032091232418,0.9179999231796291,0.3586189060776923,-0.5273163024017505,-0.6275025490174778,1.6739441824953305,2.0439422649913457,-0.006541958785113716,4.505667373226621,0.0,45,0.020332021163551144,,,,414.9336681814558,111.66666666666667,0.03277314648580998
low_volatility|90d|continuous_high_minus_low|unconstrained_beta|r63|ensemble,low_volatility|90d,low_volatility,90d,63,low_volatility_family_sensitivity,lower_tail,continuous_high_minus_low,market_neutral,False,63,ensemble,3,66.33333333333333,0.0,0.0,,5,self_financing_spread_return,4181,-0.06137826456387707,0.1677345702912669,-0.2935672880046445,-0.7076325083319641,0.455,0.35294117647058826,0.029133768643600306,0.8522098857217959,0.39409761079108674,-0.5273502637005539,-0.6275025490174778,1.6739441824953305,2.0439422649913457,-0.006541958785113716,4.505667373226621,0.0022528336866133106,45,0.020332021163551144,,,,414.9336681814558,111.66666666666667,0.03277314648580998
low_volatility|90d|continuous_high_minus_low|unconstrained_beta|r63|ensemble,low_volatility|90d,low_volatility,90d,63,low_volatility_family_sensitivity,lower_tail,continuous_high_minus_low,market_neutral,False,63,ensemble,3,66.33333333333333,0.0,0.0,,10,self_financing_spread_return,4181,-0.06349105207305983,0.16774171443954175,-0.30697780034570876,-0.7171562539871976,0.455,0.35294117647058826,0.02688721637487655,0.7864082065700668,0.4316283771745193,-0.5273842249993574,-0.6275025490174778,1.6739441824953305,2.0439422649913457,-0.006541958785113716,4.505667373226621,0.004505667373226621,45,0.020332021163551144,,,,414.9336681814558,111.66666666666667,0.03277314648580998
low_volatility|90d|continuous_high_minus_low|unconstrained_beta|r63|ensemble,low_volatility|90d,low_volatility,90d,63,low_volatility_family_sensitivity,lower_tail,continuous_high_minus_low,market_neutral,False,63,ensemble,3,66.33333333333333,0.0,0.0,,25,self_financing_spread_return,4181,-0.06980334395141563,0.1677778940519887,-0.34717196632787817,-0.7439159444436136,0.45,0.35294117647058826,0.020147559568705207,0.5889895146941276,0.5558683074015701,-0.5274861088957677,-0.6275025490174778,1.6739441824953305,2.0439422649913457,-0.006541958785113716,4.505667373226621,0.011264168433066553,45,0.020332021163551144,,,,414.9336681814558,111.66666666666667,0.03277314648580998
low_volatility|90d|continuous_high_minus_low|beta_neutral|r1|ensemble,low_volatility|90d,low_volatility,90d,63,low_volatility_family_sensitivity,lower_tail,continuous_high_minus_low,market_neutral,True,1,ensemble,1,4181.0,0.0,4181.0,1.0,0,self_financing_spread_return,4181,0.044502744324953936,0.12298056532630053,0.41560060266145327,-0.29059022156242176,0.565,0.7058823529411765,0.05288527806785172,1.7804098054246789,0.07500891822109088,-0.01193966462788216,-1.5294485561634788e-19,4.579669976578771e-16,2.0,0.5957664208912573,20.94915752464456,0.0,0,0.0,,,,418.9454675914853,335.0,0.01789118815665984
low_volatility|90d|continuous_high_minus_low|beta_neutral|r1|ensemble,low_volatility|90d,low_volatility,90d,63,low_volatility_family_sensitivity,lower_tail,continuous_high_minus_low,market_neutral,True,1,ensemble,1,4181.0,0.0,4181.0,1.0,5,self_financing_spread_return,4181,0.03361880244238025,0.1229808891675928,0.33041704938536914,-0.3122317687364424,0.565,0.7058823529411765,0.04240407261207593,1.4269270090660742,0.1536009347563859,-0.011903391611993079,-1.5294485561634788e-19,4.579669976578771e-16,2.0,0.5957664208912573,20.94915752464456,0.01047457876232228,0,0.0,,,,418.9454675914853,335.0,0.01789118815665984
low_volatility|90d|continuous_high_minus_low|beta_neutral|r1|ensemble,low_volatility|90d,low_volatility,90d,63,low_volatility_family_sensitivity,lower_tail,continuous_high_minus_low,market_neutral,True,1,ensemble,1,4181.0,0.0,4181.0,1.0,10,self_financing_spread_return,4181,0.022847648341754123,0.12298264390939741,0.2452310914380092,-0.35676197211103045,0.56,0.6470588235294118,0.03192286715630022,1.073724104686158,0.2829463544644649,-0.011867118596103947,-1.5294485561634788e-19,4.579669976578771e-16,2.0,0.5957664208912573,20.94915752464456,0.02094915752464456,0,0.0,,,,418.9454675914853,335.0,0.01789118815665984
low_volatility|90d|continuous_high_minus_low|beta_neutral|r1|ensemble,low_volatility|90d,low_volatility,90d,63,low_volatility_family_sensitivity,lower_tail,continuous_high_minus_low,market_neutral,True,1,ensemble,1,4181.0,0.0,4181.0,1.0,25,self_financing_spread_return,4181,-0.008800652375109963,0.12299649267576317,-0.01031147787802973,-0.47379993087872574,0.505,0.47058823529411764,0.00047925078897274203,0.01609420752542751,0.9871592346428619,-0.011758299548436667,-1.5294485561634788e-19,4.579669976578771e-16,2.0,0.5957664208912573,20.94915752464456,0.05237289381161139,0,0.0,,,,418.9454675914853,335.0,0.01789118815665984
low_volatility|90d|continuous_high_minus_low|beta_neutral|r5|ensemble,low_volatility|90d,low_volatility,90d,63,low_volatility_family_sensitivity,lower_tail,continuous_high_minus_low,market_neutral,True,5,ensemble,3,836.3333333333334,0.0,836.3333333333334,1.0,0,self_financing_spread_return,4181,0.04271331980229642,0.12283009662952442,0.4019906725469994,-0.2779591259044588,0.57,0.7058823529411765,0.04993675313286453,1.6705410355931127,0.09481236755396866,-0.003769327410645329,-0.0008289076672722122,0.1651505664227573,2.000757429891651,0.5958101823874365,11.647000553737096,0.0,18,0.013314060236056557,,,,418.63796539902734,111.66666666666667,0.018079114603466586
low_volatility|90d|continuous_high_minus_low|beta_neutral|r5|ensemble,low_volatility|90d,low_volatility,90d,63,low_volatility_family_sensitivity,lower_tail,continuous_high_minus_low,market_neutral,True,5,ensemble,3,836.3333333333334,0.0,836.3333333333334,1.0,5,self_financing_spread_return,4181,0.03665858239313691,0.12282996987142164,0.3545741228498331,-0.2889741532279493,0.57,0.7058823529411765,0.04412257316798828,1.4757935950051162,0.139999310716572,-0.0038369112880960493,-0.0008289076672722122,0.1651505664227573,2.000757429891651,0.5958101823874365,11.647000553737096,0.005823500276868548,18,0.013314060236056557,,,,418.63796539902734,111.66666666666667,0.018079114603466586
low_volatility|90d|continuous_high_minus_low|beta_neutral|r5|ensemble,low_volatility|90d,low_volatility,90d,63,low_volatility_family_sensitivity,lower_tail,continuous_high_minus_low,market_neutral,True,5,ensemble,3,836.3333333333334,0.0,836.3333333333334,1.0,10,self_financing_spread_return,4181,0.030638719375802648,0.12283098872115543,0.3071546105209242,-0.3149369063139449,0.565,0.7058823529411765,0.03830839320311253,1.2810975798948925,0.2001593938066576,-0.003904495165546667,-0.0008289076672722122,0.1651505664227573,2.000757429891651,0.5958101823874365,11.647000553737096,0.011647000553737095,18,0.013314060236056557,,,,418.63796539902734,111.66666666666667,0.018079114603466586
low_volatility|90d|continuous_high_minus_low|beta_neutral|r5|ensemble,low_volatility|90d,low_volatility,90d,63,low_volatility_family_sensitivity,lower_tail,continuous_high_minus_low,market_neutral,True,5,ensemble,3,836.3333333333334,0.0,836.3333333333334,1.0,25,self_financing_spread_return,4181,0.012786389777863283,0.12284091847206531,0.1648915668625436,-0.3894498342562861,0.54,0.6470588235294118,0.020865853308484103,0.697377908182151,0.4855663232564993,-0.00410724679789866,-0.0008289076672722122,0.1651505664227573,2.000757429891651,0.5958101823874365,11.647000553737096,0.02911750138434274,18,0.013314060236056557,,,,418.63796539902734,111.66666666666667,0.018079114603466586
low_volatility|90d|continuous_high_minus_low|beta_neutral|r21|ensemble,low_volatility|90d,low_volatility,90d,63,low_volatility_family_sensitivity,lower_tail,continuous_high_minus_low,market_neutral,True,21,ensemble,3,199.33333333333334,0.0,199.33333333333334,1.0,0,self_financing_spread_return,4181,0.040651077114433276,0.1222079647990943,0.38722938133443985,-0.2825134064195921,0.565,0.7058823529411765,0.04358372693225926,1.4488016524661576,0.14739298218809616,0.025156578651299964,-0.0028033277312587397,0.3050005259211978,2.000762139759561,0.596365294711786,6.794517294019534,0.0,27,0.019241903029650963,,,,417.45140715937174,111.66666666666667,0.018133802793627533
low_volatility|90d|continuous_high_minus_low|beta_neutral|r21|ensemble,low_volatility|90d,low_volatility,90d,63,low_volatility_family_sensitivity,lower_tail,continuous_high_minus_low,market_neutral,True,21,ensemble,3,199.33333333333334,0.0,199.33333333333334,1.0,5,self_financing_spread_return,4181,0.037121531705473165,0.12220267322369491,0.3594357429592427,-0.2867912640682462,0.555,0.7058823529411765,0.040198841615411776,1.336016150946372,0.1815439943476831,0.025064931612370382,-0.0028033277312587397,0.3050005259211978,2.000762139759561,0.596365294711786,6.794517294019534,0.0033972586470097667,27,0.019241903029650963,,,,417.45140715937174,111.66666666666667,0.018133802793627533
low_volatility|90d|continuous_high_minus_low|beta_neutral|r21|ensemble,low_volatility|90d,low_volatility,90d,63,low_volatility_family_sensitivity,lower_tail,continuous_high_minus_low,market_neutral,True,21,ensemble,3,199.33333333333334,0.0,199.33333333333334,1.0,10,self_financing_spread_return,4181,0.03360359250856515,0.12219989756775693,0.331632869477358,-0.2981020862798933,0.555,0.7058823529411765,0.03681395629856439,1.2232541481443544,0.22123371953618476,0.024973284573440755,-0.0028033277312587397,0.3050005259211978,2.000762139759561,0.596365294711786,6.794517294019534,0.0067945172940195335,27,0.019241903029650963,,,,417.45140715937174,111.66666666666667,0.018133802793627533
low_volatility|90d|continuous_high_minus_low|beta_neutral|r21|ensemble,low_volatility|90d,low_volatility,90d,63,low_volatility_family_sensitivity,lower_tail,continuous_high_minus_low,market_neutral,True,21,ensemble,3,199.33333333333334,0.0,199.33333333333334,1.0,25,self_financing_spread_return,4181,0.023119042960168867,0.12220666705407471,0.24818600757865475,-0.346507696073481,0.54,0.6470588235294118,0.026659300348022184,0.8851681036361777,0.3760659726139296,0.024698343456651912,-0.0028033277312587397,0.3050005259211978,2.000762139759561,0.596365294711786,6.794517294019534,0.016986293235048834,27,0.019241903029650963,,,,417.45140715937174,111.66666666666667,0.018133802793627533
low_volatility|90d|continuous_high_minus_low|beta_neutral|r63|ensemble,low_volatility|90d,low_volatility,90d,63,low_volatility_family_sensitivity,lower_tail,continuous_high_minus_low,market_neutral,True,63,ensemble,3,66.33333333333333,0.0,66.33333333333333,1.0,0,self_financing_spread_return,4181,0.036647422097062954,0.12476443938226778,0.35098970115437084,-0.3085485077470108,0.56,0.7058823529411765,0.033274202264944285,1.0771722709908715,0.2814033107459477,0.07076290771506046,-0.011259527646387803,0.46345834959750265,2.0091232031149997,0.596626939454336,4.260692622772804,0.0,45,0.019697276318902907,,,,414.55042653272744,111.66666666666667,0.01873803208472743
low_volatility|90d|continuous_high_minus_low|beta_neutral|r63|ensemble,low_volatility|90d,low_volatility,90d,63,low_volatility_family_sensitivity,lower_tail,continuous_high_minus_low,market_neutral,True,63,ensemble,3,66.33333333333333,0.0,66.33333333333333,1.0,5,self_financing_spread_return,4181,0.03444115207650311,0.12476429955632178,0.3339114558682229,-0.3111854628736851,0.56,0.7058823529411765,0.031149306182048645,1.0082974125685882,0.31331170478222803,0.07072315345210754,-0.011259527646387803,0.46345834959750265,2.0091232031149997,0.596626939454336,4.260692622772804,0.002130346311386402,45,0.019697276318902907,,,,414.55042653272744,111.66666666666667,0.01873803208472743
low_volatility|90d|continuous_high_minus_low|beta_neutral|r63|ensemble,low_volatility|90d,low_volatility,90d,63,low_volatility_family_sensitivity,lower_tail,continuous_high_minus_low,market_neutral,True,63,ensemble,3,66.33333333333333,0.0,66.33333333333333,1.0,10,self_financing_spread_return,4181,0.03223917298641332,0.1247671576073679,0.31682555950647046,-0.3138129657418681,0.56,0.7058823529411765,0.02902441009915317,0.9394048665628142,0.3475229153488293,0.07068339918915453,-0.011259527646387803,0.46345834959750265,2.0091232031149997,0.596626939454336,4.260692622772804,0.004260692622772804,45,0.019697276318902907,,,,414.55042653272744,111.66666666666667,0.01873803208472743
low_volatility|90d|continuous_high_minus_low|beta_neutral|r63|ensemble,low_volatility|90d,low_volatility,90d,63,low_volatility_family_sensitivity,lower_tail,continuous_high_minus_low,market_neutral,True,63,ensemble,3,66.33333333333333,0.0,66.33333333333333,1.0,25,self_financing_spread_return,4181,0.025658905666704257,0.1247937158824645,0.26553429487958424,-0.3359300301692687,0.555,0.7058823529411765,0.0226497218504662,0.7326861327802473,0.463749883705737,0.07056413640029582,-0.011259527646387803,0.46345834959750265,2.0091232031149997,0.596626939454336,4.260692622772804,0.010651731556932009,45,0.019697276318902907,,,,414.55042653272744,111.66666666666667,0.01873803208472743
low_volatility|90d|long_q1|unconstrained_beta|r1|ensemble,low_volatility|90d,low_volatility,90d,63,low_volatility_family_sensitivity,lower_tail,long_q1,long_only,False,1,ensemble,1,4181.0,0.0,0.0,,0,return_minus_risk_free,4181,0.17330936692187504,0.31071740871612724,0.6224324098261843,-0.6145521647874421,0.6,0.7647058823529411,-0.009773023694306581,-0.2986431736184751,0.7652123200701979,1.5192422552616869,1.4525472484315312,1.9634508438977203,1.0,1.0,15.66841433487373,0.0,0,0.0,,,,41.550346806983974,33.0,0.030303030303030304
low_volatility|90d|long_q1|unconstrained_beta|r1|ensemble,low_volatility|90d,low_volatility,90d,63,low_volatility_family_sensitivity,lower_tail,long_q1,long_only,False,1,ensemble,1,4181.0,0.0,0.0,,5,return_minus_risk_free,4181,0.16415310240555803,0.31070233384883617,0.5972245490604874,-0.6154360718944369,0.59,0.7647058823529411,-0.017603734542533788,-0.537940965244903,0.5906178056434563,1.5191615094339472,1.4525472484315312,1.9634508438977203,1.0,1.0,15.66841433487373,0.007834207167436866,0,0.0,,,,41.550346806983974,33.0,0.030303030303030304
low_volatility|90d|long_q1|unconstrained_beta|r1|ensemble,low_volatility|90d,low_volatility,90d,63,low_volatility_family_sensitivity,lower_tail,long_q1,long_only,False,1,ensemble,1,4181.0,0.0,0.0,,10,return_minus_risk_free,4181,0.15506783931942847,0.31068773793776283,0.5720133677836364,-0.6163180403104838,0.585,0.7647058823529411,-0.02543444539076119,-0.7772341632831373,0.43702062975496136,1.519080763606209,1.4525472484315312,1.9634508438977203,1.0,1.0,15.66841433487373,0.01566841433487373,0,0.0,,,,41.550346806983974,33.0,0.030303030303030304
low_volatility|90d|long_q1|unconstrained_beta|r1|ensemble,low_volatility|90d,low_volatility,90d,63,low_volatility_family_sensitivity,lower_tail,long_q1,long_only,False,1,ensemble,1,4181.0,0.0,0.0,,25,return_minus_risk_free,4181,0.12823260855050167,0.31064682460589266,0.49636106144277925,-0.6204901291709319,0.585,0.7058823529411765,-0.04892657793544259,-1.4949810183639805,0.13491939607785142,1.5188385261229937,1.4525472484315312,1.9634508438977203,1.0,1.0,15.66841433487373,0.03917103583718433,0,0.0,,,,41.550346806983974,33.0,0.030303030303030304
low_volatility|90d|long_q1|unconstrained_beta|r5|ensemble,low_volatility|90d,low_volatility,90d,63,low_volatility_family_sensitivity,lower_tail,long_q1,long_only,False,5,ensemble,3,836.3333333333334,0.0,0.0,,0,return_minus_risk_free,4181,0.17376490479740125,0.30787367660719217,0.6264164886453647,-0.5906043220979162,0.585,0.7647058823529411,-0.008794634426840423,-0.2736858447611345,0.7843260568121014,1.5078583820890787,1.4514411410819508,1.9556079515368117,0.9987713963382074,0.9987713963382074,8.757527531861001,0.0,0,0.0,,,,41.494857689547956,11.0,0.04033402528342773
low_volatility|90d|long_q1|unconstrained_beta|r5|ensemble,low_volatility|90d,low_volatility,90d,63,low_volatility_family_sensitivity,lower_tail,long_q1,long_only,False,5,ensemble,3,836.3333333333334,0.0,0.0,,5,return_minus_risk_free,4181,0.16863640900874133,0.3078601525854912,0.6122020798053098,-0.5910651689982938,0.585,0.7647058823529411,-0.013169474204121658,-0.40982609766976114,0.6819335204634933,1.5077862464501688,1.4514411410819508,1.9556079515368117,0.9987713963382074,0.9987713963382074,8.757527531861001,0.0043787637659305,0,0.0,,,,41.494857689547956,11.0,0.04033402528342773
low_volatility|90d|long_q1|unconstrained_beta|r5|ensemble,low_volatility|90d,low_volatility,90d,63,low_volatility_family_sensitivity,lower_tail,long_q1,long_only,False,5,ensemble,3,836.3333333333334,0.0,0.0,,10,return_minus_risk_free,4181,0.16353013624053503,0.3078468980371697,0.5979859029702619,-0.591525532407551,0.58,0.7647058823529411,-0.017544313981403492,-0.5459613224353026,0.5850925241701017,1.50771411081126,1.4514411410819508,1.9556079515368117,0.9987713963382074,0.9987713963382074,8.757527531861001,0.008757527531861,0,0.0,,,,41.494857689547956,11.0,0.04033402528342773
low_volatility|90d|long_q1|unconstrained_beta|r5|ensemble,low_volatility|90d,low_volatility,90d,63,low_volatility_family_sensitivity,lower_tail,long_q1,long_only,False,5,ensemble,3,836.3333333333334,0.0,0.0,,25,return_minus_risk_free,4181,0.14834370307607014,0.30780875157705634,0.5553271350223844,-0.5929037264073763,0.575,0.7647058823529411,-0.030668833313247927,-0.9543150247060912,0.33992420496985465,1.5074977038945316,1.4514411410819508,1.9556079515368117,0.9987713963382074,0.9987713963382074,8.757527531861001,0.021893818829652502,0,0.0,,,,41.494857689547956,11.0,0.04033402528342773
low_volatility|90d|long_q1|unconstrained_beta|r21|ensemble,low_volatility|90d,low_volatility,90d,63,low_volatility_family_sensitivity,lower_tail,long_q1,long_only,False,21,ensemble,3,199.33333333333334,0.0,0.0,,0,return_minus_risk_free,4181,0.16899506346215887,0.3002777160000083,0.6209043632762548,-0.5401544302998134,0.59,0.7647058823529411,-0.011154626342931927,-0.3584262084048477,0.7200243812764326,1.4775513272549332,1.4479339454321154,1.9279631907507282,0.994187002501303,0.994187002501303,5.132876663634539,0.0,0,0.0,,,,41.28900581997927,11.0,0.04651382615165942
low_volatility|90d|long_q1|unconstrained_beta|r21|ensemble,low_volatility|90d,low_volatility,90d,63,low_volatility_family_sensitivity,lower_tail,long_q1,long_only,False,21,ensemble,3,199.33333333333334,0.0,0.0,,5,return_minus_risk_free,4181,0.1659986397427835,0.30026614123776435,0.6123672268702742,-0.5403749059959839,0.59,0.7647058823529411,-0.013713336539783743,-0.4406357929792961,0.6594766861247829,1.4774625451567134,1.4479339454321154,1.9279631907507282,0.994187002501303,0.994187002501303,5.132876663634539,0.0025664383318172697,0,0.0,,,,41.28900581997927,11.0,0.04651382615165942
low_volatility|90d|long_q1|unconstrained_beta|r21|ensemble,low_volatility|90d,low_volatility,90d,63,low_volatility_family_sensitivity,lower_tail,long_q1,long_only,False,21,ensemble,3,199.33333333333334,0.0,0.0,,10,return_minus_risk_free,4181,0.1630096640842582,0.3002551510591073,0.6038282582410701,-0.5405952965446981,0.59,0.7647058823529411,-0.016272046736635362,-0.5228373495802795,0.601087445747407,1.477373763058492,1.4479339454321154,1.9279631907507282,0.994187002501303,0.994187002501303,5.132876663634539,0.0051328766636345394,0,0.0,,,,41.28900581997927,11.0,0.04651382615165942
low_volatility|90d|long_q1|unconstrained_beta|r21|ensemble,low_volatility|90d,low_volatility,90d,63,low_volatility_family_sensitivity,lower_tail,long_q1,long_only,False,21,ensemble,3,199.33333333333334,0.0,0.0,,25,return_minus_risk_free,4181,0.15408724627416004,0.30022568864956733,0.5782008547139279,-0.5412559575607511,0.59,0.7647058823529411,-0.023948177327190776,-0.7693704576791097,0.44167342108765617,1.477107416763832,1.4479339454321154,1.9279631907507282,0.994187002501303,0.994187002501303,5.132876663634539,0.012832191659086348,0,0.0,,,,41.28900581997927,11.0,0.04651382615165942
low_volatility|90d|long_q1|unconstrained_beta|r63|ensemble,low_volatility|90d,low_volatility,90d,63,low_volatility_family_sensitivity,lower_tail,long_q1,long_only,False,63,ensemble,3,66.33333333333333,0.0,0.0,,0,return_minus_risk_free,4181,0.16376699558505736,0.2891282559321284,0.6179222994201149,-0.5043952191572301,0.605,0.7647058823529411,-0.011313778964341019,-0.3717375211282217,0.7100882859533808,1.4205285273661536,1.439537313754643,1.8615996027936887,0.9843202902268513,0.9843202902268513,3.2689500657937707,0.0,0,0.0,,,,40.80347604241409,11.0,0.052857145349912
low_volatility|90d|long_q1|unconstrained_beta|r63|ensemble,low_volatility|90d,low_volatility,90d,63,low_volatility_family_sensitivity,lower_tail,long_q1,long_only,False,63,ensemble,3,66.33333333333333,0.0,0.0,,5,return_minus_risk_free,4181,0.1618662701342295,0.2891268549733685,0.6122678913160562,-0.504444423201827,0.605,0.7647058823529411,-0.012945728335831979,-0.4253331986870944,0.6705937955173713,1.420500473939807,1.439537313754643,1.8615996027936887,0.9843202902268513,0.9843202902268513,3.2689500657937707,0.0016344750328968853,0,0.0,,,,40.80347604241409,11.0,0.052857145349912
low_volatility|90d|long_q1|unconstrained_beta|r63|ensemble,low_volatility|90d,low_volatility,90d,63,low_volatility_family_sensitivity,lower_tail,long_q1,long_only,False,63,ensemble,3,66.33333333333333,0.0,0.0,,10,return_minus_risk_free,4181,0.15996838739889552,0.28912619955342905,0.6066118645761287,-0.504493627246424,0.605,0.7647058823529411,-0.014577677707322772,-0.4789134724335738,0.6320001861675126,1.420472420513461,1.439537313754643,1.8615996027936887,0.9843202902268513,0.9843202902268513,3.2689500657937707,0.0032689500657937707,0,0.0,,,,40.80347604241409,11.0,0.052857145349912
low_volatility|90d|long_q1|unconstrained_beta|r63|ensemble,low_volatility|90d,low_volatility,90d,63,low_volatility_family_sensitivity,lower_tail,long_q1,long_only,False,63,ensemble,3,66.33333333333333,0.0,0.0,,25,return_minus_risk_free,4181,0.1542917568506037,0.2891287065483984,0.5896345100486927,-0.5046412393802142,0.605,0.7647058823529411,-0.019473525821795512,-0.6395317246978409,0.5224770822583651,1.420388260234421,1.439537313754643,1.8615996027936887,0.9843202902268513,0.9843202902268513,3.2689500657937707,0.008172375164484427,0,0.0,,,,40.80347604241409,11.0,0.052857145349912
low_volatility|90d|long_q10|unconstrained_beta|r1|ensemble,low_volatility|90d,low_volatility,90d,63,low_volatility_family_sensitivity,lower_tail,long_q10,long_only,False,1,ensemble,1,4181.0,0.0,0.0,,0,return_minus_risk_free,4181,0.13055602811447464,0.12971132810056915,0.8963913381913239,-0.30341012290172076,0.635,1.0,0.042473001669548954,2.061704165802261,0.039235909727666614,0.5519388360573106,0.5635185371113254,0.8327612628839288,1.0,1.0,19.095224264742434,0.0,0,0.0,,,,42.43889021765128,34.0,0.029411764705882353
low_volatility|90d|long_q10|unconstrained_beta|r1|ensemble,low_volatility|90d,low_volatility,90d,63,low_volatility_family_sensitivity,lower_tail,long_q10,long_only,False,1,ensemble,1,4181.0,0.0,0.0,,5,return_minus_risk_free,4181,0.11981293616870836,0.1297204807014908,0.822713522374578,-0.30612277963745094,0.63,1.0,0.0329182993006943,1.5958204787933632,0.11052887974459577,0.5519716438198808,0.5635185371113254,0.8327612628839288,1.0,1.0,19.095224264742434,0.009547612132371217,0,0.0,,,,42.43889021765128,34.0,0.029411764705882353
low_volatility|90d|long_q10|unconstrained_beta|r1|ensemble,low_volatility|90d,low_volatility,90d,63,low_volatility_family_sensitivity,lower_tail,long_q10,long_only,False,1,ensemble,1,4181.0,0.0,0.0,,10,return_minus_risk_free,4181,0.10917124302256598,0.12973162395513763,0.7490347911603856,-0.3088254852442629,0.625,0.9411764705882353,0.023363596931839297,1.1310498006414214,0.25803413118046037,0.5520044515824518,0.5635185371113254,0.8327612628839288,1.0,1.0,19.095224264742434,0.019095224264742434,0,0.0,,,,42.43889021765128,34.0,0.029411764705882353
low_volatility|90d|long_q10|unconstrained_beta|r1|ensemble,low_volatility|90d,low_volatility,90d,63,low_volatility_family_sensitivity,lower_tail,long_q10,long_only,False,1,ensemble,1,4181.0,0.0,0.0,,25,return_minus_risk_free,4181,0.07784509430781306,0.1297769920466091,0.5280270270836083,-0.3168742378026155,0.6,0.7058823529411765,-0.005300510174725444,-0.2554005787626967,0.7984137238222346,0.5521028748701633,0.5635185371113254,0.8327612628839288,1.0,1.0,19.095224264742434,0.04773806066185609,0,0.0,,,,42.43889021765128,34.0,0.029411764705882353
low_volatility|90d|long_q10|unconstrained_beta|r5|ensemble,low_volatility|90d,low_volatility,90d,63,low_volatility_family_sensitivity,lower_tail,long_q10,long_only,False,5,ensemble,3,836.3333333333334,0.0,0.0,,0,return_minus_risk_free,4181,0.12839643305875637,0.13028784744979516,0.8783045815077303,-0.3048923771608161,0.62,1.0,0.040147822099318914,1.9481867751380422,0.05139261865297841,0.5555675361984785,0.5629182393668535,0.8282418261451139,0.999470426754932,0.999470426754932,10.103845215397154,0.0,2,0.01545275500660299,,,,42.41305907677589,11.333333333333334,0.03419979418639522
low_volatility|90d|long_q10|unconstrained_beta|r5|ensemble,low_volatility|90d,low_volatility,90d,63,low_volatility_family_sensitivity,lower_tail,long_q10,long_only,False,5,ensemble,3,836.3333333333334,0.0,0.0,,5,return_minus_risk_free,4181,0.12271011011995037,0.13028114627158272,0.8395541496909467,-0.3061238422568995,0.62,1.0,0.03509986596010784,1.7025727908858008,0.08864804559867069,0.5555162019589447,0.5629182393668535,0.8282418261451139,0.999470426754932,0.999470426754932,10.103845215397154,0.005051922607698578,2,0.01545275500660299,,,,42.41305907677589,11.333333333333334,0.03419979418639522
low_volatility|90d|long_q10|unconstrained_beta|r5|ensemble,low_volatility|90d,low_volatility,90d,63,low_volatility_family_sensitivity,lower_tail,long_q10,long_only,False,5,ensemble,3,836.3333333333334,0.0,0.0,,10,return_minus_risk_free,4181,0.11705219011131196,0.1302754012815368,0.80079393464559,-0.3073533141185121,0.62,1.0,0.03005190982089783,1.4571142779660555,0.1450848377559967,0.5554648677194106,0.5629182393668535,0.8282418261451139,0.999470426754932,0.999470426754932,10.103845215397154,0.010103845215397155,2,0.01545275500660299,,,,42.41305907677589,11.333333333333334,0.03419979418639522
low_volatility|90d|long_q10|unconstrained_beta|r5|ensemble,low_volatility|90d,low_volatility,90d,63,low_volatility_family_sensitivity,lower_tail,long_q10,long_only,False,5,ensemble,3,836.3333333333334,0.0,0.0,,25,return_minus_risk_free,4181,0.10024744490705984,0.13026390460023052,0.6844631072091318,-0.3110297995400493,0.615,0.8823529411764706,0.014908041403265364,0.7218456795779,0.4703893613677018,0.555310865000809,0.5629182393668535,0.8282418261451139,0.999470426754932,0.999470426754932,10.103845215397154,0.025259613038492883,2,0.01545275500660299,,,,42.41305907677589,11.333333333333334,0.03419979418639522
low_volatility|90d|long_q10|unconstrained_beta|r21|ensemble,low_volatility|90d,low_volatility,90d,63,low_volatility_family_sensitivity,lower_tail,long_q10,long_only,False,21,ensemble,3,199.33333333333334,0.0,0.0,,0,return_minus_risk_free,4181,0.1254012203766539,0.132196707497726,0.8474488906513677,-0.31760965028356836,0.64,1.0,0.0359717617408491,1.7163633623591399,0.08609555788094779,0.568825254901344,0.5604367278121594,0.8291663087712383,0.9973109493576406,0.9973109493576406,5.570303815721123,0.0,2,0.022825561161124597,,,,42.311727656860405,11.333333333333334,0.03383223341270897
low_volatility|90d|long_q10|unconstrained_beta|r21|ensemble,low_volatility|90d,low_volatility,90d,63,low_volatility_family_sensitivity,lower_tail,long_q10,long_only,False,21,ensemble,3,199.33333333333334,0.0,0.0,,5,return_minus_risk_free,4181,0.12227102769925358,0.13218433321134385,0.826438250130312,-0.3178634106536766,0.635,0.9411764705882353,0.03319403743314634,1.5836857734296366,0.11326524386554461,0.5687481108520117,0.5604367278121594,0.8291663087712383,0.9973109493576406,0.9973109493576406,5.570303815721123,0.002785151907860561,2,0.022825561161124597,,,,42.311727656860405,11.333333333333334,0.03383223341270897
low_volatility|90d|long_q10|unconstrained_beta|r21|ensemble,low_volatility|90d,low_volatility,90d,63,low_volatility_family_sensitivity,lower_tail,long_q10,long_only,False,21,ensemble,3,199.33333333333334,0.0,0.0,,10,return_minus_risk_free,4181,0.11914926172487172,0.1321736221065816,0.8054135600694026,-0.31811711053033953,0.63,0.9411764705882353,0.03041631312544378,1.4509920555389444,0.1467820724125217,0.568670966802679,0.5604367278121594,0.8291663087712383,0.9973109493576406,0.9973109493576406,5.570303815721123,0.005570303815721122,2,0.022825561161124597,,,,42.311727656860405,11.333333333333334,0.03383223341270897
low_volatility|90d|long_q10|unconstrained_beta|r21|ensemble,low_volatility|90d,low_volatility,90d,63,low_volatility_family_sensitivity,lower_tail,long_q10,long_only,False,21,ensemble,3,199.33333333333334,0.0,0.0,,25,return_minus_risk_free,4181,0.10983430489657398,0.13215147161214907,0.7422630794560273,-0.3188778472677972,0.625,0.8823529411764706,0.02208314020233551,1.052923182545002,0.29237620018982335,0.5684395346546816,0.5604367278121594,0.8291663087712383,0.9973109493576406,0.9973109493576406,5.570303815721123,0.013925759539302805,2,0.022825561161124597,,,,42.311727656860405,11.333333333333334,0.03383223341270897
low_volatility|90d|long_q10|unconstrained_beta|r63|ensemble,low_volatility|90d,low_volatility,90d,63,low_volatility_family_sensitivity,lower_tail,long_q10,long_only,False,63,ensemble,3,66.33333333333333,0.0,0.0,,0,return_minus_risk_free,4181,0.12143318088328181,0.1352315912843781,0.8053457502733377,-0.34529425265100466,0.63,0.8823529411764706,0.030377186311639305,1.453924110450346,0.1459673474438425,0.5873091443258218,0.5554136649153888,0.8093077601012509,0.9915492960704033,0.9915492960704033,3.3135566390569378,0.0,2,0.02302622005709425,,,,42.050705572829465,11.333333333333334,0.034000124703699404
low_volatility|90d|long_q10|unconstrained_beta|r63|ensemble,low_volatility|90d,low_volatility,90d,63,low_volatility_family_sensitivity,lower_tail,long_q10,long_only,False,63,ensemble,3,66.33333333333333,0.0,0.0,,5,return_minus_risk_free,4181,0.11957661439024259,0.1352309660242662,0.7930923832745833,-0.3453885697577578,0.63,0.8823529411764706,0.02872164780912543,1.3745239052115963,0.16927909408315,0.5872929985542287,0.5554136649153888,0.8093077601012509,0.9915492960704033,0.9915492960704033,3.3135566390569378,0.001656778319528469,2,0.02302622005709425,,,,42.050705572829465,11.333333333333334,0.034000124703699404
low_volatility|90d|long_q10|unconstrained_beta|r63|ensemble,low_volatility|90d,low_volatility,90d,63,low_volatility_family_sensitivity,lower_tail,long_q10,long_only,False,63,ensemble,3,66.33333333333333,0.0,0.0,,10,return_minus_risk_free,4181,0.11772284473554229,0.13523209345115925,0.7808287904903678,-0.3454828868645109,0.63,0.8823529411764706,0.02706610930661152,1.2950850535544758,0.19529089035063318,0.587276852782636,0.5554136649153888,0.8093077601012509,0.9915492960704033,0.9915492960704033,3.3135566390569378,0.003313556639056938,2,0.02302622005709425,,,,42.050705572829465,11.333333333333334,0.034000124703699404
low_volatility|90d|long_q10|unconstrained_beta|r63|ensemble,low_volatility|90d,low_volatility,90d,63,low_volatility_family_sensitivity,lower_tail,long_q10,long_only,False,63,ensemble,3,66.33333333333333,0.0,0.0,,25,return_minus_risk_free,4181,0.11217827879892872,0.1352459910748471,0.7439814351204445,-0.3457658381847697,0.63,0.8823529411764706,0.02209949379906971,1.0566426266826296,0.29067471849599114,0.5872284154678571,0.5554136649153888,0.8093077601012509,0.9915492960704033,0.9915492960704033,3.3135566390569378,0.008283891597642345,2,0.02302622005709425,,,,42.050705572829465,11.333333333333334,0.034000124703699404
low_volatility|90d|middle_minus_q1|unconstrained_beta|r1|ensemble,low_volatility|90d,low_volatility,90d,63,low_volatility_family_sensitivity,lower_tail,middle_minus_q1,market_neutral,False,1,ensemble,1,4181.0,0.0,0.0,,0,self_financing_spread_return,4181,-0.08281588427661768,0.18697771854957762,-0.368605073524072,-0.7953045580525564,0.425,0.29411764705882354,0.010350783408615984,0.2849727123631138,0.775665047874304,-0.5333828534477306,-0.4578269221758436,1.033069346132112,2.0,2.1064173353295512e-17,35.40914692396594,0.0,0,0.0,,,,209.4883999043291,167.0,0.030303030303030304
low_volatility|90d|middle_minus_q1|unconstrained_beta|r1|ensemble,low_volatility|90d,low_volatility,90d,63,low_volatility_family_sensitivity,lower_tail,middle_minus_q1,market_neutral,False,1,ensemble,1,4181.0,0.0,0.0,,5,self_financing_spread_return,4181,-0.09891210532125772,0.1869673397286741,-0.4632858169909978,-0.8389328501241642,0.41,0.23529411764705882,-0.007355418160929242,-0.2024894890754805,0.8395340747240979,-0.5333302327332601,-0.4578269221758436,1.033069346132112,2.0,2.1064173353295512e-17,35.40914692396594,0.01770457346198297,0,0.0,,,,209.4883999043291,167.0,0.030303030303030304
low_volatility|90d|middle_minus_q1|unconstrained_beta|r1|ensemble,low_volatility|90d,low_volatility,90d,63,low_volatility_family_sensitivity,lower_tail,middle_minus_q1,market_neutral,False,1,ensemble,1,4181.0,0.0,0.0,,10,self_financing_spread_return,4181,-0.1147273562830664,0.186959442611169,-0.5579696661659909,-0.8794183952144945,0.39,0.23529411764705882,-0.02506161973047398,-0.689839129157609,0.49029535873421604,-0.5332776120187896,-0.4578269221758436,1.033069346132112,2.0,2.1064173353295512e-17,35.40914692396594,0.03540914692396594,0,0.0,,,,209.4883999043291,167.0,0.030303030303030304
low_volatility|90d|middle_minus_q1|unconstrained_beta|r1|ensemble,low_volatility|90d,low_volatility,90d,63,low_volatility_family_sensitivity,lower_tail,middle_minus_q1,market_neutral,False,1,ensemble,1,4181.0,0.0,0.0,,25,self_financing_spread_return,4181,-0.1605356522643655,0.18695064412983098,-0.8420021318649261,-0.9494137106430511,0.355,0.058823529411764705,-0.07818022443910891,-2.1504907468465895,0.031516417138760806,-0.5331197498753795,-0.4578269221758436,1.033069346132112,2.0,2.1064173353295512e-17,35.40914692396594,0.08852286730991485,0,0.0,,,,209.4883999043291,167.0,0.030303030303030304
low_volatility|90d|middle_minus_q1|unconstrained_beta|r5|ensemble,low_volatility|90d,low_volatility,90d,63,low_volatility_family_sensitivity,lower_tail,middle_minus_q1,market_neutral,False,5,ensemble,3,836.3333333333334,0.0,0.0,,0,self_financing_spread_return,4181,-0.08813186280820384,0.1857530976301796,-0.4032771731801048,-0.8191096813457178,0.425,0.23529411764705882,0.002789328432186288,0.07637682545915878,0.9391193063461782,-0.5228028546680835,-0.46035361929056967,1.1421447284781892,2.004055682340834,-0.00037310554943787073,19.249611987023105,0.0,10,0.006467298656290775,,,,209.3229689866858,55.666666666666664,0.047943350398870654
low_volatility|90d|middle_minus_q1|unconstrained_beta|r5|ensemble,low_volatility|90d,low_volatility,90d,63,low_volatility_family_sensitivity,lower_tail,middle_minus_q1,market_neutral,False,5,ensemble,3,836.3333333333334,0.0,0.0,,5,self_financing_spread_return,4181,-0.09686664507309373,0.18575602774577915,-0.4550579424750924,-0.8429200710581071,0.415,0.23529411764705882,-0.006818408555356588,-0.1866420663354879,0.8519412820826029,-0.5228838304754088,-0.46035361929056967,1.1421447284781892,2.004055682340834,-0.00037310554943787073,19.249611987023105,0.009624805993511553,10,0.006467298656290775,,,,209.3229689866858,55.666666666666664,0.047943350398870654
low_volatility|90d|middle_minus_q1|unconstrained_beta|r5|ensemble,low_volatility|90d,low_volatility,90d,63,low_volatility_family_sensitivity,lower_tail,middle_minus_q1,market_neutral,False,5,ensemble,3,836.3333333333334,0.0,0.0,,10,self_financing_spread_return,4181,-0.10551840963495762,0.18576090918775495,-0.5068317541435647,-0.8635977656319784,0.4,0.23529411764705882,-0.016426145542898757,-0.44948998331358403,0.6530782322972792,-0.5229648062827346,-0.46035361929056967,1.1421447284781892,2.004055682340834,-0.00037310554943787073,19.249611987023105,0.019249611987023105,10,0.006467298656290775,,,,209.3229689866858,55.666666666666664,0.047943350398870654
low_volatility|90d|middle_minus_q1|unconstrained_beta|r5|ensemble,low_volatility|90d,low_volatility,90d,63,low_volatility_family_sensitivity,lower_tail,middle_minus_q1,market_neutral,False,5,ensemble,3,836.3333333333334,0.0,0.0,,25,self_financing_spread_return,4181,-0.13098338907643503,0.18578725962642212,-0.6620951442098724,-0.9137370614807058,0.38,0.23529411764705882,-0.04524935650552646,-1.23688707916352,0.2161290075726614,-0.5232077337047114,-0.46035361929056967,1.1421447284781892,2.004055682340834,-0.00037310554943787073,19.249611987023105,0.04812402996755776,10,0.006467298656290775,,,,209.3229689866858,55.666666666666664,0.047943350398870654
low_volatility|90d|middle_minus_q1|unconstrained_beta|r21|ensemble,low_volatility|90d,low_volatility,90d,63,low_volatility_family_sensitivity,lower_tail,middle_minus_q1,market_neutral,False,21,ensemble,3,199.33333333333334,0.0,0.0,,0,self_financing_spread_return,4181,-0.07574407226554625,0.18078051536755274,-0.34487240514070955,-0.7823178608345306,0.445,0.23529411764705882,0.008288992233987444,0.2257595666531514,0.8213884263302035,-0.47527172054426087,-0.4662068633811392,1.1421886005177306,2.0111691626249835,0.00027546573882166527,10.987911629517601,0.0,21,0.006134400353517135,,,,208.69082356692977,55.666666666666664,0.05398212315964449
low_volatility|90d|middle_minus_q1|unconstrained_beta|r21|ensemble,low_volatility|90d,low_volatility,90d,63,low_volatility_family_sensitivity,lower_tail,middle_minus_q1,market_neutral,False,21,ensemble,3,199.33333333333334,0.0,0.0,,5,self_financing_spread_return,4181,-0.0808083811654674,0.18078005100278322,-0.37525269758486385,-0.7991583427747109,0.44,0.23529411764705882,0.0028087844497832423,0.07648164499742714,0.939035916369263,-0.4753510021571681,-0.4662068633811392,1.1421886005177306,2.0111691626249835,0.00027546573882166527,10.987911629517601,0.0054939558147588,21,0.006134400353517135,,,,208.69082356692977,55.666666666666664,0.05398212315964449
low_volatility|90d|middle_minus_q1|unconstrained_beta|r21|ensemble,low_volatility|90d,low_volatility,90d,63,low_volatility_family_sensitivity,lower_tail,middle_minus_q1,market_neutral,False,21,ensemble,3,199.33333333333334,0.0,0.0,,10,self_financing_spread_return,4181,-0.08584575835899677,0.18078386155958223,-0.4056235542634141,-0.8146984225328359,0.44,0.23529411764705882,-0.0026714233344211896,-0.07272150748067592,0.9420277333666678,-0.4754302837700757,-0.4662068633811392,1.1421886005177306,2.0111691626249835,0.00027546573882166527,10.987911629517601,0.0109879116295176,21,0.006134400353517135,,,,208.69082356692977,55.666666666666664,0.05398212315964449
low_volatility|90d|middle_minus_q1|unconstrained_beta|r21|ensemble,low_volatility|90d,low_volatility,90d,63,low_volatility_family_sensitivity,lower_tail,middle_minus_q1,market_neutral,False,21,ensemble,3,199.33333333333334,0.0,0.0,,25,self_financing_spread_return,4181,-0.10079768526737898,0.1808209385407462,-0.49665799335425265,-0.854502636055785,0.43,0.23529411764705882,-0.0191120466870344,-0.5197487554004128,0.6032387002553007,-0.47566812860879754,-0.4662068633811392,1.1421886005177306,2.0111691626249835,0.00027546573882166527,10.987911629517601,0.027469779073794002,21,0.006134400353517135,,,,208.69082356692977,55.666666666666664,0.05398212315964449
low_volatility|90d|middle_minus_q1|unconstrained_beta|r63|ensemble,low_volatility|90d,low_volatility,90d,63,low_volatility_family_sensitivity,lower_tail,middle_minus_q1,market_neutral,False,63,ensemble,3,66.33333333333333,0.0,0.0,,0,self_financing_spread_return,4181,-0.06615355481254259,0.1908329927713895,-0.26294831062353685,-0.7598837496279589,0.435,0.29411764705882354,0.015908175628123758,0.39475740529213643,0.6930219328045524,-0.44467157209368813,-0.4930381835809554,2.378006983808295,2.048589938163946,-0.0034746875414391996,6.816666099816395,0.0,2,0.002197800825302251,,,,207.09168460495894,55.666666666666664,0.10322217427745477
low_volatility|90d|middle_minus_q1|unconstrained_beta|r63|ensemble,low_volatility|90d,low_volatility,90d,63,low_volatility_family_sensitivity,lower_tail,middle_minus_q1,market_neutral,False,63,ensemble,3,66.33333333333333,0.0,0.0,,5,self_financing_spread_return,4181,-0.06933145239063765,0.19083045957638595,-0.2808116581159768,-0.7710744456207108,0.43,0.29411764705882354,0.012505919886854327,0.3103049239915776,0.7563290870430298,-0.4447115999766507,-0.4930381835809554,2.378006983808295,2.048589938163946,-0.0034746875414391996,6.816666099816395,0.0034083330499081973,2,0.002197800825302251,,,,207.09168460495894,55.666666666666664,0.10322217427745477
low_volatility|90d|middle_minus_q1|unconstrained_beta|r63|ensemble,low_volatility|90d,low_volatility,90d,63,low_volatility_family_sensitivity,lower_tail,middle_minus_q1,market_neutral,False,63,ensemble,3,66.33333333333333,0.0,0.0,,10,self_financing_spread_return,4181,-0.07249944446805268,0.19083281530776916,-0.2986678281351482,-0.781857564669751,0.43,0.29411764705882354,0.009103664145584766,0.22585628058438414,0.8213132022423845,-0.4447516278596133,-0.4930381835809554,2.378006983808295,2.048589938163946,-0.0034746875414391996,6.816666099816395,0.006816666099816395,2,0.002197800825302251,,,,207.09168460495894,55.666666666666664,0.10322217427745477
low_volatility|90d|middle_minus_q1|unconstrained_beta|r63|ensemble,low_volatility|90d,low_volatility,90d,63,low_volatility_family_sensitivity,lower_tail,middle_minus_q1,market_neutral,False,63,ensemble,3,66.33333333333333,0.0,0.0,,25,self_financing_spread_return,4181,-0.0819442680267356,0.19086921237167212,-0.35217956728724314,-0.8122339277726078,0.425,0.23529411764705882,-0.0011031030782237112,-0.027348896598644586,0.9781814575901449,-0.4448717115085012,-0.4930381835809554,2.378006983808295,2.048589938163946,-0.0034746875414391996,6.816666099816395,0.017041665249540986,2,0.002197800825302251,,,,207.09168460495894,55.666666666666664,0.10322217427745477
low_volatility|90d|middle_minus_q1|beta_neutral|r1|ensemble,low_volatility|90d,low_volatility,90d,63,low_volatility_family_sensitivity,lower_tail,middle_minus_q1,market_neutral,True,1,ensemble,1,4181.0,0.0,4181.0,1.0,0,self_financing_spread_return,4181,-0.0012141933309166575,0.13327649990918405,0.05744032114681192,-0.4606280334277497,0.47,0.5882352941176471,0.010846439407598003,0.3568318633218152,0.7212176809883862,-0.02147073061054103,-3.388306827636294e-18,8.326672684688674e-16,2.0,0.37209492142672834,34.019141543600696,0.0,0,0.0,,,,209.2626165988998,167.0,0.026232334790641455
low_volatility|90d|middle_minus_q1|beta_neutral|r1|ensemble,low_volatility|90d,low_volatility,90d,63,low_volatility_family_sensitivity,lower_tail,middle_minus_q1,market_neutral,True,1,ensemble,1,4181.0,0.0,4181.0,1.0,5,self_financing_spread_return,4181,-0.01806020101980732,0.13326807930732282,-0.07019086064098905,-0.5167983151157047,0.455,0.47058823529411764,-0.006163135808038292,-0.20274103764400936,0.8393374458117536,-0.021471207818866293,-3.388306827636294e-18,8.326672684688674e-16,2.0,0.37209492142672834,34.019141543600696,0.01700957077180035,0,0.0,,,,209.2626165988998,167.0,0.026232334790641455
low_volatility|90d|middle_minus_q1|beta_neutral|r1|ensemble,low_volatility|90d,low_volatility,90d,63,low_volatility_family_sensitivity,lower_tail,middle_minus_q1,market_neutral,True,1,ensemble,1,4181.0,0.0,4181.0,1.0,10,self_financing_spread_return,4181,-0.03462357274224315,0.13326269140340752,-0.19783367005100969,-0.5671234059123977,0.445,0.35294117647058826,-0.0231727110236741,-0.7621726585278105,0.4459569621596766,-0.021471685027191618,-3.388306827636294e-18,8.326672684688674e-16,2.0,0.37209492142672834,34.019141543600696,0.0340191415436007,0,0.0,,,,209.2626165988998,167.0,0.026232334790641455
low_volatility|90d|middle_minus_q1|beta_neutral|r1|ensemble,low_volatility|90d,low_volatility,90d,63,low_volatility_family_sensitivity,lower_tail,middle_minus_q1,market_neutral,True,1,ensemble,1,4181.0,0.0,4181.0,1.0,25,self_financing_spread_return,4181,-0.0826646523937532,0.1332647265224804,-0.5807447158504723,-0.7856606925349154,0.405,0.17647058823529413,-0.07420143667058302,-2.4385826890344697,0.01474498484670553,-0.021473116652167078,-3.388306827636294e-18,8.326672684688674e-16,2.0,0.37209492142672834,34.019141543600696,0.08504785385900174,0,0.0,,,,209.2626165988998,167.0,0.026232334790641455
low_volatility|90d|middle_minus_q1|beta_neutral|r5|ensemble,low_volatility|90d,low_volatility,90d,63,low_volatility_family_sensitivity,lower_tail,middle_minus_q1,market_neutral,True,5,ensemble,3,836.3333333333334,0.0,836.3333333333334,1.0,0,self_financing_spread_return,4181,-0.006376233241026097,0.131981644196265,0.017528163339375208,-0.4805874149913374,0.495,0.5294117647058824,0.004856988747262996,0.16008168446252527,0.8728167287868477,-0.017114664225505203,-0.0008764162609615991,0.27637805199944665,2.0018953539306965,0.3723843814969741,18.580562802570643,0.0,10,0.0071912281947653645,,,,209.0957506178745,55.666666666666664,0.03565369818078266
low_volatility|90d|middle_minus_q1|beta_neutral|r5|ensemble,low_volatility|90d,low_volatility,90d,63,low_volatility_family_sensitivity,lower_tail,middle_minus_q1,market_neutral,True,5,ensemble,3,836.3333333333334,0.0,836.3333333333334,1.0,5,self_financing_spread_return,4181,-0.015564860995045837,0.13197877973598177,-0.05286169908324451,-0.5108901226939393,0.47,0.5294117647058824,-0.00441771081317012,-0.14556510467401065,0.8842647169343637,-0.017217737345941897,-0.0008764162609615991,0.27637805199944665,2.0018953539306965,0.3723843814969741,18.580562802570643,0.009290281401285322,10,0.0071912281947653645,,,,209.0957506178745,55.666666666666664,0.03565369818078266
low_volatility|90d|middle_minus_q1|beta_neutral|r5|ensemble,low_volatility|90d,low_volatility,90d,63,low_volatility_family_sensitivity,lower_tail,middle_minus_q1,market_neutral,True,5,ensemble,3,836.3333333333334,0.0,836.3333333333334,1.0,10,self_financing_spread_return,4181,-0.02466917078431552,0.13197841074046404,-0.12325228653355108,-0.5394270448418187,0.465,0.4117647058823529,-0.013692410373603612,-0.4510415452453094,0.6519596063944869,-0.017320810466378643,-0.0008764162609615991,0.27637805199944665,2.0018953539306965,0.3723843814969741,18.580562802570643,0.018580562802570644,10,0.0071912281947653645,,,,209.0957506178745,55.666666666666664,0.03565369818078266
low_volatility|90d|middle_minus_q1|beta_neutral|r5|ensemble,low_volatility|90d,low_volatility,90d,63,low_volatility_family_sensitivity,lower_tail,middle_minus_q1,market_neutral,True,5,ensemble,3,836.3333333333334,0.0,836.3333333333334,1.0,25,self_financing_spread_return,4181,-0.05148383525744005,0.1319922760440981,-0.3343884755288782,-0.6596678336459076,0.44,0.29411764705882354,-0.041516509054903235,-1.3662644295842519,0.17185598128109414,-0.017630029827688857,-0.0008764162609615991,0.27637805199944665,2.0018953539306965,0.3723843814969741,18.580562802570643,0.04645140700642661,10,0.0071912281947653645,,,,209.0957506178745,55.666666666666664,0.03565369818078266
low_volatility|90d|middle_minus_q1|beta_neutral|r21|ensemble,low_volatility|90d,low_volatility,90d,63,low_volatility_family_sensitivity,lower_tail,middle_minus_q1,market_neutral,True,21,ensemble,3,199.33333333333334,0.0,199.33333333333334,1.0,0,self_financing_spread_return,4181,0.0015044042360825571,0.12878754890469044,0.07610993187939714,-0.4130903279633511,0.515,0.5294117647058824,0.009195675192823978,0.3089547450614005,0.75735595195526,0.004079757987231837,-0.002026496806999415,0.2865246276157903,2.002898140211037,0.3745544160576357,10.637672512575511,0.0,21,0.0068485146441689985,,,,208.46360519811847,55.666666666666664,0.04046850811323114
low_volatility|90d|middle_minus_q1|beta_neutral|r21|ensemble,low_volatility|90d,low_volatility,90d,63,low_volatility_family_sensitivity,lower_tail,middle_minus_q1,market_neutral,True,21,ensemble,3,199.33333333333334,0.0,199.33333333333334,1.0,5,self_financing_spread_return,4181,-0.0038087070509208454,0.12877576928787143,0.03480077550580886,-0.43238312506915677,0.505,0.5294117647058824,0.003889792020056996,0.13066821011456511,0.8960377813327963,0.003981307594503979,-0.002026496806999415,0.2865246276157903,2.002898140211037,0.3745544160576357,10.637672512575511,0.005318836256287756,21,0.0068485146441689985,,,,208.46360519811847,55.666666666666664,0.04046850811323114
low_volatility|90d|middle_minus_q1|beta_neutral|r21|ensemble,low_volatility|90d,low_volatility,90d,63,low_volatility_family_sensitivity,lower_tail,middle_minus_q1,market_neutral,True,21,ensemble,3,199.33333333333334,0.0,199.33333333333334,1.0,10,self_financing_spread_return,4181,-0.00909445649572349,0.1287695844138833,-0.006515655872612926,-0.4510446382985044,0.5,0.5294117647058824,-0.0014160911527098454,-0.04756076880992326,0.9620662985799177,0.003882857201776078,-0.002026496806999415,0.2865246276157903,2.002898140211037,0.3745544160576357,10.637672512575511,0.010637672512575512,21,0.0068485146441689985,,,,208.46360519811847,55.666666666666664,0.04046850811323114
low_volatility|90d|middle_minus_q1|beta_neutral|r21|ensemble,low_volatility|90d,low_volatility,90d,63,low_volatility_family_sensitivity,lower_tail,middle_minus_q1,market_neutral,True,21,ensemble,3,199.33333333333334,0.0,199.33333333333334,1.0,25,self_financing_spread_return,4181,-0.02478889732791456,0.1287846026637654,-0.13045474972027468,-0.5295412420259744,0.475,0.4117647058823529,-0.01733374067101071,-0.5816787060568519,0.5607831172326838,0.0035875060235925154,-0.002026496806999415,0.2865246276157903,2.002898140211037,0.3745544160576357,10.637672512575511,0.02659418128143878,21,0.0068485146441689985,,,,208.46360519811847,55.666666666666664,0.04046850811323114
low_volatility|90d|middle_minus_q1|beta_neutral|r63|ensemble,low_volatility|90d,low_volatility,90d,63,low_volatility_family_sensitivity,lower_tail,middle_minus_q1,market_neutral,True,63,ensemble,3,66.33333333333333,0.0,66.33333333333333,1.0,0,self_financing_spread_return,4181,0.010177413807409108,0.13202729929880028,0.1427701361472307,-0.4131872491354962,0.52,0.5294117647058824,0.01552475494195924,0.5050988426039562,0.6134894142488871,0.022371050190043092,-0.010735567548713723,0.7162780315009161,2.018244031789707,0.37695455038446907,6.539245373011264,0.0,2,0.002436209524714674,,,,206.9093518297058,55.666666666666664,0.0599949308385439
low_volatility|90d|middle_minus_q1|beta_neutral|r63|ensemble,low_volatility|90d,low_volatility,90d,63,low_volatility_family_sensitivity,lower_tail,middle_minus_q1,market_neutral,True,63,ensemble,3,66.33333333333333,0.0,66.33333333333333,1.0,5,self_financing_spread_return,4181,0.006879457133645461,0.13201668001215716,0.11800074838752556,-0.424024959717738,0.51,0.5294117647058824,0.012259460090397696,0.3988388541537171,0.6900119459148165,0.022329376287969795,-0.010735567548713723,0.7162780315009161,2.018244031789707,0.37695455038446907,6.539245373011264,0.0032696226865056317,2,0.002436209524714674,,,,206.9093518297058,55.666666666666664,0.0599949308385439
low_volatility|90d|middle_minus_q1|beta_neutral|r63|ensemble,low_volatility|90d,low_volatility,90d,63,low_volatility_family_sensitivity,lower_tail,middle_minus_q1,market_neutral,True,63,ensemble,3,66.33333333333333,0.0,66.33333333333333,1.0,10,self_financing_spread_return,4181,0.0035913671627330057,0.13201253942285796,0.09322280019688912,-0.43466546117603877,0.495,0.5294117647058824,0.008994165238835986,0.2925699642619781,0.7698508746867921,0.02228770238589648,-0.010735567548713723,0.7162780315009161,2.018244031789707,0.37695455038446907,6.539245373011264,0.006539245373011263,2,0.002436209524714674,,,,206.9093518297058,55.666666666666664,0.0599949308385439
low_volatility|90d|middle_minus_q1|beta_neutral|r63|ensemble,low_volatility|90d,low_volatility,90d,63,low_volatility_family_sensitivity,lower_tail,middle_minus_q1,market_neutral,True,63,ensemble,3,66.33333333333333,0.0,66.33333333333333,1.0,25,self_financing_spread_return,4181,-0.00621397064129614,0.13203899116564688,0.018874070448363634,-0.46543874877801383,0.495,0.5294117647058824,-0.0008017193158488574,-0.026057300196885052,0.9792116349940209,0.02216268067967663,-0.010735567548713723,0.7162780315009161,2.018244031789707,0.37695455038446907,6.539245373011264,0.01634811343252816,2,0.002436209524714674,,,,206.9093518297058,55.666666666666664,0.0599949308385439
low_volatility|90d|q10_minus_middle|unconstrained_beta|r1|ensemble,low_volatility|90d,low_volatility,90d,63,low_volatility_family_sensitivity,lower_tail,q10_minus_middle,market_neutral,False,1,ensemble,1,4181.0,0.0,0.0,,0,self_financing_spread_return,4181,-0.014646432228141881,0.11450011396636928,-0.07156435679905683,-0.32286822732474174,0.465,0.4117647058823529,0.056317334733372366,2.625047016181368,0.008663700314996657,-0.43406788618024184,-0.43120178914436214,0.6627591661009737,2.0,-1.4407830678075248e-17,36.95035503788821,0.0,0,0.0,,,,210.37694331499642,168.0,0.029411764705882353
low_volatility|90d|q10_minus_middle|unconstrained_beta|r1|ensemble,low_volatility|90d,low_volatility,90d,63,low_volatility_family_sensitivity,lower_tail,q10_minus_middle,market_neutral,False,1,ensemble,1,4181.0,0.0,0.0,,5,self_financing_spread_return,4181,-0.03268481257052891,0.11449278426740452,-0.2329284636251152,-0.4538079946707977,0.43,0.23529411764705882,0.03781946327810011,1.7588791962104469,0.07859802942570557,-0.4339106393550203,-0.43120178914436214,0.6627591661009737,2.0,-1.4407830678075248e-17,36.95035503788821,0.018475177518944105,0,0.0,,,,210.37694331499642,168.0,0.029411764705882353
low_volatility|90d|q10_minus_middle|unconstrained_beta|r1|ensemble,low_volatility|90d,low_volatility,90d,63,low_volatility_family_sensitivity,lower_tail,q10_minus_middle,market_neutral,False,1,ensemble,1,4181.0,0.0,0.0,,10,self_financing_spread_return,4181,-0.050394807126359686,0.114490478319562,-0.3942959303193133,-0.586505671286272,0.41,0.23529411764705882,0.01932159182282769,0.8964078323403688,0.3700349856921623,-0.4337533925298,-0.43120178914436214,0.6627591661009737,2.0,-1.4407830678075248e-17,36.95035503788821,0.03695035503788821,0,0.0,,,,210.37694331499642,168.0,0.029411764705882353
low_volatility|90d|q10_minus_middle|unconstrained_beta|r1|ensemble,low_volatility|90d,low_volatility,90d,63,low_volatility_family_sensitivity,lower_tail,q10_minus_middle,market_neutral,False,1,ensemble,1,4181.0,0.0,0.0,,25,self_financing_spread_return,4181,-0.10161339381258372,0.11451370271174488,-0.8782061120956156,-0.8325384214479966,0.34,0.17647058823529413,-0.03617202254298959,-1.6640759713892357,0.09609724824605538,-0.4332816520541369,-0.43120178914436214,0.6627591661009737,2.0,-1.4407830678075248e-17,36.95035503788821,0.09237588759472051,0,0.0,,,,210.37694331499642,168.0,0.029411764705882353
low_volatility|90d|q10_minus_middle|unconstrained_beta|r5|ensemble,low_volatility|90d,low_volatility,90d,63,low_volatility_family_sensitivity,lower_tail,q10_minus_middle,market_neutral,False,5,ensemble,3,836.3333333333334,0.0,0.0,,0,self_financing_spread_return,4181,-0.014726369185287025,0.11383660530754507,-0.07336164003150336,-0.318227080245414,0.465,0.4117647058823529,0.05489284288713649,2.5522160735574624,0.010704011292928585,-0.42554027853450893,-0.4321045367843436,0.6906400583902274,2.001822509770923,-0.00023125543753879787,19.71470785816953,0.0,12,0.01563656799583874,,,,210.24117037391375,56.0,0.03437966982068463
low_volatility|90d|q10_minus_middle|unconstrained_beta|r5|ensemble,low_volatility|90d,low_volatility,90d,63,low_volatility_family_sensitivity,lower_tail,q10_minus_middle,market_neutral,False,5,ensemble,3,836.3333333333334,0.0,0.0,,5,self_financing_spread_return,4181,-0.024391226979063596,0.11384438719563376,-0.1599287092774243,-0.38982795342804466,0.44,0.23529411764705882,0.04504579654899807,2.09327482542363,0.03632462858408719,-0.4255988134834669,-0.4321045367843436,0.6906400583902274,2.001822509770923,-0.00023125543753879787,19.71470785816953,0.009857353929084765,12,0.01563656799583874,,,,210.24117037391375,56.0,0.03437966982068463
low_volatility|90d|q10_minus_middle|unconstrained_beta|r5|ensemble,low_volatility|90d,low_volatility,90d,63,low_volatility_family_sensitivity,lower_tail,q10_minus_middle,market_neutral,False,5,ensemble,3,836.3333333333334,0.0,0.0,,10,self_financing_spread_return,4181,-0.033962028339841854,0.11385558831028542,-0.2464765424416057,-0.47426731263604693,0.43,0.23529411764705882,0.03519875021085934,1.6347303495267327,0.10210558732887781,-0.42565734843242486,-0.4321045367843436,0.6906400583902274,2.001822509770923,-0.00023125543753879787,19.71470785816953,0.01971470785816953,12,0.01563656799583874,,,,210.24117037391375,56.0,0.03437966982068463
low_volatility|90d|q10_minus_middle|unconstrained_beta|r5|ensemble,low_volatility|90d,low_volatility,90d,63,low_volatility_family_sensitivity,lower_tail,q10_minus_middle,market_neutral,False,5,ensemble,3,836.3333333333334,0.0,0.0,,25,self_financing_spread_return,4181,-0.06211913125742696,0.11390969538738166,-0.505926813986099,-0.6655932404319584,0.39,0.17647058823529413,0.00565761119644293,0.262212492976165,0.7931576222751934,-0.42583295327929954,-0.4321045367843436,0.6906400583902274,2.001822509770923,-0.00023125543753879787,19.71470785816953,0.04928676964542382,12,0.01563656799583874,,,,210.24117037391375,56.0,0.03437966982068463
low_volatility|90d|q10_minus_middle|unconstrained_beta|r21|ensemble,low_volatility|90d,low_volatility,90d,63,low_volatility_family_sensitivity,lower_tail,q10_minus_middle,market_neutral,False,21,ensemble,3,199.33333333333334,0.0,0.0,,0,self_financing_spread_return,4181,-0.016389192102772343,0.11166812523581625,-0.0921230293432103,-0.3208601970345514,0.475,0.35294117647058826,0.049182240572727416,2.207053471444254,0.027310323875039927,-0.4001424903285472,-0.43484035483362404,0.7203491118543249,2.006718087885906,-0.0006979402662080474,11.015359089415377,0.0,23,0.022926679870482653,,,,209.7135454038109,56.0,0.035175787189825385
low_volatility|90d|q10_minus_middle|unconstrained_beta|r21|ensemble,low_volatility|90d,low_volatility,90d,63,low_volatility_family_sensitivity,lower_tail,q10_minus_middle,market_neutral,False,21,ensemble,3,199.33333333333334,0.0,0.0,,5,self_financing_spread_return,4181,-0.02179216019700525,0.11167356804328764,-0.1414315086703933,-0.3703613043300483,0.47,0.35294117647058826,0.043688197023550895,1.960100230951816,0.04998407626417344,-0.4002293670709021,-0.43484035483362404,0.7203491118543249,2.006718087885906,-0.0006979402662080474,11.015359089415377,0.005507679544707688,23,0.022926679870482653,,,,209.7135454038109,56.0,0.035175787189825385
low_volatility|90d|q10_minus_middle|unconstrained_beta|r21|ensemble,low_volatility|90d,low_volatility,90d,63,low_volatility_family_sensitivity,lower_tail,q10_minus_middle,market_neutral,False,21,ensemble,3,199.33333333333334,0.0,0.0,,10,self_financing_spread_return,4181,-0.027166337740009205,0.1116860964569919,-0.19072308113426417,-0.4204937393628988,0.465,0.35294117647058826,0.038194153474373806,1.7131067321518183,0.08669290574147567,-0.40031624381325676,-0.43484035483362404,0.7203491118543249,2.006718087885906,-0.0006979402662080474,11.015359089415377,0.011015359089415377,23,0.022926679870482653,,,,209.7135454038109,56.0,0.035175787189825385
low_volatility|90d|q10_minus_middle|unconstrained_beta|r21|ensemble,low_volatility|90d,low_volatility,90d,63,low_volatility_family_sensitivity,lower_tail,q10_minus_middle,market_neutral,False,21,ensemble,3,199.33333333333334,0.0,0.0,,25,self_financing_spread_return,4181,-0.04311761044696305,0.11176616476964202,-0.3384027912346552,-0.5482251011057724,0.425,0.17647058823529413,0.02171202282684388,0.9725036620753564,0.330800043931613,-0.4005768740403211,-0.43484035483362404,0.7203491118543249,2.006718087885906,-0.0006979402662080474,11.015359089415377,0.02753839772353844,23,0.022926679870482653,,,,209.7135454038109,56.0,0.035175787189825385
low_volatility|90d|q10_minus_middle|unconstrained_beta|r63|ensemble,low_volatility|90d,low_volatility,90d,63,low_volatility_family_sensitivity,lower_tail,q10_minus_middle,market_neutral,False,63,ensemble,3,66.33333333333333,0.0,0.0,,0,self_financing_spread_return,4181,-0.0173597611609263,0.10916814174795751,-0.10582686536256374,-0.32962778326087905,0.45,0.4117647058823529,0.042327515007080645,1.840649729645544,0.06567290515667414,-0.36253662325874186,-0.44371427743056613,0.823902807537949,2.025664259215323,-0.004045547065109431,6.6154372328409625,0.0,4,0.023409233039268673,,,,208.33891413537432,56.0,0.03772785279347133
low_volatility|90d|q10_minus_middle|unconstrained_beta|r63|ensemble,low_volatility|90d,low_volatility,90d,63,low_volatility_family_sensitivity,lower_tail,q10_minus_middle,market_neutral,False,63,ensemble,3,66.33333333333333,0.0,0.0,,5,self_financing_spread_return,4181,-0.020605149041742488,0.10918021205396058,-0.13610031385567328,-0.3621033521090439,0.445,0.4117647058823529,0.039024233261305434,1.6966912798884857,0.0897550421551599,-0.3625585390721409,-0.44371427743056613,0.823902807537949,2.025664259215323,-0.004045547065109431,6.6154372328409625,0.003307718616420481,4,0.023409233039268673,,,,208.33891413537432,56.0,0.03772785279347133
low_volatility|90d|q10_minus_middle|unconstrained_beta|r63|ensemble,low_volatility|90d,low_volatility,90d,63,low_volatility_family_sensitivity,lower_tail,q10_minus_middle,market_neutral,False,63,ensemble,3,66.33333333333333,0.0,0.0,,10,self_financing_spread_return,4181,-0.023840735791372025,0.10920048059249497,-0.1663545793712584,-0.3930143549648222,0.44,0.4117647058823529,0.035720951515530154,1.5525715643268623,0.12052552341911046,-0.3625804548855402,-0.44371427743056613,0.823902807537949,2.025664259215323,-0.004045547065109431,6.6154372328409625,0.006615437232840962,4,0.023409233039268673,,,,208.33891413537432,56.0,0.03772785279347133
low_volatility|90d|q10_minus_middle|unconstrained_beta|r63|ensemble,low_volatility|90d,low_volatility,90d,63,low_volatility_family_sensitivity,lower_tail,q10_minus_middle,market_neutral,False,63,ensemble,3,66.33333333333333,0.0,0.0,,25,self_financing_spread_return,4181,-0.03348895737234281,0.10931042077640421,-0.2569344851370154,-0.47709185350979766,0.43,0.35294117647058826,0.02581110627820437,1.1198443163268639,0.2627801106442863,-0.36264620232573763,-0.44371427743056613,0.823902807537949,2.025664259215323,-0.004045547065109431,6.6154372328409625,0.016538593082102405,4,0.023409233039268673,,,,208.33891413537432,56.0,0.03772785279347133
low_volatility|90d|q10_minus_middle|beta_neutral|r1|ensemble,low_volatility|90d,low_volatility,90d,63,low_volatility_family_sensitivity,lower_tail,q10_minus_middle,market_neutral,True,1,ensemble,1,4181.0,0.0,4181.0,1.0,0,self_financing_spread_return,4181,0.0662606620021684,0.10568505941010674,0.6600091578501638,-0.1877311468281615,0.575,0.9411764705882353,0.06925436842438076,2.5895584485179786,0.009609910744549675,0.0033557823504139946,-8.31368611573434e-20,5.134781488891349e-16,2.0,0.5655747017686382,37.705340634409595,0.0,0,0.0,,,,210.26859602965797,168.0,0.043636197133187504
low_volatility|90d|q10_minus_middle|beta_neutral|r1|ensemble,low_volatility|90d,low_volatility,90d,63,low_volatility_family_sensitivity,lower_tail,q10_minus_middle,market_neutral,True,1,ensemble,1,4181.0,0.0,4181.0,1.0,5,self_financing_spread_return,4181,0.04634599864132083,0.10569742126532616,0.48153835994881083,-0.19541190737485092,0.565,0.8823529411764706,0.050379789888702606,1.8812474533358032,0.059938265329893804,0.0034825101030498563,-8.31368611573434e-20,5.134781488891349e-16,2.0,0.5655747017686382,37.705340634409595,0.0188526703172048,0,0.0,,,,210.26859602965797,168.0,0.043636197133187504
low_volatility|90d|q10_minus_middle|beta_neutral|r1|ensemble,low_volatility|90d,low_volatility,90d,63,low_volatility_family_sensitivity,lower_tail,q10_minus_middle,market_neutral,True,1,ensemble,1,4181.0,0.0,4181.0,1.0,10,self_financing_spread_return,4181,0.026801115617184124,0.10571640910340248,0.30309030534605397,-0.20327700545630722,0.56,0.7647058823529411,0.03150521135302469,1.17467287700652,0.24012561460350845,0.003609237855686041,-8.31368611573434e-20,5.134781488891349e-16,2.0,0.5655747017686382,37.705340634409595,0.0377053406344096,0,0.0,,,,210.26859602965797,168.0,0.043636197133187504
low_volatility|90d|q10_minus_middle|beta_neutral|r1|ensemble,low_volatility|90d,low_volatility,90d,63,low_volatility_family_sensitivity,lower_tail,q10_minus_middle,market_neutral,True,1,ensemble,1,4181.0,0.0,4181.0,1.0,25,self_financing_spread_return,4181,-0.02968248985983246,0.10581308662064887,-0.23178242486908815,-0.48518557323775824,0.47,0.23529411764705882,-0.02511852425400932,-0.9314799533024452,0.35160534961298806,0.0039894211135937194,-8.31368611573434e-20,5.134781488891349e-16,2.0,0.5655747017686382,37.705340634409595,0.09426335158602399,0,0.0,,,,210.26859602965797,168.0,0.043636197133187504
low_volatility|90d|q10_minus_middle|beta_neutral|r5|ensemble,low_volatility|90d,low_volatility,90d,63,low_volatility_family_sensitivity,lower_tail,q10_minus_middle,market_neutral,True,5,ensemble,3,836.3333333333334,0.0,836.3333333333334,1.0,0,self_financing_spread_return,4181,0.06553131876966023,0.10609348243300262,0.6513976099914356,-0.17977882792433175,0.58,0.9411764705882353,0.06752465325208032,2.532187642989465,0.011335331299945151,0.010660614027325184,-0.00047679903048339345,0.11998208313862428,2.000221722436093,0.5654757129464724,19.942759433127968,0.0,12,0.019759100421638878,,,,210.13114884796298,56.0,0.04516444321666141
low_volatility|90d|q10_minus_middle|beta_neutral|r5|ensemble,low_volatility|90d,low_volatility,90d,63,low_volatility_family_sensitivity,lower_tail,q10_minus_middle,market_neutral,True,5,ensemble,3,836.3333333333334,0.0,836.3333333333334,1.0,5,self_financing_spread_return,4181,0.05495886558048135,0.10609665042029574,0.5573754979864608,-0.1840086877516135,0.58,0.8823529411764706,0.05756200576798464,2.1580119092877057,0.030926905878393005,0.010588483781614194,-0.00047679903048339345,0.11998208313862428,2.000221722436093,0.5654757129464724,19.942759433127968,0.009971379716563984,12,0.019759100421638878,,,,210.13114884796298,56.0,0.04516444321666141
low_volatility|90d|q10_minus_middle|beta_neutral|r5|ensemble,low_volatility|90d,low_volatility,90d,63,low_volatility_family_sensitivity,lower_tail,q10_minus_middle,market_neutral,True,5,ensemble,3,836.3333333333334,0.0,836.3333333333334,1.0,10,self_financing_spread_return,4181,0.04449045876915081,0.1061038215168084,0.4633415189961057,-0.1882170511378476,0.56,0.8235294117647058,0.047599358283889386,1.7839593853247588,0.07443026500553677,0.010516353535903392,-0.00047679903048339345,0.11998208313862428,2.000221722436093,0.5654757129464724,19.942759433127968,0.01994275943312797,12,0.019759100421638878,,,,210.13114884796298,56.0,0.04516444321666141
low_volatility|90d|q10_minus_middle|beta_neutral|r5|ensemble,low_volatility|90d,low_volatility,90d,63,low_volatility_family_sensitivity,lower_tail,q10_minus_middle,market_neutral,True,5,ensemble,3,836.3333333333334,0.0,836.3333333333334,1.0,25,self_financing_spread_return,4181,0.013699409934992968,0.10614934308407999,0.18127482172162884,-0.21854765568814627,0.535,0.7058823529411765,0.017711415831602906,0.6630169829651992,0.5073196773073454,0.010299962798770919,-0.00047679903048339345,0.11998208313862428,2.000221722436093,0.5654757129464724,19.942759433127968,0.049856898582819914,12,0.019759100421638878,,,,210.13114884796298,56.0,0.04516444321666141
low_volatility|90d|q10_minus_middle|beta_neutral|r21|ensemble,low_volatility|90d,low_volatility,90d,63,low_volatility_family_sensitivity,lower_tail,q10_minus_middle,market_neutral,True,21,ensemble,3,199.33333333333334,0.0,199.33333333333334,1.0,0,self_financing_spread_return,4181,0.0564241857686123,0.10762687456397735,0.5638609567262749,-0.18918525681899578,0.585,0.9411764705882353,0.054680017469818515,1.973520474223294,0.048436294247271715,0.0404154740756778,-0.0023306662641025665,0.3338120612256461,2.000208694103525,0.5649461632754579,11.051069619933559,0.0,23,0.02892054493522875,,,,209.60519811847246,56.0,0.046237598059681494
low_volatility|90d|q10_minus_middle|beta_neutral|r21|ensemble,low_volatility|90d,low_volatility,90d,63,low_volatility_family_sensitivity,lower_tail,q10_minus_middle,market_neutral,True,21,ensemble,3,199.33333333333334,0.0,199.33333333333334,1.0,5,self_financing_spread_return,4181,0.050602480651991355,0.10762857062374244,0.512500696805697,-0.19149925724304118,0.575,0.9411764705882353,0.049169846380409866,1.774173637271969,0.0760344334305745,0.04030308102569389,-0.0023306662641025665,0.3338120612256461,2.000208694103525,0.5649461632754579,11.051069619933559,0.005525534809966779,23,0.02892054493522875,,,,209.60519811847246,56.0,0.046237598059681494
low_volatility|90d|q10_minus_middle|beta_neutral|r21|ensemble,low_volatility|90d,low_volatility,90d,63,low_volatility_family_sensitivity,lower_tail,q10_minus_middle,market_neutral,True,21,ensemble,3,199.33333333333334,0.0,199.33333333333334,1.0,10,self_financing_spread_return,4181,0.04481187484313209,0.10763788043820753,0.46110943673893684,-0.19380703113750963,0.57,0.8823529411764706,0.043659675291000795,1.5748434870217904,0.11529257580925525,0.04019068797570987,-0.0023306662641025665,0.3338120612256461,2.000208694103525,0.5649461632754579,11.051069619933559,0.011051069619933558,23,0.02892054493522875,,,,209.60519811847246,56.0,0.046237598059681494
low_volatility|90d|q10_minus_middle|beta_neutral|r21|ensemble,low_volatility|90d,low_volatility,90d,63,low_volatility_family_sensitivity,lower_tail,q10_minus_middle,market_neutral,True,21,ensemble,3,199.33333333333334,0.0,199.33333333333334,1.0,25,self_financing_spread_return,4181,0.027625048094570337,0.10771146459458512,0.30685886116522576,-0.20069315088086304,0.54,0.8235294117647058,0.02712916202277436,0.9772929541963178,0.32842414025105016,0.03985350882575817,-0.0023306662641025665,0.3338120612256461,2.000208694103525,0.5649461632754579,11.051069619933559,0.0276276740498339,23,0.02892054493522875,,,,209.60519811847246,56.0,0.046237598059681494
low_volatility|90d|q10_minus_middle|beta_neutral|r63|ensemble,low_volatility|90d,low_volatility,90d,63,low_volatility_family_sensitivity,lower_tail,q10_minus_middle,market_neutral,True,63,ensemble,3,66.33333333333333,0.0,66.33333333333333,1.0,0,self_financing_spread_return,4181,0.052926179247366534,0.11259315564092716,0.514428769621469,-0.23941814276425732,0.57,0.8823529411764706,0.04276073087132434,1.4717858096896197,0.14107872675176597,0.1020075286945456,-0.006572082755682791,0.5110411187652818,2.0035602739477327,0.5624176501006851,6.581000286041409,0.0,4,0.029594429370791223,,,,208.2620585186957,56.0,0.04860218679357925
low_volatility|90d|q10_minus_middle|beta_neutral|r63|ensemble,low_volatility|90d,low_volatility,90d,63,low_volatility_family_sensitivity,lower_tail,q10_minus_middle,market_neutral,True,63,ensemble,3,66.33333333333333,0.0,66.33333333333333,1.0,5,self_financing_spread_return,4181,0.04946672363590432,0.1126025998338446,0.4851633203054244,-0.2396306955156542,0.57,0.8823529411764706,0.03947460481213171,1.358511086302599,0.17430156719473733,0.10197804925239684,-0.006572082755682791,0.5110411187652818,2.0035602739477327,0.5624176501006851,6.581000286041409,0.0032905001430207042,4,0.029594429370791223,,,,208.2620585186957,56.0,0.04860218679357925
low_volatility|90d|q10_minus_middle|beta_neutral|r63|ensemble,low_volatility|90d,low_volatility,90d,63,low_volatility_family_sensitivity,lower_tail,q10_minus_middle,market_neutral,True,63,ensemble,3,66.33333333333333,0.0,66.33333333333333,1.0,10,self_financing_spread_return,4181,0.04601764546110099,0.11262005296405928,0.45587035830151607,-0.23984324826705072,0.555,0.8823529411764706,0.03618847875293907,1.2451562730959722,0.21307431235862673,0.10194856981024805,-0.006572082755682791,0.5110411187652818,2.0035602739477327,0.5624176501006851,6.581000286041409,0.0065810002860414085,4,0.029594429370791223,,,,208.2620585186957,56.0,0.04860218679357925
low_volatility|90d|q10_minus_middle|beta_neutral|r63|ensemble,low_volatility|90d,low_volatility,90d,63,low_volatility_family_sensitivity,lower_tail,q10_minus_middle,market_neutral,True,63,ensemble,3,66.33333333333333,0.0,66.33333333333333,1.0,25,self_financing_spread_return,4181,0.03573239400722539,0.11272042024075911,0.3678891709846359,-0.24048090652124077,0.555,0.7647058823529411,0.026330100575361365,0.9049080318524306,0.36551411159798064,0.10186013148380162,-0.006572082755682791,0.5110411187652818,2.0035602739477327,0.5624176501006851,6.581000286041409,0.016452500715103523,4,0.029594429370791223,,,,208.2620585186957,56.0,0.04860218679357925
low_volatility|90d|q10_minus_q1|unconstrained_beta|r1|ensemble,low_volatility|90d,low_volatility,90d,63,low_volatility_family_sensitivity,lower_tail,q10_minus_q1,market_neutral,False,1,ensemble,1,4181.0,0.0,0.0,,0,self_financing_spread_return,4181,-0.10837579287274357,0.27362770969040734,-0.2818247566739598,-0.8720270496210476,0.45,0.35294117647058826,0.06666811814198849,1.3683923717511726,0.17118929072346267,-0.9674507396279718,-0.8890287113202059,1.600558039788995,2.0,3.0794349769671996e-18,40.22213804545331,0.0,0,0.0,,,,83.98923702463526,67.0,0.030303030303030304
low_volatility|90d|q10_minus_q1|unconstrained_beta|r1|ensemble,low_volatility|90d,low_volatility,90d,63,low_volatility_family_sensitivity,lower_tail,q10_minus_q1,market_neutral,False,1,ensemble,1,4181.0,0.0,0.0,,5,self_financing_spread_return,4181,-0.1261291903868954,0.2736043588268476,-0.3553236420091894,-0.9029172631168847,0.445,0.29411764705882354,0.04653854108083935,0.9547484278852446,0.33970493325609896,-0.9672721472742428,-0.8890287113202059,1.600558039788995,2.0,3.0794349769671996e-18,40.22213804545331,0.020111069022726656,0,0.0,,,,83.98923702463526,67.0,0.030303030303030304
low_volatility|90d|q10_minus_q1|unconstrained_beta|r1|ensemble,low_volatility|90d,low_volatility,90d,63,low_volatility_family_sensitivity,lower_tail,q10_minus_q1,market_neutral,False,1,ensemble,1,4181.0,0.0,0.0,,10,self_financing_spread_return,4181,-0.1435310353792867,0.27358341919751217,-0.428831294444923,-0.927828064482721,0.435,0.29411764705882354,0.02640896401969025,0.5414941326646605,0.5881670407069083,-0.9670935549205142,-0.8890287113202059,1.600558039788995,2.0,3.0794349769671996e-18,40.22213804545331,0.04022213804545331,0,0.0,,,,83.98923702463526,67.0,0.030303030303030304
low_volatility|90d|q10_minus_q1|unconstrained_beta|r1|ensemble,low_volatility|90d,low_volatility,90d,63,low_volatility_family_sensitivity,lower_tail,q10_minus_q1,market_neutral,False,1,ensemble,1,4181.0,0.0,0.0,,25,self_financing_spread_return,4181,-0.19369581270317038,0.27353507293355894,-0.6493874205004097,-0.9726156103468274,0.395,0.17647058823529413,-0.033979767163757425,-0.6954353615672139,0.48678250625717345,-0.9665577778593252,-0.8890287113202059,1.600558039788995,2.0,3.0794349769671996e-18,40.22213804545331,0.10055534511363327,0,0.0,,,,83.98923702463526,67.0,0.030303030303030304
low_volatility|90d|q10_minus_q1|unconstrained_beta|r5|ensemble,low_volatility|90d,low_volatility,90d,63,low_volatility_family_sensitivity,lower_tail,q10_minus_q1,market_neutral,False,5,ensemble,3,836.3333333333334,0.0,0.0,,0,self_financing_spread_return,4181,-0.11545733766175492,0.2724775838232959,-0.31299846260269554,-0.8939260507022571,0.45,0.29411764705882354,0.055977464735410556,1.1179515418250137,0.2635876900771442,-0.9504904391962464,-0.8937294327839062,1.769887755439971,2.0050386349496048,-0.000844860394194835,21.285241764342665,0.0,2,0.015714178505083085,,,,83.90791676632385,22.333333333333332,0.05218230864902088
low_volatility|90d|q10_minus_q1|unconstrained_beta|r5|ensemble,low_volatility|90d,low_volatility,90d,63,low_volatility_family_sensitivity,lower_tail,q10_minus_q1,market_neutral,False,5,ensemble,3,836.3333333333334,0.0,0.0,,5,self_financing_spread_return,4181,-0.12482167206102368,0.27247238208151403,-0.3520412420852668,-0.9093749462657309,0.445,0.29411764705882354,0.045347188529391166,0.9053657724806242,0.36527164233550746,-0.9505319864812857,-0.8937294327839062,1.769887755439971,2.0050386349496048,-0.000844860394194835,21.285241764342665,0.010642620882171331,2,0.015714178505083085,,,,83.90791676632385,22.333333333333332,0.05218230864902088
low_volatility|90d|q10_minus_q1|unconstrained_beta|r5|ensemble,low_volatility|90d,low_volatility,90d,63,low_volatility_family_sensitivity,lower_tail,q10_minus_q1,market_neutral,False,5,ensemble,3,836.3333333333334,0.0,0.0,,10,self_financing_spread_return,4181,-0.13408765926686084,0.2724688801257094,-0.39108307254855573,-0.9225781727964734,0.44,0.29411764705882354,0.03471691232337178,0.6929052994640686,0.488368983732797,-0.950573533766326,-0.8937294327839062,1.769887755439971,2.0050386349496048,-0.000844860394194835,21.285241764342665,0.021285241764342662,2,0.015714178505083085,,,,83.90791676632385,22.333333333333332,0.05218230864902088
low_volatility|90d|q10_minus_q1|unconstrained_beta|r5|ensemble,low_volatility|90d,low_volatility,90d,63,low_volatility_family_sensitivity,lower_tail,q10_minus_q1,market_neutral,False,5,ensemble,3,836.3333333333334,0.0,0.0,,25,self_financing_spread_return,4181,-0.16130573120456326,0.2724685734705031,-0.5081955618744903,-0.9517304176378281,0.425,0.23529411764705882,0.0028260837053136574,0.05634637288453032,0.9550658772692324,-0.9506981756214469,-0.8937294327839062,1.769887755439971,2.0050386349496048,-0.000844860394194835,21.285241764342665,0.05321310441085666,2,0.015714178505083085,,,,83.90791676632385,22.333333333333332,0.05218230864902088
low_volatility|90d|q10_minus_q1|unconstrained_beta|r21|ensemble,low_volatility|90d,low_volatility,90d,63,low_volatility_family_sensitivity,lower_tail,q10_minus_q1,market_neutral,False,21,ensemble,3,199.33333333333334,0.0,0.0,,0,self_financing_spread_return,4181,-0.10330015172066387,0.26675144504190057,-0.2746124073745097,-0.8737806829474567,0.44,0.29411764705882354,0.057189326155689675,1.1052077108154927,0.2690695964622337,-0.8776880044077858,-0.9059312742869537,1.8930298709827322,2.015191300425932,-0.0014275739484967702,11.841604463230007,0.0,2,0.022836546055791034,,,,83.60073347683966,22.333333333333332,0.058699031985201454
low_volatility|90d|q10_minus_q1|unconstrained_beta|r21|ensemble,low_volatility|90d,low_volatility,90d,63,low_volatility_family_sensitivity,lower_tail,q10_minus_q1,market_neutral,False,21,ensemble,3,199.33333333333334,0.0,0.0,,5,self_financing_spread_return,4181,-0.10859411748408165,0.2667495989051839,-0.2967985959592425,-0.8844018068815568,0.44,0.29411764705882354,0.051281796443756106,0.9908372691536433,0.32176504762727864,-0.8777560987177371,-0.9059312742869537,1.8930298709827322,2.015191300425932,-0.0014275739484967702,11.841604463230007,0.005920802231615003,2,0.022836546055791034,,,,83.60073347683966,22.333333333333332,0.058699031985201454
low_volatility|90d|q10_minus_q1|unconstrained_beta|r21|ensemble,low_volatility|90d,low_volatility,90d,63,low_volatility_family_sensitivity,lower_tail,q10_minus_q1,market_neutral,False,21,ensemble,3,199.33333333333334,0.0,0.0,,10,self_financing_spread_return,4181,-0.11385776253667468,0.2667511731033369,-0.3189810015529019,-0.8941308554460431,0.44,0.29411764705882354,0.04537426673182253,0.8764981240817514,0.3807592957564383,-0.8778241930276883,-0.9059312742869537,1.8930298709827322,2.015191300425932,-0.0014275739484967702,11.841604463230007,0.011841604463230007,2,0.022836546055791034,,,,83.60073347683966,22.333333333333332,0.058699031985201454
low_volatility|90d|q10_minus_q1|unconstrained_beta|r21|ensemble,low_volatility|90d,low_volatility,90d,63,low_volatility_family_sensitivity,lower_tail,q10_minus_q1,market_neutral,False,21,ensemble,3,199.33333333333334,0.0,0.0,,25,self_financing_spread_return,4181,-0.12946845240606697,0.2667764164437504,-0.3854969923328668,-0.918682638255296,0.435,0.29411764705882354,0.02765167759602217,0.533730868058076,0.5935277495016033,-0.8780284759575417,-0.9059312742869537,1.8930298709827322,2.015191300425932,-0.0014275739484967702,11.841604463230007,0.029604011158075018,2,0.022836546055791034,,,,83.60073347683966,22.333333333333332,0.058699031985201454
low_volatility|90d|q10_minus_q1|unconstrained_beta|r63|ensemble,low_volatility|90d,low_volatility,90d,63,low_volatility_family_sensitivity,lower_tail,q10_minus_q1,market_neutral,False,63,ensemble,3,66.33333333333333,0.0,0.0,,0,self_financing_spread_return,4181,-0.09353725281164393,0.2820939790228083,-0.2068722042588012,-0.8599582877443545,0.455,0.35294117647058826,0.06444439377926767,1.10311407901803,0.269977627522619,-0.8262766803756191,-0.9558982309475239,4.335299668707211,2.063637405606032,-0.011181815506366632,7.304746791600259,0.0,2,0.023618696129057565,,,,82.85418161524356,22.333333333333332,0.13273013234735861
low_volatility|90d|q10_minus_q1|unconstrained_beta|r63|ensemble,low_volatility|90d,low_volatility,90d,63,low_volatility_family_sensitivity,lower_tail,q10_minus_q1,market_neutral,False,63,ensemble,3,66.33333333333333,0.0,0.0,,5,self_financing_spread_return,4181,-0.09684246953700348,0.28209868193105797,-0.2198066959591474,-0.8673426073026721,0.455,0.35294117647058826,0.060798724896703876,1.0405975312321176,0.2980623774874457,-0.8263043150137995,-0.9558982309475239,4.335299668707211,2.063637405606032,-0.011181815506366632,7.304746791600259,0.0036523733958001296,2,0.023618696129057565,,,,82.85418161524356,22.333333333333332,0.13273013234735861
low_volatility|90d|q10_minus_q1|unconstrained_beta|r63|ensemble,low_volatility|90d,low_volatility,90d,63,low_volatility_family_sensitivity,lower_tail,q10_minus_q1,market_neutral,False,63,ensemble,3,66.33333333333333,0.0,0.0,,10,self_financing_spread_return,4181,-0.10013666117543285,0.282107228991,-0.23273758494470478,-0.8743397092084559,0.45,0.29411764705882354,0.05715305601414009,0.9780692007365489,0.3280400994967916,-0.8263319496519803,-0.9558982309475239,4.335299668707211,2.063637405606032,-0.011181815506366632,7.304746791600259,0.007304746791600259,2,0.023618696129057565,,,,82.85418161524356,22.333333333333332,0.13273013234735861
low_volatility|90d|q10_minus_q1|unconstrained_beta|r63|ensemble,low_volatility|90d,low_volatility,90d,63,low_volatility_family_sensitivity,lower_tail,q10_minus_q1,market_neutral,False,63,ensemble,3,66.33333333333333,0.0,0.0,,25,self_financing_spread_return,4181,-0.10995341902925104,0.2821559308019694,-0.27150335928224634,-0.8932044472871441,0.45,0.29411764705882354,0.04621604936644888,0.7904621574949287,0.4292579141318452,-0.8264148535665219,-0.9558982309475239,4.335299668707211,2.063637405606032,-0.011181815506366632,7.304746791600259,0.018261866979000646,2,0.023618696129057565,,,,82.85418161524356,22.333333333333332,0.13273013234735861
low_volatility|90d|q10_minus_q1|beta_neutral|r1|ensemble,low_volatility|90d,low_volatility,90d,63,low_volatility_family_sensitivity,lower_tail,q10_minus_q1,market_neutral,True,1,ensemble,1,4181.0,0.0,4181.0,1.0,0,self_financing_spread_return,4181,0.07257557121107627,0.18303724107680022,0.4742533111835643,-0.3387168489380151,0.585,0.7058823529411765,0.08870538138520397,2.019492076200143,0.04343610005997458,-0.012779942960587523,-4.0142189978654885e-20,6.557254739192331e-16,2.0,0.8844666319509358,39.0606784973347,0.0,0,0.0,,,,83.87180100454437,67.0,0.04973126114321164
low_volatility|90d|q10_minus_q1|beta_neutral|r1|ensemble,low_volatility|90d,low_volatility,90d,63,low_volatility_family_sensitivity,lower_tail,q10_minus_q1,market_neutral,True,1,ensemble,1,4181.0,0.0,4181.0,1.0,5,self_financing_spread_return,4181,0.051829846797724066,0.1830314117762671,0.3675414547252736,-0.3529946715599307,0.58,0.7058823529411765,0.06915612388820029,1.5734882678802657,0.11560580278939561,-0.012679881571340965,-4.0142189978654885e-20,6.557254739192331e-16,2.0,0.8844666319509358,39.0606784973347,0.019530339248667348,0,0.0,,,,83.87180100454437,67.0,0.04973126114321164
low_volatility|90d|q10_minus_q1|beta_neutral|r1|ensemble,low_volatility|90d,low_volatility,90d,63,low_volatility_family_sensitivity,lower_tail,q10_minus_q1,market_neutral,True,1,ensemble,1,4181.0,0.0,4181.0,1.0,10,self_financing_spread_return,4181,0.03148304531807189,0.18302971931402248,0.26081690567890947,-0.3923582978633888,0.565,0.6470588235294118,0.04960686639119647,1.1279496972288112,0.2593411637925589,-0.012579820182094246,-4.0142189978654885e-20,6.557254739192331e-16,2.0,0.8844666319509358,39.0606784973347,0.039060678497334696,0,0.0,,,,83.87180100454437,67.0,0.04973126114321164
low_volatility|90d|q10_minus_q1|beta_neutral|r1|ensemble,low_volatility|90d,low_volatility,90d,63,low_volatility_family_sensitivity,lower_tail,q10_minus_q1,market_neutral,True,1,ensemble,1,4181.0,0.0,4181.0,1.0,25,self_financing_spread_return,4181,-0.027239362590153693,0.18304946270212621,-0.05936053413410259,-0.5846022219041842,0.48,0.35294117647058826,-0.009040906099814863,-0.20509379759167354,0.8374988422410083,-0.01227963601435449,-4.0142189978654885e-20,6.557254739192331e-16,2.0,0.8844666319509358,39.0606784973347,0.09765169624333675,0,0.0,,,,83.87180100454437,67.0,0.04973126114321164
low_volatility|90d|q10_minus_q1|beta_neutral|r5|ensemble,low_volatility|90d,low_volatility,90d,63,low_volatility_family_sensitivity,lower_tail,q10_minus_q1,market_neutral,True,5,ensemble,3,836.3333333333334,0.0,836.3333333333334,1.0,0,self_financing_spread_return,4181,0.06711216990844004,0.18259373752366093,0.44702677485874537,-0.3654429640127449,0.575,0.6470588235294118,0.08194587771107606,1.8485133590899439,0.06452811361391139,-0.002163818183088411,-0.0011555779607645715,0.2716915247843163,2.000491767893503,0.8845278090642811,20.597840500657053,0.0,2,0.021457686439211924,,,,83.79071992346329,22.333333333333332,0.051994429867526275
low_volatility|90d|q10_minus_q1|beta_neutral|r5|ensemble,low_volatility|90d,low_volatility,90d,63,low_volatility_family_sensitivity,lower_tail,q10_minus_q1,market_neutral,True,5,ensemble,3,836.3333333333334,0.0,836.3333333333334,1.0,5,self_financing_spread_return,4181,0.056178004014127536,0.18258639042216337,0.39062354344588157,-0.3727394451110717,0.565,0.6470588235294118,0.07165561868829465,1.616075703195502,0.10607794664169139,-0.0022411140251032235,-0.0011555779607645715,0.2716915247843163,2.000491767893503,0.8845278090642811,20.597840500657053,0.010298920250328527,2,0.021457686439211924,,,,83.79071992346329,22.333333333333332,0.051994429867526275
low_volatility|90d|q10_minus_q1|beta_neutral|r5|ensemble,low_volatility|90d,low_volatility,90d,63,low_volatility_family_sensitivity,lower_tail,q10_minus_q1,market_neutral,True,5,ensemble,3,836.3333333333334,0.0,836.3333333333334,1.0,10,self_financing_spread_return,4181,0.04535496024476782,0.1825815342371529,0.3342112129999477,-0.3799528877411871,0.555,0.6470588235294118,0.061365359665512716,1.383705487061261,0.16644865275021958,-0.0023184098671177556,-0.0011555779607645715,0.2716915247843163,2.000491767893503,0.8845278090642811,20.597840500657053,0.020597840500657053,2,0.021457686439211924,,,,83.79071992346329,22.333333333333332,0.051994429867526275
low_volatility|90d|q10_minus_q1|beta_neutral|r5|ensemble,low_volatility|90d,low_volatility,90d,63,low_volatility_family_sensitivity,lower_tail,q10_minus_q1,market_neutral,True,5,ensemble,3,836.3333333333334,0.0,836.3333333333334,1.0,25,self_financing_spread_return,4181,0.013541416835604059,0.18258191265884968,0.16494271114541997,-0.45883145594888974,0.545,0.6470588235294118,0.03049458259716842,0.6871122769885959,0.492011978285549,-0.0025502973931613325,-0.0011555779607645715,0.2716915247843163,2.000491767893503,0.8845278090642811,20.597840500657053,0.05149460125164263,2,0.021457686439211924,,,,83.79071992346329,22.333333333333332,0.051994429867526275
low_volatility|90d|q10_minus_q1|beta_neutral|r21|ensemble,low_volatility|90d,low_volatility,90d,63,low_volatility_family_sensitivity,lower_tail,q10_minus_q1,market_neutral,True,21,ensemble,3,199.33333333333334,0.0,199.33333333333334,1.0,0,self_financing_spread_return,4181,0.06273211879548724,0.18188712261557685,0.42549147282056593,-0.34970063861926837,0.57,0.7058823529411765,0.07057633277975821,1.5718004605245572,0.11599683471857938,0.04585557804495717,-0.004001478579493207,0.5111202666654545,1.9980140544282106,0.8850457946544626,11.385483246602107,0.0,2,0.03144314090703975,,,,83.48186239336681,22.333333333333332,0.05302428621985916
low_volatility|90d|q10_minus_q1|beta_neutral|r21|ensemble,low_volatility|90d,low_volatility,90d,63,low_volatility_family_sensitivity,lower_tail,q10_minus_q1,market_neutral,True,21,ensemble,3,199.33333333333334,0.0,199.33333333333334,1.0,5,self_financing_spread_return,4181,0.05669892167224111,0.18187910110369443,0.3941944870637964,-0.3511430003957575,0.565,0.7058823529411765,0.06489896322093583,1.4451499510248231,0.1484157709501411,0.045732370672091724,-0.004001478579493207,0.5111202666654545,1.9980140544282106,0.8850457946544626,11.385483246602107,0.005692741623301053,2,0.03144314090703975,,,,83.48186239336681,22.333333333333332,0.05302428621985916
low_volatility|90d|q10_minus_q1|beta_neutral|r21|ensemble,low_volatility|90d,low_volatility,90d,63,low_volatility_family_sensitivity,lower_tail,q10_minus_q1,market_neutral,True,21,ensemble,3,199.33333333333334,0.0,199.33333333333334,1.0,10,self_financing_spread_return,4181,0.050698930540749254,0.18187584266552742,0.362885236864407,-0.3525824448834711,0.565,0.7058823529411765,0.05922159366211335,1.3185060573349596,0.18733429866941176,0.045609163299226214,-0.004001478579493207,0.5111202666654545,1.9980140544282106,0.8850457946544626,11.385483246602107,0.011385483246602107,2,0.03144314090703975,,,,83.48186239336681,22.333333333333332,0.05302428621985916
low_volatility|90d|q10_minus_q1|beta_neutral|r21|ensemble,low_volatility|90d,low_volatility,90d,63,low_volatility_family_sensitivity,lower_tail,q10_minus_q1,market_neutral,True,21,ensemble,3,199.33333333333334,0.0,199.33333333333334,1.0,25,self_financing_spread_return,4181,0.03289642710425578,0.18189464648219217,0.2689084974558474,-0.3678193138797152,0.54,0.6470588235294118,0.04218948498564602,0.9387011704364695,0.3478841923510989,0.04523954118062997,-0.004001478579493207,0.5111202666654545,1.9980140544282106,0.8850457946544626,11.385483246602107,0.028463708116505268,2,0.03144314090703975,,,,83.48186239336681,22.333333333333332,0.05302428621985916
low_volatility|90d|q10_minus_q1|beta_neutral|r63|ensemble,low_volatility|90d,low_volatility,90d,63,low_volatility_family_sensitivity,lower_tail,q10_minus_q1,market_neutral,True,63,ensemble,3,66.33333333333333,0.0,66.33333333333333,1.0,0,self_financing_spread_return,4181,0.06435853102490396,0.18827241707952333,0.42558568853147943,-0.3765432256176632,0.565,0.7647058823529411,0.06178477137372526,1.3233692720052648,0.185712605291251,0.12340998331417,-0.01537512495942804,0.7863493458403309,2.0015437774629907,0.8833003853923732,6.851612885948959,0.0,2,0.032692559376723,,,,82.74870445666906,22.333333333333332,0.05735910761265292
low_volatility|90d|q10_minus_q1|beta_neutral|r63|ensemble,low_volatility|90d,low_volatility,90d,63,low_volatility_family_sensitivity,lower_tail,q10_minus_q1,market_neutral,True,63,ensemble,3,66.33333333333333,0.0,66.33333333333333,1.0,5,self_financing_spread_return,4181,0.060717944098464205,0.18827369480814407,0.40738207423948475,-0.3793177995862048,0.565,0.7058823529411765,0.05836299784010986,1.2499695235333395,0.2113106805432936,0.12337671469239798,-0.01537512495942804,0.7863493458403309,2.0015437774629907,0.8833003853923732,6.851612885948959,0.003425806442974479,2,0.032692559376723,,,,82.74870445666906,22.333333333333332,0.05735910761265292
low_volatility|90d|q10_minus_q1|beta_neutral|r63|ensemble,low_volatility|90d,low_volatility,90d,63,low_volatility_family_sensitivity,lower_tail,q10_minus_q1,market_neutral,True,63,ensemble,3,66.33333333333333,0.0,66.33333333333333,1.0,10,self_financing_spread_return,4181,0.057088734417464204,0.18828012759071217,0.3891680514278898,-0.3820810439610359,0.565,0.7058823529411765,0.05494122430649432,1.176540045248985,0.239379139936726,0.12334344607062585,-0.01537512495942804,0.7863493458403309,2.0015437774629907,0.8833003853923732,6.851612885948959,0.006851612885948958,2,0.032692559376723,,,,82.74870445666906,22.333333333333332,0.05735910761265292
low_volatility|90d|q10_minus_q1|beta_neutral|r63|ensemble,low_volatility|90d,low_volatility,90d,63,low_volatility_family_sensitivity,lower_tail,q10_minus_q1,market_neutral,True,63,ensemble,3,66.33333333333333,0.0,66.33333333333333,1.0,25,self_financing_spread_return,4181,0.046269046951107784,0.1883303488630857,0.33447852107502174,-0.3903032205018657,0.56,0.6470588235294118,0.044675903705648154,0.9561530350612837,0.33899492361942385,0.1232436402053097,-0.01537512495942804,0.7863493458403309,2.0015437774629907,0.8833003853923732,6.851612885948959,0.017129032214872397,2,0.032692559376723,,,,82.74870445666906,22.333333333333332,0.05735910761265292
