walk_key,path_key,factor_key,family,variant,selection_horizon,selection_evidence,selection_pattern,method,portfolio_type,beta_neutral,rebalance_days,calendar_offset,phase_count,successful_rebalances,skipped_rebalances,beta_neutral_attempts,beta_neutral_success_rate,walk_forward_scheme,complete_oos_periods,positive_oos_period_rate,median_oos_annualized_return,worst_oos_annualized_return,best_oos_annualized_return,median_oos_sharpe,stitched_oos_annualized_return,stitched_oos_sharpe,orientation_positive_rate,orientation_changes,post_selection_oos_warning
long|low_volatility|120d|continuous_high_minus_low|beta_neutral|r1|ensemble,low_volatility|120d|continuous_high_minus_low|beta_neutral|r1|ensemble,low_volatility|120d,low_volatility,120d,63,low_volatility_family_sensitivity,lower_tail,continuous_high_minus_low,market_neutral,True,1,ensemble,1,4181.0,0.0,4181.0,1.0,long,12,0.5833333333333334,0.02221915959123788,-0.13078411123814748,0.11022300715913635,0.2808018216403301,0.00012719659173776598,0.067730789197608,0.9166666666666666,2,True
long|low_volatility|120d|continuous_high_minus_low|beta_neutral|r21|ensemble,low_volatility|120d|continuous_high_minus_low|beta_neutral|r21|ensemble,low_volatility|120d,low_volatility,120d,63,low_volatility_family_sensitivity,lower_tail,continuous_high_minus_low,market_neutral,True,21,ensemble,3,199.33333333333334,0.0,199.33333333333334,1.0,long,12,0.5833333333333334,0.040480424934074444,-0.13545593059512762,0.1342153639630157,0.3627493086369291,0.004695566297418852,0.10185467985286638,0.9166666666666666,2,True
long|low_volatility|120d|continuous_high_minus_low|beta_neutral|r5|ensemble,low_volatility|120d|continuous_high_minus_low|beta_neutral|r5|ensemble,low_volatility|120d,low_volatility,120d,63,low_volatility_family_sensitivity,lower_tail,continuous_high_minus_low,market_neutral,True,5,ensemble,3,836.3333333333334,0.0,836.3333333333334,1.0,long,12,0.5833333333333334,0.029897515967235777,-0.12854443943485727,0.11735605091926304,0.34200899150034514,0.0034669457721347996,0.09274872199597163,0.9166666666666666,2,True
long|low_volatility|120d|continuous_high_minus_low|beta_neutral|r63|ensemble,low_volatility|120d|continuous_high_minus_low|beta_neutral|r63|ensemble,low_volatility|120d,low_volatility,120d,63,low_volatility_family_sensitivity,lower_tail,continuous_high_minus_low,market_neutral,True,63,ensemble,3,66.33333333333333,0.0,66.33333333333333,1.0,long,12,0.5833333333333334,0.04300926799330018,-0.1298011263852411,0.13326615782601148,0.3765393560135184,0.002830884181801885,0.0893285404725571,0.9166666666666666,2,True
long|low_volatility|120d|continuous_high_minus_low|unconstrained_beta|r1|ensemble,low_volatility|120d|continuous_high_minus_low|unconstrained_beta|r1|ensemble,low_volatility|120d,low_volatility,120d,63,low_volatility_family_sensitivity,lower_tail,continuous_high_minus_low,market_neutral,False,1,ensemble,1,4181.0,0.0,0.0,,long,12,0.5,0.008207369660981845,-0.13559998445264698,0.20924822345553484,-0.00558546309203195,0.007759451880212875,0.13207736778924234,0.16666666666666666,2,True
long|low_volatility|120d|continuous_high_minus_low|unconstrained_beta|r21|ensemble,low_volatility|120d|continuous_high_minus_low|unconstrained_beta|r21|ensemble,low_volatility|120d,low_volatility,120d,63,low_volatility_family_sensitivity,lower_tail,continuous_high_minus_low,market_neutral,False,21,ensemble,3,199.33333333333334,0.0,0.0,,long,12,0.5,0.026998872462530354,-0.14026634530349646,0.24701649422194683,0.11728204752396754,0.02335738902657014,0.21965266390883303,0.16666666666666666,2,True
long|low_volatility|120d|continuous_high_minus_low|unconstrained_beta|r5|ensemble,low_volatility|120d|continuous_high_minus_low|unconstrained_beta|r5|ensemble,low_volatility|120d,low_volatility,120d,63,low_volatility_family_sensitivity,lower_tail,continuous_high_minus_low,market_neutral,False,5,ensemble,3,836.3333333333334,0.0,0.0,,long,12,0.5,0.013640765882324324,-0.12896689570653863,0.22983522576935256,0.10676265834546755,0.021393537978888766,0.20762542247980434,0.16666666666666666,2,True
long|low_volatility|120d|continuous_high_minus_low|unconstrained_beta|r63|ensemble,low_volatility|120d|continuous_high_minus_low|unconstrained_beta|r63|ensemble,low_volatility|120d,low_volatility,120d,63,low_volatility_family_sensitivity,lower_tail,continuous_high_minus_low,market_neutral,False,63,ensemble,3,66.33333333333333,0.0,0.0,,long,12,0.5,0.030508340843383608,-0.1385696634682443,0.22548843760711512,0.2093391219234319,0.021807875868017135,0.2112191866356077,0.16666666666666666,2,True
long|low_volatility|120d|long_q10|unconstrained_beta|r1|ensemble,low_volatility|120d|long_q10|unconstrained_beta|r1|ensemble,low_volatility|120d,low_volatility,120d,63,low_volatility_family_sensitivity,lower_tail,long_q10,long_only,False,1,ensemble,1,4181.0,0.0,0.0,,long,12,0.9166666666666666,0.1329598424841466,-0.033896348529882436,0.23317214069514391,0.7999436138504493,0.09362625477812836,0.5874649911983345,1.0,0,True
long|low_volatility|120d|long_q10|unconstrained_beta|r21|ensemble,low_volatility|120d|long_q10|unconstrained_beta|r21|ensemble,low_volatility|120d,low_volatility,120d,63,low_volatility_family_sensitivity,lower_tail,long_q10,long_only,False,21,ensemble,3,199.33333333333334,0.0,0.0,,long,12,0.9166666666666666,0.11005109988264816,-0.04114027606119397,0.23910025274975233,0.8096355454268117,0.09719844223335894,0.5976556553210056,1.0,0,True
long|low_volatility|120d|long_q10|unconstrained_beta|r5|ensemble,low_volatility|120d|long_q10|unconstrained_beta|r5|ensemble,low_volatility|120d,low_volatility,120d,63,low_volatility_family_sensitivity,lower_tail,long_q10,long_only,False,5,ensemble,3,836.3333333333334,0.0,0.0,,long,12,0.9166666666666666,0.12851215654027925,-0.02298530643936869,0.234128205953545,0.8392180657089061,0.09793980746533326,0.6137717260691631,1.0,0,True
long|low_volatility|120d|long_q10|unconstrained_beta|r63|ensemble,low_volatility|120d|long_q10|unconstrained_beta|r63|ensemble,low_volatility|120d,low_volatility,120d,63,low_volatility_family_sensitivity,lower_tail,long_q10,long_only,False,63,ensemble,3,66.33333333333333,0.0,0.0,,long,12,0.75,0.1000001189161197,-0.025198466718706625,0.2504150722186147,0.7716708039860151,0.09782033233298426,0.5892738216741931,1.0,0,True
long|low_volatility|120d|long_q1|unconstrained_beta|r1|ensemble,low_volatility|120d|long_q1|unconstrained_beta|r1|ensemble,low_volatility|120d,low_volatility,120d,63,low_volatility_family_sensitivity,lower_tail,long_q1,long_only,False,1,ensemble,1,4181.0,0.0,0.0,,long,12,0.75,0.1286043258962617,-0.16926100888573348,0.39615919079202055,0.8753380488581433,0.12451060508597678,0.47222439771677643,1.0,0,True
long|low_volatility|120d|long_q1|unconstrained_beta|r21|ensemble,low_volatility|120d|long_q1|unconstrained_beta|r21|ensemble,low_volatility|120d,low_volatility,120d,63,low_volatility_family_sensitivity,lower_tail,long_q1,long_only,False,21,ensemble,3,199.33333333333334,0.0,0.0,,long,12,0.75,0.14644973264102845,-0.158282405453939,0.40353165779438394,0.9382363247309315,0.13086330186325346,0.49576795918645955,1.0,0,True
long|low_volatility|120d|long_q1|unconstrained_beta|r5|ensemble,low_volatility|120d|long_q1|unconstrained_beta|r5|ensemble,low_volatility|120d,low_volatility,120d,63,low_volatility_family_sensitivity,lower_tail,long_q1,long_only,False,5,ensemble,3,836.3333333333334,0.0,0.0,,long,12,0.75,0.1374861204672636,-0.15991544188103235,0.40812473224024526,0.8966409110358748,0.1329939312943227,0.49752045916891097,1.0,0,True
long|low_volatility|120d|long_q1|unconstrained_beta|r63|ensemble,low_volatility|120d|long_q1|unconstrained_beta|r63|ensemble,low_volatility|120d,low_volatility,120d,63,low_volatility_family_sensitivity,lower_tail,long_q1,long_only,False,63,ensemble,3,66.33333333333333,0.0,0.0,,long,12,0.75,0.1746520543776895,-0.17685779040346827,0.40748156103837174,0.9868069967727562,0.14016784829697637,0.5331318406350231,1.0,0,True
long|low_volatility|120d|middle_minus_q1|beta_neutral|r1|ensemble,low_volatility|120d|middle_minus_q1|beta_neutral|r1|ensemble,low_volatility|120d,low_volatility,120d,63,low_volatility_family_sensitivity,lower_tail,middle_minus_q1,market_neutral,True,1,ensemble,1,4181.0,0.0,4181.0,1.0,long,12,0.4166666666666667,-0.07308879345484959,-0.1714869589410113,0.12224271361716177,-0.29706485117071485,-0.04301494327358413,-0.2542146547060338,0.9166666666666666,2,True
long|low_volatility|120d|middle_minus_q1|beta_neutral|r21|ensemble,low_volatility|120d|middle_minus_q1|beta_neutral|r21|ensemble,low_volatility|120d,low_volatility,120d,63,low_volatility_family_sensitivity,lower_tail,middle_minus_q1,market_neutral,True,21,ensemble,3,199.33333333333334,0.0,199.33333333333334,1.0,long,12,0.4166666666666667,-0.0566683632547727,-0.13406109755769346,0.13560627197429453,-0.3069532431858753,-0.024649187280586293,-0.1217211435764508,0.9166666666666666,2,True
long|low_volatility|120d|middle_minus_q1|beta_neutral|r5|ensemble,low_volatility|120d|middle_minus_q1|beta_neutral|r5|ensemble,low_volatility|120d,low_volatility,120d,63,low_volatility_family_sensitivity,lower_tail,middle_minus_q1,market_neutral,True,5,ensemble,3,836.3333333333334,0.0,836.3333333333334,1.0,long,12,0.4166666666666667,-0.0724917089523272,-0.14751775698794833,0.13024057045502846,-0.38652418165268176,-0.03546593443104318,-0.1979780002194009,0.9166666666666666,2,True
long|low_volatility|120d|middle_minus_q1|beta_neutral|r63|ensemble,low_volatility|120d|middle_minus_q1|beta_neutral|r63|ensemble,low_volatility|120d,low_volatility,120d,63,low_volatility_family_sensitivity,lower_tail,middle_minus_q1,market_neutral,True,63,ensemble,3,66.33333333333333,0.0,66.33333333333333,1.0,long,12,0.4166666666666667,-0.03097191848273062,-0.16381843623198833,0.1276072914420321,-0.08096364939461992,-0.02266303607262432,-0.10420060358611834,0.9166666666666666,2,True
long|low_volatility|120d|middle_minus_q1|unconstrained_beta|r1|ensemble,low_volatility|120d|middle_minus_q1|unconstrained_beta|r1|ensemble,low_volatility|120d,low_volatility,120d,63,low_volatility_family_sensitivity,lower_tail,middle_minus_q1,market_neutral,False,1,ensemble,1,4181.0,0.0,0.0,,long,12,0.3333333333333333,-0.0222318400400367,-0.14038464048811938,0.2634221689136007,-0.08039684543973681,0.0031743818416591907,0.11217175153549626,0.08333333333333333,2,True
long|low_volatility|120d|middle_minus_q1|unconstrained_beta|r21|ensemble,low_volatility|120d|middle_minus_q1|unconstrained_beta|r21|ensemble,low_volatility|120d,low_volatility,120d,63,low_volatility_family_sensitivity,lower_tail,middle_minus_q1,market_neutral,False,21,ensemble,3,199.33333333333334,0.0,0.0,,long,12,0.4166666666666667,-0.017148652820072274,-0.1505517628572285,0.26497089383361994,-0.10921638926434658,0.02197283854587173,0.20897245092905997,0.16666666666666666,2,True
long|low_volatility|120d|middle_minus_q1|unconstrained_beta|r5|ensemble,low_volatility|120d|middle_minus_q1|unconstrained_beta|r5|ensemble,low_volatility|120d,low_volatility,120d,63,low_volatility_family_sensitivity,lower_tail,middle_minus_q1,market_neutral,False,5,ensemble,3,836.3333333333334,0.0,0.0,,long,12,0.4166666666666667,-0.025670707177670726,-0.13826607145583802,0.26749238959725274,-0.09886329184113392,0.025432174580959588,0.22610593921778047,0.16666666666666666,2,True
long|low_volatility|120d|middle_minus_q1|unconstrained_beta|r63|ensemble,low_volatility|120d|middle_minus_q1|unconstrained_beta|r63|ensemble,low_volatility|120d,low_volatility,120d,63,low_volatility_family_sensitivity,lower_tail,middle_minus_q1,market_neutral,False,63,ensemble,3,66.33333333333333,0.0,0.0,,long,12,0.3333333333333333,-0.020496221200330844,-0.14309813998289644,0.3676969831658168,-0.021541260322582547,0.018235772584592524,0.19004729036069712,0.08333333333333333,2,True
long|low_volatility|120d|q10_minus_middle|beta_neutral|r1|ensemble,low_volatility|120d|q10_minus_middle|beta_neutral|r1|ensemble,low_volatility|120d,low_volatility,120d,63,low_volatility_family_sensitivity,lower_tail,q10_minus_middle,market_neutral,True,1,ensemble,1,4181.0,0.0,4181.0,1.0,long,12,0.6666666666666666,0.01676988947825475,-0.11226183740084783,0.12969198986454433,0.268455385198229,0.018053437027209185,0.21268168167331658,1.0,0,True
long|low_volatility|120d|q10_minus_middle|beta_neutral|r21|ensemble,low_volatility|120d|q10_minus_middle|beta_neutral|r21|ensemble,low_volatility|120d,low_volatility,120d,63,low_volatility_family_sensitivity,lower_tail,q10_minus_middle,market_neutral,True,21,ensemble,3,199.33333333333334,0.0,199.33333333333334,1.0,long,12,0.5833333333333334,0.027401948433119938,-0.1007444838134478,0.146920706437484,0.3255107053125798,0.009881559046610144,0.1419106489280871,0.9166666666666666,2,True
long|low_volatility|120d|q10_minus_middle|beta_neutral|r5|ensemble,low_volatility|120d|q10_minus_middle|beta_neutral|r5|ensemble,low_volatility|120d,low_volatility,120d,63,low_volatility_family_sensitivity,lower_tail,q10_minus_middle,market_neutral,True,5,ensemble,3,836.3333333333334,0.0,836.3333333333334,1.0,long,12,0.6666666666666666,0.03225153348907073,-0.10239989995357557,0.13589996858372788,0.4716290344794286,0.02908657162665307,0.30455356730685557,1.0,0,True
long|low_volatility|120d|q10_minus_middle|beta_neutral|r63|ensemble,low_volatility|120d|q10_minus_middle|beta_neutral|r63|ensemble,low_volatility|120d,low_volatility,120d,63,low_volatility_family_sensitivity,lower_tail,q10_minus_middle,market_neutral,True,63,ensemble,3,66.33333333333333,0.0,66.33333333333333,1.0,long,12,0.6666666666666666,0.04240428946154162,-0.12127936689816199,0.15315181737571226,0.42934176690769355,0.011861000582577663,0.15489243667905433,0.9166666666666666,2,True
long|low_volatility|120d|q10_minus_middle|unconstrained_beta|r1|ensemble,low_volatility|120d|q10_minus_middle|unconstrained_beta|r1|ensemble,low_volatility|120d,low_volatility,120d,63,low_volatility_family_sensitivity,lower_tail,q10_minus_middle,market_neutral,False,1,ensemble,1,4181.0,0.0,0.0,,long,12,0.3333333333333333,-0.05470733573452885,-0.12621826026753669,0.09620972307115494,-0.4216325813207657,-0.03339536419692679,-0.2313475978146471,0.3333333333333333,2,True
long|low_volatility|120d|q10_minus_middle|unconstrained_beta|r21|ensemble,low_volatility|120d|q10_minus_middle|unconstrained_beta|r21|ensemble,low_volatility|120d,low_volatility,120d,63,low_volatility_family_sensitivity,lower_tail,q10_minus_middle,market_neutral,False,21,ensemble,3,199.33333333333334,0.0,0.0,,long,12,0.3333333333333333,-0.03830992062759786,-0.11400859022691268,0.12440873887829684,-0.32286589458882375,-0.019428636253541742,-0.11497322768407256,0.16666666666666666,2,True
long|low_volatility|120d|q10_minus_middle|unconstrained_beta|r5|ensemble,low_volatility|120d|q10_minus_middle|unconstrained_beta|r5|ensemble,low_volatility|120d,low_volatility,120d,63,low_volatility_family_sensitivity,lower_tail,q10_minus_middle,market_neutral,False,5,ensemble,3,836.3333333333334,0.0,0.0,,long,12,0.3333333333333333,-0.05161996287990228,-0.12305243151643275,0.11816857144927218,-0.3447037687478004,-0.022608179821806296,-0.13768046076048743,0.3333333333333333,2,True
long|low_volatility|120d|q10_minus_middle|unconstrained_beta|r63|ensemble,low_volatility|120d|q10_minus_middle|unconstrained_beta|r63|ensemble,low_volatility|120d,low_volatility,120d,63,low_volatility_family_sensitivity,lower_tail,q10_minus_middle,market_neutral,False,63,ensemble,3,66.33333333333333,0.0,0.0,,long,12,0.4166666666666667,-0.015571113801153558,-0.1245916403761147,0.1565107267925463,-0.18206649260868796,-0.006028861152259868,0.0017543906684579981,0.08333333333333333,2,True
long|low_volatility|120d|q10_minus_q1|beta_neutral|r1|ensemble,low_volatility|120d|q10_minus_q1|beta_neutral|r1|ensemble,low_volatility|120d,low_volatility,120d,63,low_volatility_family_sensitivity,lower_tail,q10_minus_q1,market_neutral,True,1,ensemble,1,4181.0,0.0,4181.0,1.0,long,12,0.6666666666666666,0.03749646743623969,-0.17513556636023664,0.19155527345995016,0.2895930113192379,0.020663047093599562,0.202399702334086,1.0,0,True
long|low_volatility|120d|q10_minus_q1|beta_neutral|r21|ensemble,low_volatility|120d|q10_minus_q1|beta_neutral|r21|ensemble,low_volatility|120d,low_volatility,120d,63,low_volatility_family_sensitivity,lower_tail,q10_minus_q1,market_neutral,True,21,ensemble,3,199.33333333333334,0.0,199.33333333333334,1.0,long,12,0.5833333333333334,0.045184428743095584,-0.19970726190188992,0.21269676447673502,0.3481210678732102,-0.0032329359717722106,0.08386757804325766,0.9166666666666666,2,True
long|low_volatility|120d|q10_minus_q1|beta_neutral|r5|ensemble,low_volatility|120d|q10_minus_q1|beta_neutral|r5|ensemble,low_volatility|120d,low_volatility,120d,63,low_volatility_family_sensitivity,lower_tail,q10_minus_q1,market_neutral,True,5,ensemble,3,836.3333333333334,0.0,836.3333333333334,1.0,long,12,0.5833333333333334,0.040441440591050704,-0.19620061738036565,0.2026342711404998,0.31371056473355713,-0.004496163749230342,0.0765863085586788,0.9166666666666666,2,True
long|low_volatility|120d|q10_minus_q1|beta_neutral|r63|ensemble,low_volatility|120d|q10_minus_q1|beta_neutral|r63|ensemble,low_volatility|120d,low_volatility,120d,63,low_volatility_family_sensitivity,lower_tail,q10_minus_q1,market_neutral,True,63,ensemble,3,66.33333333333333,0.0,66.33333333333333,1.0,long,12,0.6666666666666666,0.03632113054067854,-0.19426034972976014,0.20969360651504543,0.30563255505997855,-0.0003280978378786825,0.10592166264957083,0.9166666666666666,2,True
long|low_volatility|120d|q10_minus_q1|unconstrained_beta|r1|ensemble,low_volatility|120d|q10_minus_q1|unconstrained_beta|r1|ensemble,low_volatility|120d,low_volatility,120d,63,low_volatility_family_sensitivity,lower_tail,q10_minus_q1,market_neutral,False,1,ensemble,1,4181.0,0.0,0.0,,long,12,0.4166666666666667,-0.04164586780341334,-0.1963310233581671,0.321824211802326,-0.01485615772433499,-0.006662366331173786,0.11677725550928814,0.16666666666666666,2,True
long|low_volatility|120d|q10_minus_q1|unconstrained_beta|r21|ensemble,low_volatility|120d|q10_minus_q1|unconstrained_beta|r21|ensemble,low_volatility|120d,low_volatility,120d,63,low_volatility_family_sensitivity,lower_tail,q10_minus_q1,market_neutral,False,21,ensemble,3,199.33333333333334,0.0,0.0,,long,12,0.5833333333333334,0.029582699368597698,-0.19373213928905364,0.33678058122744337,0.2265681249433373,0.02128071423532929,0.21378829017227724,0.16666666666666666,2,True
long|low_volatility|120d|q10_minus_q1|unconstrained_beta|r5|ensemble,low_volatility|120d|q10_minus_q1|unconstrained_beta|r5|ensemble,low_volatility|120d,low_volatility,120d,63,low_volatility_family_sensitivity,lower_tail,q10_minus_q1,market_neutral,False,5,ensemble,3,836.3333333333334,0.0,0.0,,long,12,0.5,0.008960922413458028,-0.18704980188106646,0.34569451930120865,0.0941626726944549,0.024389613678418298,0.22547782270110125,0.16666666666666666,2,True
long|low_volatility|120d|q10_minus_q1|unconstrained_beta|r63|ensemble,low_volatility|120d|q10_minus_q1|unconstrained_beta|r63|ensemble,low_volatility|120d,low_volatility,120d,63,low_volatility_family_sensitivity,lower_tail,q10_minus_q1,market_neutral,False,63,ensemble,3,66.33333333333333,0.0,0.0,,long,12,0.5,0.011186180921281486,-0.21216648265083327,0.4209242787562437,0.20852976611000945,0.0068351104486670256,0.16998179300957553,0.16666666666666666,2,True
long|low_volatility|180d|continuous_high_minus_low|beta_neutral|r1|ensemble,low_volatility|180d|continuous_high_minus_low|beta_neutral|r1|ensemble,low_volatility|180d,low_volatility,180d,63,low_volatility_family_sensitivity,lower_tail,continuous_high_minus_low,market_neutral,True,1,ensemble,1,4181.0,0.0,4181.0,1.0,long,12,0.5833333333333334,0.026243395315398654,-0.12281464517525542,0.12603890323840194,0.3135785913145204,0.004152862550039993,0.09815570627944831,0.9166666666666666,2,True
long|low_volatility|180d|continuous_high_minus_low|beta_neutral|r21|ensemble,low_volatility|180d|continuous_high_minus_low|beta_neutral|r21|ensemble,low_volatility|180d,low_volatility,180d,63,low_volatility_family_sensitivity,lower_tail,continuous_high_minus_low,market_neutral,True,21,ensemble,3,199.33333333333334,0.0,199.33333333333334,1.0,long,12,0.5833333333333334,0.042826123236975655,-0.12690779995909574,0.14876713943799635,0.41779176202431556,0.0076255440247949835,0.12387156779582714,0.9166666666666666,2,True
long|low_volatility|180d|continuous_high_minus_low|beta_neutral|r5|ensemble,low_volatility|180d|continuous_high_minus_low|beta_neutral|r5|ensemble,low_volatility|180d,low_volatility,180d,63,low_volatility_family_sensitivity,lower_tail,continuous_high_minus_low,market_neutral,True,5,ensemble,3,836.3333333333334,0.0,836.3333333333334,1.0,long,12,0.5833333333333334,0.03261094116447838,-0.11841228614228683,0.13462179870882807,0.363098852223598,0.0066970970952608955,0.11698646799144607,0.9166666666666666,2,True
long|low_volatility|180d|continuous_high_minus_low|beta_neutral|r63|ensemble,low_volatility|180d|continuous_high_minus_low|beta_neutral|r63|ensemble,low_volatility|180d,low_volatility,180d,63,low_volatility_family_sensitivity,lower_tail,continuous_high_minus_low,market_neutral,True,63,ensemble,3,66.33333333333333,0.0,66.33333333333333,1.0,long,12,0.5833333333333334,0.04557749863175964,-0.12102155289166316,0.1433190563667357,0.42590314651475547,0.008391187922426768,0.12983651679981184,0.9166666666666666,2,True
long|low_volatility|180d|continuous_high_minus_low|unconstrained_beta|r1|ensemble,low_volatility|180d|continuous_high_minus_low|unconstrained_beta|r1|ensemble,low_volatility|180d,low_volatility,180d,63,low_volatility_family_sensitivity,lower_tail,continuous_high_minus_low,market_neutral,False,1,ensemble,1,4181.0,0.0,0.0,,long,12,0.5,0.02390629569058428,-0.14350823075225805,0.20777159106555065,0.053874797534317065,0.011890517944401768,0.1551459643385006,0.16666666666666666,2,True
long|low_volatility|180d|continuous_high_minus_low|unconstrained_beta|r21|ensemble,low_volatility|180d|continuous_high_minus_low|unconstrained_beta|r21|ensemble,low_volatility|180d,low_volatility,180d,63,low_volatility_family_sensitivity,lower_tail,continuous_high_minus_low,market_neutral,False,21,ensemble,3,199.33333333333334,0.0,0.0,,long,12,0.5,0.03006113356433371,-0.14575015646745715,0.23611779558171486,0.17035283440025886,0.023107309202784032,0.21800502807919403,0.16666666666666666,2,True
long|low_volatility|180d|continuous_high_minus_low|unconstrained_beta|r5|ensemble,low_volatility|180d|continuous_high_minus_low|unconstrained_beta|r5|ensemble,low_volatility|180d,low_volatility,180d,63,low_volatility_family_sensitivity,lower_tail,continuous_high_minus_low,market_neutral,False,5,ensemble,3,836.3333333333334,0.0,0.0,,long,12,0.5,0.029133138051364527,-0.1368919925709886,0.2235264294701682,0.17558383709462022,0.02357362457397283,0.21944676247542236,0.16666666666666666,2,True
long|low_volatility|180d|continuous_high_minus_low|unconstrained_beta|r63|ensemble,low_volatility|180d|continuous_high_minus_low|unconstrained_beta|r63|ensemble,low_volatility|180d,low_volatility,180d,63,low_volatility_family_sensitivity,lower_tail,continuous_high_minus_low,market_neutral,False,63,ensemble,3,66.33333333333333,0.0,0.0,,long,12,0.5,0.026005096698552,-0.15127436831966845,0.21969017053930795,0.13221398976681364,0.02117536445016377,0.20736682294907138,0.16666666666666666,2,True
long|low_volatility|180d|long_q10|unconstrained_beta|r1|ensemble,low_volatility|180d|long_q10|unconstrained_beta|r1|ensemble,low_volatility|180d,low_volatility,180d,63,low_volatility_family_sensitivity,lower_tail,long_q10,long_only,False,1,ensemble,1,4181.0,0.0,0.0,,long,12,0.8333333333333334,0.12921123686768954,-0.018859045203326152,0.2589669476380545,0.7798274829154404,0.09711011766944022,0.6065974509034207,1.0,0,True
long|low_volatility|180d|long_q10|unconstrained_beta|r21|ensemble,low_volatility|180d|long_q10|unconstrained_beta|r21|ensemble,low_volatility|180d,low_volatility,180d,63,low_volatility_family_sensitivity,lower_tail,long_q10,long_only,False,21,ensemble,3,199.33333333333334,0.0,0.0,,long,12,0.8333333333333334,0.10315646962431868,-0.01754195357182886,0.2627801430589056,0.8236949417401958,0.09687646421623497,0.5897191776182811,1.0,0,True
long|low_volatility|180d|long_q10|unconstrained_beta|r5|ensemble,low_volatility|180d|long_q10|unconstrained_beta|r5|ensemble,low_volatility|180d,low_volatility,180d,63,low_volatility_family_sensitivity,lower_tail,long_q10,long_only,False,5,ensemble,3,836.3333333333334,0.0,0.0,,long,12,0.8333333333333334,0.12712444899787956,-0.01605472188226742,0.2613832730049621,0.8101773848418639,0.10027953568430625,0.62370992982182,1.0,0,True
long|low_volatility|180d|long_q10|unconstrained_beta|r63|ensemble,low_volatility|180d|long_q10|unconstrained_beta|r63|ensemble,low_volatility|180d,low_volatility,180d,63,low_volatility_family_sensitivity,lower_tail,long_q10,long_only,False,63,ensemble,3,66.33333333333333,0.0,0.0,,long,12,0.8333333333333334,0.09787224991598098,-0.01522285797045686,0.2530481112969718,0.8226100261551669,0.09849981366879446,0.5932183777564055,1.0,0,True
long|low_volatility|180d|long_q1|unconstrained_beta|r1|ensemble,low_volatility|180d|long_q1|unconstrained_beta|r1|ensemble,low_volatility|180d,low_volatility,180d,63,low_volatility_family_sensitivity,lower_tail,long_q1,long_only,False,1,ensemble,1,4181.0,0.0,0.0,,long,12,0.75,0.14749338724524297,-0.20347338396753833,0.43826666079084875,0.8526457164018316,0.12497108862937689,0.4728761194591227,1.0,0,True
long|low_volatility|180d|long_q1|unconstrained_beta|r21|ensemble,low_volatility|180d|long_q1|unconstrained_beta|r21|ensemble,low_volatility|180d,low_volatility,180d,63,low_volatility_family_sensitivity,lower_tail,long_q1,long_only,False,21,ensemble,3,199.33333333333334,0.0,0.0,,long,12,0.75,0.1780578360165025,-0.1578908750147472,0.4445488446185055,0.9524751913948937,0.14617167930743058,0.5402393193036726,1.0,0,True
long|low_volatility|180d|long_q1|unconstrained_beta|r5|ensemble,low_volatility|180d|long_q1|unconstrained_beta|r5|ensemble,low_volatility|180d,low_volatility,180d,63,low_volatility_family_sensitivity,lower_tail,long_q1,long_only,False,5,ensemble,3,836.3333333333334,0.0,0.0,,long,12,0.75,0.18761455713914066,-0.18387136809982318,0.4494318835029165,0.8760437674310008,0.14077990030541487,0.5189760512266649,1.0,0,True
long|low_volatility|180d|long_q1|unconstrained_beta|r63|ensemble,low_volatility|180d|long_q1|unconstrained_beta|r63|ensemble,low_volatility|180d,low_volatility,180d,63,low_volatility_family_sensitivity,lower_tail,long_q1,long_only,False,63,ensemble,3,66.33333333333333,0.0,0.0,,long,12,0.75,0.17377006133001682,-0.17929276567723762,0.4528079396727578,0.9662325743442566,0.15181796923905666,0.5693846338907815,1.0,0,True
long|low_volatility|180d|middle_minus_q1|beta_neutral|r1|ensemble,low_volatility|180d|middle_minus_q1|beta_neutral|r1|ensemble,low_volatility|180d,low_volatility,180d,63,low_volatility_family_sensitivity,lower_tail,middle_minus_q1,market_neutral,True,1,ensemble,1,4181.0,0.0,4181.0,1.0,long,12,0.4166666666666667,-0.0588215784554218,-0.18237090435706815,0.11052870472949916,-0.24505021227822807,-0.03965508243389437,-0.2323628219851762,0.9166666666666666,2,True
long|low_volatility|180d|middle_minus_q1|beta_neutral|r21|ensemble,low_volatility|180d|middle_minus_q1|beta_neutral|r21|ensemble,low_volatility|180d,low_volatility,180d,63,low_volatility_family_sensitivity,lower_tail,middle_minus_q1,market_neutral,True,21,ensemble,3,199.33333333333334,0.0,199.33333333333334,1.0,long,12,0.5,-0.017668527353353114,-0.1667341377492162,0.11404580620768412,-0.043947385750331025,-0.024570886812171344,-0.12287481404352708,0.8333333333333334,4,True
long|low_volatility|180d|middle_minus_q1|beta_neutral|r5|ensemble,low_volatility|180d|middle_minus_q1|beta_neutral|r5|ensemble,low_volatility|180d,low_volatility,180d,63,low_volatility_family_sensitivity,lower_tail,middle_minus_q1,market_neutral,True,5,ensemble,3,836.3333333333334,0.0,836.3333333333334,1.0,long,12,0.5833333333333334,0.021868058571096638,-0.17235932190415548,0.11443392062618929,0.22820889806369551,-0.022089316145312732,-0.09896521222905999,0.75,2,True
long|low_volatility|180d|middle_minus_q1|beta_neutral|r63|ensemble,low_volatility|180d|middle_minus_q1|beta_neutral|r63|ensemble,low_volatility|180d,low_volatility,180d,63,low_volatility_family_sensitivity,lower_tail,middle_minus_q1,market_neutral,True,63,ensemble,3,66.33333333333333,0.0,66.33333333333333,1.0,long,12,0.4166666666666667,-0.03162871364017633,-0.19696598396100407,0.13387595790496776,-0.02930683778954719,-0.02567444840559885,-0.12819580586456386,0.8333333333333334,4,True
long|low_volatility|180d|middle_minus_q1|unconstrained_beta|r1|ensemble,low_volatility|180d|middle_minus_q1|unconstrained_beta|r1|ensemble,low_volatility|180d,low_volatility,180d,63,low_volatility_family_sensitivity,lower_tail,middle_minus_q1,market_neutral,False,1,ensemble,1,4181.0,0.0,0.0,,long,12,0.4166666666666667,-0.04739082306976872,-0.1574603396159694,0.2965228545630012,-0.37181043925497215,-7.491380584867535e-06,0.0952693235181386,0.16666666666666666,2,True
long|low_volatility|180d|middle_minus_q1|unconstrained_beta|r21|ensemble,low_volatility|180d|middle_minus_q1|unconstrained_beta|r21|ensemble,low_volatility|180d,low_volatility,180d,63,low_volatility_family_sensitivity,lower_tail,middle_minus_q1,market_neutral,False,21,ensemble,3,199.33333333333334,0.0,0.0,,long,12,0.4166666666666667,-0.0196300052178498,-0.13887303320892996,0.3264845099511122,-0.09680715880441208,0.030649105487870143,0.2539948596585048,0.16666666666666666,2,True
long|low_volatility|180d|middle_minus_q1|unconstrained_beta|r5|ensemble,low_volatility|180d|middle_minus_q1|unconstrained_beta|r5|ensemble,low_volatility|180d,low_volatility,180d,63,low_volatility_family_sensitivity,lower_tail,middle_minus_q1,market_neutral,False,5,ensemble,3,836.3333333333334,0.0,0.0,,long,12,0.4166666666666667,-0.03548318227225167,-0.13973663121296942,0.3126315573221936,-0.24108720809393636,0.027540557901872598,0.23675811682173428,0.16666666666666666,2,True
long|low_volatility|180d|middle_minus_q1|unconstrained_beta|r63|ensemble,low_volatility|180d|middle_minus_q1|unconstrained_beta|r63|ensemble,low_volatility|180d,low_volatility,180d,63,low_volatility_family_sensitivity,lower_tail,middle_minus_q1,market_neutral,False,63,ensemble,3,66.33333333333333,0.0,0.0,,long,12,0.5,-0.01887998058455237,-0.11050233657649533,0.4129241679456168,-0.09377901621733513,0.025126236157872572,0.2247241857972087,0.16666666666666666,2,True
long|low_volatility|180d|q10_minus_middle|beta_neutral|r1|ensemble,low_volatility|180d|q10_minus_middle|beta_neutral|r1|ensemble,low_volatility|180d,low_volatility,180d,63,low_volatility_family_sensitivity,lower_tail,q10_minus_middle,market_neutral,True,1,ensemble,1,4181.0,0.0,4181.0,1.0,long,12,0.6666666666666666,0.03323875374781493,-0.13865396263592777,0.15926010661837364,0.37194971562986484,0.024833125876869477,0.26412924672068394,1.0,0,True
long|low_volatility|180d|q10_minus_middle|beta_neutral|r21|ensemble,low_volatility|180d|q10_minus_middle|beta_neutral|r21|ensemble,low_volatility|180d,low_volatility,180d,63,low_volatility_family_sensitivity,lower_tail,q10_minus_middle,market_neutral,True,21,ensemble,3,199.33333333333334,0.0,199.33333333333334,1.0,long,12,0.6666666666666666,0.036557625205438926,-0.1285705556397685,0.16939077219736198,0.3630331506170683,0.01069973487135889,0.1474044523757934,0.9166666666666666,2,True
long|low_volatility|180d|q10_minus_middle|beta_neutral|r5|ensemble,low_volatility|180d|q10_minus_middle|beta_neutral|r5|ensemble,low_volatility|180d,low_volatility,180d,63,low_volatility_family_sensitivity,lower_tail,q10_minus_middle,market_neutral,True,5,ensemble,3,836.3333333333334,0.0,836.3333333333334,1.0,long,12,0.6666666666666666,0.04202082758303738,-0.12746253818068287,0.16668862108207794,0.43596731651279963,0.03182235995496452,0.31859309540243586,1.0,0,True
long|low_volatility|180d|q10_minus_middle|beta_neutral|r63|ensemble,low_volatility|180d|q10_minus_middle|beta_neutral|r63|ensemble,low_volatility|180d,low_volatility,180d,63,low_volatility_family_sensitivity,lower_tail,q10_minus_middle,market_neutral,True,63,ensemble,3,66.33333333333333,0.0,66.33333333333333,1.0,long,12,0.6666666666666666,0.04671881552959156,-0.13189101966385808,0.15306414807541424,0.46662055981132755,0.0169476135415354,0.1909871769957893,0.9166666666666666,2,True
long|low_volatility|180d|q10_minus_middle|unconstrained_beta|r1|ensemble,low_volatility|180d|q10_minus_middle|unconstrained_beta|r1|ensemble,low_volatility|180d,low_volatility,180d,63,low_volatility_family_sensitivity,lower_tail,q10_minus_middle,market_neutral,False,1,ensemble,1,4181.0,0.0,0.0,,long,12,0.4166666666666667,-0.0347068177769318,-0.13096883099985912,0.14979285344602578,-0.27208004466252744,-0.011372009592812704,-0.03572414405941821,0.25,2,True
long|low_volatility|180d|q10_minus_middle|unconstrained_beta|r21|ensemble,low_volatility|180d|q10_minus_middle|unconstrained_beta|r21|ensemble,low_volatility|180d,low_volatility,180d,63,low_volatility_family_sensitivity,lower_tail,q10_minus_middle,market_neutral,False,21,ensemble,3,199.33333333333334,0.0,0.0,,long,12,0.3333333333333333,-0.030650652663960054,-0.13079275558781245,0.1779301083851157,-0.2726111629857091,-0.01866276983791182,-0.10370419887858058,0.16666666666666666,2,True
long|low_volatility|180d|q10_minus_middle|unconstrained_beta|r5|ensemble,low_volatility|180d|q10_minus_middle|unconstrained_beta|r5|ensemble,low_volatility|180d,low_volatility,180d,63,low_volatility_family_sensitivity,lower_tail,q10_minus_middle,market_neutral,False,5,ensemble,3,836.3333333333334,0.0,0.0,,long,12,0.3333333333333333,-0.039484356185245706,-0.12206898955939627,0.1636507631513091,-0.27011475327697465,-0.019512880876456973,-0.10597495351698961,0.16666666666666666,2,True
long|low_volatility|180d|q10_minus_middle|unconstrained_beta|r63|ensemble,low_volatility|180d|q10_minus_middle|unconstrained_beta|r63|ensemble,low_volatility|180d,low_volatility,180d,63,low_volatility_family_sensitivity,lower_tail,q10_minus_middle,market_neutral,False,63,ensemble,3,66.33333333333333,0.0,0.0,,long,12,0.4166666666666667,-0.014338421104020616,-0.13873397033302592,0.18334405327314052,-0.12116530919341897,-0.008929604033238503,-0.022093826856922915,0.08333333333333333,2,True
long|low_volatility|180d|q10_minus_q1|beta_neutral|r1|ensemble,low_volatility|180d|q10_minus_q1|beta_neutral|r1|ensemble,low_volatility|180d,low_volatility,180d,63,low_volatility_family_sensitivity,lower_tail,q10_minus_q1,market_neutral,True,1,ensemble,1,4181.0,0.0,4181.0,1.0,long,12,0.75,0.02817531675322993,-0.1897538724858855,0.20835992222161082,0.23822923758486753,0.02982582344532636,0.2469810430697737,1.0,0,True
long|low_volatility|180d|q10_minus_q1|beta_neutral|r21|ensemble,low_volatility|180d|q10_minus_q1|beta_neutral|r21|ensemble,low_volatility|180d,low_volatility,180d,63,low_volatility_family_sensitivity,lower_tail,q10_minus_q1,market_neutral,True,21,ensemble,3,199.33333333333334,0.0,199.33333333333334,1.0,long,12,0.6666666666666666,0.036057092062635854,-0.1987193531750152,0.2181118138059952,0.2910707916033031,-0.005485150075090317,0.07530319553683128,0.9166666666666666,2,True
long|low_volatility|180d|q10_minus_q1|beta_neutral|r5|ensemble,low_volatility|180d|q10_minus_q1|beta_neutral|r5|ensemble,low_volatility|180d,low_volatility,180d,63,low_volatility_family_sensitivity,lower_tail,q10_minus_q1,market_neutral,True,5,ensemble,3,836.3333333333334,0.0,836.3333333333334,1.0,long,12,0.6666666666666666,0.02607830123184851,-0.19745619610290677,0.21188877218309132,0.23551234722653083,-0.004039320572501559,0.08063003776666748,0.9166666666666666,2,True
long|low_volatility|180d|q10_minus_q1|beta_neutral|r63|ensemble,low_volatility|180d|q10_minus_q1|beta_neutral|r63|ensemble,low_volatility|180d,low_volatility,180d,63,low_volatility_family_sensitivity,lower_tail,q10_minus_q1,market_neutral,True,63,ensemble,3,66.33333333333333,0.0,66.33333333333333,1.0,long,12,0.5833333333333334,0.04744725724471344,-0.17972812212486844,0.1927654221290238,0.3220060488616034,0.0023732450329838617,0.11874791308902208,0.9166666666666666,2,True
long|low_volatility|180d|q10_minus_q1|unconstrained_beta|r1|ensemble,low_volatility|180d|q10_minus_q1|unconstrained_beta|r1|ensemble,low_volatility|180d,low_volatility,180d,63,low_volatility_family_sensitivity,lower_tail,q10_minus_q1,market_neutral,False,1,ensemble,1,4181.0,0.0,0.0,,long,12,0.5,-0.005467891056375185,-0.2196834778353991,0.3274267321321658,0.12562251508293798,-0.004816061357851731,0.12438315200704235,0.16666666666666666,2,True
long|low_volatility|180d|q10_minus_q1|unconstrained_beta|r21|ensemble,low_volatility|180d|q10_minus_q1|unconstrained_beta|r21|ensemble,low_volatility|180d,low_volatility,180d,63,low_volatility_family_sensitivity,lower_tail,q10_minus_q1,market_neutral,False,21,ensemble,3,199.33333333333334,0.0,0.0,,long,12,0.5833333333333334,0.048369998396387115,-0.20812208988459902,0.40739784687040537,0.36510935620545254,0.03232245384239674,0.25257494112072526,0.16666666666666666,2,True
long|low_volatility|180d|q10_minus_q1|unconstrained_beta|r5|ensemble,low_volatility|180d|q10_minus_q1|unconstrained_beta|r5|ensemble,low_volatility|180d,low_volatility,180d,63,low_volatility_family_sensitivity,lower_tail,q10_minus_q1,market_neutral,False,5,ensemble,3,836.3333333333334,0.0,0.0,,long,12,0.5833333333333334,0.030033448478006153,-0.19640282049278557,0.3657848734943645,0.2382973349488597,0.028929745042775012,0.24121518799385727,0.16666666666666666,2,True
long|low_volatility|180d|q10_minus_q1|unconstrained_beta|r63|ensemble,low_volatility|180d|q10_minus_q1|unconstrained_beta|r63|ensemble,low_volatility|180d,low_volatility,180d,63,low_volatility_family_sensitivity,lower_tail,q10_minus_q1,market_neutral,False,63,ensemble,3,66.33333333333333,0.0,0.0,,long,12,0.5,-0.0007326859298322219,-0.22063062951887125,0.43660712827948367,0.13936685911643104,0.01593573323205688,0.20025676923048968,0.16666666666666666,2,True
long|low_volatility|20d|continuous_high_minus_low|beta_neutral|r1|ensemble,low_volatility|20d|continuous_high_minus_low|beta_neutral|r1|ensemble,low_volatility|20d,low_volatility,20d,63,low_volatility_family_sensitivity,lower_tail,continuous_high_minus_low,market_neutral,True,1,ensemble,1,4181.0,0.0,4181.0,1.0,long,12,0.25,-0.03273557746556355,-0.18083871258498907,0.07816526901030474,-0.23313646682772637,-0.055480456049535776,-0.4068265540813691,0.9166666666666666,2,True
long|low_volatility|20d|continuous_high_minus_low|beta_neutral|r21|ensemble,low_volatility|20d|continuous_high_minus_low|beta_neutral|r21|ensemble,low_volatility|20d,low_volatility,20d,63,low_volatility_family_sensitivity,lower_tail,continuous_high_minus_low,market_neutral,True,21,ensemble,3,199.33333333333334,0.0,199.33333333333334,1.0,long,12,0.4166666666666667,-0.00704188339830375,-0.14845651376157776,0.08966875085592352,0.0025851829360691997,-0.021218251399659716,-0.12104266549067837,0.9166666666666666,2,True
long|low_volatility|20d|continuous_high_minus_low|beta_neutral|r5|ensemble,low_volatility|20d|continuous_high_minus_low|beta_neutral|r5|ensemble,low_volatility|20d,low_volatility,20d,63,low_volatility_family_sensitivity,lower_tail,continuous_high_minus_low,market_neutral,True,5,ensemble,3,836.3333333333334,0.0,836.3333333333334,1.0,long,12,0.4166666666666667,-0.012054174288781083,-0.1666778781382342,0.09281148664116001,-0.03463527399402199,-0.03174525354309654,-0.2039644892138113,0.9166666666666666,2,True
long|low_volatility|20d|continuous_high_minus_low|beta_neutral|r63|ensemble,low_volatility|20d|continuous_high_minus_low|beta_neutral|r63|ensemble,low_volatility|20d,low_volatility,20d,63,low_volatility_family_sensitivity,lower_tail,continuous_high_minus_low,market_neutral,True,63,ensemble,3,66.33333333333333,0.0,66.33333333333333,1.0,long,12,0.5833333333333334,0.054810069591190835,-0.12750177508923566,0.10837056810033308,0.47860801109195517,0.004744150520711754,0.09904058085242923,0.9166666666666666,2,True
long|low_volatility|20d|continuous_high_minus_low|unconstrained_beta|r1|ensemble,low_volatility|20d|continuous_high_minus_low|unconstrained_beta|r1|ensemble,low_volatility|20d,low_volatility,20d,63,low_volatility_family_sensitivity,lower_tail,continuous_high_minus_low,market_neutral,False,1,ensemble,1,4181.0,0.0,0.0,,long,12,0.25,-0.0379991607250027,-0.17531011467367985,0.14952734364829312,-0.36122102722999894,-0.0553332038830503,-0.2667796558212817,0.25,2,True
long|low_volatility|20d|continuous_high_minus_low|unconstrained_beta|r21|ensemble,low_volatility|20d|continuous_high_minus_low|unconstrained_beta|r21|ensemble,low_volatility|20d,low_volatility,20d,63,low_volatility_family_sensitivity,lower_tail,continuous_high_minus_low,market_neutral,False,21,ensemble,3,199.33333333333334,0.0,0.0,,long,12,0.5,-0.011774288151155554,-0.11573263139656076,0.2275855575163741,-0.0949366050100805,4.672422627760575e-05,0.07814433091372318,0.16666666666666666,2,True
long|low_volatility|20d|continuous_high_minus_low|unconstrained_beta|r5|ensemble,low_volatility|20d|continuous_high_minus_low|unconstrained_beta|r5|ensemble,low_volatility|20d,low_volatility,20d,63,low_volatility_family_sensitivity,lower_tail,continuous_high_minus_low,market_neutral,False,5,ensemble,3,836.3333333333334,0.0,0.0,,long,12,0.4166666666666667,-0.022305325297962364,-0.13986196883902868,0.20446235517121303,-0.22526975855772552,-0.020372348722706768,-0.04499753140067549,0.25,2,True
long|low_volatility|20d|continuous_high_minus_low|unconstrained_beta|r63|ensemble,low_volatility|20d|continuous_high_minus_low|unconstrained_beta|r63|ensemble,low_volatility|20d,low_volatility,20d,63,low_volatility_family_sensitivity,lower_tail,continuous_high_minus_low,market_neutral,False,63,ensemble,3,66.33333333333333,0.0,0.0,,long,12,0.5,0.009775705842653803,-0.1417309565289272,0.2432854898618817,-0.01684270502503113,0.015333259073936567,0.1757076082313499,0.16666666666666666,2,True
long|low_volatility|20d|long_q10|unconstrained_beta|r1|ensemble,low_volatility|20d|long_q10|unconstrained_beta|r1|ensemble,low_volatility|20d,low_volatility,20d,63,low_volatility_family_sensitivity,lower_tail,long_q10,long_only,False,1,ensemble,1,4181.0,0.0,0.0,,long,12,0.5833333333333334,0.0698683445885192,-0.0654309791964236,0.14621319091000307,0.47318192889751354,0.04048468329040755,0.22458269609518647,1.0,0,True
long|low_volatility|20d|long_q10|unconstrained_beta|r21|ensemble,low_volatility|20d|long_q10|unconstrained_beta|r21|ensemble,low_volatility|20d,low_volatility,20d,63,low_volatility_family_sensitivity,lower_tail,long_q10,long_only,False,21,ensemble,3,199.33333333333334,0.0,0.0,,long,12,0.75,0.1161147102856549,-0.04722002897401012,0.2242333307378772,0.7748366311088861,0.08223520884908164,0.5044059673520326,1.0,0,True
long|low_volatility|20d|long_q10|unconstrained_beta|r5|ensemble,low_volatility|20d|long_q10|unconstrained_beta|r5|ensemble,low_volatility|20d,low_volatility,20d,63,low_volatility_family_sensitivity,lower_tail,long_q10,long_only,False,5,ensemble,3,836.3333333333334,0.0,0.0,,long,12,0.5833333333333334,0.11231016311290976,-0.049603684479750165,0.19850591881146507,0.7199949176163469,0.07064325918117453,0.43292540726034245,1.0,0,True
long|low_volatility|20d|long_q10|unconstrained_beta|r63|ensemble,low_volatility|20d|long_q10|unconstrained_beta|r63|ensemble,low_volatility|20d,low_volatility,20d,63,low_volatility_family_sensitivity,lower_tail,long_q10,long_only,False,63,ensemble,3,66.33333333333333,0.0,0.0,,long,12,0.8333333333333334,0.0792335149593082,-0.010912105556146856,0.23438136562496936,0.6494003203789243,0.09553179577218907,0.5833043006214593,1.0,0,True
long|low_volatility|20d|long_q1|unconstrained_beta|r1|ensemble,low_volatility|20d|long_q1|unconstrained_beta|r1|ensemble,low_volatility|20d,low_volatility,20d,63,low_volatility_family_sensitivity,lower_tail,long_q1,long_only,False,1,ensemble,1,4181.0,0.0,0.0,,long,12,0.75,0.04617677640501405,-0.20373082065494919,0.43392201752715276,0.5050461637621501,0.07336961164552713,0.3247863724425453,1.0,0,True
long|low_volatility|20d|long_q1|unconstrained_beta|r21|ensemble,low_volatility|20d|long_q1|unconstrained_beta|r21|ensemble,low_volatility|20d,low_volatility,20d,63,low_volatility_family_sensitivity,lower_tail,long_q1,long_only,False,21,ensemble,3,199.33333333333334,0.0,0.0,,long,12,0.6666666666666666,0.154851831041946,-0.16025077421609057,0.4105750538467827,0.7469322350099561,0.11453247471726158,0.45578694901009875,1.0,0,True
long|low_volatility|20d|long_q1|unconstrained_beta|r5|ensemble,low_volatility|20d|long_q1|unconstrained_beta|r5|ensemble,low_volatility|20d,low_volatility,20d,63,low_volatility_family_sensitivity,lower_tail,long_q1,long_only,False,5,ensemble,3,836.3333333333334,0.0,0.0,,long,12,0.75,0.11436509517747762,-0.17634145863077277,0.46061015997055765,0.6807188796126544,0.10655608491489876,0.42659775500266967,1.0,0,True
long|low_volatility|20d|long_q1|unconstrained_beta|r63|ensemble,low_volatility|20d|long_q1|unconstrained_beta|r63|ensemble,low_volatility|20d,low_volatility,20d,63,low_volatility_family_sensitivity,lower_tail,long_q1,long_only,False,63,ensemble,3,66.33333333333333,0.0,0.0,,long,12,0.75,0.14856927640974982,-0.16346859165309335,0.3777776811215252,0.8830222238467049,0.1205532050236573,0.485033865020803,1.0,0,True
long|low_volatility|20d|middle_minus_q1|beta_neutral|r1|ensemble,low_volatility|20d|middle_minus_q1|beta_neutral|r1|ensemble,low_volatility|20d,low_volatility,20d,63,low_volatility_family_sensitivity,lower_tail,middle_minus_q1,market_neutral,True,1,ensemble,1,4181.0,0.0,4181.0,1.0,long,12,0.25,-0.0973303616051322,-0.19226251564328456,0.04120979374051159,-0.46735522406756896,-0.0762428036854701,-0.5341160113168623,1.0,0,True
long|low_volatility|20d|middle_minus_q1|beta_neutral|r21|ensemble,low_volatility|20d|middle_minus_q1|beta_neutral|r21|ensemble,low_volatility|20d,low_volatility,20d,63,low_volatility_family_sensitivity,lower_tail,middle_minus_q1,market_neutral,True,21,ensemble,3,199.33333333333334,0.0,199.33333333333334,1.0,long,12,0.5,-0.012152587598511011,-0.1836880867592231,0.12657386271029347,-0.12640925652499613,-0.02774286339676857,-0.1618252262485262,0.75,2,True
long|low_volatility|20d|middle_minus_q1|beta_neutral|r5|ensemble,low_volatility|20d|middle_minus_q1|beta_neutral|r5|ensemble,low_volatility|20d,low_volatility,20d,63,low_volatility_family_sensitivity,lower_tail,middle_minus_q1,market_neutral,True,5,ensemble,3,836.3333333333334,0.0,836.3333333333334,1.0,long,12,0.25,-0.08480570348352556,-0.15606874253217284,0.08496336636656299,-0.4990594727838514,-0.062057170178801635,-0.42878668284835847,0.6666666666666666,2,True
long|low_volatility|20d|middle_minus_q1|beta_neutral|r63|ensemble,low_volatility|20d|middle_minus_q1|beta_neutral|r63|ensemble,low_volatility|20d,low_volatility,20d,63,low_volatility_family_sensitivity,lower_tail,middle_minus_q1,market_neutral,True,63,ensemble,3,66.33333333333333,0.0,66.33333333333333,1.0,long,12,0.5,-0.0052953207962989635,-0.12957350282718838,0.14356437181160886,0.11225683213250785,-0.012636679274835472,-0.0413700387775356,0.9166666666666666,2,True
long|low_volatility|20d|middle_minus_q1|unconstrained_beta|r1|ensemble,low_volatility|20d|middle_minus_q1|unconstrained_beta|r1|ensemble,low_volatility|20d,low_volatility,20d,63,low_volatility_family_sensitivity,lower_tail,middle_minus_q1,market_neutral,False,1,ensemble,1,4181.0,0.0,0.0,,long,12,0.3333333333333333,-0.11942095036880762,-0.22739338547587895,0.07968483521015068,-0.4259952825030813,-0.09378633517195034,-0.46015997045947393,0.4166666666666667,2,True
long|low_volatility|20d|middle_minus_q1|unconstrained_beta|r21|ensemble,low_volatility|20d|middle_minus_q1|unconstrained_beta|r21|ensemble,low_volatility|20d,low_volatility,20d,63,low_volatility_family_sensitivity,lower_tail,middle_minus_q1,market_neutral,False,21,ensemble,3,199.33333333333334,0.0,0.0,,long,12,0.4166666666666667,-0.012673385407695803,-0.1762952541985101,0.20134932067505606,0.0015840079862998162,-0.0225093228346277,-0.04665551879928921,0.3333333333333333,2,True
long|low_volatility|20d|middle_minus_q1|unconstrained_beta|r5|ensemble,low_volatility|20d|middle_minus_q1|unconstrained_beta|r5|ensemble,low_volatility|20d,low_volatility,20d,63,low_volatility_family_sensitivity,lower_tail,middle_minus_q1,market_neutral,False,5,ensemble,3,836.3333333333334,0.0,0.0,,long,12,0.4166666666666667,-0.046642565847932305,-0.1942731965884793,0.1465668273925358,-0.15610645196989154,-0.03989071428465096,-0.1404527184599078,0.25,2,True
long|low_volatility|20d|middle_minus_q1|unconstrained_beta|r63|ensemble,low_volatility|20d|middle_minus_q1|unconstrained_beta|r63|ensemble,low_volatility|20d,low_volatility,20d,63,low_volatility_family_sensitivity,lower_tail,middle_minus_q1,market_neutral,False,63,ensemble,3,66.33333333333333,0.0,0.0,,long,12,0.3333333333333333,-0.03393512616519212,-0.1618738967260851,0.27264121307777134,-0.21445452930703576,-0.004719277085034501,0.06194275347188142,0.25,4,True
long|low_volatility|20d|q10_minus_middle|beta_neutral|r1|ensemble,low_volatility|20d|q10_minus_middle|beta_neutral|r1|ensemble,low_volatility|20d,low_volatility,20d,63,low_volatility_family_sensitivity,lower_tail,q10_minus_middle,market_neutral,True,1,ensemble,1,4181.0,0.0,4181.0,1.0,long,12,0.0,-0.09107035962971655,-0.2364007088062502,-0.03017400452356145,-1.0705726508420335,-0.1115527249282422,-1.187557201814181,0.9166666666666666,2,True
long|low_volatility|20d|q10_minus_middle|beta_neutral|r21|ensemble,low_volatility|20d|q10_minus_middle|beta_neutral|r21|ensemble,low_volatility|20d,low_volatility,20d,63,low_volatility_family_sensitivity,lower_tail,q10_minus_middle,market_neutral,True,21,ensemble,3,199.33333333333334,0.0,199.33333333333334,1.0,long,12,0.3333333333333333,-0.012092909335441326,-0.11773685425413771,0.06591244119630923,-0.1277180092479422,-0.02488531885808065,-0.21460420344144382,0.9166666666666666,2,True
long|low_volatility|20d|q10_minus_middle|beta_neutral|r5|ensemble,low_volatility|20d|q10_minus_middle|beta_neutral|r5|ensemble,low_volatility|20d,low_volatility,20d,63,low_volatility_family_sensitivity,lower_tail,q10_minus_middle,market_neutral,True,5,ensemble,3,836.3333333333334,0.0,836.3333333333334,1.0,long,12,0.3333333333333333,-0.021440157841645213,-0.14885683897128532,0.0546552196236898,-0.20742057912535333,-0.031954340658243874,-0.29142501613168964,1.0,0,True
long|low_volatility|20d|q10_minus_middle|beta_neutral|r63|ensemble,low_volatility|20d|q10_minus_middle|beta_neutral|r63|ensemble,low_volatility|20d,low_volatility,20d,63,low_volatility_family_sensitivity,lower_tail,q10_minus_middle,market_neutral,True,63,ensemble,3,66.33333333333333,0.0,66.33333333333333,1.0,long,12,0.6666666666666666,0.023814388999615965,-0.10253862435290861,0.09986685544622942,0.5168516731841076,0.01824046758201181,0.24183627617418857,1.0,0,True
long|low_volatility|20d|q10_minus_middle|unconstrained_beta|r1|ensemble,low_volatility|20d|q10_minus_middle|unconstrained_beta|r1|ensemble,low_volatility|20d,low_volatility,20d,63,low_volatility_family_sensitivity,lower_tail,q10_minus_middle,market_neutral,False,1,ensemble,1,4181.0,0.0,0.0,,long,12,0.08333333333333333,-0.12501660248595214,-0.21680015344357917,0.0051801519470044965,-1.5544502676691567,-0.11145403337571946,-1.0967259268585803,0.3333333333333333,4,True
long|low_volatility|20d|q10_minus_middle|unconstrained_beta|r21|ensemble,low_volatility|20d|q10_minus_middle|unconstrained_beta|r21|ensemble,low_volatility|20d,low_volatility,20d,63,low_volatility_family_sensitivity,lower_tail,q10_minus_middle,market_neutral,False,21,ensemble,3,199.33333333333334,0.0,0.0,,long,12,0.4166666666666667,-0.009234001081264986,-0.13917295033479682,0.12460611376405595,-0.014804542677302478,-0.012833297272018429,-0.08525366636295277,0.0,0,True
long|low_volatility|20d|q10_minus_middle|unconstrained_beta|r5|ensemble,low_volatility|20d|q10_minus_middle|unconstrained_beta|r5|ensemble,low_volatility|20d,low_volatility,20d,63,low_volatility_family_sensitivity,lower_tail,q10_minus_middle,market_neutral,False,5,ensemble,3,836.3333333333334,0.0,0.0,,long,12,0.25,-0.0666287940404029,-0.1719252242577486,0.0847191387418198,-0.9482664275645489,-0.05659853865017006,-0.5217844800895389,0.16666666666666666,4,True
long|low_volatility|20d|q10_minus_middle|unconstrained_beta|r63|ensemble,low_volatility|20d|q10_minus_middle|unconstrained_beta|r63|ensemble,low_volatility|20d,low_volatility,20d,63,low_volatility_family_sensitivity,lower_tail,q10_minus_middle,market_neutral,False,63,ensemble,3,66.33333333333333,0.0,0.0,,long,12,0.5,-0.018098098614528324,-0.14328112064480747,0.12227891736519281,-0.2613618390588376,-0.024849655430387196,-0.22993637414005758,0.16666666666666666,3,True
long|low_volatility|20d|q10_minus_q1|beta_neutral|r1|ensemble,low_volatility|20d|q10_minus_q1|beta_neutral|r1|ensemble,low_volatility|20d,low_volatility,20d,63,low_volatility_family_sensitivity,lower_tail,q10_minus_q1,market_neutral,True,1,ensemble,1,4181.0,0.0,4181.0,1.0,long,12,0.25,-0.0735565197527514,-0.24224926250528978,0.08985217988313088,-0.3085728121071515,-0.07195909085601238,-0.32323086692396125,1.0,0,True
long|low_volatility|20d|q10_minus_q1|beta_neutral|r21|ensemble,low_volatility|20d|q10_minus_q1|beta_neutral|r21|ensemble,low_volatility|20d,low_volatility,20d,63,low_volatility_family_sensitivity,lower_tail,q10_minus_q1,market_neutral,True,21,ensemble,3,199.33333333333334,0.0,199.33333333333334,1.0,long,12,0.4166666666666667,-0.015675537109638538,-0.2396088117323555,0.12060237485583203,0.0021674854211706594,-0.03658135293853615,-0.1211146055001485,0.9166666666666666,2,True
long|low_volatility|20d|q10_minus_q1|beta_neutral|r5|ensemble,low_volatility|20d|q10_minus_q1|beta_neutral|r5|ensemble,low_volatility|20d,low_volatility,20d,63,low_volatility_family_sensitivity,lower_tail,q10_minus_q1,market_neutral,True,5,ensemble,3,836.3333333333334,0.0,836.3333333333334,1.0,long,12,0.4166666666666667,-0.008907814161141392,-0.19688053166258168,0.1286155745201738,0.04009125389921643,-0.023201264716614878,-0.04065090549502014,1.0,0,True
long|low_volatility|20d|q10_minus_q1|beta_neutral|r63|ensemble,low_volatility|20d|q10_minus_q1|beta_neutral|r63|ensemble,low_volatility|20d,low_volatility,20d,63,low_volatility_family_sensitivity,lower_tail,q10_minus_q1,market_neutral,True,63,ensemble,3,66.33333333333333,0.0,66.33333333333333,1.0,long,12,0.6666666666666666,0.05533896256537918,-0.1532633878816272,0.2252214276675384,0.42841522293000656,0.03705574633892428,0.296121384312969,1.0,0,True
long|low_volatility|20d|q10_minus_q1|unconstrained_beta|r1|ensemble,low_volatility|20d|q10_minus_q1|unconstrained_beta|r1|ensemble,low_volatility|20d,low_volatility,20d,63,low_volatility_family_sensitivity,lower_tail,q10_minus_q1,market_neutral,False,1,ensemble,1,4181.0,0.0,0.0,,long,12,0.3333333333333333,-0.047593016443042646,-0.3035398801615653,0.16022898486562798,-0.14516923041516935,-0.08899686447848532,-0.23583401910929855,0.3333333333333333,4,True
long|low_volatility|20d|q10_minus_q1|unconstrained_beta|r21|ensemble,low_volatility|20d|q10_minus_q1|unconstrained_beta|r21|ensemble,low_volatility|20d,low_volatility,20d,63,low_volatility_family_sensitivity,lower_tail,q10_minus_q1,market_neutral,False,21,ensemble,3,199.33333333333334,0.0,0.0,,long,12,0.5,-0.023529683956794722,-0.19531121242779448,0.2749817567833026,-0.10302758464916938,-0.023703584194187055,0.027592000378585915,0.16666666666666666,2,True
long|low_volatility|20d|q10_minus_q1|unconstrained_beta|r5|ensemble,low_volatility|20d|q10_minus_q1|unconstrained_beta|r5|ensemble,low_volatility|20d,low_volatility,20d,63,low_volatility_family_sensitivity,lower_tail,q10_minus_q1,market_neutral,False,5,ensemble,3,836.3333333333334,0.0,0.0,,long,12,0.4166666666666667,-0.08134560416007136,-0.253485596388204,0.2569442201176497,-0.36473023486802647,-0.05744962241421059,-0.1035496076108588,0.16666666666666666,2,True
long|low_volatility|20d|q10_minus_q1|unconstrained_beta|r63|ensemble,low_volatility|20d|q10_minus_q1|unconstrained_beta|r63|ensemble,low_volatility|20d,low_volatility,20d,63,low_volatility_family_sensitivity,lower_tail,q10_minus_q1,market_neutral,False,63,ensemble,3,66.33333333333333,0.0,0.0,,long,12,0.3333333333333333,-0.0773551059577402,-0.20531976998607404,0.36726160300933786,-0.32721581427811225,-0.02279767349059436,0.04095177938814537,0.25,4,True
long|low_volatility|252d|continuous_high_minus_low|beta_neutral|r1|ensemble,low_volatility|252d|continuous_high_minus_low|beta_neutral|r1|ensemble,low_volatility|252d,low_volatility,252d,63,low_volatility_family_sensitivity,no_stable_structure,continuous_high_minus_low,market_neutral,True,1,ensemble,1,4181.0,0.0,4181.0,1.0,long,12,0.5833333333333334,0.025271093642128206,-0.1205365549799513,0.12450661023377552,0.2835187789106498,0.007594124254712398,0.12360429155082815,0.9166666666666666,2,True
long|low_volatility|252d|continuous_high_minus_low|beta_neutral|r21|ensemble,low_volatility|252d|continuous_high_minus_low|beta_neutral|r21|ensemble,low_volatility|252d,low_volatility,252d,63,low_volatility_family_sensitivity,no_stable_structure,continuous_high_minus_low,market_neutral,True,21,ensemble,3,199.33333333333334,0.0,199.33333333333334,1.0,long,12,0.5833333333333334,0.042013670077338805,-0.14128570528630102,0.13565808767916088,0.4211979606497146,0.011121956843348046,0.1496905657701515,0.9166666666666666,2,True
long|low_volatility|252d|continuous_high_minus_low|beta_neutral|r5|ensemble,low_volatility|252d|continuous_high_minus_low|beta_neutral|r5|ensemble,low_volatility|252d,low_volatility,252d,63,low_volatility_family_sensitivity,no_stable_structure,continuous_high_minus_low,market_neutral,True,5,ensemble,3,836.3333333333334,0.0,836.3333333333334,1.0,long,12,0.5833333333333334,0.0325261773560418,-0.1206090842949824,0.12892876891671423,0.3419827012655821,0.010060197678035676,0.14181440577884546,0.9166666666666666,2,True
long|low_volatility|252d|continuous_high_minus_low|beta_neutral|r63|ensemble,low_volatility|252d|continuous_high_minus_low|beta_neutral|r63|ensemble,low_volatility|252d,low_volatility,252d,63,low_volatility_family_sensitivity,no_stable_structure,continuous_high_minus_low,market_neutral,True,63,ensemble,3,66.33333333333333,0.0,66.33333333333333,1.0,long,12,0.5833333333333334,0.043906785364220324,-0.12687389484686673,0.12865058849403832,0.44487347296997465,0.011323763558170885,0.15073848981332216,0.9166666666666666,2,True
long|low_volatility|252d|continuous_high_minus_low|unconstrained_beta|r1|ensemble,low_volatility|252d|continuous_high_minus_low|unconstrained_beta|r1|ensemble,low_volatility|252d,low_volatility,252d,63,low_volatility_family_sensitivity,no_stable_structure,continuous_high_minus_low,market_neutral,False,1,ensemble,1,4181.0,0.0,0.0,,long,12,0.5,0.012837675762900458,-0.14117200089998294,0.21173174793561222,0.08885358255276574,0.015190750439908474,0.17333637234938884,0.16666666666666666,2,True
long|low_volatility|252d|continuous_high_minus_low|unconstrained_beta|r21|ensemble,low_volatility|252d|continuous_high_minus_low|unconstrained_beta|r21|ensemble,low_volatility|252d,low_volatility,252d,63,low_volatility_family_sensitivity,no_stable_structure,continuous_high_minus_low,market_neutral,False,21,ensemble,3,199.33333333333334,0.0,0.0,,long,12,0.5,0.02589926297152556,-0.15646333059542927,0.24429939650092658,0.16177582717272176,0.025015381929233804,0.22908099260836765,0.16666666666666666,2,True
long|low_volatility|252d|continuous_high_minus_low|unconstrained_beta|r5|ensemble,low_volatility|252d|continuous_high_minus_low|unconstrained_beta|r5|ensemble,low_volatility|252d,low_volatility,252d,63,low_volatility_family_sensitivity,no_stable_structure,continuous_high_minus_low,market_neutral,False,5,ensemble,3,836.3333333333334,0.0,0.0,,long,12,0.5,0.018567434882020117,-0.13801174531243465,0.2304334472323335,0.17292184885471049,0.02647914261531481,0.23574259066132516,0.16666666666666666,2,True
long|low_volatility|252d|continuous_high_minus_low|unconstrained_beta|r63|ensemble,low_volatility|252d|continuous_high_minus_low|unconstrained_beta|r63|ensemble,low_volatility|252d,low_volatility,252d,63,low_volatility_family_sensitivity,no_stable_structure,continuous_high_minus_low,market_neutral,False,63,ensemble,3,66.33333333333333,0.0,0.0,,long,12,0.5,0.024544197088909092,-0.15134149860625568,0.22948414427643238,0.17248360777965968,0.024348250756623724,0.225586247375529,0.16666666666666666,2,True
long|low_volatility|252d|long_q10|unconstrained_beta|r1|ensemble,low_volatility|252d|long_q10|unconstrained_beta|r1|ensemble,low_volatility|252d,low_volatility,252d,63,low_volatility_family_sensitivity,no_stable_structure,long_q10,long_only,False,1,ensemble,1,4181.0,0.0,0.0,,long,12,0.8333333333333334,0.10492295194655188,-0.022096039454232552,0.23914234008922208,0.6774717539277183,0.09400853211537497,0.5819789787423294,1.0,0,True
long|low_volatility|252d|long_q10|unconstrained_beta|r21|ensemble,low_volatility|252d|long_q10|unconstrained_beta|r21|ensemble,low_volatility|252d,low_volatility,252d,63,low_volatility_family_sensitivity,no_stable_structure,long_q10,long_only,False,21,ensemble,3,199.33333333333334,0.0,0.0,,long,12,0.8333333333333334,0.09701259893952652,-0.021677240939517395,0.24637778700333302,0.7312524590976751,0.0977731555152308,0.5928851124097272,1.0,0,True
long|low_volatility|252d|long_q10|unconstrained_beta|r5|ensemble,low_volatility|252d|long_q10|unconstrained_beta|r5|ensemble,low_volatility|252d,low_volatility,252d,63,low_volatility_family_sensitivity,no_stable_structure,long_q10,long_only,False,5,ensemble,3,836.3333333333334,0.0,0.0,,long,12,0.8333333333333334,0.10097034942017857,-0.01840716462678893,0.2434848156645153,0.6977784493813874,0.09602058532668556,0.5924242464239378,1.0,0,True
long|low_volatility|252d|long_q10|unconstrained_beta|r63|ensemble,low_volatility|252d|long_q10|unconstrained_beta|r63|ensemble,low_volatility|252d,low_volatility,252d,63,low_volatility_family_sensitivity,no_stable_structure,long_q10,long_only,False,63,ensemble,3,66.33333333333333,0.0,0.0,,long,12,0.8333333333333334,0.10147881067768627,-0.01732072368776716,0.2439481545545592,0.7158659267672379,0.09964814917844556,0.5954170010089711,1.0,0,True
long|low_volatility|252d|long_q1|unconstrained_beta|r1|ensemble,low_volatility|252d|long_q1|unconstrained_beta|r1|ensemble,low_volatility|252d,low_volatility,252d,63,low_volatility_family_sensitivity,no_stable_structure,long_q1,long_only,False,1,ensemble,1,4181.0,0.0,0.0,,long,12,0.75,0.1778481963970988,-0.21259943091924016,0.4025907906623951,0.9421126370154596,0.13249110817487675,0.4945816559455842,1.0,0,True
long|low_volatility|252d|long_q1|unconstrained_beta|r21|ensemble,low_volatility|252d|long_q1|unconstrained_beta|r21|ensemble,low_volatility|252d,low_volatility,252d,63,low_volatility_family_sensitivity,no_stable_structure,long_q1,long_only,False,21,ensemble,3,199.33333333333334,0.0,0.0,,long,12,0.75,0.18755760133599408,-0.17879451750694897,0.38235930477870084,0.9452107303946062,0.1340872468767409,0.5063087907554106,1.0,0,True
long|low_volatility|252d|long_q1|unconstrained_beta|r5|ensemble,low_volatility|252d|long_q1|unconstrained_beta|r5|ensemble,low_volatility|252d,low_volatility,252d,63,low_volatility_family_sensitivity,no_stable_structure,long_q1,long_only,False,5,ensemble,3,836.3333333333334,0.0,0.0,,long,12,0.75,0.200327505225669,-0.20665681856083318,0.4076131666520193,0.9744112529808652,0.1398398705573698,0.5171289570152867,1.0,0,True
long|low_volatility|252d|long_q1|unconstrained_beta|r63|ensemble,low_volatility|252d|long_q1|unconstrained_beta|r63|ensemble,low_volatility|252d,low_volatility,252d,63,low_volatility_family_sensitivity,no_stable_structure,long_q1,long_only,False,63,ensemble,3,66.33333333333333,0.0,0.0,,long,12,0.75,0.1962692060877972,-0.19161513025790444,0.3796471082080435,0.9570073796406768,0.14144782417628243,0.5387392342329839,1.0,0,True
long|low_volatility|252d|middle_minus_q1|beta_neutral|r1|ensemble,low_volatility|252d|middle_minus_q1|beta_neutral|r1|ensemble,low_volatility|252d,low_volatility,252d,63,low_volatility_family_sensitivity,no_stable_structure,middle_minus_q1,market_neutral,True,1,ensemble,1,4181.0,0.0,4181.0,1.0,long,12,0.3333333333333333,-0.049056429328252105,-0.17036314299882194,0.131568221146674,-0.23756607735832058,-0.03279745852186711,-0.1843293169781701,0.9166666666666666,2,True
long|low_volatility|252d|middle_minus_q1|beta_neutral|r21|ensemble,low_volatility|252d|middle_minus_q1|beta_neutral|r21|ensemble,low_volatility|252d,low_volatility,252d,63,low_volatility_family_sensitivity,no_stable_structure,middle_minus_q1,market_neutral,True,21,ensemble,3,199.33333333333334,0.0,199.33333333333334,1.0,long,12,0.4166666666666667,-0.03718036772014072,-0.12756211646293425,0.14521776053466962,-0.2269324854780144,-0.01808962724152907,-0.07550410198427102,0.9166666666666666,2,True
long|low_volatility|252d|middle_minus_q1|beta_neutral|r5|ensemble,low_volatility|252d|middle_minus_q1|beta_neutral|r5|ensemble,low_volatility|252d,low_volatility,252d,63,low_volatility_family_sensitivity,no_stable_structure,middle_minus_q1,market_neutral,True,5,ensemble,3,836.3333333333334,0.0,836.3333333333334,1.0,long,12,0.3333333333333333,-0.03578381892717181,-0.14501661852211167,0.1369431604948328,-0.2723224021005883,-0.028114877879866662,-0.14750187077726354,0.9166666666666666,2,True
long|low_volatility|252d|middle_minus_q1|beta_neutral|r63|ensemble,low_volatility|252d|middle_minus_q1|beta_neutral|r63|ensemble,low_volatility|252d,low_volatility,252d,63,low_volatility_family_sensitivity,no_stable_structure,middle_minus_q1,market_neutral,True,63,ensemble,3,66.33333333333333,0.0,66.33333333333333,1.0,long,12,0.4166666666666667,-0.03270132919587948,-0.14378926692368343,0.14115729780647324,-0.10610768685620628,-0.019451806813195693,-0.08378704358674866,0.9166666666666666,2,True
long|low_volatility|252d|middle_minus_q1|unconstrained_beta|r1|ensemble,low_volatility|252d|middle_minus_q1|unconstrained_beta|r1|ensemble,low_volatility|252d,low_volatility,252d,63,low_volatility_family_sensitivity,no_stable_structure,middle_minus_q1,market_neutral,False,1,ensemble,1,4181.0,0.0,0.0,,long,12,0.5,-0.0020255190162987158,-0.10035678400410719,0.2748605479851052,0.036504226028198215,0.021673994236552696,0.207297934652405,0.0,0,True
long|low_volatility|252d|middle_minus_q1|unconstrained_beta|r21|ensemble,low_volatility|252d|middle_minus_q1|unconstrained_beta|r21|ensemble,low_volatility|252d,low_volatility,252d,63,low_volatility_family_sensitivity,no_stable_structure,middle_minus_q1,market_neutral,False,21,ensemble,3,199.33333333333334,0.0,0.0,,long,12,0.5,-0.0027213780291088785,-0.11819864621272202,0.24354758140227584,0.0560127436957288,0.021901488310715367,0.20881157731565433,0.16666666666666666,2,True
long|low_volatility|252d|middle_minus_q1|unconstrained_beta|r5|ensemble,low_volatility|252d|middle_minus_q1|unconstrained_beta|r5|ensemble,low_volatility|252d,low_volatility,252d,63,low_volatility_family_sensitivity,no_stable_structure,middle_minus_q1,market_neutral,False,5,ensemble,3,836.3333333333334,0.0,0.0,,long,12,0.5833333333333334,0.016466454177070378,-0.08620548256067795,0.2577968965592068,0.2249262706932727,0.03976433728406459,0.29916119984432965,0.0,0,True
long|low_volatility|252d|middle_minus_q1|unconstrained_beta|r63|ensemble,low_volatility|252d|middle_minus_q1|unconstrained_beta|r63|ensemble,low_volatility|252d,low_volatility,252d,63,low_volatility_family_sensitivity,no_stable_structure,middle_minus_q1,market_neutral,False,63,ensemble,3,66.33333333333333,0.0,0.0,,long,12,0.5,-0.003911346173133157,-0.10589471755886448,0.3028446737995887,0.039429898606994224,0.015561157030861361,0.1762097557895615,0.16666666666666666,2,True
long|low_volatility|252d|q10_minus_middle|beta_neutral|r1|ensemble,low_volatility|252d|q10_minus_middle|beta_neutral|r1|ensemble,low_volatility|252d,low_volatility,252d,63,low_volatility_family_sensitivity,no_stable_structure,q10_minus_middle,market_neutral,True,1,ensemble,1,4181.0,0.0,4181.0,1.0,long,12,0.75,0.03620342544531863,-0.13328943276058192,0.12732308752016075,0.3815093482697742,0.026315856570152008,0.27458671301153104,1.0,0,True
long|low_volatility|252d|q10_minus_middle|beta_neutral|r21|ensemble,low_volatility|252d|q10_minus_middle|beta_neutral|r21|ensemble,low_volatility|252d,low_volatility,252d,63,low_volatility_family_sensitivity,no_stable_structure,q10_minus_middle,market_neutral,True,21,ensemble,3,199.33333333333334,0.0,199.33333333333334,1.0,long,12,0.6666666666666666,0.04515525172245194,-0.11622609196810085,0.14275800568135444,0.40792666347560835,0.017334353016935644,0.19866114724035477,0.9166666666666666,2,True
long|low_volatility|252d|q10_minus_middle|beta_neutral|r5|ensemble,low_volatility|252d|q10_minus_middle|beta_neutral|r5|ensemble,low_volatility|252d,low_volatility,252d,63,low_volatility_family_sensitivity,no_stable_structure,q10_minus_middle,market_neutral,True,5,ensemble,3,836.3333333333334,0.0,836.3333333333334,1.0,long,12,0.75,0.05146903251612822,-0.11956372388200376,0.13427676870314076,0.5154705451373554,0.031585240944820736,0.31543945253664735,1.0,0,True
long|low_volatility|252d|q10_minus_middle|beta_neutral|r63|ensemble,low_volatility|252d|q10_minus_middle|beta_neutral|r63|ensemble,low_volatility|252d,low_volatility,252d,63,low_volatility_family_sensitivity,no_stable_structure,q10_minus_middle,market_neutral,True,63,ensemble,3,66.33333333333333,0.0,66.33333333333333,1.0,long,12,0.75,0.049744145111362714,-0.11038252300359086,0.14094191727120053,0.42831659432818336,0.023266759002371185,0.23468293429691833,0.9166666666666666,2,True
long|low_volatility|252d|q10_minus_middle|unconstrained_beta|r1|ensemble,low_volatility|252d|q10_minus_middle|unconstrained_beta|r1|ensemble,low_volatility|252d,low_volatility,252d,63,low_volatility_family_sensitivity,no_stable_structure,q10_minus_middle,market_neutral,False,1,ensemble,1,4181.0,0.0,0.0,,long,12,0.3333333333333333,-0.02068142422618796,-0.15737281740735654,0.15641104623143298,-0.1887754836433879,-0.02528183229902714,-0.15425953557202468,0.08333333333333333,2,True
long|low_volatility|252d|q10_minus_middle|unconstrained_beta|r21|ensemble,low_volatility|252d|q10_minus_middle|unconstrained_beta|r21|ensemble,low_volatility|252d,low_volatility,252d,63,low_volatility_family_sensitivity,no_stable_structure,q10_minus_middle,market_neutral,False,21,ensemble,3,199.33333333333334,0.0,0.0,,long,12,0.4166666666666667,-0.01306903396599396,-0.1383125630066312,0.17200989463134575,-0.09346338049573469,-0.009804993810764384,-0.02788730558265889,0.08333333333333333,2,True
long|low_volatility|252d|q10_minus_middle|unconstrained_beta|r5|ensemble,low_volatility|252d|q10_minus_middle|unconstrained_beta|r5|ensemble,low_volatility|252d,low_volatility,252d,63,low_volatility_family_sensitivity,no_stable_structure,q10_minus_middle,market_neutral,False,5,ensemble,3,836.3333333333334,0.0,0.0,,long,12,0.4166666666666667,-0.009379516069738414,-0.13783441927284656,0.16895166334630707,-0.058445527396871866,-0.011886255164642812,-0.04185866984859408,0.08333333333333333,2,True
long|low_volatility|252d|q10_minus_middle|unconstrained_beta|r63|ensemble,low_volatility|252d|q10_minus_middle|unconstrained_beta|r63|ensemble,low_volatility|252d,low_volatility,252d,63,low_volatility_family_sensitivity,no_stable_structure,q10_minus_middle,market_neutral,False,63,ensemble,3,66.33333333333333,0.0,0.0,,long,12,0.5,0.007303379178718539,-0.12708495532753106,0.16441840505894145,0.09093121148977525,0.01183318633470698,0.16043940210407087,0.16666666666666666,2,True
long|low_volatility|252d|q10_minus_q1|beta_neutral|r1|ensemble,low_volatility|252d|q10_minus_q1|beta_neutral|r1|ensemble,low_volatility|252d,low_volatility,252d,63,low_volatility_family_sensitivity,no_stable_structure,q10_minus_q1,market_neutral,True,1,ensemble,1,4181.0,0.0,4181.0,1.0,long,12,0.6666666666666666,0.07109239180309535,-0.1781054557439924,0.19539626491697093,0.5380860637883471,0.028483678684746883,0.24052042784457342,1.0,0,True
long|low_volatility|252d|q10_minus_q1|beta_neutral|r21|ensemble,low_volatility|252d|q10_minus_q1|beta_neutral|r21|ensemble,low_volatility|252d,low_volatility,252d,63,low_volatility_family_sensitivity,no_stable_structure,q10_minus_q1,market_neutral,True,21,ensemble,3,199.33333333333334,0.0,199.33333333333334,1.0,long,12,0.6666666666666666,0.050963996862711025,-0.212540830111407,0.2095772018229427,0.37394276700708656,0.008181994158877881,0.1419918540558626,0.9166666666666666,2,True
long|low_volatility|252d|q10_minus_q1|beta_neutral|r5|ensemble,low_volatility|252d|q10_minus_q1|beta_neutral|r5|ensemble,low_volatility|252d,low_volatility,252d,63,low_volatility_family_sensitivity,no_stable_structure,q10_minus_q1,market_neutral,True,5,ensemble,3,836.3333333333334,0.0,836.3333333333334,1.0,long,12,0.5833333333333334,0.04758304525684076,-0.17933481899396864,0.19924531773614262,0.36224293831722987,0.0021050195250347237,0.1111595765931194,0.9166666666666666,2,True
long|low_volatility|252d|q10_minus_q1|beta_neutral|r63|ensemble,low_volatility|252d|q10_minus_q1|beta_neutral|r63|ensemble,low_volatility|252d,low_volatility,252d,63,low_volatility_family_sensitivity,no_stable_structure,q10_minus_q1,market_neutral,True,63,ensemble,3,66.33333333333333,0.0,66.33333333333333,1.0,long,12,0.6666666666666666,0.06376935452548949,-0.17458941540918982,0.19830553283565866,0.43723213303009956,0.014306210180390577,0.17390940489615755,0.9166666666666666,2,True
long|low_volatility|252d|q10_minus_q1|unconstrained_beta|r1|ensemble,low_volatility|252d|q10_minus_q1|unconstrained_beta|r1|ensemble,low_volatility|252d,low_volatility,252d,63,low_volatility_family_sensitivity,no_stable_structure,q10_minus_q1,market_neutral,False,1,ensemble,1,4181.0,0.0,0.0,,long,12,0.5,-0.007338908527636578,-0.2127344005274011,0.31870272522965304,0.0098655593082096,-0.0027976230852737594,0.13056042254263867,0.08333333333333333,2,True
long|low_volatility|252d|q10_minus_q1|unconstrained_beta|r21|ensemble,low_volatility|252d|q10_minus_q1|unconstrained_beta|r21|ensemble,low_volatility|252d,low_volatility,252d,63,low_volatility_family_sensitivity,no_stable_structure,q10_minus_q1,market_neutral,False,21,ensemble,3,199.33333333333334,0.0,0.0,,long,12,0.5833333333333334,0.040557235172456574,-0.22700827899144327,0.36383829836643855,0.26968576958618706,0.023988117634768047,0.2231383946283371,0.16666666666666666,2,True
long|low_volatility|252d|q10_minus_q1|unconstrained_beta|r5|ensemble,low_volatility|252d|q10_minus_q1|unconstrained_beta|r5|ensemble,low_volatility|252d,low_volatility,252d,63,low_volatility_family_sensitivity,no_stable_structure,q10_minus_q1,market_neutral,False,5,ensemble,3,836.3333333333334,0.0,0.0,,long,12,0.5,0.006023572817016487,-0.20749218008765846,0.3269983261458995,0.114571815038624,0.02128964594878746,0.2147345988092266,0.08333333333333333,2,True
long|low_volatility|252d|q10_minus_q1|unconstrained_beta|r63|ensemble,low_volatility|252d|q10_minus_q1|unconstrained_beta|r63|ensemble,low_volatility|252d,low_volatility,252d,63,low_volatility_family_sensitivity,no_stable_structure,q10_minus_q1,market_neutral,False,63,ensemble,3,66.33333333333333,0.0,0.0,,long,12,0.5,-0.01067319511343573,-0.23046935372403465,0.3391478925883462,0.14648188311527172,0.008481723687358445,0.17389399373798048,0.16666666666666666,2,True
long|low_volatility|40d|continuous_high_minus_low|beta_neutral|r1|ensemble,low_volatility|40d|continuous_high_minus_low|beta_neutral|r1|ensemble,low_volatility|40d,low_volatility,40d,63,low_volatility_family_sensitivity,lower_tail,continuous_high_minus_low,market_neutral,True,1,ensemble,1,4181.0,0.0,4181.0,1.0,long,12,0.4166666666666667,-0.012687442311040131,-0.16841990875509072,0.10189964802675777,-0.04524999585239067,-0.02835706565205187,-0.1612000005431847,0.9166666666666666,2,True
long|low_volatility|40d|continuous_high_minus_low|beta_neutral|r21|ensemble,low_volatility|40d|continuous_high_minus_low|beta_neutral|r21|ensemble,low_volatility|40d,low_volatility,40d,63,low_volatility_family_sensitivity,lower_tail,continuous_high_minus_low,market_neutral,True,21,ensemble,3,199.33333333333334,0.0,199.33333333333334,1.0,long,12,0.5833333333333334,0.01090434538822671,-0.15201343341927043,0.10944610253791254,0.17614885256514645,-0.01151870317098691,-0.029361777286757033,0.9166666666666666,2,True
long|low_volatility|40d|continuous_high_minus_low|beta_neutral|r5|ensemble,low_volatility|40d|continuous_high_minus_low|beta_neutral|r5|ensemble,low_volatility|40d,low_volatility,40d,63,low_volatility_family_sensitivity,lower_tail,continuous_high_minus_low,market_neutral,True,5,ensemble,3,836.3333333333334,0.0,836.3333333333334,1.0,long,12,0.5,0.0010122669593925493,-0.16040929595179487,0.10963569864033618,0.0725677323702946,-0.017050272463497995,-0.07086595261078397,0.9166666666666666,2,True
long|low_volatility|40d|continuous_high_minus_low|beta_neutral|r63|ensemble,low_volatility|40d|continuous_high_minus_low|beta_neutral|r63|ensemble,low_volatility|40d,low_volatility,40d,63,low_volatility_family_sensitivity,lower_tail,continuous_high_minus_low,market_neutral,True,63,ensemble,3,66.33333333333333,0.0,66.33333333333333,1.0,long,12,0.5833333333333334,0.04000535927263027,-0.1277862222107371,0.12477922852064038,0.3507452473214975,0.0024350948088065483,0.08137865448386823,0.9166666666666666,2,True
long|low_volatility|40d|continuous_high_minus_low|unconstrained_beta|r1|ensemble,low_volatility|40d|continuous_high_minus_low|unconstrained_beta|r1|ensemble,low_volatility|40d,low_volatility,40d,63,low_volatility_family_sensitivity,lower_tail,continuous_high_minus_low,market_neutral,False,1,ensemble,1,4181.0,0.0,0.0,,long,12,0.5,-0.03698595845793645,-0.14841824012925442,0.1783110912845891,-0.21656554756867305,-0.024256669480581805,-0.05749132708870071,0.16666666666666666,2,True
long|low_volatility|40d|continuous_high_minus_low|unconstrained_beta|r21|ensemble,low_volatility|40d|continuous_high_minus_low|unconstrained_beta|r21|ensemble,low_volatility|40d,low_volatility,40d,63,low_volatility_family_sensitivity,lower_tail,continuous_high_minus_low,market_neutral,False,21,ensemble,3,199.33333333333334,0.0,0.0,,long,12,0.5,-7.571088134089576e-05,-0.1272247231159771,0.22964390886610064,-0.019190196286504896,0.010146678155909417,0.14328977629448467,0.16666666666666666,2,True
long|low_volatility|40d|continuous_high_minus_low|unconstrained_beta|r5|ensemble,low_volatility|40d|continuous_high_minus_low|unconstrained_beta|r5|ensemble,low_volatility|40d,low_volatility,40d,63,low_volatility_family_sensitivity,lower_tail,continuous_high_minus_low,market_neutral,False,5,ensemble,3,836.3333333333334,0.0,0.0,,long,12,0.5,-0.02226272332484408,-0.12944064497925156,0.21925542871684156,-0.12295167541710864,-0.0014161118325181077,0.07672778200728782,0.16666666666666666,2,True
long|low_volatility|40d|continuous_high_minus_low|unconstrained_beta|r63|ensemble,low_volatility|40d|continuous_high_minus_low|unconstrained_beta|r63|ensemble,low_volatility|40d,low_volatility,40d,63,low_volatility_family_sensitivity,lower_tail,continuous_high_minus_low,market_neutral,False,63,ensemble,3,66.33333333333333,0.0,0.0,,long,12,0.5,0.020860098824738826,-0.14811011665231877,0.25072346064618833,0.008521367318750361,0.019474572173253435,0.20015069736749586,0.16666666666666666,2,True
long|low_volatility|40d|long_q10|unconstrained_beta|r1|ensemble,low_volatility|40d|long_q10|unconstrained_beta|r1|ensemble,low_volatility|40d,low_volatility,40d,63,low_volatility_family_sensitivity,lower_tail,long_q10,long_only,False,1,ensemble,1,4181.0,0.0,0.0,,long,12,0.75,0.07962309768524589,-0.03587659845931368,0.185312821799418,0.5834367346803977,0.0683909294851821,0.417820365145919,1.0,0,True
long|low_volatility|40d|long_q10|unconstrained_beta|r21|ensemble,low_volatility|40d|long_q10|unconstrained_beta|r21|ensemble,low_volatility|40d,low_volatility,40d,63,low_volatility_family_sensitivity,lower_tail,long_q10,long_only,False,21,ensemble,3,199.33333333333334,0.0,0.0,,long,12,0.75,0.07560931450644892,-0.04496172905881379,0.22767375577957383,0.5334280408171989,0.07889136888137038,0.48237525995869,1.0,0,True
long|low_volatility|40d|long_q10|unconstrained_beta|r5|ensemble,low_volatility|40d|long_q10|unconstrained_beta|r5|ensemble,low_volatility|40d,low_volatility,40d,63,low_volatility_family_sensitivity,lower_tail,long_q10,long_only,False,5,ensemble,3,836.3333333333334,0.0,0.0,,long,12,0.75,0.10128760949777249,-0.028206630334779992,0.20588971031225212,0.6691718518429517,0.08376821378230326,0.5211813347430652,1.0,0,True
long|low_volatility|40d|long_q10|unconstrained_beta|r63|ensemble,low_volatility|40d|long_q10|unconstrained_beta|r63|ensemble,low_volatility|40d,low_volatility,40d,63,low_volatility_family_sensitivity,lower_tail,long_q10,long_only,False,63,ensemble,3,66.33333333333333,0.0,0.0,,long,12,1.0,0.09999610968514772,0.0026566231837175103,0.24111819978235904,0.7538481854014042,0.09896531632109662,0.6045950150212985,1.0,0,True
long|low_volatility|40d|long_q1|unconstrained_beta|r1|ensemble,low_volatility|40d|long_q1|unconstrained_beta|r1|ensemble,low_volatility|40d,low_volatility,40d,63,low_volatility_family_sensitivity,lower_tail,long_q1,long_only,False,1,ensemble,1,4181.0,0.0,0.0,,long,12,0.75,0.06829855654008354,-0.20474366568985825,0.3683855896809214,0.5011629447436002,0.08281694630514647,0.35253905129940866,1.0,0,True
long|low_volatility|40d|long_q1|unconstrained_beta|r21|ensemble,low_volatility|40d|long_q1|unconstrained_beta|r21|ensemble,low_volatility|40d,low_volatility,40d,63,low_volatility_family_sensitivity,lower_tail,long_q1,long_only,False,21,ensemble,3,199.33333333333334,0.0,0.0,,long,12,0.6666666666666666,0.13352222234020983,-0.18673189433587978,0.3908311032697005,0.8443213170383246,0.11630254771263226,0.4571714901521056,1.0,0,True
long|low_volatility|40d|long_q1|unconstrained_beta|r5|ensemble,low_volatility|40d|long_q1|unconstrained_beta|r5|ensemble,low_volatility|40d,low_volatility,40d,63,low_volatility_family_sensitivity,lower_tail,long_q1,long_only,False,5,ensemble,3,836.3333333333334,0.0,0.0,,long,12,0.6666666666666666,0.11485855926837674,-0.18285338332983025,0.3678751318235809,0.71199723463285,0.10678151907718214,0.4239424633222368,1.0,0,True
long|low_volatility|40d|long_q1|unconstrained_beta|r63|ensemble,low_volatility|40d|long_q1|unconstrained_beta|r63|ensemble,low_volatility|40d,low_volatility,40d,63,low_volatility_family_sensitivity,lower_tail,long_q1,long_only,False,63,ensemble,3,66.33333333333333,0.0,0.0,,long,12,0.75,0.15984397197187383,-0.1723497411161783,0.4071322875923389,0.9653451488195977,0.13521916290779123,0.5261654624262591,1.0,0,True
long|low_volatility|40d|middle_minus_q1|beta_neutral|r1|ensemble,low_volatility|40d|middle_minus_q1|beta_neutral|r1|ensemble,low_volatility|40d,low_volatility,40d,63,low_volatility_family_sensitivity,lower_tail,middle_minus_q1,market_neutral,True,1,ensemble,1,4181.0,0.0,4181.0,1.0,long,12,0.4166666666666667,-0.04673129308489726,-0.19799060003137525,0.12231045767568971,-0.17398690231258201,-0.0352672083378649,-0.1980527454199985,1.0,0,True
long|low_volatility|40d|middle_minus_q1|beta_neutral|r21|ensemble,low_volatility|40d|middle_minus_q1|beta_neutral|r21|ensemble,low_volatility|40d,low_volatility,40d,63,low_volatility_family_sensitivity,lower_tail,middle_minus_q1,market_neutral,True,21,ensemble,3,199.33333333333334,0.0,199.33333333333334,1.0,long,12,0.4166666666666667,-0.048839732016305926,-0.17140076593665177,0.17444254055230912,-0.27263087905449757,-0.028023108665286567,-0.1563764884687385,0.9166666666666666,2,True
long|low_volatility|40d|middle_minus_q1|beta_neutral|r5|ensemble,low_volatility|40d|middle_minus_q1|beta_neutral|r5|ensemble,low_volatility|40d,low_volatility,40d,63,low_volatility_family_sensitivity,lower_tail,middle_minus_q1,market_neutral,True,5,ensemble,3,836.3333333333334,0.0,836.3333333333334,1.0,long,12,0.5,-0.02377382514689519,-0.1682067659451829,0.1270550889034212,-0.11455160063910737,-0.0367642573334126,-0.21440373979421107,0.8333333333333334,2,True
long|low_volatility|40d|middle_minus_q1|beta_neutral|r63|ensemble,low_volatility|40d|middle_minus_q1|beta_neutral|r63|ensemble,low_volatility|40d,low_volatility,40d,63,low_volatility_family_sensitivity,lower_tail,middle_minus_q1,market_neutral,True,63,ensemble,3,66.33333333333333,0.0,66.33333333333333,1.0,long,12,0.4166666666666667,-0.02135508373638889,-0.1711258982989705,0.13354882435088666,-0.012188009008405911,-0.029595854851892978,-0.16687916550951365,0.9166666666666666,2,True
long|low_volatility|40d|middle_minus_q1|unconstrained_beta|r1|ensemble,low_volatility|40d|middle_minus_q1|unconstrained_beta|r1|ensemble,low_volatility|40d,low_volatility,40d,63,low_volatility_family_sensitivity,lower_tail,middle_minus_q1,market_neutral,False,1,ensemble,1,4181.0,0.0,0.0,,long,12,0.25,-0.06785438177026626,-0.2325600280838368,0.19582079263936714,-0.30627471289903174,-0.06339009654852013,-0.2550254691936606,0.3333333333333333,2,True
long|low_volatility|40d|middle_minus_q1|unconstrained_beta|r21|ensemble,low_volatility|40d|middle_minus_q1|unconstrained_beta|r21|ensemble,low_volatility|40d,low_volatility,40d,63,low_volatility_family_sensitivity,lower_tail,middle_minus_q1,market_neutral,False,21,ensemble,3,199.33333333333334,0.0,0.0,,long,12,0.25,-0.05319005925324305,-0.20274229907550423,0.26574503457621623,-0.31782467791457997,-0.033482290142927695,-0.10028618366227027,0.25,4,True
long|low_volatility|40d|middle_minus_q1|unconstrained_beta|r5|ensemble,low_volatility|40d|middle_minus_q1|unconstrained_beta|r5|ensemble,low_volatility|40d,low_volatility,40d,63,low_volatility_family_sensitivity,lower_tail,middle_minus_q1,market_neutral,False,5,ensemble,3,836.3333333333334,0.0,0.0,,long,12,0.4166666666666667,-0.00730657008468466,-0.19117978802452373,0.22207486797369547,0.05602893804876968,-0.0012620736650293951,0.08593477151587557,0.25,2,True
long|low_volatility|40d|middle_minus_q1|unconstrained_beta|r63|ensemble,low_volatility|40d|middle_minus_q1|unconstrained_beta|r63|ensemble,low_volatility|40d,low_volatility,40d,63,low_volatility_family_sensitivity,lower_tail,middle_minus_q1,market_neutral,False,63,ensemble,3,66.33333333333333,0.0,0.0,,long,12,0.4166666666666667,-0.020192200729699128,-0.15380847030916334,0.3576271853297637,0.052732449204333925,0.018284929567216057,0.1903805994556616,0.0,0,True
long|low_volatility|40d|q10_minus_middle|beta_neutral|r1|ensemble,low_volatility|40d|q10_minus_middle|beta_neutral|r1|ensemble,low_volatility|40d,low_volatility,40d,63,low_volatility_family_sensitivity,lower_tail,q10_minus_middle,market_neutral,True,1,ensemble,1,4181.0,0.0,4181.0,1.0,long,12,0.4166666666666667,-0.02831934331390107,-0.14027454284892116,0.04525435072095396,-0.2607109936186559,-0.03414204678623589,-0.27924348254882075,1.0,0,True
long|low_volatility|40d|q10_minus_middle|beta_neutral|r21|ensemble,low_volatility|40d|q10_minus_middle|beta_neutral|r21|ensemble,low_volatility|40d,low_volatility,40d,63,low_volatility_family_sensitivity,lower_tail,q10_minus_middle,market_neutral,True,21,ensemble,3,199.33333333333334,0.0,199.33333333333334,1.0,long,12,0.4166666666666667,-0.009499688155371555,-0.11699645323077457,0.08448860398299196,-0.0909775293278508,-0.024748394429784937,-0.184872430849212,0.9166666666666666,2,True
long|low_volatility|40d|q10_minus_middle|beta_neutral|r5|ensemble,low_volatility|40d|q10_minus_middle|beta_neutral|r5|ensemble,low_volatility|40d,low_volatility,40d,63,low_volatility_family_sensitivity,lower_tail,q10_minus_middle,market_neutral,True,5,ensemble,3,836.3333333333334,0.0,836.3333333333334,1.0,long,12,0.5833333333333334,0.010719589511593686,-0.118905973578599,0.07040780624004128,0.15368039361420024,-0.0038941558602091364,0.015485367047290628,1.0,0,True
long|low_volatility|40d|q10_minus_middle|beta_neutral|r63|ensemble,low_volatility|40d|q10_minus_middle|beta_neutral|r63|ensemble,low_volatility|40d,low_volatility,40d,63,low_volatility_family_sensitivity,lower_tail,q10_minus_middle,market_neutral,True,63,ensemble,3,66.33333333333333,0.0,66.33333333333333,1.0,long,12,0.6666666666666666,0.028178714002025873,-0.11070870337289462,0.12791836563699976,0.5550709206583202,0.02858110102118072,0.3403065201858016,1.0,0,True
long|low_volatility|40d|q10_minus_middle|unconstrained_beta|r1|ensemble,low_volatility|40d|q10_minus_middle|unconstrained_beta|r1|ensemble,low_volatility|40d,low_volatility,40d,63,low_volatility_family_sensitivity,lower_tail,q10_minus_middle,market_neutral,False,1,ensemble,1,4181.0,0.0,0.0,,long,12,0.16666666666666666,-0.0943372991219415,-0.21774195544295127,0.05766046961616933,-1.2338967300521606,-0.08623382964954585,-0.7758890652539177,0.16666666666666666,3,True
long|low_volatility|40d|q10_minus_middle|unconstrained_beta|r21|ensemble,low_volatility|40d|q10_minus_middle|unconstrained_beta|r21|ensemble,low_volatility|40d,low_volatility,40d,63,low_volatility_family_sensitivity,lower_tail,q10_minus_middle,market_neutral,False,21,ensemble,3,199.33333333333334,0.0,0.0,,long,12,0.5,0.01251304667137526,-0.12014833914965228,0.14070264104556252,0.13377727772727055,-0.008947892011944902,-0.034000340833175664,0.08333333333333333,2,True
long|low_volatility|40d|q10_minus_middle|unconstrained_beta|r5|ensemble,low_volatility|40d|q10_minus_middle|unconstrained_beta|r5|ensemble,low_volatility|40d,low_volatility,40d,63,low_volatility_family_sensitivity,lower_tail,q10_minus_middle,market_neutral,False,5,ensemble,3,836.3333333333334,0.0,0.0,,long,12,0.3333333333333333,-0.05764441775477691,-0.1844511889990439,0.10963012699974084,-0.8216974613130177,-0.05495874810150103,-0.4681376496717392,0.16666666666666666,3,True
long|low_volatility|40d|q10_minus_middle|unconstrained_beta|r63|ensemble,low_volatility|40d|q10_minus_middle|unconstrained_beta|r63|ensemble,low_volatility|40d,low_volatility,40d,63,low_volatility_family_sensitivity,lower_tail,q10_minus_middle,market_neutral,False,63,ensemble,3,66.33333333333333,0.0,0.0,,long,12,0.4166666666666667,-0.01124719509668537,-0.158458288823075,0.12659338389114394,-0.12242478280280936,-0.005132936628105322,-0.005328721506105544,0.25,2,True
long|low_volatility|40d|q10_minus_q1|beta_neutral|r1|ensemble,low_volatility|40d|q10_minus_q1|beta_neutral|r1|ensemble,low_volatility|40d,low_volatility,40d,63,low_volatility_family_sensitivity,lower_tail,q10_minus_q1,market_neutral,True,1,ensemble,1,4181.0,0.0,4181.0,1.0,long,12,0.6666666666666666,0.011093660098006275,-0.18950276217618622,0.1438910712297623,0.1563970055746377,-0.011477460901791137,0.03399007694471431,1.0,0,True
long|low_volatility|40d|q10_minus_q1|beta_neutral|r21|ensemble,low_volatility|40d|q10_minus_q1|beta_neutral|r21|ensemble,low_volatility|40d,low_volatility,40d,63,low_volatility_family_sensitivity,lower_tail,q10_minus_q1,market_neutral,True,21,ensemble,3,199.33333333333334,0.0,199.33333333333334,1.0,long,12,0.5,-0.0038962670824187473,-0.22460045826458996,0.19745650710983842,0.10582006786175978,-0.032577517097597486,-0.08337726257052949,0.9166666666666666,2,True
long|low_volatility|40d|q10_minus_q1|beta_neutral|r5|ensemble,low_volatility|40d|q10_minus_q1|beta_neutral|r5|ensemble,low_volatility|40d,low_volatility,40d,63,low_volatility_family_sensitivity,lower_tail,q10_minus_q1,market_neutral,True,5,ensemble,3,836.3333333333334,0.0,836.3333333333334,1.0,long,12,0.6666666666666666,0.04772046453307699,-0.16449119766137876,0.2107715670045771,0.3564865514359838,0.010570383028272845,0.15029384874278792,1.0,0,True
long|low_volatility|40d|q10_minus_q1|beta_neutral|r63|ensemble,low_volatility|40d|q10_minus_q1|beta_neutral|r63|ensemble,low_volatility|40d,low_volatility,40d,63,low_volatility_family_sensitivity,lower_tail,q10_minus_q1,market_neutral,True,63,ensemble,3,66.33333333333333,0.0,66.33333333333333,1.0,long,12,0.6666666666666666,0.05912303243938788,-0.16167314291063828,0.20459414631435857,0.4819428047640596,0.035388220663356895,0.28232950341080726,1.0,0,True
long|low_volatility|40d|q10_minus_q1|unconstrained_beta|r1|ensemble,low_volatility|40d|q10_minus_q1|unconstrained_beta|r1|ensemble,low_volatility|40d,low_volatility,40d,63,low_volatility_family_sensitivity,lower_tail,q10_minus_q1,market_neutral,False,1,ensemble,1,4181.0,0.0,0.0,,long,12,0.4166666666666667,-0.10601332329335245,-0.2730016763392048,0.2556619674982725,-0.24024017384586302,-0.07109349009609911,-0.1375575674512654,0.16666666666666666,2,True
long|low_volatility|40d|q10_minus_q1|unconstrained_beta|r21|ensemble,low_volatility|40d|q10_minus_q1|unconstrained_beta|r21|ensemble,low_volatility|40d,low_volatility,40d,63,low_volatility_family_sensitivity,lower_tail,q10_minus_q1,market_neutral,False,21,ensemble,3,199.33333333333334,0.0,0.0,,long,12,0.5,0.009727387486947348,-0.23565311641541342,0.35958110442445523,0.014206482923197483,0.00354325339749173,0.14429630602155424,0.16666666666666666,2,True
long|low_volatility|40d|q10_minus_q1|unconstrained_beta|r5|ensemble,low_volatility|40d|q10_minus_q1|unconstrained_beta|r5|ensemble,low_volatility|40d,low_volatility,40d,63,low_volatility_family_sensitivity,lower_tail,q10_minus_q1,market_neutral,False,5,ensemble,3,836.3333333333334,0.0,0.0,,long,12,0.5,-0.023895605794272634,-0.2251007118320415,0.29683291099315623,-0.11753363566523253,-0.021578719463996365,0.05400848745365704,0.16666666666666666,2,True
long|low_volatility|40d|q10_minus_q1|unconstrained_beta|r63|ensemble,low_volatility|40d|q10_minus_q1|unconstrained_beta|r63|ensemble,low_volatility|40d,low_volatility,40d,63,low_volatility_family_sensitivity,lower_tail,q10_minus_q1,market_neutral,False,63,ensemble,3,66.33333333333333,0.0,0.0,,long,12,0.3333333333333333,-0.07738377287789167,-0.2277373693812762,0.45227144544599907,-0.13188212062810384,-0.01684677355288755,0.07586655016079591,0.08333333333333333,2,True
long|low_volatility|60d|continuous_high_minus_low|beta_neutral|r1|ensemble,low_volatility|60d|continuous_high_minus_low|beta_neutral|r1|ensemble,low_volatility|60d,low_volatility,60d,63,low_volatility_family_sensitivity,lower_tail,continuous_high_minus_low,market_neutral,True,1,ensemble,1,4181.0,0.0,4181.0,1.0,long,12,0.5,0.009504267329610738,-0.15472585897368363,0.1084854718574062,0.1582907808899156,-0.016376218555614996,-0.06219642943145436,0.9166666666666666,2,True
long|low_volatility|60d|continuous_high_minus_low|beta_neutral|r21|ensemble,low_volatility|60d|continuous_high_minus_low|beta_neutral|r21|ensemble,low_volatility|60d,low_volatility,60d,63,low_volatility_family_sensitivity,lower_tail,continuous_high_minus_low,market_neutral,True,21,ensemble,3,199.33333333333334,0.0,199.33333333333334,1.0,long,12,0.5833333333333334,0.03322114000859977,-0.12522610882424456,0.12125950601300017,0.29972849377346655,-0.0009703529680924472,0.05651395670858329,0.9166666666666666,2,True
long|low_volatility|60d|continuous_high_minus_low|beta_neutral|r5|ensemble,low_volatility|60d|continuous_high_minus_low|beta_neutral|r5|ensemble,low_volatility|60d,low_volatility,60d,63,low_volatility_family_sensitivity,lower_tail,continuous_high_minus_low,market_neutral,True,5,ensemble,3,836.3333333333334,0.0,836.3333333333334,1.0,long,12,0.5833333333333334,0.023344323914447185,-0.13710133317896267,0.11261803602183096,0.2653972287096181,-0.006620514419189205,0.013554336648048046,0.9166666666666666,2,True
long|low_volatility|60d|continuous_high_minus_low|beta_neutral|r63|ensemble,low_volatility|60d|continuous_high_minus_low|beta_neutral|r63|ensemble,low_volatility|60d,low_volatility,60d,63,low_volatility_family_sensitivity,lower_tail,continuous_high_minus_low,market_neutral,True,63,ensemble,3,66.33333333333333,0.0,66.33333333333333,1.0,long,12,0.5833333333333334,0.04836623320127642,-0.12617308766229574,0.11739887777408886,0.40279570434898493,0.005366120812955177,0.10584709219693271,0.9166666666666666,2,True
long|low_volatility|60d|continuous_high_minus_low|unconstrained_beta|r1|ensemble,low_volatility|60d|continuous_high_minus_low|unconstrained_beta|r1|ensemble,low_volatility|60d,low_volatility,60d,63,low_volatility_family_sensitivity,lower_tail,continuous_high_minus_low,market_neutral,False,1,ensemble,1,4181.0,0.0,0.0,,long,12,0.5,-0.01970049992767453,-0.14209518365875895,0.20768462447280323,-0.15608378544969065,-0.009080731114558427,0.03454313984137531,0.16666666666666666,2,True
long|low_volatility|60d|continuous_high_minus_low|unconstrained_beta|r21|ensemble,low_volatility|60d|continuous_high_minus_low|unconstrained_beta|r21|ensemble,low_volatility|60d,low_volatility,60d,63,low_volatility_family_sensitivity,lower_tail,continuous_high_minus_low,market_neutral,False,21,ensemble,3,199.33333333333334,0.0,0.0,,long,12,0.5,0.018574492255593156,-0.14936717714919623,0.22943916599809744,0.027236941605087495,0.01830961294962674,0.19178316648508878,0.16666666666666666,2,True
long|low_volatility|60d|continuous_high_minus_low|unconstrained_beta|r5|ensemble,low_volatility|60d|continuous_high_minus_low|unconstrained_beta|r5|ensemble,low_volatility|60d,low_volatility,60d,63,low_volatility_family_sensitivity,lower_tail,continuous_high_minus_low,market_neutral,False,5,ensemble,3,836.3333333333334,0.0,0.0,,long,12,0.5,0.001466621796691825,-0.13000099561298561,0.23051609905726655,-0.020013505016151456,0.010404114222577254,0.14600912019125492,0.16666666666666666,2,True
long|low_volatility|60d|continuous_high_minus_low|unconstrained_beta|r63|ensemble,low_volatility|60d|continuous_high_minus_low|unconstrained_beta|r63|ensemble,low_volatility|60d,low_volatility,60d,63,low_volatility_family_sensitivity,lower_tail,continuous_high_minus_low,market_neutral,False,63,ensemble,3,66.33333333333333,0.0,0.0,,long,12,0.5,0.026833993268505607,-0.14735081435665975,0.23202994869354576,0.0874153571313519,0.022343048492994733,0.21612071581843087,0.16666666666666666,2,True
long|low_volatility|60d|long_q10|unconstrained_beta|r1|ensemble,low_volatility|60d|long_q10|unconstrained_beta|r1|ensemble,low_volatility|60d,low_volatility,60d,63,low_volatility_family_sensitivity,lower_tail,long_q10,long_only,False,1,ensemble,1,4181.0,0.0,0.0,,long,12,0.9166666666666666,0.09553473924811828,-0.003501171590733154,0.22306716160021867,0.6327738810196315,0.08538098235693714,0.5349639951696141,1.0,0,True
long|low_volatility|60d|long_q10|unconstrained_beta|r21|ensemble,low_volatility|60d|long_q10|unconstrained_beta|r21|ensemble,low_volatility|60d,low_volatility,60d,63,low_volatility_family_sensitivity,lower_tail,long_q10,long_only,False,21,ensemble,3,199.33333333333334,0.0,0.0,,long,12,1.0,0.10936933341094757,0.005110835125349711,0.24235824827453634,0.7546263101686694,0.10485034771318724,0.6555342572545614,1.0,0,True
long|low_volatility|60d|long_q10|unconstrained_beta|r5|ensemble,low_volatility|60d|long_q10|unconstrained_beta|r5|ensemble,low_volatility|60d,low_volatility,60d,63,low_volatility_family_sensitivity,lower_tail,long_q10,long_only,False,5,ensemble,3,836.3333333333334,0.0,0.0,,long,12,1.0,0.10172924792141147,0.005769076634812409,0.22295296571345635,0.6691568630464451,0.09718271308288107,0.6128021402522214,1.0,0,True
long|low_volatility|60d|long_q10|unconstrained_beta|r63|ensemble,low_volatility|60d|long_q10|unconstrained_beta|r63|ensemble,low_volatility|60d,low_volatility,60d,63,low_volatility_family_sensitivity,lower_tail,long_q10,long_only,False,63,ensemble,3,66.33333333333333,0.0,0.0,,long,12,1.0,0.11136539585158123,0.003344997221441215,0.24486218310774066,0.7343216421876739,0.11043751698912407,0.6827679399264361,1.0,0,True
long|low_volatility|60d|long_q1|unconstrained_beta|r1|ensemble,low_volatility|60d|long_q1|unconstrained_beta|r1|ensemble,low_volatility|60d,low_volatility,60d,63,low_volatility_family_sensitivity,lower_tail,long_q1,long_only,False,1,ensemble,1,4181.0,0.0,0.0,,long,12,0.6666666666666666,0.13444894125902085,-0.2124679314258191,0.4082576929973418,0.8896912563293569,0.09895050621640955,0.3995367539679408,1.0,0,True
long|low_volatility|60d|long_q1|unconstrained_beta|r21|ensemble,low_volatility|60d|long_q1|unconstrained_beta|r21|ensemble,low_volatility|60d,low_volatility,60d,63,low_volatility_family_sensitivity,lower_tail,long_q1,long_only,False,21,ensemble,3,199.33333333333334,0.0,0.0,,long,12,0.75,0.1403287380921896,-0.18186318855857175,0.41241374141902143,0.8710493776503921,0.1264355846011418,0.48543660731080207,1.0,0,True
long|low_volatility|60d|long_q1|unconstrained_beta|r5|ensemble,low_volatility|60d|long_q1|unconstrained_beta|r5|ensemble,low_volatility|60d,low_volatility,60d,63,low_volatility_family_sensitivity,lower_tail,long_q1,long_only,False,5,ensemble,3,836.3333333333334,0.0,0.0,,long,12,0.75,0.1475909075045717,-0.19018118666294925,0.41935753089222505,0.872258392112281,0.12102859818721456,0.4642305965301359,1.0,0,True
long|low_volatility|60d|long_q1|unconstrained_beta|r63|ensemble,low_volatility|60d|long_q1|unconstrained_beta|r63|ensemble,low_volatility|60d,low_volatility,60d,63,low_volatility_family_sensitivity,lower_tail,long_q1,long_only,False,63,ensemble,3,66.33333333333333,0.0,0.0,,long,12,0.75,0.15939154756005236,-0.18330334961157735,0.3824871135893255,0.9690971248910065,0.13693265320461623,0.5280087345693676,1.0,0,True
long|low_volatility|60d|middle_minus_q1|beta_neutral|r1|ensemble,low_volatility|60d|middle_minus_q1|beta_neutral|r1|ensemble,low_volatility|60d,low_volatility,60d,63,low_volatility_family_sensitivity,lower_tail,middle_minus_q1,market_neutral,True,1,ensemble,1,4181.0,0.0,4181.0,1.0,long,12,0.4166666666666667,-0.011941689461490157,-0.21646590513756947,0.1231999717786898,0.03245918213319208,-0.024642552364011472,-0.11461893724534199,1.0,0,True
long|low_volatility|60d|middle_minus_q1|beta_neutral|r21|ensemble,low_volatility|60d|middle_minus_q1|beta_neutral|r21|ensemble,low_volatility|60d,low_volatility,60d,63,low_volatility_family_sensitivity,lower_tail,middle_minus_q1,market_neutral,True,21,ensemble,3,199.33333333333334,0.0,199.33333333333334,1.0,long,12,0.4166666666666667,-0.03455437875588213,-0.15203092309713873,0.14407225441426896,-0.12835972514969157,-0.027808187397499795,-0.15028249884388187,0.9166666666666666,2,True
long|low_volatility|60d|middle_minus_q1|beta_neutral|r5|ensemble,low_volatility|60d|middle_minus_q1|beta_neutral|r5|ensemble,low_volatility|60d,low_volatility,60d,63,low_volatility_family_sensitivity,lower_tail,middle_minus_q1,market_neutral,True,5,ensemble,3,836.3333333333334,0.0,836.3333333333334,1.0,long,12,0.4166666666666667,-0.0511019066249615,-0.18745369114978938,0.1188985025946474,-0.21488368140809877,-0.04268683375825344,-0.25580276492334764,0.9166666666666666,2,True
long|low_volatility|60d|middle_minus_q1|beta_neutral|r63|ensemble,low_volatility|60d|middle_minus_q1|beta_neutral|r63|ensemble,low_volatility|60d,low_volatility,60d,63,low_volatility_family_sensitivity,lower_tail,middle_minus_q1,market_neutral,True,63,ensemble,3,66.33333333333333,0.0,66.33333333333333,1.0,long,12,0.4166666666666667,-0.03179900349560005,-0.14943156975966188,0.13137493050601567,-0.08783388155285635,-0.029559105298377242,-0.1625344769054698,0.8333333333333334,4,True
long|low_volatility|60d|middle_minus_q1|unconstrained_beta|r1|ensemble,low_volatility|60d|middle_minus_q1|unconstrained_beta|r1|ensemble,low_volatility|60d,low_volatility,60d,63,low_volatility_family_sensitivity,lower_tail,middle_minus_q1,market_neutral,False,1,ensemble,1,4181.0,0.0,0.0,,long,12,0.16666666666666666,-0.10511129798504959,-0.21904360504788112,0.2713960326565428,-0.5149583226463907,-0.07355032891100544,-0.3051032579038436,0.3333333333333333,6,True
long|low_volatility|60d|middle_minus_q1|unconstrained_beta|r21|ensemble,low_volatility|60d|middle_minus_q1|unconstrained_beta|r21|ensemble,low_volatility|60d,low_volatility,60d,63,low_volatility_family_sensitivity,lower_tail,middle_minus_q1,market_neutral,False,21,ensemble,3,199.33333333333334,0.0,0.0,,long,12,0.4166666666666667,-0.032335537789142776,-0.17465739482994225,0.2676137688142626,-0.22839624711061296,0.006690929687142466,0.1275563262703599,0.16666666666666666,2,True
long|low_volatility|60d|middle_minus_q1|unconstrained_beta|r5|ensemble,low_volatility|60d|middle_minus_q1|unconstrained_beta|r5|ensemble,low_volatility|60d,low_volatility,60d,63,low_volatility_family_sensitivity,lower_tail,middle_minus_q1,market_neutral,False,5,ensemble,3,836.3333333333334,0.0,0.0,,long,12,0.5,-0.0013674223900211335,-0.16962475224845686,0.28455005091922625,0.016205674645200563,0.011106485771850139,0.15258534571689616,0.0,0,True
long|low_volatility|60d|middle_minus_q1|unconstrained_beta|r63|ensemble,low_volatility|60d|middle_minus_q1|unconstrained_beta|r63|ensemble,low_volatility|60d,low_volatility,60d,63,low_volatility_family_sensitivity,lower_tail,middle_minus_q1,market_neutral,False,63,ensemble,3,66.33333333333333,0.0,0.0,,long,12,0.5,-0.002867161366945592,-0.15181158030326491,0.3252430513920703,0.08222048378813908,0.02013113164231517,0.1999094248190517,0.0,0,True
long|low_volatility|60d|q10_minus_middle|beta_neutral|r1|ensemble,low_volatility|60d|q10_minus_middle|beta_neutral|r1|ensemble,low_volatility|60d,low_volatility,60d,63,low_volatility_family_sensitivity,lower_tail,q10_minus_middle,market_neutral,True,1,ensemble,1,4181.0,0.0,4181.0,1.0,long,12,0.5,-0.006099146026270985,-0.1295921017889563,0.08516072225301863,-0.027982282931555393,-0.011140196297391047,-0.048632985676754,1.0,0,True
long|low_volatility|60d|q10_minus_middle|beta_neutral|r21|ensemble,low_volatility|60d|q10_minus_middle|beta_neutral|r21|ensemble,low_volatility|60d,low_volatility,60d,63,low_volatility_family_sensitivity,lower_tail,q10_minus_middle,market_neutral,True,21,ensemble,3,199.33333333333334,0.0,199.33333333333334,1.0,long,12,0.8333333333333334,0.02452298216394433,-0.09492045004763094,0.12786407582307602,0.38776261367100695,0.025814525749673356,0.28778774912552896,1.0,0,True
long|low_volatility|60d|q10_minus_middle|beta_neutral|r5|ensemble,low_volatility|60d|q10_minus_middle|beta_neutral|r5|ensemble,low_volatility|60d,low_volatility,60d,63,low_volatility_family_sensitivity,lower_tail,q10_minus_middle,market_neutral,True,5,ensemble,3,836.3333333333334,0.0,836.3333333333334,1.0,long,12,0.6666666666666666,0.011016089341736368,-0.10309849393766368,0.10027973695947345,0.2076867201422122,0.01514295920765818,0.19233658745788995,1.0,0,True
long|low_volatility|60d|q10_minus_middle|beta_neutral|r63|ensemble,low_volatility|60d|q10_minus_middle|beta_neutral|r63|ensemble,low_volatility|60d,low_volatility,60d,63,low_volatility_family_sensitivity,lower_tail,q10_minus_middle,market_neutral,True,63,ensemble,3,66.33333333333333,0.0,66.33333333333333,1.0,long,12,0.8333333333333334,0.04993926782197167,-0.0821709587393451,0.1380302701249423,0.5859836422346225,0.04156578395947941,0.4316561896314616,1.0,0,True
long|low_volatility|60d|q10_minus_middle|unconstrained_beta|r1|ensemble,low_volatility|60d|q10_minus_middle|unconstrained_beta|r1|ensemble,low_volatility|60d,low_volatility,60d,63,low_volatility_family_sensitivity,lower_tail,q10_minus_middle,market_neutral,False,1,ensemble,1,4181.0,0.0,0.0,,long,12,0.3333333333333333,-0.0638419708211247,-0.18553081692539053,0.07706940010336116,-0.6557943035301961,-0.06316020457405824,-0.5251048484274078,0.16666666666666666,2,True
long|low_volatility|60d|q10_minus_middle|unconstrained_beta|r21|ensemble,low_volatility|60d|q10_minus_middle|unconstrained_beta|r21|ensemble,low_volatility|60d,low_volatility,60d,63,low_volatility_family_sensitivity,lower_tail,q10_minus_middle,market_neutral,False,21,ensemble,3,199.33333333333334,0.0,0.0,,long,12,0.3333333333333333,-0.027174365483625673,-0.15251787668826877,0.12251986013644367,-0.27381303138484947,-0.03254821925261597,-0.2513662187955142,0.16666666666666666,2,True
long|low_volatility|60d|q10_minus_middle|unconstrained_beta|r5|ensemble,low_volatility|60d|q10_minus_middle|unconstrained_beta|r5|ensemble,low_volatility|60d,low_volatility,60d,63,low_volatility_family_sensitivity,lower_tail,q10_minus_middle,market_neutral,False,5,ensemble,3,836.3333333333334,0.0,0.0,,long,12,0.3333333333333333,-0.017214143210373234,-0.16323352037642647,0.105904735273181,-0.1809749105204064,-0.034401389752710454,-0.2579072126704186,0.08333333333333333,2,True
long|low_volatility|60d|q10_minus_middle|unconstrained_beta|r63|ensemble,low_volatility|60d|q10_minus_middle|unconstrained_beta|r63|ensemble,low_volatility|60d,low_volatility,60d,63,low_volatility_family_sensitivity,lower_tail,q10_minus_middle,market_neutral,False,63,ensemble,3,66.33333333333333,0.0,0.0,,long,12,0.4166666666666667,-0.017883919426650907,-0.147764085753746,0.12486604580085459,-0.20869891460525875,-0.011183368281607708,-0.05586993582410876,0.25,2,True
long|low_volatility|60d|q10_minus_q1|beta_neutral|r1|ensemble,low_volatility|60d|q10_minus_q1|beta_neutral|r1|ensemble,low_volatility|60d,low_volatility,60d,63,low_volatility_family_sensitivity,lower_tail,q10_minus_q1,market_neutral,True,1,ensemble,1,4181.0,0.0,4181.0,1.0,long,12,0.5833333333333334,0.04291294473484175,-0.1774372095162121,0.15559097124827148,0.35971227745023837,0.0070002241587951985,0.13278917628251144,1.0,0,True
long|low_volatility|60d|q10_minus_q1|beta_neutral|r21|ensemble,low_volatility|60d|q10_minus_q1|beta_neutral|r21|ensemble,low_volatility|60d,low_volatility,60d,63,low_volatility_family_sensitivity,lower_tail,q10_minus_q1,market_neutral,True,21,ensemble,3,199.33333333333334,0.0,199.33333333333334,1.0,long,12,0.5833333333333334,0.05070722320232679,-0.20001264277035502,0.21043733462149294,0.33261343692756223,0.002447367148530555,0.10840168125045418,0.9166666666666666,2,True
long|low_volatility|60d|q10_minus_q1|beta_neutral|r5|ensemble,low_volatility|60d|q10_minus_q1|beta_neutral|r5|ensemble,low_volatility|60d,low_volatility,60d,63,low_volatility_family_sensitivity,lower_tail,q10_minus_q1,market_neutral,True,5,ensemble,3,836.3333333333334,0.0,836.3333333333334,1.0,long,12,0.6666666666666666,0.0673999133109302,-0.14991219953391144,0.20369357667068377,0.4925491880962284,0.02284935757224882,0.21350935695238066,1.0,0,True
long|low_volatility|60d|q10_minus_q1|beta_neutral|r63|ensemble,low_volatility|60d|q10_minus_q1|beta_neutral|r63|ensemble,low_volatility|60d,low_volatility,60d,63,low_volatility_family_sensitivity,lower_tail,q10_minus_q1,market_neutral,True,63,ensemble,3,66.33333333333333,0.0,66.33333333333333,1.0,long,12,0.6666666666666666,0.06612032657119538,-0.1385531762812766,0.1922710757606052,0.5202712099775819,0.04659871758159806,0.33452030912363173,1.0,0,True
long|low_volatility|60d|q10_minus_q1|unconstrained_beta|r1|ensemble,low_volatility|60d|q10_minus_q1|unconstrained_beta|r1|ensemble,low_volatility|60d,low_volatility,60d,63,low_volatility_family_sensitivity,lower_tail,q10_minus_q1,market_neutral,False,1,ensemble,1,4181.0,0.0,0.0,,long,12,0.4166666666666667,-0.05699763751689435,-0.2611117573659627,0.3165665597567964,-0.16845379469542784,-0.03791262628605818,-0.0008036864546007129,0.16666666666666666,2,True
long|low_volatility|60d|q10_minus_q1|unconstrained_beta|r21|ensemble,low_volatility|60d|q10_minus_q1|unconstrained_beta|r21|ensemble,low_volatility|60d,low_volatility,60d,63,low_volatility_family_sensitivity,lower_tail,q10_minus_q1,market_neutral,False,21,ensemble,3,199.33333333333334,0.0,0.0,,long,12,0.5,0.019737054323680947,-0.24913734390219167,0.3106866026475501,0.17011945427938277,0.005619579889899473,0.15494284291735888,0.16666666666666666,2,True
long|low_volatility|60d|q10_minus_q1|unconstrained_beta|r5|ensemble,low_volatility|60d|q10_minus_q1|unconstrained_beta|r5|ensemble,low_volatility|60d,low_volatility,60d,63,low_volatility_family_sensitivity,lower_tail,q10_minus_q1,market_neutral,False,5,ensemble,3,836.3333333333334,0.0,0.0,,long,12,0.4166666666666667,-0.025494492973667904,-0.22967923975305216,0.3463367417030834,-0.12654955881401186,-0.02009826719012542,0.06470295678251209,0.08333333333333333,2,True
long|low_volatility|60d|q10_minus_q1|unconstrained_beta|r63|ensemble,low_volatility|60d|q10_minus_q1|unconstrained_beta|r63|ensemble,low_volatility|60d,low_volatility,60d,63,low_volatility_family_sensitivity,lower_tail,q10_minus_q1,market_neutral,False,63,ensemble,3,66.33333333333333,0.0,0.0,,long,12,0.4166666666666667,-0.01231158723179393,-0.2392863022068259,0.3906780593167114,0.013133423438586644,-0.002878048662411148,0.13149874988363558,0.16666666666666666,2,True
long|low_volatility|90d|continuous_high_minus_low|beta_neutral|r1|ensemble,low_volatility|90d|continuous_high_minus_low|beta_neutral|r1|ensemble,low_volatility|90d,low_volatility,90d,63,low_volatility_family_sensitivity,lower_tail,continuous_high_minus_low,market_neutral,True,1,ensemble,1,4181.0,0.0,4181.0,1.0,long,12,0.5833333333333334,0.02448496167889347,-0.14337936728935596,0.11825330188086114,0.2816373943430058,-0.003083812477339354,0.04203348109293358,0.9166666666666666,2,True
long|low_volatility|90d|continuous_high_minus_low|beta_neutral|r21|ensemble,low_volatility|90d|continuous_high_minus_low|beta_neutral|r21|ensemble,low_volatility|90d,low_volatility,90d,63,low_volatility_family_sensitivity,lower_tail,continuous_high_minus_low,market_neutral,True,21,ensemble,3,199.33333333333334,0.0,199.33333333333334,1.0,long,12,0.5833333333333334,0.040904837809614514,-0.13537661553656322,0.12048539330548458,0.351059061685998,0.004671719876763403,0.1009085493847726,0.9166666666666666,2,True
long|low_volatility|90d|continuous_high_minus_low|beta_neutral|r5|ensemble,low_volatility|90d|continuous_high_minus_low|beta_neutral|r5|ensemble,low_volatility|90d,low_volatility,90d,63,low_volatility_family_sensitivity,lower_tail,continuous_high_minus_low,market_neutral,True,5,ensemble,3,836.3333333333334,0.0,836.3333333333334,1.0,long,12,0.5833333333333334,0.03402480420473075,-0.13670924049848532,0.12022814930754411,0.3542501985480019,0.0030628845667626248,0.08887299454104405,0.9166666666666666,2,True
long|low_volatility|90d|continuous_high_minus_low|beta_neutral|r63|ensemble,low_volatility|90d|continuous_high_minus_low|beta_neutral|r63|ensemble,low_volatility|90d,low_volatility,90d,63,low_volatility_family_sensitivity,lower_tail,continuous_high_minus_low,market_neutral,True,63,ensemble,3,66.33333333333333,0.0,66.33333333333333,1.0,long,12,0.5833333333333334,0.04332790194254044,-0.12939476732777144,0.12955723187494494,0.369602390354475,0.0037508519389672923,0.0946776953283084,0.9166666666666666,2,True
long|low_volatility|90d|continuous_high_minus_low|unconstrained_beta|r1|ensemble,low_volatility|90d|continuous_high_minus_low|unconstrained_beta|r1|ensemble,low_volatility|90d,low_volatility,90d,63,low_volatility_family_sensitivity,lower_tail,continuous_high_minus_low,market_neutral,False,1,ensemble,1,4181.0,0.0,0.0,,long,12,0.5,-0.012985895950245296,-0.14830596118756245,0.21247375621363584,-0.0789074159412359,-0.0010354335428645056,0.08179082056274078,0.16666666666666666,2,True
long|low_volatility|90d|continuous_high_minus_low|unconstrained_beta|r21|ensemble,low_volatility|90d|continuous_high_minus_low|unconstrained_beta|r21|ensemble,low_volatility|90d,low_volatility,90d,63,low_volatility_family_sensitivity,lower_tail,continuous_high_minus_low,market_neutral,False,21,ensemble,3,199.33333333333334,0.0,0.0,,long,12,0.5,0.017874477694185043,-0.15044689644764064,0.24479103322794904,0.03738567782082847,0.01873948089853905,0.19393672522920935,0.16666666666666666,2,True
long|low_volatility|90d|continuous_high_minus_low|unconstrained_beta|r5|ensemble,low_volatility|90d|continuous_high_minus_low|unconstrained_beta|r5|ensemble,low_volatility|90d,low_volatility,90d,63,low_volatility_family_sensitivity,lower_tail,continuous_high_minus_low,market_neutral,False,5,ensemble,3,836.3333333333334,0.0,0.0,,long,12,0.5,0.0060866224236129085,-0.14115153410780945,0.2333780396630194,0.06048252247803884,0.014751034549906006,0.17079888851115058,0.16666666666666666,2,True
long|low_volatility|90d|continuous_high_minus_low|unconstrained_beta|r63|ensemble,low_volatility|90d|continuous_high_minus_low|unconstrained_beta|r63|ensemble,low_volatility|90d,low_volatility,90d,63,low_volatility_family_sensitivity,lower_tail,continuous_high_minus_low,market_neutral,False,63,ensemble,3,66.33333333333333,0.0,0.0,,long,12,0.5,0.027520901452923574,-0.13809302966753456,0.22316450748522243,0.1786593495647545,0.022616703631341606,0.2163305231829689,0.16666666666666666,2,True
long|low_volatility|90d|long_q10|unconstrained_beta|r1|ensemble,low_volatility|90d|long_q10|unconstrained_beta|r1|ensemble,low_volatility|90d,low_volatility,90d,63,low_volatility_family_sensitivity,lower_tail,long_q10,long_only,False,1,ensemble,1,4181.0,0.0,0.0,,long,12,0.9166666666666666,0.12364060232968654,-0.0015372518995114826,0.24002335354091353,0.7945204264265905,0.09670071071377451,0.6118555591717494,1.0,0,True
long|low_volatility|90d|long_q10|unconstrained_beta|r21|ensemble,low_volatility|90d|long_q10|unconstrained_beta|r21|ensemble,low_volatility|90d,low_volatility,90d,63,low_volatility_family_sensitivity,lower_tail,long_q10,long_only,False,21,ensemble,3,199.33333333333334,0.0,0.0,,long,12,0.9166666666666666,0.1483383230625206,-0.004755170555179267,0.24494811057465782,0.9076932093935297,0.1063115301932569,0.6633576378403955,1.0,0,True
long|low_volatility|90d|long_q10|unconstrained_beta|r5|ensemble,low_volatility|90d|long_q10|unconstrained_beta|r5|ensemble,low_volatility|90d,low_volatility,90d,63,low_volatility_family_sensitivity,lower_tail,long_q10,long_only,False,5,ensemble,3,836.3333333333334,0.0,0.0,,long,12,1.0,0.1378988828907357,0.010184892435622483,0.24273387868387752,0.818047258702008,0.10635942341023141,0.673260038609368,1.0,0,True
long|low_volatility|90d|long_q10|unconstrained_beta|r63|ensemble,low_volatility|90d|long_q10|unconstrained_beta|r63|ensemble,low_volatility|90d,low_volatility,90d,63,low_volatility_family_sensitivity,lower_tail,long_q10,long_only,False,63,ensemble,3,66.33333333333333,0.0,0.0,,long,12,0.8333333333333334,0.11197119033694103,-0.026542590534529675,0.24825620613458144,0.8138305981523386,0.1043005631424534,0.6360031166560395,1.0,0,True
long|low_volatility|90d|long_q1|unconstrained_beta|r1|ensemble,low_volatility|90d|long_q1|unconstrained_beta|r1|ensemble,low_volatility|90d,low_volatility,90d,63,low_volatility_family_sensitivity,lower_tail,long_q1,long_only,False,1,ensemble,1,4181.0,0.0,0.0,,long,12,0.75,0.1503674306018743,-0.2038570800859213,0.4004812114361822,0.9501430435275062,0.11008249055104846,0.4313810726221278,1.0,0,True
long|low_volatility|90d|long_q1|unconstrained_beta|r21|ensemble,low_volatility|90d|long_q1|unconstrained_beta|r21|ensemble,low_volatility|90d,low_volatility,90d,63,low_volatility_family_sensitivity,lower_tail,long_q1,long_only,False,21,ensemble,3,199.33333333333334,0.0,0.0,,long,12,0.75,0.15522393327310502,-0.15208861135479568,0.37067408306466776,0.976244249040227,0.12766320952566335,0.48789719768925005,1.0,0,True
long|low_volatility|90d|long_q1|unconstrained_beta|r5|ensemble,low_volatility|90d|long_q1|unconstrained_beta|r5|ensemble,low_volatility|90d,low_volatility,90d,63,low_volatility_family_sensitivity,lower_tail,long_q1,long_only,False,5,ensemble,3,836.3333333333334,0.0,0.0,,long,12,0.75,0.1592310818416549,-0.1669824588700859,0.39648309563621686,0.9772467133135809,0.12737530900789862,0.48195105401220933,1.0,0,True
long|low_volatility|90d|long_q1|unconstrained_beta|r63|ensemble,low_volatility|90d|long_q1|unconstrained_beta|r63|ensemble,low_volatility|90d,low_volatility,90d,63,low_volatility_family_sensitivity,lower_tail,long_q1,long_only,False,63,ensemble,3,66.33333333333333,0.0,0.0,,long,12,0.75,0.1532600284733674,-0.15799754410393463,0.371712385652909,1.0088990060840122,0.13318785583070158,0.5134786228510215,1.0,0,True
long|low_volatility|90d|middle_minus_q1|beta_neutral|r1|ensemble,low_volatility|90d|middle_minus_q1|beta_neutral|r1|ensemble,low_volatility|90d,low_volatility,90d,63,low_volatility_family_sensitivity,lower_tail,middle_minus_q1,market_neutral,True,1,ensemble,1,4181.0,0.0,4181.0,1.0,long,12,0.4166666666666667,-0.03382824777986637,-0.15475752117755026,0.10336623267741984,-0.15740328503960235,-0.025869811664031905,-0.12342477641525874,1.0,0,True
long|low_volatility|90d|middle_minus_q1|beta_neutral|r21|ensemble,low_volatility|90d|middle_minus_q1|beta_neutral|r21|ensemble,low_volatility|90d,low_volatility,90d,63,low_volatility_family_sensitivity,lower_tail,middle_minus_q1,market_neutral,True,21,ensemble,3,199.33333333333334,0.0,199.33333333333334,1.0,long,12,0.4166666666666667,-0.06613555458943976,-0.1561869952492888,0.13764551095739086,-0.3322852402890579,-0.03180597605785784,-0.17977285327339362,0.9166666666666666,2,True
long|low_volatility|90d|middle_minus_q1|beta_neutral|r5|ensemble,low_volatility|90d|middle_minus_q1|beta_neutral|r5|ensemble,low_volatility|90d,low_volatility,90d,63,low_volatility_family_sensitivity,lower_tail,middle_minus_q1,market_neutral,True,5,ensemble,3,836.3333333333334,0.0,836.3333333333334,1.0,long,12,0.3333333333333333,-0.07488972740179145,-0.14303528417098166,0.11560763074356961,-0.36013443896477587,-0.042452082619593545,-0.25283299772476064,0.9166666666666666,2,True
long|low_volatility|90d|middle_minus_q1|beta_neutral|r63|ensemble,low_volatility|90d|middle_minus_q1|beta_neutral|r63|ensemble,low_volatility|90d,low_volatility,90d,63,low_volatility_family_sensitivity,lower_tail,middle_minus_q1,market_neutral,True,63,ensemble,3,66.33333333333333,0.0,66.33333333333333,1.0,long,12,0.4166666666666667,-0.038326918622960726,-0.1420453546840622,0.13695419160697853,-0.15209210729573816,-0.021127468292434726,-0.09386699092500464,0.9166666666666666,2,True
long|low_volatility|90d|middle_minus_q1|unconstrained_beta|r1|ensemble,low_volatility|90d|middle_minus_q1|unconstrained_beta|r1|ensemble,low_volatility|90d,low_volatility,90d,63,low_volatility_family_sensitivity,lower_tail,middle_minus_q1,market_neutral,False,1,ensemble,1,4181.0,0.0,0.0,,long,12,0.3333333333333333,-0.04097705930735601,-0.17168469212933568,0.20817237651330167,-0.03635280764991719,-0.012609412663160513,0.029552033042452512,0.08333333333333333,2,True
long|low_volatility|90d|middle_minus_q1|unconstrained_beta|r21|ensemble,low_volatility|90d|middle_minus_q1|unconstrained_beta|r21|ensemble,low_volatility|90d,low_volatility,90d,63,low_volatility_family_sensitivity,lower_tail,middle_minus_q1,market_neutral,False,21,ensemble,3,199.33333333333334,0.0,0.0,,long,12,0.4166666666666667,-0.021538721061763355,-0.16324289687060456,0.24523613278853307,-0.04515814368385121,0.014410352193105824,0.16939727002819174,0.16666666666666666,2,True
long|low_volatility|90d|middle_minus_q1|unconstrained_beta|r5|ensemble,low_volatility|90d|middle_minus_q1|unconstrained_beta|r5|ensemble,low_volatility|90d,low_volatility,90d,63,low_volatility_family_sensitivity,lower_tail,middle_minus_q1,market_neutral,False,5,ensemble,3,836.3333333333334,0.0,0.0,,long,12,0.6666666666666666,0.003446140659043362,-0.15491869062648111,0.23540794913845198,0.08627379102684563,0.026590058492709456,0.2323904001821064,0.0,0,True
long|low_volatility|90d|middle_minus_q1|unconstrained_beta|r63|ensemble,low_volatility|90d|middle_minus_q1|unconstrained_beta|r63|ensemble,low_volatility|90d,low_volatility,90d,63,low_volatility_family_sensitivity,lower_tail,middle_minus_q1,market_neutral,False,63,ensemble,3,66.33333333333333,0.0,0.0,,long,12,0.4166666666666667,-0.03325539356297924,-0.15242502381497292,0.3140081638239267,-0.01594622473854805,0.00953139797082092,0.14584101686324774,0.16666666666666666,2,True
long|low_volatility|90d|q10_minus_middle|beta_neutral|r1|ensemble,low_volatility|90d|q10_minus_middle|beta_neutral|r1|ensemble,low_volatility|90d,low_volatility,90d,63,low_volatility_family_sensitivity,lower_tail,q10_minus_middle,market_neutral,True,1,ensemble,1,4181.0,0.0,4181.0,1.0,long,12,0.8333333333333334,0.020820982937582944,-0.11665171523880746,0.13767170919282834,0.3174118845551044,0.019042849491759384,0.22539380661385006,1.0,0,True
long|low_volatility|90d|q10_minus_middle|beta_neutral|r21|ensemble,low_volatility|90d|q10_minus_middle|beta_neutral|r21|ensemble,low_volatility|90d,low_volatility,90d,63,low_volatility_family_sensitivity,lower_tail,q10_minus_middle,market_neutral,True,21,ensemble,3,199.33333333333334,0.0,199.33333333333334,1.0,long,12,0.8333333333333334,0.03492698340766509,-0.09833537550779403,0.1447914129486776,0.5077748541340061,0.036443432272901255,0.3723646373717404,1.0,0,True
long|low_volatility|90d|q10_minus_middle|beta_neutral|r5|ensemble,low_volatility|90d|q10_minus_middle|beta_neutral|r5|ensemble,low_volatility|90d,low_volatility,90d,63,low_volatility_family_sensitivity,lower_tail,q10_minus_middle,market_neutral,True,5,ensemble,3,836.3333333333334,0.0,836.3333333333334,1.0,long,12,0.8333333333333334,0.039963288672596575,-0.09797128853668535,0.14365215073930027,0.4764045619765751,0.0391792092560761,0.40021303610313913,1.0,0,True
long|low_volatility|90d|q10_minus_middle|beta_neutral|r63|ensemble,low_volatility|90d|q10_minus_middle|beta_neutral|r63|ensemble,low_volatility|90d,low_volatility,90d,63,low_volatility_family_sensitivity,lower_tail,q10_minus_middle,market_neutral,True,63,ensemble,3,66.33333333333333,0.0,66.33333333333333,1.0,long,12,0.75,0.039133613716444415,-0.09665143253378994,0.1504139341084456,0.38313095642956985,0.022265753694353796,0.24372047772557637,0.9166666666666666,2,True
long|low_volatility|90d|q10_minus_middle|unconstrained_beta|r1|ensemble,low_volatility|90d|q10_minus_middle|unconstrained_beta|r1|ensemble,low_volatility|90d,low_volatility,90d,63,low_volatility_family_sensitivity,lower_tail,q10_minus_middle,market_neutral,False,1,ensemble,1,4181.0,0.0,0.0,,long,12,0.3333333333333333,-0.05493901113302713,-0.15422135257968916,0.09823932961703741,-0.5261544071831193,-0.04043281851330205,-0.3025735973202932,0.5,2,True
long|low_volatility|90d|q10_minus_middle|unconstrained_beta|r21|ensemble,low_volatility|90d|q10_minus_middle|unconstrained_beta|r21|ensemble,low_volatility|90d,low_volatility,90d,63,low_volatility_family_sensitivity,lower_tail,q10_minus_middle,market_neutral,False,21,ensemble,3,199.33333333333334,0.0,0.0,,long,12,0.25,-0.03828429388365023,-0.14774645634083916,0.0863690928380747,-0.38503523265802586,-0.03748460065465131,-0.2866344144452117,0.4166666666666667,4,True
long|low_volatility|90d|q10_minus_middle|unconstrained_beta|r5|ensemble,low_volatility|90d|q10_minus_middle|unconstrained_beta|r5|ensemble,low_volatility|90d,low_volatility,90d,63,low_volatility_family_sensitivity,lower_tail,q10_minus_middle,market_neutral,False,5,ensemble,3,836.3333333333334,0.0,0.0,,long,12,0.3333333333333333,-0.03501838212213304,-0.1415824709451976,0.13662809228616224,-0.3250766681911232,-0.019216496259215732,-0.11303099338571007,0.5,2,True
long|low_volatility|90d|q10_minus_middle|unconstrained_beta|r63|ensemble,low_volatility|90d|q10_minus_middle|unconstrained_beta|r63|ensemble,low_volatility|90d,low_volatility,90d,63,low_volatility_family_sensitivity,lower_tail,q10_minus_middle,market_neutral,False,63,ensemble,3,66.33333333333333,0.0,0.0,,long,12,0.3333333333333333,-0.04347005485505839,-0.12451049665598612,0.12316138487571626,-0.3792008589350301,-0.02124905372087016,-0.14406591800205334,0.3333333333333333,2,True
long|low_volatility|90d|q10_minus_q1|beta_neutral|r1|ensemble,low_volatility|90d|q10_minus_q1|beta_neutral|r1|ensemble,low_volatility|90d,low_volatility,90d,63,low_volatility_family_sensitivity,lower_tail,q10_minus_q1,market_neutral,True,1,ensemble,1,4181.0,0.0,4181.0,1.0,long,12,0.6666666666666666,0.02787109766220941,-0.17424335618230757,0.19720938024435464,0.27649857489121443,0.02778214406763979,0.2379795291939423,1.0,0,True
long|low_volatility|90d|q10_minus_q1|beta_neutral|r21|ensemble,low_volatility|90d|q10_minus_q1|beta_neutral|r21|ensemble,low_volatility|90d,low_volatility,90d,63,low_volatility_family_sensitivity,lower_tail,q10_minus_q1,market_neutral,True,21,ensemble,3,199.33333333333334,0.0,199.33333333333334,1.0,long,12,0.6666666666666666,0.03696868873455861,-0.21246990760126605,0.20541302585098653,0.2947356665816351,0.006138426614900938,0.1284444362007267,0.9166666666666666,2,True
long|low_volatility|90d|q10_minus_q1|beta_neutral|r5|ensemble,low_volatility|90d|q10_minus_q1|beta_neutral|r5|ensemble,low_volatility|90d,low_volatility,90d,63,low_volatility_family_sensitivity,lower_tail,q10_minus_q1,market_neutral,True,5,ensemble,3,836.3333333333334,0.0,836.3333333333334,1.0,long,12,0.6666666666666666,0.06068675821392433,-0.1570307885303135,0.20408689998798057,0.4395574444554752,0.04035382872724402,0.3005975221672765,1.0,0,True
long|low_volatility|90d|q10_minus_q1|beta_neutral|r63|ensemble,low_volatility|90d|q10_minus_q1|beta_neutral|r63|ensemble,low_volatility|90d,low_volatility,90d,63,low_volatility_family_sensitivity,lower_tail,q10_minus_q1,market_neutral,True,63,ensemble,3,66.33333333333333,0.0,66.33333333333333,1.0,long,12,0.6666666666666666,0.04115027984873332,-0.19958648940808998,0.20320077122466285,0.32952501811373197,0.01248452241336473,0.1623492009727682,0.9166666666666666,2,True
long|low_volatility|90d|q10_minus_q1|unconstrained_beta|r1|ensemble,low_volatility|90d|q10_minus_q1|unconstrained_beta|r1|ensemble,low_volatility|90d,low_volatility,90d,63,low_volatility_family_sensitivity,lower_tail,q10_minus_q1,market_neutral,False,1,ensemble,1,4181.0,0.0,0.0,,long,12,0.4166666666666667,-0.03969783905336283,-0.24384024745837696,0.25130462101438455,-0.008497441902921652,-0.029654830092965767,0.032445873816690014,0.16666666666666666,2,True
long|low_volatility|90d|q10_minus_q1|unconstrained_beta|r21|ensemble,low_volatility|90d|q10_minus_q1|unconstrained_beta|r21|ensemble,low_volatility|90d,low_volatility,90d,63,low_volatility_family_sensitivity,lower_tail,q10_minus_q1,market_neutral,False,21,ensemble,3,199.33333333333334,0.0,0.0,,long,12,0.5,0.00316071341748142,-0.20880846064023895,0.33058175390681876,0.150382066195566,0.004232945615033623,0.15127421260239296,0.16666666666666666,2,True
long|low_volatility|90d|q10_minus_q1|unconstrained_beta|r5|ensemble,low_volatility|90d|q10_minus_q1|unconstrained_beta|r5|ensemble,low_volatility|90d,low_volatility,90d,63,low_volatility_family_sensitivity,lower_tail,q10_minus_q1,market_neutral,False,5,ensemble,3,836.3333333333334,0.0,0.0,,long,12,0.4166666666666667,-0.020596132904448672,-0.21289947178676838,0.2829246945792463,-0.10177361332168137,-0.00658334692431195,0.11551060884339646,0.08333333333333333,2,True
long|low_volatility|90d|q10_minus_q1|unconstrained_beta|r63|ensemble,low_volatility|90d|q10_minus_q1|unconstrained_beta|r63|ensemble,low_volatility|90d,low_volatility,90d,63,low_volatility_family_sensitivity,lower_tail,q10_minus_q1,market_neutral,False,63,ensemble,3,66.33333333333333,0.0,0.0,,long,12,0.4166666666666667,-0.017400319178965618,-0.193872840304956,0.37925033288872045,0.030646854028864766,-0.008485145939217897,0.11527472870827264,0.16666666666666666,2,True
short|low_volatility|120d|continuous_high_minus_low|beta_neutral|r1|ensemble,low_volatility|120d|continuous_high_minus_low|beta_neutral|r1|ensemble,low_volatility|120d,low_volatility,120d,63,low_volatility_family_sensitivity,lower_tail,continuous_high_minus_low,market_neutral,True,1,ensemble,1,4181.0,0.0,4181.0,1.0,short,30,0.5333333333333333,0.028387235322365645,-0.23329137267543232,0.25503619987658266,0.26041560344793196,0.0083575227369872,0.12915085563620493,0.8,5,True
short|low_volatility|120d|continuous_high_minus_low|beta_neutral|r21|ensemble,low_volatility|120d|continuous_high_minus_low|beta_neutral|r21|ensemble,low_volatility|120d,low_volatility,120d,63,low_volatility_family_sensitivity,lower_tail,continuous_high_minus_low,market_neutral,True,21,ensemble,3,199.33333333333334,0.0,199.33333333333334,1.0,short,30,0.5666666666666667,0.027663299887842996,-0.2204046963301728,0.29656608243976135,0.26284848420554635,0.011058714791179813,0.15011271395064252,0.8,6,True
short|low_volatility|120d|continuous_high_minus_low|beta_neutral|r5|ensemble,low_volatility|120d|continuous_high_minus_low|beta_neutral|r5|ensemble,low_volatility|120d,low_volatility,120d,63,low_volatility_family_sensitivity,lower_tail,continuous_high_minus_low,market_neutral,True,5,ensemble,3,836.3333333333334,0.0,836.3333333333334,1.0,short,30,0.5333333333333333,0.0308692334680285,-0.22326461218225413,0.2757632808734609,0.2736052192505157,0.01251469702099528,0.16138389685524074,0.8,5,True
short|low_volatility|120d|continuous_high_minus_low|beta_neutral|r63|ensemble,low_volatility|120d|continuous_high_minus_low|beta_neutral|r63|ensemble,low_volatility|120d,low_volatility,120d,63,low_volatility_family_sensitivity,lower_tail,continuous_high_minus_low,market_neutral,True,63,ensemble,3,66.33333333333333,0.0,66.33333333333333,1.0,short,30,0.5666666666666667,0.023318204082243832,-0.22721713019156464,0.29851963758833033,0.2669222897438297,0.008252478095299276,0.12839585887420857,0.8,6,True
short|low_volatility|120d|continuous_high_minus_low|unconstrained_beta|r1|ensemble,low_volatility|120d|continuous_high_minus_low|unconstrained_beta|r1|ensemble,low_volatility|120d,low_volatility,120d,63,low_volatility_family_sensitivity,lower_tail,continuous_high_minus_low,market_neutral,False,1,ensemble,1,4181.0,0.0,0.0,,short,30,0.43333333333333335,-0.024659851977982872,-0.3059936036112517,0.400849862648609,-0.004852246875980813,-0.025231677884804404,-0.05777255740309369,0.4,8,True
short|low_volatility|120d|continuous_high_minus_low|unconstrained_beta|r21|ensemble,low_volatility|120d|continuous_high_minus_low|unconstrained_beta|r21|ensemble,low_volatility|120d,low_volatility,120d,63,low_volatility_family_sensitivity,lower_tail,continuous_high_minus_low,market_neutral,False,21,ensemble,3,199.33333333333334,0.0,0.0,,short,30,0.4666666666666667,-0.027553013703695284,-0.3084500161595213,0.4779693126112039,0.019459103718913087,-0.015142803410789551,-0.003704134083953964,0.4,8,True
short|low_volatility|120d|continuous_high_minus_low|unconstrained_beta|r5|ensemble,low_volatility|120d|continuous_high_minus_low|unconstrained_beta|r5|ensemble,low_volatility|120d,low_volatility,120d,63,low_volatility_family_sensitivity,lower_tail,continuous_high_minus_low,market_neutral,False,5,ensemble,3,836.3333333333334,0.0,0.0,,short,30,0.4666666666666667,-0.021585363193607265,-0.3016032017250111,0.39377549320201677,-0.07000475081296736,-0.023172933995627143,-0.046800154146469125,0.4,8,True
short|low_volatility|120d|continuous_high_minus_low|unconstrained_beta|r63|ensemble,low_volatility|120d|continuous_high_minus_low|unconstrained_beta|r63|ensemble,low_volatility|120d,low_volatility,120d,63,low_volatility_family_sensitivity,lower_tail,continuous_high_minus_low,market_neutral,False,63,ensemble,3,66.33333333333333,0.0,0.0,,short,30,0.5,-6.859319066743197e-05,-0.31509571371081413,0.44413784168652004,0.08907842174958433,-0.006680678206891888,0.04644107301360465,0.4,8,True
short|low_volatility|120d|long_q10|unconstrained_beta|r1|ensemble,low_volatility|120d|long_q10|unconstrained_beta|r1|ensemble,low_volatility|120d,low_volatility,120d,63,low_volatility_family_sensitivity,lower_tail,long_q10,long_only,False,1,ensemble,1,4181.0,0.0,0.0,,short,30,0.8,0.12256889982519326,-0.06778225502592528,0.39225380001539656,0.8429850909326237,0.10781760004766516,0.7161345919639621,1.0,0,True
short|low_volatility|120d|long_q10|unconstrained_beta|r21|ensemble,low_volatility|120d|long_q10|unconstrained_beta|r21|ensemble,low_volatility|120d,low_volatility,120d,63,low_volatility_family_sensitivity,lower_tail,long_q10,long_only,False,21,ensemble,3,199.33333333333334,0.0,0.0,,short,30,0.8333333333333334,0.12131171648223937,-0.09318812220548456,0.3898870831098107,1.0460810679235097,0.11348536371672391,0.739020129038281,1.0,0,True
short|low_volatility|120d|long_q10|unconstrained_beta|r5|ensemble,low_volatility|120d|long_q10|unconstrained_beta|r5|ensemble,low_volatility|120d,low_volatility,120d,63,low_volatility_family_sensitivity,lower_tail,long_q10,long_only,False,5,ensemble,3,836.3333333333334,0.0,0.0,,short,30,0.8333333333333334,0.121635282107877,-0.060789784582059414,0.38096648008008005,0.9348029890219443,0.11244811665152543,0.7447038426885361,1.0,0,True
short|low_volatility|120d|long_q10|unconstrained_beta|r63|ensemble,low_volatility|120d|long_q10|unconstrained_beta|r63|ensemble,low_volatility|120d,low_volatility,120d,63,low_volatility_family_sensitivity,lower_tail,long_q10,long_only,False,63,ensemble,3,66.33333333333333,0.0,0.0,,short,30,0.8,0.1313719508736979,-0.15131388766114529,0.39573181336557917,1.0870960869920432,0.11278695208103295,0.719607745966546,1.0,0,True
short|low_volatility|120d|long_q1|unconstrained_beta|r1|ensemble,low_volatility|120d|long_q1|unconstrained_beta|r1|ensemble,low_volatility|120d,low_volatility,120d,63,low_volatility_family_sensitivity,lower_tail,long_q1,long_only,False,1,ensemble,1,4181.0,0.0,0.0,,short,30,0.8333333333333334,0.2332387732835436,-0.47033982904738836,1.1845737586000653,0.8503830337158615,0.16107996786133216,0.5830397281499675,1.0,0,True
short|low_volatility|120d|long_q1|unconstrained_beta|r21|ensemble,low_volatility|120d|long_q1|unconstrained_beta|r21|ensemble,low_volatility|120d,low_volatility,120d,63,low_volatility_family_sensitivity,lower_tail,long_q1,long_only,False,21,ensemble,3,199.33333333333334,0.0,0.0,,short,30,0.8333333333333334,0.24565744445801152,-0.4438890684865212,1.146421571084196,0.8078023041469444,0.16335079233303418,0.5972775222999406,1.0,0,True
short|low_volatility|120d|long_q1|unconstrained_beta|r5|ensemble,low_volatility|120d|long_q1|unconstrained_beta|r5|ensemble,low_volatility|120d,low_volatility,120d,63,low_volatility_family_sensitivity,lower_tail,long_q1,long_only,False,5,ensemble,3,836.3333333333334,0.0,0.0,,short,30,0.8333333333333334,0.24334585856979085,-0.46518786999737616,1.1276774164618946,0.8798122269252078,0.1676699369345147,0.6034864614487979,1.0,0,True
short|low_volatility|120d|long_q1|unconstrained_beta|r63|ensemble,low_volatility|120d|long_q1|unconstrained_beta|r63|ensemble,low_volatility|120d,low_volatility,120d,63,low_volatility_family_sensitivity,lower_tail,long_q1,long_only,False,63,ensemble,3,66.33333333333333,0.0,0.0,,short,30,0.8,0.2325499206151037,-0.43186033678798885,1.1238589784393556,0.8866381727593159,0.17024999996059975,0.6292514495083616,1.0,0,True
short|low_volatility|120d|middle_minus_q1|beta_neutral|r1|ensemble,low_volatility|120d|middle_minus_q1|beta_neutral|r1|ensemble,low_volatility|120d,low_volatility,120d,63,low_volatility_family_sensitivity,lower_tail,middle_minus_q1,market_neutral,True,1,ensemble,1,4181.0,0.0,4181.0,1.0,short,30,0.4,-0.040198873510711164,-0.25084757655911805,0.6271628530720268,-0.19638417501685534,-0.024909717902136586,-0.12280366369218958,0.7666666666666667,7,True
short|low_volatility|120d|middle_minus_q1|beta_neutral|r21|ensemble,low_volatility|120d|middle_minus_q1|beta_neutral|r21|ensemble,low_volatility|120d,low_volatility,120d,63,low_volatility_family_sensitivity,lower_tail,middle_minus_q1,market_neutral,True,21,ensemble,3,199.33333333333334,0.0,199.33333333333334,1.0,short,30,0.4666666666666667,-0.004708448803693088,-0.22663640948235297,0.6127639989309512,0.0008872914013951134,-0.00769358097577455,0.006172922096487002,0.7666666666666667,9,True
short|low_volatility|120d|middle_minus_q1|beta_neutral|r5|ensemble,low_volatility|120d|middle_minus_q1|beta_neutral|r5|ensemble,low_volatility|120d,low_volatility,120d,63,low_volatility_family_sensitivity,lower_tail,middle_minus_q1,market_neutral,True,5,ensemble,3,836.3333333333334,0.0,836.3333333333334,1.0,short,30,0.43333333333333335,-0.018416223743237092,-0.2259873857465795,0.5844531252270622,-0.10584359742599841,-0.023102584815224203,-0.10988292228138806,0.7333333333333333,9,True
short|low_volatility|120d|middle_minus_q1|beta_neutral|r63|ensemble,low_volatility|120d|middle_minus_q1|beta_neutral|r63|ensemble,low_volatility|120d,low_volatility,120d,63,low_volatility_family_sensitivity,lower_tail,middle_minus_q1,market_neutral,True,63,ensemble,3,66.33333333333333,0.0,66.33333333333333,1.0,short,30,0.3333333333333333,-0.04777055855259754,-0.2155235274699281,0.6857189200889187,-0.36990797508355816,-0.028009399480536046,-0.1460807511794943,0.7,11,True
short|low_volatility|120d|middle_minus_q1|unconstrained_beta|r1|ensemble,low_volatility|120d|middle_minus_q1|unconstrained_beta|r1|ensemble,low_volatility|120d,low_volatility,120d,63,low_volatility_family_sensitivity,lower_tail,middle_minus_q1,market_neutral,False,1,ensemble,1,4181.0,0.0,0.0,,short,30,0.36666666666666664,-0.07740642106122525,-0.32493781695541846,0.9954692141170418,-0.30467843350805324,-0.03685869160950672,-0.10481484783704556,0.2,8,True
short|low_volatility|120d|middle_minus_q1|unconstrained_beta|r21|ensemble,low_volatility|120d|middle_minus_q1|unconstrained_beta|r21|ensemble,low_volatility|120d,low_volatility,120d,63,low_volatility_family_sensitivity,lower_tail,middle_minus_q1,market_neutral,False,21,ensemble,3,199.33333333333334,0.0,0.0,,short,30,0.4,-0.037143985846050276,-0.29661980666305987,0.9668282291622095,-0.1522000902668555,-0.026107129533069817,-0.05030707131069265,0.23333333333333334,10,True
short|low_volatility|120d|middle_minus_q1|unconstrained_beta|r5|ensemble,low_volatility|120d|middle_minus_q1|unconstrained_beta|r5|ensemble,low_volatility|120d,low_volatility,120d,63,low_volatility_family_sensitivity,lower_tail,middle_minus_q1,market_neutral,False,5,ensemble,3,836.3333333333334,0.0,0.0,,short,30,0.43333333333333335,-0.04059647894485102,-0.3350764782081005,0.9370699404777489,-0.267239187713107,-0.017350423286519145,0.0010601947785576584,0.16666666666666666,8,True
short|low_volatility|120d|middle_minus_q1|unconstrained_beta|r63|ensemble,low_volatility|120d|middle_minus_q1|unconstrained_beta|r63|ensemble,low_volatility|120d,low_volatility,120d,63,low_volatility_family_sensitivity,lower_tail,middle_minus_q1,market_neutral,False,63,ensemble,3,66.33333333333333,0.0,0.0,,short,30,0.4,-0.055106370061215604,-0.3382324091383482,1.0428682801711076,-0.3562912010186102,-0.04417224674153497,-0.13511825010296064,0.26666666666666666,10,True
short|low_volatility|120d|q10_minus_middle|beta_neutral|r1|ensemble,low_volatility|120d|q10_minus_middle|beta_neutral|r1|ensemble,low_volatility|120d,low_volatility,120d,63,low_volatility_family_sensitivity,lower_tail,q10_minus_middle,market_neutral,True,1,ensemble,1,4181.0,0.0,4181.0,1.0,short,30,0.5,0.007840582422210918,-0.13763399678304267,0.36220584634228237,0.13679631019777752,0.02303097425535694,0.2591754201207644,0.8666666666666667,4,True
short|low_volatility|120d|q10_minus_middle|beta_neutral|r21|ensemble,low_volatility|120d|q10_minus_middle|beta_neutral|r21|ensemble,low_volatility|120d,low_volatility,120d,63,low_volatility_family_sensitivity,lower_tail,q10_minus_middle,market_neutral,True,21,ensemble,3,199.33333333333334,0.0,199.33333333333334,1.0,short,30,0.5,0.007550840192914687,-0.20522883133862646,0.35993025050202054,0.1946650382744676,0.013788483413687214,0.17594697128975478,0.7666666666666667,6,True
short|low_volatility|120d|q10_minus_middle|beta_neutral|r5|ensemble,low_volatility|120d|q10_minus_middle|beta_neutral|r5|ensemble,low_volatility|120d,low_volatility,120d,63,low_volatility_family_sensitivity,lower_tail,q10_minus_middle,market_neutral,True,5,ensemble,3,836.3333333333334,0.0,836.3333333333334,1.0,short,30,0.5666666666666667,0.014995089497633063,-0.19160767391706512,0.35294300041905613,0.21929461051438312,0.019914736782825848,0.23105775655020672,0.8333333333333334,6,True
short|low_volatility|120d|q10_minus_middle|beta_neutral|r63|ensemble,low_volatility|120d|q10_minus_middle|beta_neutral|r63|ensemble,low_volatility|120d,low_volatility,120d,63,low_volatility_family_sensitivity,lower_tail,q10_minus_middle,market_neutral,True,63,ensemble,3,66.33333333333333,0.0,66.33333333333333,1.0,short,30,0.5333333333333333,0.021924150625714067,-0.20405313498772892,0.3600017062655083,0.3624196882970264,0.016948345215505256,0.19462104774058445,0.7666666666666667,6,True
short|low_volatility|120d|q10_minus_middle|unconstrained_beta|r1|ensemble,low_volatility|120d|q10_minus_middle|unconstrained_beta|r1|ensemble,low_volatility|120d,low_volatility,120d,63,low_volatility_family_sensitivity,lower_tail,q10_minus_middle,market_neutral,False,1,ensemble,1,4181.0,0.0,0.0,,short,30,0.16666666666666666,-0.07651960409047248,-0.31086643265090597,0.22136255383457293,-0.9591802612292378,-0.08157605671571233,-0.6652836922768878,0.4666666666666667,8,True
short|low_volatility|120d|q10_minus_middle|unconstrained_beta|r21|ensemble,low_volatility|120d|q10_minus_middle|unconstrained_beta|r21|ensemble,low_volatility|120d,low_volatility,120d,63,low_volatility_family_sensitivity,lower_tail,q10_minus_middle,market_neutral,False,21,ensemble,3,199.33333333333334,0.0,0.0,,short,30,0.16666666666666666,-0.07145864854867312,-0.2914191538542531,0.2214425412089791,-0.7945482354752684,-0.07349952261231751,-0.609118557333165,0.5,10,True
short|low_volatility|120d|q10_minus_middle|unconstrained_beta|r5|ensemble,low_volatility|120d|q10_minus_middle|unconstrained_beta|r5|ensemble,low_volatility|120d,low_volatility,120d,63,low_volatility_family_sensitivity,lower_tail,q10_minus_middle,market_neutral,False,5,ensemble,3,836.3333333333334,0.0,0.0,,short,30,0.13333333333333333,-0.08557869788374384,-0.310230601012322,0.21546877456496194,-0.9307747148913379,-0.08048437752237347,-0.6589966152851645,0.5,10,True
short|low_volatility|120d|q10_minus_middle|unconstrained_beta|r63|ensemble,low_volatility|120d|q10_minus_middle|unconstrained_beta|r63|ensemble,low_volatility|120d,low_volatility,120d,63,low_volatility_family_sensitivity,lower_tail,q10_minus_middle,market_neutral,False,63,ensemble,3,66.33333333333333,0.0,0.0,,short,30,0.23333333333333334,-0.05119015106357627,-0.2702110716351319,0.25723853052484835,-0.5096566442086252,-0.055528030376969184,-0.4514412237514077,0.4666666666666667,10,True
short|low_volatility|120d|q10_minus_q1|beta_neutral|r1|ensemble,low_volatility|120d|q10_minus_q1|beta_neutral|r1|ensemble,low_volatility|120d,low_volatility,120d,63,low_volatility_family_sensitivity,lower_tail,q10_minus_q1,market_neutral,True,1,ensemble,1,4181.0,0.0,4181.0,1.0,short,30,0.43333333333333335,-0.01748950413142697,-0.3045027749008151,0.37010649300672926,0.017122694201478512,-0.00888406209404713,0.04793832655447586,0.8333333333333334,5,True
short|low_volatility|120d|q10_minus_q1|beta_neutral|r21|ensemble,low_volatility|120d|q10_minus_q1|beta_neutral|r21|ensemble,low_volatility|120d,low_volatility,120d,63,low_volatility_family_sensitivity,lower_tail,q10_minus_q1,market_neutral,True,21,ensemble,3,199.33333333333334,0.0,199.33333333333334,1.0,short,30,0.4666666666666667,-0.010550042265233206,-0.30094950482013405,0.443695783391719,0.029712637823603408,0.00383377774901561,0.11586362230148423,0.8333333333333334,4,True
short|low_volatility|120d|q10_minus_q1|beta_neutral|r5|ensemble,low_volatility|120d|q10_minus_q1|beta_neutral|r5|ensemble,low_volatility|120d,low_volatility,120d,63,low_volatility_family_sensitivity,lower_tail,q10_minus_q1,market_neutral,True,5,ensemble,3,836.3333333333334,0.0,836.3333333333334,1.0,short,30,0.4666666666666667,-0.018494817932182883,-0.2760918998330061,0.408871353946999,-0.055951743049847014,-0.004346572489372202,0.07217659126849656,0.8666666666666667,4,True
short|low_volatility|120d|q10_minus_q1|beta_neutral|r63|ensemble,low_volatility|120d|q10_minus_q1|beta_neutral|r63|ensemble,low_volatility|120d,low_volatility,120d,63,low_volatility_family_sensitivity,lower_tail,q10_minus_q1,market_neutral,True,63,ensemble,3,66.33333333333333,0.0,66.33333333333333,1.0,short,30,0.43333333333333335,-0.014588491204881204,-0.31633152225384364,0.4765883461860221,0.033381309747726184,-0.013285391804007118,0.037212359028263656,0.8,6,True
short|low_volatility|120d|q10_minus_q1|unconstrained_beta|r1|ensemble,low_volatility|120d|q10_minus_q1|unconstrained_beta|r1|ensemble,low_volatility|120d,low_volatility,120d,63,low_volatility_family_sensitivity,lower_tail,q10_minus_q1,market_neutral,False,1,ensemble,1,4181.0,0.0,0.0,,short,30,0.4,-0.09268413658047864,-0.4714189005343692,0.7077432836440338,-0.2586453220292393,-0.09201322681924828,-0.20686890136560399,0.3333333333333333,8,True
short|low_volatility|120d|q10_minus_q1|unconstrained_beta|r21|ensemble,low_volatility|120d|q10_minus_q1|unconstrained_beta|r21|ensemble,low_volatility|120d,low_volatility,120d,63,low_volatility_family_sensitivity,lower_tail,q10_minus_q1,market_neutral,False,21,ensemble,3,199.33333333333334,0.0,0.0,,short,30,0.4,-0.09418147286501655,-0.5394700130047732,0.6933664578522403,-0.12391814317386195,-0.09182346580126,-0.21284792080067486,0.4,8,True
short|low_volatility|120d|q10_minus_q1|unconstrained_beta|r5|ensemble,low_volatility|120d|q10_minus_q1|unconstrained_beta|r5|ensemble,low_volatility|120d,low_volatility,120d,63,low_volatility_family_sensitivity,lower_tail,q10_minus_q1,market_neutral,False,5,ensemble,3,836.3333333333334,0.0,0.0,,short,30,0.4666666666666667,-0.06530239935207621,-0.45341151049783457,0.6825562443203197,-0.17207158834990188,-0.06788941299090934,-0.11319459071534127,0.36666666666666664,8,True
short|low_volatility|120d|q10_minus_q1|unconstrained_beta|r63|ensemble,low_volatility|120d|q10_minus_q1|unconstrained_beta|r63|ensemble,low_volatility|120d,low_volatility,120d,63,low_volatility_family_sensitivity,lower_tail,q10_minus_q1,market_neutral,False,63,ensemble,3,66.33333333333333,0.0,0.0,,short,30,0.4,-0.08417004910406417,-0.48201680016140847,0.7154629365502172,-0.23553059078025265,-0.09620988215200421,-0.20435666049185244,0.4,10,True
short|low_volatility|180d|continuous_high_minus_low|beta_neutral|r1|ensemble,low_volatility|180d|continuous_high_minus_low|beta_neutral|r1|ensemble,low_volatility|180d,low_volatility,180d,63,low_volatility_family_sensitivity,lower_tail,continuous_high_minus_low,market_neutral,True,1,ensemble,1,4181.0,0.0,4181.0,1.0,short,30,0.5333333333333333,0.016788066763977372,-0.2284552576440656,0.29710594252962363,0.18582067085175413,0.00946287565561943,0.13767738920399455,0.8,5,True
short|low_volatility|180d|continuous_high_minus_low|beta_neutral|r21|ensemble,low_volatility|180d|continuous_high_minus_low|beta_neutral|r21|ensemble,low_volatility|180d,low_volatility,180d,63,low_volatility_family_sensitivity,lower_tail,continuous_high_minus_low,market_neutral,True,21,ensemble,3,199.33333333333334,0.0,199.33333333333334,1.0,short,30,0.6333333333333333,0.030513197991269947,-0.22218614460886654,0.3430014795115106,0.3107367479229176,0.018740826542534172,0.20874125791417117,0.7666666666666667,7,True
short|low_volatility|180d|continuous_high_minus_low|beta_neutral|r5|ensemble,low_volatility|180d|continuous_high_minus_low|beta_neutral|r5|ensemble,low_volatility|180d,low_volatility,180d,63,low_volatility_family_sensitivity,lower_tail,continuous_high_minus_low,market_neutral,True,5,ensemble,3,836.3333333333334,0.0,836.3333333333334,1.0,short,30,0.5666666666666667,0.01884730969378423,-0.22265304364021987,0.3106334194747773,0.19751137114458966,0.012752322728937227,0.1629631994521895,0.8,5,True
short|low_volatility|180d|continuous_high_minus_low|beta_neutral|r63|ensemble,low_volatility|180d|continuous_high_minus_low|beta_neutral|r63|ensemble,low_volatility|180d,low_volatility,180d,63,low_volatility_family_sensitivity,lower_tail,continuous_high_minus_low,market_neutral,True,63,ensemble,3,66.33333333333333,0.0,66.33333333333333,1.0,short,30,0.6333333333333333,0.029902107045276738,-0.22236746625647874,0.3318635311098008,0.3875386311413461,0.020315863066664885,0.2176307897982843,0.7666666666666667,7,True
short|low_volatility|180d|continuous_high_minus_low|unconstrained_beta|r1|ensemble,low_volatility|180d|continuous_high_minus_low|unconstrained_beta|r1|ensemble,low_volatility|180d,low_volatility,180d,63,low_volatility_family_sensitivity,lower_tail,continuous_high_minus_low,market_neutral,False,1,ensemble,1,4181.0,0.0,0.0,,short,30,0.5,-0.017182533900357233,-0.2959943171680659,0.3869702721164672,0.1089371835710224,-0.0223635046975047,-0.04004276917050767,0.4,8,True
short|low_volatility|180d|continuous_high_minus_low|unconstrained_beta|r21|ensemble,low_volatility|180d|continuous_high_minus_low|unconstrained_beta|r21|ensemble,low_volatility|180d,low_volatility,180d,63,low_volatility_family_sensitivity,lower_tail,continuous_high_minus_low,market_neutral,False,21,ensemble,3,199.33333333333334,0.0,0.0,,short,30,0.4666666666666667,-0.02299299127249238,-0.302403948388811,0.4309798990065954,-0.005001591887347933,-0.014487339875678518,0.0009887590638214276,0.4,8,True
short|low_volatility|180d|continuous_high_minus_low|unconstrained_beta|r5|ensemble,low_volatility|180d|continuous_high_minus_low|unconstrained_beta|r5|ensemble,low_volatility|180d,low_volatility,180d,63,low_volatility_family_sensitivity,lower_tail,continuous_high_minus_low,market_neutral,False,5,ensemble,3,836.3333333333334,0.0,0.0,,short,30,0.5,-0.013050351119989811,-0.2923920116131441,0.36812072173049626,-0.025878199862957196,-0.021489340645514887,-0.03598880309769503,0.4,8,True
short|low_volatility|180d|continuous_high_minus_low|unconstrained_beta|r63|ensemble,low_volatility|180d|continuous_high_minus_low|unconstrained_beta|r63|ensemble,low_volatility|180d,low_volatility,180d,63,low_volatility_family_sensitivity,lower_tail,continuous_high_minus_low,market_neutral,False,63,ensemble,3,66.33333333333333,0.0,0.0,,short,30,0.4666666666666667,-0.009221019675365039,-0.3094020181857249,0.39278635318335864,0.10376516494282216,-0.005505251832238822,0.05424786721366933,0.4,8,True
short|low_volatility|180d|long_q10|unconstrained_beta|r1|ensemble,low_volatility|180d|long_q10|unconstrained_beta|r1|ensemble,low_volatility|180d,low_volatility,180d,63,low_volatility_family_sensitivity,lower_tail,long_q10,long_only,False,1,ensemble,1,4181.0,0.0,0.0,,short,30,0.8333333333333334,0.12578965743471116,-0.07104040684707169,0.4027760428163687,0.971583029339625,0.11132141821063124,0.7347362379975205,1.0,0,True
short|low_volatility|180d|long_q10|unconstrained_beta|r21|ensemble,low_volatility|180d|long_q10|unconstrained_beta|r21|ensemble,low_volatility|180d,low_volatility,180d,63,low_volatility_family_sensitivity,lower_tail,long_q10,long_only,False,21,ensemble,3,199.33333333333334,0.0,0.0,,short,30,0.8333333333333334,0.13752647023428743,-0.15169114228622604,0.4074083515293796,1.0241957394941945,0.11117935892586561,0.7167432045127391,1.0,0,True
short|low_volatility|180d|long_q10|unconstrained_beta|r5|ensemble,low_volatility|180d|long_q10|unconstrained_beta|r5|ensemble,low_volatility|180d,low_volatility,180d,63,low_volatility_family_sensitivity,lower_tail,long_q10,long_only,False,5,ensemble,3,836.3333333333334,0.0,0.0,,short,30,0.8333333333333334,0.13055969026784775,-0.08791037358062692,0.4078365934115027,1.0369599824062194,0.1143618646223521,0.750867765144284,1.0,0,True
short|low_volatility|180d|long_q10|unconstrained_beta|r63|ensemble,low_volatility|180d|long_q10|unconstrained_beta|r63|ensemble,low_volatility|180d,low_volatility,180d,63,low_volatility_family_sensitivity,lower_tail,long_q10,long_only,False,63,ensemble,3,66.33333333333333,0.0,0.0,,short,30,0.7666666666666667,0.1481085124758451,-0.1634848018384647,0.39410493380609024,1.0826275705340112,0.11204549323492752,0.714224022809243,1.0,0,True
short|low_volatility|180d|long_q1|unconstrained_beta|r1|ensemble,low_volatility|180d|long_q1|unconstrained_beta|r1|ensemble,low_volatility|180d,low_volatility,180d,63,low_volatility_family_sensitivity,lower_tail,long_q1,long_only,False,1,ensemble,1,4181.0,0.0,0.0,,short,30,0.7666666666666667,0.23297199766212928,-0.4736021285230547,1.2028341244001908,0.9061858137343437,0.15928658567049325,0.5773763136730731,1.0,0,True
short|low_volatility|180d|long_q1|unconstrained_beta|r21|ensemble,low_volatility|180d|long_q1|unconstrained_beta|r21|ensemble,low_volatility|180d,low_volatility,180d,63,low_volatility_family_sensitivity,lower_tail,long_q1,long_only,False,21,ensemble,3,199.33333333333334,0.0,0.0,,short,30,0.8,0.2449711382509383,-0.41056903178157567,1.1739890153624644,0.884248311975358,0.17447330788615067,0.6288071149500482,1.0,0,True
short|low_volatility|180d|long_q1|unconstrained_beta|r5|ensemble,low_volatility|180d|long_q1|unconstrained_beta|r5|ensemble,low_volatility|180d,low_volatility,180d,63,low_volatility_family_sensitivity,lower_tail,long_q1,long_only,False,5,ensemble,3,836.3333333333334,0.0,0.0,,short,30,0.8,0.2401265522817132,-0.4495843163358101,1.1511966386539227,0.932436399638412,0.1713497208584125,0.612962196015411,1.0,0,True
short|low_volatility|180d|long_q1|unconstrained_beta|r63|ensemble,low_volatility|180d|long_q1|unconstrained_beta|r63|ensemble,low_volatility|180d,low_volatility,180d,63,low_volatility_family_sensitivity,lower_tail,long_q1,long_only,False,63,ensemble,3,66.33333333333333,0.0,0.0,,short,30,0.8,0.24015550409449404,-0.42605291526521794,1.2100815501830198,0.8657021067819166,0.1824686909378188,0.6662403924304936,1.0,0,True
short|low_volatility|180d|middle_minus_q1|beta_neutral|r1|ensemble,low_volatility|180d|middle_minus_q1|beta_neutral|r1|ensemble,low_volatility|180d,low_volatility,180d,63,low_volatility_family_sensitivity,lower_tail,middle_minus_q1,market_neutral,True,1,ensemble,1,4181.0,0.0,4181.0,1.0,short,30,0.3333333333333333,-0.04526544109623559,-0.24927694861641214,0.6452259296613971,-0.18992972911755615,-0.029660768437783425,-0.16268299023878985,0.7333333333333333,9,True
short|low_volatility|180d|middle_minus_q1|beta_neutral|r21|ensemble,low_volatility|180d|middle_minus_q1|beta_neutral|r21|ensemble,low_volatility|180d,low_volatility,180d,63,low_volatility_family_sensitivity,lower_tail,middle_minus_q1,market_neutral,True,21,ensemble,3,199.33333333333334,0.0,199.33333333333334,1.0,short,30,0.43333333333333335,-0.03394568338991888,-0.21589975246162174,0.6510913556265014,-0.2567964332481293,-0.013847375673353368,-0.04279830268302408,0.7333333333333333,11,True
short|low_volatility|180d|middle_minus_q1|beta_neutral|r5|ensemble,low_volatility|180d|middle_minus_q1|beta_neutral|r5|ensemble,low_volatility|180d,low_volatility,180d,63,low_volatility_family_sensitivity,lower_tail,middle_minus_q1,market_neutral,True,5,ensemble,3,836.3333333333334,0.0,836.3333333333334,1.0,short,30,0.36666666666666664,-0.013639125809321528,-0.24402676972496928,0.6295306514695647,-0.043120501069908584,-0.016506542636888888,-0.06142888039783492,0.7333333333333333,9,True
short|low_volatility|180d|middle_minus_q1|beta_neutral|r63|ensemble,low_volatility|180d|middle_minus_q1|beta_neutral|r63|ensemble,low_volatility|180d,low_volatility,180d,63,low_volatility_family_sensitivity,lower_tail,middle_minus_q1,market_neutral,True,63,ensemble,3,66.33333333333333,0.0,66.33333333333333,1.0,short,30,0.43333333333333335,-0.045140578039159884,-0.21094822169351235,0.752721042011077,-0.21936107230438237,-0.0073467849728332535,0.011472321284285082,0.6666666666666666,9,True
short|low_volatility|180d|middle_minus_q1|unconstrained_beta|r1|ensemble,low_volatility|180d|middle_minus_q1|unconstrained_beta|r1|ensemble,low_volatility|180d,low_volatility,180d,63,low_volatility_family_sensitivity,lower_tail,middle_minus_q1,market_neutral,False,1,ensemble,1,4181.0,0.0,0.0,,short,30,0.4,-0.10953272494502747,-0.3318016142561301,1.0099911362803673,-0.539398007548581,-0.0438299210332701,-0.14423791057915034,0.2,10,True
short|low_volatility|180d|middle_minus_q1|unconstrained_beta|r21|ensemble,low_volatility|180d|middle_minus_q1|unconstrained_beta|r21|ensemble,low_volatility|180d,low_volatility,180d,63,low_volatility_family_sensitivity,lower_tail,middle_minus_q1,market_neutral,False,21,ensemble,3,199.33333333333334,0.0,0.0,,short,30,0.4666666666666667,-0.028503839599894443,-0.31951065636199183,1.0218384477834506,-0.11305874608288992,-0.019201096253859018,-0.012361022660729446,0.3,10,True
short|low_volatility|180d|middle_minus_q1|unconstrained_beta|r5|ensemble,low_volatility|180d|middle_minus_q1|unconstrained_beta|r5|ensemble,low_volatility|180d,low_volatility,180d,63,low_volatility_family_sensitivity,lower_tail,middle_minus_q1,market_neutral,False,5,ensemble,3,836.3333333333334,0.0,0.0,,short,30,0.43333333333333335,-0.03475080910881717,-0.36210880746248697,0.9773143539674971,-0.2280272654500619,-0.033284894299712375,-0.08602189274299077,0.23333333333333334,10,True
short|low_volatility|180d|middle_minus_q1|unconstrained_beta|r63|ensemble,low_volatility|180d|middle_minus_q1|unconstrained_beta|r63|ensemble,low_volatility|180d,low_volatility,180d,63,low_volatility_family_sensitivity,lower_tail,middle_minus_q1,market_neutral,False,63,ensemble,3,66.33333333333333,0.0,0.0,,short,30,0.3333333333333333,-0.03882085006599012,-0.3570245834804132,1.1945264882931812,-0.19783257206921057,-0.05078085285512879,-0.1723428148868686,0.36666666666666664,12,True
short|low_volatility|180d|q10_minus_middle|beta_neutral|r1|ensemble,low_volatility|180d|q10_minus_middle|beta_neutral|r1|ensemble,low_volatility|180d,low_volatility,180d,63,low_volatility_family_sensitivity,lower_tail,q10_minus_middle,market_neutral,True,1,ensemble,1,4181.0,0.0,4181.0,1.0,short,30,0.5666666666666667,0.02524986056752887,-0.22603040928489782,0.29687528145102515,0.46925494781404953,0.019213238739438365,0.221489196422423,0.8333333333333334,4,True
short|low_volatility|180d|q10_minus_middle|beta_neutral|r21|ensemble,low_volatility|180d|q10_minus_middle|beta_neutral|r21|ensemble,low_volatility|180d,low_volatility,180d,63,low_volatility_family_sensitivity,lower_tail,q10_minus_middle,market_neutral,True,21,ensemble,3,199.33333333333334,0.0,199.33333333333334,1.0,short,30,0.5666666666666667,0.028792067588660486,-0.2410825671760225,0.3301435350816966,0.39003350205914356,0.01771678858210457,0.2048141882558251,0.7666666666666667,6,True
short|low_volatility|180d|q10_minus_middle|beta_neutral|r5|ensemble,low_volatility|180d|q10_minus_middle|beta_neutral|r5|ensemble,low_volatility|180d,low_volatility,180d,63,low_volatility_family_sensitivity,lower_tail,q10_minus_middle,market_neutral,True,5,ensemble,3,836.3333333333334,0.0,836.3333333333334,1.0,short,30,0.5333333333333333,0.026861117629027986,-0.21055054098953996,0.3067960736952602,0.3900945348929299,0.013551040720124474,0.17313908311366255,0.8,6,True
short|low_volatility|180d|q10_minus_middle|beta_neutral|r63|ensemble,low_volatility|180d|q10_minus_middle|beta_neutral|r63|ensemble,low_volatility|180d,low_volatility,180d,63,low_volatility_family_sensitivity,lower_tail,q10_minus_middle,market_neutral,True,63,ensemble,3,66.33333333333333,0.0,66.33333333333333,1.0,short,30,0.5333333333333333,0.00957700060713007,-0.21489959053948182,0.32816404611907424,0.19732424662206327,0.010574523005553615,0.14591045052757928,0.8,6,True
short|low_volatility|180d|q10_minus_middle|unconstrained_beta|r1|ensemble,low_volatility|180d|q10_minus_middle|unconstrained_beta|r1|ensemble,low_volatility|180d,low_volatility,180d,63,low_volatility_family_sensitivity,lower_tail,q10_minus_middle,market_neutral,False,1,ensemble,1,4181.0,0.0,0.0,,short,30,0.2,-0.0817905722161894,-0.2962265188050931,0.23798356977369295,-0.7492129352526533,-0.07850286934583761,-0.6235812553520912,0.4666666666666667,10,True
short|low_volatility|180d|q10_minus_middle|unconstrained_beta|r21|ensemble,low_volatility|180d|q10_minus_middle|unconstrained_beta|r21|ensemble,low_volatility|180d,low_volatility,180d,63,low_volatility_family_sensitivity,lower_tail,q10_minus_middle,market_neutral,False,21,ensemble,3,199.33333333333334,0.0,0.0,,short,30,0.23333333333333334,-0.051172229550981496,-0.2837946500469092,0.20844505751442965,-0.4866362642661166,-0.0659669112345076,-0.527233071632278,0.4666666666666667,10,True
short|low_volatility|180d|q10_minus_middle|unconstrained_beta|r5|ensemble,low_volatility|180d|q10_minus_middle|unconstrained_beta|r5|ensemble,low_volatility|180d,low_volatility,180d,63,low_volatility_family_sensitivity,lower_tail,q10_minus_middle,market_neutral,False,5,ensemble,3,836.3333333333334,0.0,0.0,,short,30,0.23333333333333334,-0.0654082504512043,-0.28920957523320723,0.2347174783865953,-0.6428392466307222,-0.07119802444228396,-0.5611245245645706,0.4666666666666667,10,True
short|low_volatility|180d|q10_minus_middle|unconstrained_beta|r63|ensemble,low_volatility|180d|q10_minus_middle|unconstrained_beta|r63|ensemble,low_volatility|180d,low_volatility,180d,63,low_volatility_family_sensitivity,lower_tail,q10_minus_middle,market_neutral,False,63,ensemble,3,66.33333333333333,0.0,0.0,,short,30,0.26666666666666666,-0.05326453148638011,-0.2798025855120073,0.22977169970946565,-0.47694977587389104,-0.05563891331187587,-0.4439182752416825,0.43333333333333335,10,True
short|low_volatility|180d|q10_minus_q1|beta_neutral|r1|ensemble,low_volatility|180d|q10_minus_q1|beta_neutral|r1|ensemble,low_volatility|180d,low_volatility,180d,63,low_volatility_family_sensitivity,lower_tail,q10_minus_q1,market_neutral,True,1,ensemble,1,4181.0,0.0,4181.0,1.0,short,30,0.36666666666666664,-0.04338853271613047,-0.3203674083390492,0.46079629456351,-0.075390636371139,-0.025385102028082418,-0.037948145724012484,0.8333333333333334,6,True
short|low_volatility|180d|q10_minus_q1|beta_neutral|r21|ensemble,low_volatility|180d|q10_minus_q1|beta_neutral|r21|ensemble,low_volatility|180d,low_volatility,180d,63,low_volatility_family_sensitivity,lower_tail,q10_minus_q1,market_neutral,True,21,ensemble,3,199.33333333333334,0.0,199.33333333333334,1.0,short,30,0.43333333333333335,-0.022304600095572336,-0.33774300775892174,0.5111859137677806,0.009708921312026641,-0.0011330543937566606,0.09203119147086189,0.7666666666666667,6,True
short|low_volatility|180d|q10_minus_q1|beta_neutral|r5|ensemble,low_volatility|180d|q10_minus_q1|beta_neutral|r5|ensemble,low_volatility|180d,low_volatility,180d,63,low_volatility_family_sensitivity,lower_tail,q10_minus_q1,market_neutral,True,5,ensemble,3,836.3333333333334,0.0,836.3333333333334,1.0,short,30,0.4666666666666667,-0.01808307683390753,-0.298264925811321,0.4429600558031337,-0.011517429196031909,-0.011534158353882162,0.03622043757685713,0.8,6,True
short|low_volatility|180d|q10_minus_q1|beta_neutral|r63|ensemble,low_volatility|180d|q10_minus_q1|beta_neutral|r63|ensemble,low_volatility|180d,low_volatility,180d,63,low_volatility_family_sensitivity,lower_tail,q10_minus_q1,market_neutral,True,63,ensemble,3,66.33333333333333,0.0,66.33333333333333,1.0,short,30,0.5333333333333333,0.01017690698025897,-0.2612243266566102,0.5140719908401028,0.1418312639454164,0.011128240826975277,0.1568382155570016,0.8333333333333334,6,True
short|low_volatility|180d|q10_minus_q1|unconstrained_beta|r1|ensemble,low_volatility|180d|q10_minus_q1|unconstrained_beta|r1|ensemble,low_volatility|180d,low_volatility,180d,63,low_volatility_family_sensitivity,lower_tail,q10_minus_q1,market_neutral,False,1,ensemble,1,4181.0,0.0,0.0,,short,30,0.43333333333333335,-0.10294330460175127,-0.45261849058986536,0.6839048973273334,-0.14106745332772466,-0.07342483659855747,-0.13167067548005662,0.36666666666666664,8,True
short|low_volatility|180d|q10_minus_q1|unconstrained_beta|r21|ensemble,low_volatility|180d|q10_minus_q1|unconstrained_beta|r21|ensemble,low_volatility|180d,low_volatility,180d,63,low_volatility_family_sensitivity,lower_tail,q10_minus_q1,market_neutral,False,21,ensemble,3,199.33333333333334,0.0,0.0,,short,30,0.4,-0.05177283623538442,-0.42797417638212376,0.8115271248432718,-0.07562719190129426,-0.051459799475678136,-0.05319340626533073,0.36666666666666664,8,True
short|low_volatility|180d|q10_minus_q1|unconstrained_beta|r5|ensemble,low_volatility|180d|q10_minus_q1|unconstrained_beta|r5|ensemble,low_volatility|180d,low_volatility,180d,63,low_volatility_family_sensitivity,lower_tail,q10_minus_q1,market_neutral,False,5,ensemble,3,836.3333333333334,0.0,0.0,,short,30,0.43333333333333335,-0.0692416051307484,-0.44206583393605847,0.6893820802187074,-0.19753726632233393,-0.07537678059666941,-0.1389737390777547,0.36666666666666664,8,True
short|low_volatility|180d|q10_minus_q1|unconstrained_beta|r63|ensemble,low_volatility|180d|q10_minus_q1|unconstrained_beta|r63|ensemble,low_volatility|180d,low_volatility,180d,63,low_volatility_family_sensitivity,lower_tail,q10_minus_q1,market_neutral,False,63,ensemble,3,66.33333333333333,0.0,0.0,,short,30,0.4,-0.03391743967348343,-0.4856561178038361,0.9102223750847922,-0.03853606923049753,-0.09070591729887967,-0.18297629451919611,0.4,10,True
short|low_volatility|20d|continuous_high_minus_low|beta_neutral|r1|ensemble,low_volatility|20d|continuous_high_minus_low|beta_neutral|r1|ensemble,low_volatility|20d,low_volatility,20d,63,low_volatility_family_sensitivity,lower_tail,continuous_high_minus_low,market_neutral,True,1,ensemble,1,4181.0,0.0,4181.0,1.0,short,30,0.4,-0.04124735010299202,-0.23265671611597427,0.15864797958759191,-0.40616721839463443,-0.044574982282787556,-0.3318500330465082,0.8333333333333334,5,True
short|low_volatility|20d|continuous_high_minus_low|beta_neutral|r21|ensemble,low_volatility|20d|continuous_high_minus_low|beta_neutral|r21|ensemble,low_volatility|20d,low_volatility,20d,63,low_volatility_family_sensitivity,lower_tail,continuous_high_minus_low,market_neutral,True,21,ensemble,3,199.33333333333334,0.0,199.33333333333334,1.0,short,30,0.43333333333333335,-0.010287329951979396,-0.20053518545640348,0.2493496188840798,-0.13697229732142485,-0.00868254862495732,-0.01901577480834831,0.7666666666666667,7,True
short|low_volatility|20d|continuous_high_minus_low|beta_neutral|r5|ensemble,low_volatility|20d|continuous_high_minus_low|beta_neutral|r5|ensemble,low_volatility|20d,low_volatility,20d,63,low_volatility_family_sensitivity,lower_tail,continuous_high_minus_low,market_neutral,True,5,ensemble,3,836.3333333333334,0.0,836.3333333333334,1.0,short,30,0.4666666666666667,-0.013108330844771365,-0.2175578239874445,0.18446232578689625,-0.174838500467843,-0.018722673465498496,-0.1036284745991593,0.8,5,True
short|low_volatility|20d|continuous_high_minus_low|beta_neutral|r63|ensemble,low_volatility|20d|continuous_high_minus_low|beta_neutral|r63|ensemble,low_volatility|20d,low_volatility,20d,63,low_volatility_family_sensitivity,lower_tail,continuous_high_minus_low,market_neutral,True,63,ensemble,3,66.33333333333333,0.0,66.33333333333333,1.0,short,30,0.6333333333333333,0.0159583298446625,-0.21092285686659307,0.2540920190357925,0.29061597549554136,0.015198252891064357,0.18963300697808827,0.8,5,True
short|low_volatility|20d|continuous_high_minus_low|unconstrained_beta|r1|ensemble,low_volatility|20d|continuous_high_minus_low|unconstrained_beta|r1|ensemble,low_volatility|20d,low_volatility,20d,63,low_volatility_family_sensitivity,lower_tail,continuous_high_minus_low,market_neutral,False,1,ensemble,1,4181.0,0.0,0.0,,short,30,0.36666666666666664,-0.07052640978800484,-0.35026292593903663,0.40118975262146983,-0.6377949137956902,-0.07045138443741605,-0.3712950703474714,0.3333333333333333,8,True
short|low_volatility|20d|continuous_high_minus_low|unconstrained_beta|r21|ensemble,low_volatility|20d|continuous_high_minus_low|unconstrained_beta|r21|ensemble,low_volatility|20d,low_volatility,20d,63,low_volatility_family_sensitivity,lower_tail,continuous_high_minus_low,market_neutral,False,21,ensemble,3,199.33333333333334,0.0,0.0,,short,30,0.43333333333333335,-0.06815685857420295,-0.2907509794833806,0.4643184040074517,-0.3007708106300202,-0.028950540694989035,-0.11116345490897575,0.4,8,True
short|low_volatility|20d|continuous_high_minus_low|unconstrained_beta|r5|ensemble,low_volatility|20d|continuous_high_minus_low|unconstrained_beta|r5|ensemble,low_volatility|20d,low_volatility,20d,63,low_volatility_family_sensitivity,lower_tail,continuous_high_minus_low,market_neutral,False,5,ensemble,3,836.3333333333334,0.0,0.0,,short,30,0.4666666666666667,-0.026063858834643572,-0.30662072823686504,0.37357736263924246,0.06455102533488385,-0.030351692489731352,-0.11127159006248018,0.26666666666666666,6,True
short|low_volatility|20d|continuous_high_minus_low|unconstrained_beta|r63|ensemble,low_volatility|20d|continuous_high_minus_low|unconstrained_beta|r63|ensemble,low_volatility|20d,low_volatility,20d,63,low_volatility_family_sensitivity,lower_tail,continuous_high_minus_low,market_neutral,False,63,ensemble,3,66.33333333333333,0.0,0.0,,short,30,0.4,-0.03245211014495514,-0.28562677600942454,0.4130734829817615,-0.2874123907154713,-0.024257650673251918,-0.08128038851399014,0.5,10,True
short|low_volatility|20d|long_q10|unconstrained_beta|r1|ensemble,low_volatility|20d|long_q10|unconstrained_beta|r1|ensemble,low_volatility|20d,low_volatility,20d,63,low_volatility_family_sensitivity,lower_tail,long_q10,long_only,False,1,ensemble,1,4181.0,0.0,0.0,,short,30,0.6666666666666666,0.06438897433325719,-0.16749831587347386,0.2893289030877755,0.49779942669041255,0.05438760158923195,0.3460437481376146,1.0,0,True
short|low_volatility|20d|long_q10|unconstrained_beta|r21|ensemble,low_volatility|20d|long_q10|unconstrained_beta|r21|ensemble,low_volatility|20d,low_volatility,20d,63,low_volatility_family_sensitivity,lower_tail,long_q10,long_only,False,21,ensemble,3,199.33333333333334,0.0,0.0,,short,30,0.7666666666666667,0.12282991351731787,-0.08932148780637672,0.34092372529097426,0.8576601534150987,0.0958402218732266,0.6285334188781437,1.0,0,True
short|low_volatility|20d|long_q10|unconstrained_beta|r5|ensemble,low_volatility|20d|long_q10|unconstrained_beta|r5|ensemble,low_volatility|20d,low_volatility,20d,63,low_volatility_family_sensitivity,lower_tail,long_q10,long_only,False,5,ensemble,3,836.3333333333334,0.0,0.0,,short,30,0.7333333333333333,0.10896889111095498,-0.1030746931234755,0.29654357526787933,0.7480117890761699,0.0842758627068616,0.5561657831049911,1.0,0,True
short|low_volatility|20d|long_q10|unconstrained_beta|r63|ensemble,low_volatility|20d|long_q10|unconstrained_beta|r63|ensemble,low_volatility|20d,low_volatility,20d,63,low_volatility_family_sensitivity,lower_tail,long_q10,long_only,False,63,ensemble,3,66.33333333333333,0.0,0.0,,short,30,0.9,0.12427876311995112,-0.18591575924325632,0.41304323350395333,0.86193001115175,0.11063703875240338,0.7155656874206574,1.0,0,True
short|low_volatility|20d|long_q1|unconstrained_beta|r1|ensemble,low_volatility|20d|long_q1|unconstrained_beta|r1|ensemble,low_volatility|20d,low_volatility,20d,63,low_volatility_family_sensitivity,lower_tail,long_q1,long_only,False,1,ensemble,1,4181.0,0.0,0.0,,short,30,0.7333333333333333,0.14601567359277656,-0.509676022602734,1.1764518081810005,0.6873448294722713,0.1114073925758381,0.4489646810361002,1.0,0,True
short|low_volatility|20d|long_q1|unconstrained_beta|r21|ensemble,low_volatility|20d|long_q1|unconstrained_beta|r21|ensemble,low_volatility|20d,low_volatility,20d,63,low_volatility_family_sensitivity,lower_tail,long_q1,long_only,False,21,ensemble,3,199.33333333333334,0.0,0.0,,short,30,0.7,0.2084177155642818,-0.4072559413960801,1.3040087340989044,0.8604638535204996,0.1512930435185884,0.5770214569203338,1.0,0,True
short|low_volatility|20d|long_q1|unconstrained_beta|r5|ensemble,low_volatility|20d|long_q1|unconstrained_beta|r5|ensemble,low_volatility|20d,low_volatility,20d,63,low_volatility_family_sensitivity,lower_tail,long_q1,long_only,False,5,ensemble,3,836.3333333333334,0.0,0.0,,short,30,0.7666666666666667,0.22020167350827402,-0.4781137363734794,1.1509145681400206,0.8780798046671442,0.14718846934258334,0.5570753635959358,1.0,0,True
short|low_volatility|20d|long_q1|unconstrained_beta|r63|ensemble,low_volatility|20d|long_q1|unconstrained_beta|r63|ensemble,low_volatility|20d,low_volatility,20d,63,low_volatility_family_sensitivity,lower_tail,long_q1,long_only,False,63,ensemble,3,66.33333333333333,0.0,0.0,,short,30,0.8,0.20967014508183046,-0.4290079383947206,1.3830048167574982,0.961128015080682,0.1653448851911199,0.6333773654312396,1.0,0,True
short|low_volatility|20d|middle_minus_q1|beta_neutral|r1|ensemble,low_volatility|20d|middle_minus_q1|beta_neutral|r1|ensemble,low_volatility|20d,low_volatility,20d,63,low_volatility_family_sensitivity,lower_tail,middle_minus_q1,market_neutral,True,1,ensemble,1,4181.0,0.0,4181.0,1.0,short,30,0.2,-0.08844305775931055,-0.26159222947876737,0.5814731259699435,-0.8277068121907433,-0.07919989693460161,-0.5768605369532283,0.7,8,True
short|low_volatility|20d|middle_minus_q1|beta_neutral|r21|ensemble,low_volatility|20d|middle_minus_q1|beta_neutral|r21|ensemble,low_volatility|20d,low_volatility,20d,63,low_volatility_family_sensitivity,lower_tail,middle_minus_q1,market_neutral,True,21,ensemble,3,199.33333333333334,0.0,199.33333333333334,1.0,short,30,0.36666666666666664,-0.047088476478056196,-0.26315821909481774,0.7031307591107363,-0.44210801798819904,-0.020042914443010873,-0.10379053197469702,0.7666666666666667,7,True
short|low_volatility|20d|middle_minus_q1|beta_neutral|r5|ensemble,low_volatility|20d|middle_minus_q1|beta_neutral|r5|ensemble,low_volatility|20d,low_volatility,20d,63,low_volatility_family_sensitivity,lower_tail,middle_minus_q1,market_neutral,True,5,ensemble,3,836.3333333333334,0.0,836.3333333333334,1.0,short,30,0.23333333333333334,-0.06544942945664572,-0.20647710918034112,0.5920518823952745,-0.5938425167290591,-0.037830746105620316,-0.2426111975335912,0.6,8,True
short|low_volatility|20d|middle_minus_q1|beta_neutral|r63|ensemble,low_volatility|20d|middle_minus_q1|beta_neutral|r63|ensemble,low_volatility|20d,low_volatility,20d,63,low_volatility_family_sensitivity,lower_tail,middle_minus_q1,market_neutral,True,63,ensemble,3,66.33333333333333,0.0,66.33333333333333,1.0,short,30,0.3333333333333333,-0.023345220391949972,-0.16825899147663326,0.8708431685374958,-0.11634786804139496,-0.0034977140919647542,0.03402303516244447,0.7666666666666667,9,True
short|low_volatility|20d|middle_minus_q1|unconstrained_beta|r1|ensemble,low_volatility|20d|middle_minus_q1|unconstrained_beta|r1|ensemble,low_volatility|20d,low_volatility,20d,63,low_volatility_family_sensitivity,lower_tail,middle_minus_q1,market_neutral,False,1,ensemble,1,4181.0,0.0,0.0,,short,30,0.26666666666666666,-0.13960029842334887,-0.32810691780944135,0.929503034792623,-0.9107648230608862,-0.10719439948335541,-0.5588412322109033,0.3333333333333333,8,True
short|low_volatility|20d|middle_minus_q1|unconstrained_beta|r21|ensemble,low_volatility|20d|middle_minus_q1|unconstrained_beta|r21|ensemble,low_volatility|20d,low_volatility,20d,63,low_volatility_family_sensitivity,lower_tail,middle_minus_q1,market_neutral,False,21,ensemble,3,199.33333333333334,0.0,0.0,,short,30,0.36666666666666664,-0.11736692091873507,-0.3216673274527948,1.1158637406596634,-0.6191466879396728,-0.061151089922422686,-0.28871273766061434,0.43333333333333335,14,True
short|low_volatility|20d|middle_minus_q1|unconstrained_beta|r5|ensemble,low_volatility|20d|middle_minus_q1|unconstrained_beta|r5|ensemble,low_volatility|20d,low_volatility,20d,63,low_volatility_family_sensitivity,lower_tail,middle_minus_q1,market_neutral,False,5,ensemble,3,836.3333333333334,0.0,0.0,,short,30,0.4666666666666667,-0.03206009550147432,-0.23367603992282904,0.9457064963295985,-0.3697745960925667,-0.016771443209191994,-0.011172322978713897,0.3333333333333333,6,True
short|low_volatility|20d|middle_minus_q1|unconstrained_beta|r63|ensemble,low_volatility|20d|middle_minus_q1|unconstrained_beta|r63|ensemble,low_volatility|20d,low_volatility,20d,63,low_volatility_family_sensitivity,lower_tail,middle_minus_q1,market_neutral,False,63,ensemble,3,66.33333333333333,0.0,0.0,,short,30,0.36666666666666664,-0.03663333656156226,-0.32271687214967315,1.3310543964789865,-0.2589427068599692,-0.018539598322304562,-0.016259451008058458,0.43333333333333335,10,True
short|low_volatility|20d|q10_minus_middle|beta_neutral|r1|ensemble,low_volatility|20d|q10_minus_middle|beta_neutral|r1|ensemble,low_volatility|20d,low_volatility,20d,63,low_volatility_family_sensitivity,lower_tail,q10_minus_middle,market_neutral,True,1,ensemble,1,4181.0,0.0,4181.0,1.0,short,30,0.13333333333333333,-0.1289242977614205,-0.2720368081238209,0.17566118342039405,-1.424215859766666,-0.11232949789081326,-1.2358413445456689,0.8333333333333334,4,True
short|low_volatility|20d|q10_minus_middle|beta_neutral|r21|ensemble,low_volatility|20d|q10_minus_middle|beta_neutral|r21|ensemble,low_volatility|20d,low_volatility,20d,63,low_volatility_family_sensitivity,lower_tail,q10_minus_middle,market_neutral,True,21,ensemble,3,199.33333333333334,0.0,199.33333333333334,1.0,short,30,0.43333333333333335,-0.0644087476366515,-0.19647739766403727,0.2818654999006478,-0.4320103282986183,-0.03022650562432916,-0.28441177193552997,0.7666666666666667,8,True
short|low_volatility|20d|q10_minus_middle|beta_neutral|r5|ensemble,low_volatility|20d|q10_minus_middle|beta_neutral|r5|ensemble,low_volatility|20d,low_volatility,20d,63,low_volatility_family_sensitivity,lower_tail,q10_minus_middle,market_neutral,True,5,ensemble,3,836.3333333333334,0.0,836.3333333333334,1.0,short,30,0.36666666666666664,-0.029934703756250236,-0.23604988991137477,0.232568604802732,-0.35516051701506934,-0.047738095573482076,-0.47983916362766216,0.8666666666666667,4,True
short|low_volatility|20d|q10_minus_middle|beta_neutral|r63|ensemble,low_volatility|20d|q10_minus_middle|beta_neutral|r63|ensemble,low_volatility|20d,low_volatility,20d,63,low_volatility_family_sensitivity,lower_tail,q10_minus_middle,market_neutral,True,63,ensemble,3,66.33333333333333,0.0,66.33333333333333,1.0,short,30,0.43333333333333335,-0.020866642457415596,-0.1942716501005769,0.2857657636440347,-0.3342474781471235,0.0033061723026330814,0.08166986748257307,0.8,8,True
short|low_volatility|20d|q10_minus_middle|unconstrained_beta|r1|ensemble,low_volatility|20d|q10_minus_middle|unconstrained_beta|r1|ensemble,low_volatility|20d,low_volatility,20d,63,low_volatility_family_sensitivity,lower_tail,q10_minus_middle,market_neutral,False,1,ensemble,1,4181.0,0.0,0.0,,short,30,0.1,-0.14610236205103316,-0.34139647866696776,0.13586932310973654,-1.8710541716612135,-0.14889204278966917,-1.4970395464859485,0.5,10,True
short|low_volatility|20d|q10_minus_middle|unconstrained_beta|r21|ensemble,low_volatility|20d|q10_minus_middle|unconstrained_beta|r21|ensemble,low_volatility|20d,low_volatility,20d,63,low_volatility_family_sensitivity,lower_tail,q10_minus_middle,market_neutral,False,21,ensemble,3,199.33333333333334,0.0,0.0,,short,30,0.3333333333333333,-0.03602812604951566,-0.291637215300089,0.14101583579201393,-0.5773803079897553,-0.05699586241453458,-0.5454387321069243,0.36666666666666664,8,True
short|low_volatility|20d|q10_minus_middle|unconstrained_beta|r5|ensemble,low_volatility|20d|q10_minus_middle|unconstrained_beta|r5|ensemble,low_volatility|20d,low_volatility,20d,63,low_volatility_family_sensitivity,lower_tail,q10_minus_middle,market_neutral,False,5,ensemble,3,836.3333333333334,0.0,0.0,,short,30,0.16666666666666666,-0.10955445495077648,-0.31280310864133143,0.1700397843464343,-1.5037744653779548,-0.10867988995409394,-1.0636836290234397,0.5,10,True
short|low_volatility|20d|q10_minus_middle|unconstrained_beta|r63|ensemble,low_volatility|20d|q10_minus_middle|unconstrained_beta|r63|ensemble,low_volatility|20d,low_volatility,20d,63,low_volatility_family_sensitivity,lower_tail,q10_minus_middle,market_neutral,False,63,ensemble,3,66.33333333333333,0.0,0.0,,short,30,0.26666666666666666,-0.053157103033884434,-0.312950364194015,0.19489145519001938,-0.6218808830989029,-0.05401576899887828,-0.5470807187928322,0.43333333333333335,10,True
short|low_volatility|20d|q10_minus_q1|beta_neutral|r1|ensemble,low_volatility|20d|q10_minus_q1|beta_neutral|r1|ensemble,low_volatility|20d,low_volatility,20d,63,low_volatility_family_sensitivity,lower_tail,q10_minus_q1,market_neutral,True,1,ensemble,1,4181.0,0.0,4181.0,1.0,short,30,0.26666666666666666,-0.09496666831153966,-0.38024563589392635,0.2842450207618106,-0.6333850985346969,-0.1072967682153445,-0.5688501731716304,0.8666666666666667,4,True
short|low_volatility|20d|q10_minus_q1|beta_neutral|r21|ensemble,low_volatility|20d|q10_minus_q1|beta_neutral|r21|ensemble,low_volatility|20d,low_volatility,20d,63,low_volatility_family_sensitivity,lower_tail,q10_minus_q1,market_neutral,True,21,ensemble,3,199.33333333333334,0.0,199.33333333333334,1.0,short,30,0.43333333333333335,-0.05011336314199655,-0.2996977112288949,0.36927743260185264,-0.29440963843914825,-0.044105779316328864,-0.17964538080121076,0.8,6,True
short|low_volatility|20d|q10_minus_q1|beta_neutral|r5|ensemble,low_volatility|20d|q10_minus_q1|beta_neutral|r5|ensemble,low_volatility|20d,low_volatility,20d,63,low_volatility_family_sensitivity,lower_tail,q10_minus_q1,market_neutral,True,5,ensemble,3,836.3333333333334,0.0,836.3333333333334,1.0,short,30,0.4666666666666667,-0.019588683377844307,-0.3019198442437393,0.30996210925345635,-0.10446858577578946,-0.03880279559071709,-0.14390970968186934,0.8,5,True
short|low_volatility|20d|q10_minus_q1|beta_neutral|r63|ensemble,low_volatility|20d|q10_minus_q1|beta_neutral|r63|ensemble,low_volatility|20d,low_volatility,20d,63,low_volatility_family_sensitivity,lower_tail,q10_minus_q1,market_neutral,True,63,ensemble,3,66.33333333333333,0.0,66.33333333333333,1.0,short,30,0.4666666666666667,-0.0004478732150372533,-0.31085656927231387,0.4092027264759779,0.04922860822836842,-0.0018502751271690654,0.07379750923395874,0.8333333333333334,4,True
short|low_volatility|20d|q10_minus_q1|unconstrained_beta|r1|ensemble,low_volatility|20d|q10_minus_q1|unconstrained_beta|r1|ensemble,low_volatility|20d,low_volatility,20d,63,low_volatility_family_sensitivity,lower_tail,q10_minus_q1,market_neutral,False,1,ensemble,1,4181.0,0.0,0.0,,short,30,0.26666666666666666,-0.13709194126855329,-0.5003877845601303,0.8378945705628271,-0.8741297271730846,-0.14845787948778377,-0.5091030929116461,0.4,10,True
short|low_volatility|20d|q10_minus_q1|unconstrained_beta|r21|ensemble,low_volatility|20d|q10_minus_q1|unconstrained_beta|r21|ensemble,low_volatility|20d,low_volatility,20d,63,low_volatility_family_sensitivity,lower_tail,q10_minus_q1,market_neutral,False,21,ensemble,3,199.33333333333334,0.0,0.0,,short,30,0.36666666666666664,-0.14789279307834147,-0.4082027560707836,0.9842595559563159,-0.5398911811566842,-0.07793661706601007,-0.20542344245839114,0.4,12,True
short|low_volatility|20d|q10_minus_q1|unconstrained_beta|r5|ensemble,low_volatility|20d|q10_minus_q1|unconstrained_beta|r5|ensemble,low_volatility|20d,low_volatility,20d,63,low_volatility_family_sensitivity,lower_tail,q10_minus_q1,market_neutral,False,5,ensemble,3,836.3333333333334,0.0,0.0,,short,30,0.43333333333333335,-0.05180609386095136,-0.4660975511295754,0.8227068918184863,-0.17456103989962374,-0.058285679859072737,-0.11308208542168553,0.26666666666666666,8,True
short|low_volatility|20d|q10_minus_q1|unconstrained_beta|r63|ensemble,low_volatility|20d|q10_minus_q1|unconstrained_beta|r63|ensemble,low_volatility|20d,low_volatility,20d,63,low_volatility_family_sensitivity,lower_tail,q10_minus_q1,market_neutral,False,63,ensemble,3,66.33333333333333,0.0,0.0,,short,30,0.26666666666666666,-0.09953436473637661,-0.4178150003138068,1.1215236468229857,-0.5797581101810445,-0.10081468902755641,-0.2808976221404609,0.43333333333333335,10,True
short|low_volatility|252d|continuous_high_minus_low|beta_neutral|r1|ensemble,low_volatility|252d|continuous_high_minus_low|beta_neutral|r1|ensemble,low_volatility|252d,low_volatility,252d,63,low_volatility_family_sensitivity,no_stable_structure,continuous_high_minus_low,market_neutral,True,1,ensemble,1,4181.0,0.0,4181.0,1.0,short,30,0.5666666666666667,0.01516877931688343,-0.2344670354102154,0.30738005413826364,0.1847381312945928,0.01051183572076897,0.1457582366852341,0.8,5,True
short|low_volatility|252d|continuous_high_minus_low|beta_neutral|r21|ensemble,low_volatility|252d|continuous_high_minus_low|beta_neutral|r21|ensemble,low_volatility|252d,low_volatility,252d,63,low_volatility_family_sensitivity,no_stable_structure,continuous_high_minus_low,market_neutral,True,21,ensemble,3,199.33333333333334,0.0,199.33333333333334,1.0,short,30,0.5666666666666667,0.02720426923281183,-0.22757512584229378,0.33801047213712665,0.2770005371715939,0.0064552088478448955,0.11445704437747263,0.8333333333333334,4,True
short|low_volatility|252d|continuous_high_minus_low|beta_neutral|r5|ensemble,low_volatility|252d|continuous_high_minus_low|beta_neutral|r5|ensemble,low_volatility|252d,low_volatility,252d,63,low_volatility_family_sensitivity,no_stable_structure,continuous_high_minus_low,market_neutral,True,5,ensemble,3,836.3333333333334,0.0,836.3333333333334,1.0,short,30,0.5666666666666667,0.017868105536561596,-0.22927566340636107,0.31251139898014046,0.19322806181860047,0.006191654749892805,0.11236974835774624,0.8333333333333334,4,True
short|low_volatility|252d|continuous_high_minus_low|beta_neutral|r63|ensemble,low_volatility|252d|continuous_high_minus_low|beta_neutral|r63|ensemble,low_volatility|252d,low_volatility,252d,63,low_volatility_family_sensitivity,no_stable_structure,continuous_high_minus_low,market_neutral,True,63,ensemble,3,66.33333333333333,0.0,66.33333333333333,1.0,short,30,0.6,0.03063832287018331,-0.23861980837666175,0.3285242126545245,0.3299188794155196,0.010562262726162341,0.1456002701253708,0.8,6,True
short|low_volatility|252d|continuous_high_minus_low|unconstrained_beta|r1|ensemble,low_volatility|252d|continuous_high_minus_low|unconstrained_beta|r1|ensemble,low_volatility|252d,low_volatility,252d,63,low_volatility_family_sensitivity,no_stable_structure,continuous_high_minus_low,market_neutral,False,1,ensemble,1,4181.0,0.0,0.0,,short,30,0.5,0.002541652341228662,-0.2999663906824658,0.4048814461183845,0.11692730390987689,-0.01943149024461399,-0.02374099454913017,0.4,8,True
short|low_volatility|252d|continuous_high_minus_low|unconstrained_beta|r21|ensemble,low_volatility|252d|continuous_high_minus_low|unconstrained_beta|r21|ensemble,low_volatility|252d,low_volatility,252d,63,low_volatility_family_sensitivity,no_stable_structure,continuous_high_minus_low,market_neutral,False,21,ensemble,3,199.33333333333334,0.0,0.0,,short,30,0.5,-0.011623148056578714,-0.3125069109917997,0.4508086216847711,0.007682704825235198,-0.01197681176895471,0.015212758543150783,0.4,8,True
short|low_volatility|252d|continuous_high_minus_low|unconstrained_beta|r5|ensemble,low_volatility|252d|continuous_high_minus_low|unconstrained_beta|r5|ensemble,low_volatility|252d,low_volatility,252d,63,low_volatility_family_sensitivity,no_stable_structure,continuous_high_minus_low,market_neutral,False,5,ensemble,3,836.3333333333334,0.0,0.0,,short,30,0.5,0.003385702646419686,-0.30242250304838136,0.38263731792371924,0.06232440962834474,-0.019158272263709808,-0.023122823480738065,0.4,8,True
short|low_volatility|252d|continuous_high_minus_low|unconstrained_beta|r63|ensemble,low_volatility|252d|continuous_high_minus_low|unconstrained_beta|r63|ensemble,low_volatility|252d,low_volatility,252d,63,low_volatility_family_sensitivity,no_stable_structure,continuous_high_minus_low,market_neutral,False,63,ensemble,3,66.33333333333333,0.0,0.0,,short,30,0.5,0.005160506753390137,-0.3052179033383381,0.4513220535968252,0.14950605316990057,-0.0038435114099987233,0.06352342660623264,0.4,8,True
short|low_volatility|252d|long_q10|unconstrained_beta|r1|ensemble,low_volatility|252d|long_q10|unconstrained_beta|r1|ensemble,low_volatility|252d,low_volatility,252d,63,low_volatility_family_sensitivity,no_stable_structure,long_q10,long_only,False,1,ensemble,1,4181.0,0.0,0.0,,short,30,0.8333333333333334,0.13369878027782034,-0.09143580347008806,0.40626199554305154,0.9239505076377381,0.10783131321132089,0.7063936843526605,1.0,0,True
short|low_volatility|252d|long_q10|unconstrained_beta|r21|ensemble,low_volatility|252d|long_q10|unconstrained_beta|r21|ensemble,low_volatility|252d,low_volatility,252d,63,low_volatility_family_sensitivity,no_stable_structure,long_q10,long_only,False,21,ensemble,3,199.33333333333334,0.0,0.0,,short,30,0.8333333333333334,0.1425084373042773,-0.15169251721686328,0.4251500078430248,0.9873232831232206,0.1113101938155765,0.7141714359225836,1.0,0,True
short|low_volatility|252d|long_q10|unconstrained_beta|r5|ensemble,low_volatility|252d|long_q10|unconstrained_beta|r5|ensemble,low_volatility|252d,low_volatility,252d,63,low_volatility_family_sensitivity,no_stable_structure,long_q10,long_only,False,5,ensemble,3,836.3333333333334,0.0,0.0,,short,30,0.8,0.13851208180113994,-0.11471029151699352,0.415879415573732,0.9786761609078225,0.11008983354190405,0.7183279094619712,1.0,0,True
short|low_volatility|252d|long_q10|unconstrained_beta|r63|ensemble,low_volatility|252d|long_q10|unconstrained_beta|r63|ensemble,low_volatility|252d,low_volatility,252d,63,low_volatility_family_sensitivity,no_stable_structure,long_q10,long_only,False,63,ensemble,3,66.33333333333333,0.0,0.0,,short,30,0.8333333333333334,0.14400589473785985,-0.18051146933047113,0.41344673184253833,0.9934309238791255,0.1119480740752632,0.7078028289335098,1.0,0,True
short|low_volatility|252d|long_q1|unconstrained_beta|r1|ensemble,low_volatility|252d|long_q1|unconstrained_beta|r1|ensemble,low_volatility|252d,low_volatility,252d,63,low_volatility_family_sensitivity,no_stable_structure,long_q1,long_only,False,1,ensemble,1,4181.0,0.0,0.0,,short,30,0.7666666666666667,0.1877343852209884,-0.4784509250889132,1.1922077167832406,0.7369849139111271,0.16459469822468198,0.5931003551722684,1.0,0,True
short|low_volatility|252d|long_q1|unconstrained_beta|r21|ensemble,low_volatility|252d|long_q1|unconstrained_beta|r21|ensemble,low_volatility|252d,low_volatility,252d,63,low_volatility_family_sensitivity,no_stable_structure,long_q1,long_only,False,21,ensemble,3,199.33333333333334,0.0,0.0,,short,30,0.8,0.1930186499233344,-0.432321163775938,1.2198770466500615,0.7457179874386645,0.1674686768727518,0.6106576280368046,1.0,0,True
short|low_volatility|252d|long_q1|unconstrained_beta|r5|ensemble,low_volatility|252d|long_q1|unconstrained_beta|r5|ensemble,low_volatility|252d,low_volatility,252d,63,low_volatility_family_sensitivity,no_stable_structure,long_q1,long_only,False,5,ensemble,3,836.3333333333334,0.0,0.0,,short,30,0.7666666666666667,0.192947431204618,-0.4714858659950033,1.1689907921328073,0.7770396328231413,0.17204670247210685,0.6162234081663647,1.0,0,True
short|low_volatility|252d|long_q1|unconstrained_beta|r63|ensemble,low_volatility|252d|long_q1|unconstrained_beta|r63|ensemble,low_volatility|252d,low_volatility,252d,63,low_volatility_family_sensitivity,no_stable_structure,long_q1,long_only,False,63,ensemble,3,66.33333333333333,0.0,0.0,,short,30,0.8,0.21684186400588457,-0.4289002097275295,1.233110882676447,0.8074079878308995,0.17521728072998788,0.6456844268101871,1.0,0,True
short|low_volatility|252d|middle_minus_q1|beta_neutral|r1|ensemble,low_volatility|252d|middle_minus_q1|beta_neutral|r1|ensemble,low_volatility|252d,low_volatility,252d,63,low_volatility_family_sensitivity,no_stable_structure,middle_minus_q1,market_neutral,True,1,ensemble,1,4181.0,0.0,4181.0,1.0,short,30,0.43333333333333335,-0.03692638274747029,-0.2217041511291502,0.5588113118820717,-0.12049291493405836,-0.01817258228195362,-0.07720922618586411,0.7666666666666667,7,True
short|low_volatility|252d|middle_minus_q1|beta_neutral|r21|ensemble,low_volatility|252d|middle_minus_q1|beta_neutral|r21|ensemble,low_volatility|252d,low_volatility,252d,63,low_volatility_family_sensitivity,no_stable_structure,middle_minus_q1,market_neutral,True,21,ensemble,3,199.33333333333334,0.0,199.33333333333334,1.0,short,30,0.43333333333333335,-0.027085784788196232,-0.20828650998128184,0.6099236085587281,-0.24559972573484495,-0.01565991530562416,-0.060371169315587725,0.7333333333333333,9,True
short|low_volatility|252d|middle_minus_q1|beta_neutral|r5|ensemble,low_volatility|252d|middle_minus_q1|beta_neutral|r5|ensemble,low_volatility|252d,low_volatility,252d,63,low_volatility_family_sensitivity,no_stable_structure,middle_minus_q1,market_neutral,True,5,ensemble,3,836.3333333333334,0.0,836.3333333333334,1.0,short,30,0.4,-0.053578393498391885,-0.21324337024823692,0.5695098472171862,-0.3398296477321796,-0.0339879097450968,-0.20222358216333036,0.7,11,True
short|low_volatility|252d|middle_minus_q1|beta_neutral|r63|ensemble,low_volatility|252d|middle_minus_q1|beta_neutral|r63|ensemble,low_volatility|252d,low_volatility,252d,63,low_volatility_family_sensitivity,no_stable_structure,middle_minus_q1,market_neutral,True,63,ensemble,3,66.33333333333333,0.0,66.33333333333333,1.0,short,30,0.36666666666666664,-0.06282507643141272,-0.21274010831885393,0.7011792510011023,-0.31952853513307933,-0.026782975952410748,-0.14290070904599894,0.6666666666666666,11,True
short|low_volatility|252d|middle_minus_q1|unconstrained_beta|r1|ensemble,low_volatility|252d|middle_minus_q1|unconstrained_beta|r1|ensemble,low_volatility|252d,low_volatility,252d,63,low_volatility_family_sensitivity,no_stable_structure,middle_minus_q1,market_neutral,False,1,ensemble,1,4181.0,0.0,0.0,,short,30,0.3,-0.09226768130266838,-0.33624054260736136,0.9190651299698482,-0.3749231691580171,-0.05735263050466255,-0.22512419449604432,0.3,12,True
short|low_volatility|252d|middle_minus_q1|unconstrained_beta|r21|ensemble,low_volatility|252d|middle_minus_q1|unconstrained_beta|r21|ensemble,low_volatility|252d,low_volatility,252d,63,low_volatility_family_sensitivity,no_stable_structure,middle_minus_q1,market_neutral,False,21,ensemble,3,199.33333333333334,0.0,0.0,,short,30,0.4,-0.05889778643233001,-0.30219634418746644,1.0235763205847221,-0.14797509142487303,-0.04261730527740948,-0.1466472965671767,0.3333333333333333,12,True
short|low_volatility|252d|middle_minus_q1|unconstrained_beta|r5|ensemble,low_volatility|252d|middle_minus_q1|unconstrained_beta|r5|ensemble,low_volatility|252d,low_volatility,252d,63,low_volatility_family_sensitivity,no_stable_structure,middle_minus_q1,market_neutral,False,5,ensemble,3,836.3333333333334,0.0,0.0,,short,30,0.4,-0.05101493856176442,-0.3278208732648118,0.9414318922003462,-0.277460102934658,-0.04935751845181635,-0.17860552877381164,0.26666666666666666,12,True
short|low_volatility|252d|middle_minus_q1|unconstrained_beta|r63|ensemble,low_volatility|252d|middle_minus_q1|unconstrained_beta|r63|ensemble,low_volatility|252d,low_volatility,252d,63,low_volatility_family_sensitivity,no_stable_structure,middle_minus_q1,market_neutral,False,63,ensemble,3,66.33333333333333,0.0,0.0,,short,30,0.3333333333333333,-0.06348083188823489,-0.3762156468150336,1.172045916085052,-0.466987080629775,-0.060295804117388885,-0.2299759431080788,0.36666666666666664,12,True
short|low_volatility|252d|q10_minus_middle|beta_neutral|r1|ensemble,low_volatility|252d|q10_minus_middle|beta_neutral|r1|ensemble,low_volatility|252d,low_volatility,252d,63,low_volatility_family_sensitivity,no_stable_structure,q10_minus_middle,market_neutral,True,1,ensemble,1,4181.0,0.0,4181.0,1.0,short,30,0.5333333333333333,0.01586377298383901,-0.2294496997566713,0.3133979179623201,0.25905077668381626,0.01538649673416348,0.18837924305773235,0.8333333333333334,4,True
short|low_volatility|252d|q10_minus_middle|beta_neutral|r21|ensemble,low_volatility|252d|q10_minus_middle|beta_neutral|r21|ensemble,low_volatility|252d,low_volatility,252d,63,low_volatility_family_sensitivity,no_stable_structure,q10_minus_middle,market_neutral,True,21,ensemble,3,199.33333333333334,0.0,199.33333333333334,1.0,short,30,0.5333333333333333,0.01796338252346208,-0.24762790219264097,0.3317567724638959,0.20704894685223768,0.01224027682875417,0.1603875808070839,0.7666666666666667,6,True
short|low_volatility|252d|q10_minus_middle|beta_neutral|r5|ensemble,low_volatility|252d|q10_minus_middle|beta_neutral|r5|ensemble,low_volatility|252d,low_volatility,252d,63,low_volatility_family_sensitivity,no_stable_structure,q10_minus_middle,market_neutral,True,5,ensemble,3,836.3333333333334,0.0,836.3333333333334,1.0,short,30,0.5,-0.006787169443903118,-0.21250219068980514,0.32466116486995755,-0.003198460918560131,0.010705530523719586,0.14901380846958767,0.8,6,True
short|low_volatility|252d|q10_minus_middle|beta_neutral|r63|ensemble,low_volatility|252d|q10_minus_middle|beta_neutral|r63|ensemble,low_volatility|252d,low_volatility,252d,63,low_volatility_family_sensitivity,no_stable_structure,q10_minus_middle,market_neutral,True,63,ensemble,3,66.33333333333333,0.0,66.33333333333333,1.0,short,30,0.5333333333333333,0.03196201128499998,-0.2357918902277546,0.3086818104733142,0.3226288224011521,0.02247760328398085,0.23342564667148175,0.8333333333333334,6,True
short|low_volatility|252d|q10_minus_middle|unconstrained_beta|r1|ensemble,low_volatility|252d|q10_minus_middle|unconstrained_beta|r1|ensemble,low_volatility|252d,low_volatility,252d,63,low_volatility_family_sensitivity,no_stable_structure,q10_minus_middle,market_neutral,False,1,ensemble,1,4181.0,0.0,0.0,,short,30,0.2,-0.07413692457086829,-0.2993889381063314,0.17101258778773532,-0.6484031076646823,-0.07597686953745375,-0.5984547935238408,0.43333333333333335,10,True
short|low_volatility|252d|q10_minus_middle|unconstrained_beta|r21|ensemble,low_volatility|252d|q10_minus_middle|unconstrained_beta|r21|ensemble,low_volatility|252d,low_volatility,252d,63,low_volatility_family_sensitivity,no_stable_structure,q10_minus_middle,market_neutral,False,21,ensemble,3,199.33333333333334,0.0,0.0,,short,30,0.2,-0.05984240890432091,-0.2828761730648184,0.19060170867983128,-0.455146597943896,-0.060582002776033206,-0.48040272296369196,0.43333333333333335,10,True
short|low_volatility|252d|q10_minus_middle|unconstrained_beta|r5|ensemble,low_volatility|252d|q10_minus_middle|unconstrained_beta|r5|ensemble,low_volatility|252d,low_volatility,252d,63,low_volatility_family_sensitivity,no_stable_structure,q10_minus_middle,market_neutral,False,5,ensemble,3,836.3333333333334,0.0,0.0,,short,30,0.2,-0.06956462525484447,-0.2901154485951507,0.1786632468239442,-0.5731151439720583,-0.0677144010466505,-0.5306838266048683,0.43333333333333335,10,True
short|low_volatility|252d|q10_minus_middle|unconstrained_beta|r63|ensemble,low_volatility|252d|q10_minus_middle|unconstrained_beta|r63|ensemble,low_volatility|252d,low_volatility,252d,63,low_volatility_family_sensitivity,no_stable_structure,q10_minus_middle,market_neutral,False,63,ensemble,3,66.33333333333333,0.0,0.0,,short,30,0.2,-0.05795349618765533,-0.2729094158053601,0.23344933234883292,-0.4080908572695625,-0.055796242202713286,-0.4442478756300425,0.43333333333333335,10,True
short|low_volatility|252d|q10_minus_q1|beta_neutral|r1|ensemble,low_volatility|252d|q10_minus_q1|beta_neutral|r1|ensemble,low_volatility|252d,low_volatility,252d,63,low_volatility_family_sensitivity,no_stable_structure,q10_minus_q1,market_neutral,True,1,ensemble,1,4181.0,0.0,4181.0,1.0,short,30,0.43333333333333335,-0.02786739394377269,-0.2808025565845521,0.5003434149261077,-0.08459158108783489,0.006052566371260504,0.12735301980511418,0.8333333333333334,6,True
short|low_volatility|252d|q10_minus_q1|beta_neutral|r21|ensemble,low_volatility|252d|q10_minus_q1|beta_neutral|r21|ensemble,low_volatility|252d,low_volatility,252d,63,low_volatility_family_sensitivity,no_stable_structure,q10_minus_q1,market_neutral,True,21,ensemble,3,199.33333333333334,0.0,199.33333333333334,1.0,short,30,0.4666666666666667,-0.022129139572981682,-0.34526948965586346,0.5275953027893263,-0.03960824368400318,0.00756801874939117,0.13627868591591696,0.8333333333333334,4,True
short|low_volatility|252d|q10_minus_q1|beta_neutral|r5|ensemble,low_volatility|252d|q10_minus_q1|beta_neutral|r5|ensemble,low_volatility|252d,low_volatility,252d,63,low_volatility_family_sensitivity,no_stable_structure,q10_minus_q1,market_neutral,True,5,ensemble,3,836.3333333333334,0.0,836.3333333333334,1.0,short,30,0.5,0.005821662157444507,-0.32737037719551787,0.5306206342995385,0.14886100826669418,0.011982025233460591,0.15822906381593793,0.8,6,True
short|low_volatility|252d|q10_minus_q1|beta_neutral|r63|ensemble,low_volatility|252d|q10_minus_q1|beta_neutral|r63|ensemble,low_volatility|252d,low_volatility,252d,63,low_volatility_family_sensitivity,no_stable_structure,q10_minus_q1,market_neutral,True,63,ensemble,3,66.33333333333333,0.0,66.33333333333333,1.0,short,30,0.5333333333333333,0.008256356535077836,-0.3026291253695944,0.5210150637100606,0.14481766617983335,0.011492135491843802,0.158614470131456,0.8,6,True
short|low_volatility|252d|q10_minus_q1|unconstrained_beta|r1|ensemble,low_volatility|252d|q10_minus_q1|unconstrained_beta|r1|ensemble,low_volatility|252d,low_volatility,252d,63,low_volatility_family_sensitivity,no_stable_structure,q10_minus_q1,market_neutral,False,1,ensemble,1,4181.0,0.0,0.0,,short,30,0.43333333333333335,-0.07546687830282894,-0.45248795168513345,0.7248145316610748,-0.124653388092168,-0.07369694644110836,-0.13533789846696653,0.36666666666666664,8,True
short|low_volatility|252d|q10_minus_q1|unconstrained_beta|r21|ensemble,low_volatility|252d|q10_minus_q1|unconstrained_beta|r21|ensemble,low_volatility|252d,low_volatility,252d,63,low_volatility_family_sensitivity,no_stable_structure,q10_minus_q1,market_neutral,False,21,ensemble,3,199.33333333333334,0.0,0.0,,short,30,0.4,-0.08740486165671368,-0.4612621079899992,0.8731302985333154,-0.08164285354962339,-0.07690857761900904,-0.15540903020461386,0.4,10,True
short|low_volatility|252d|q10_minus_q1|unconstrained_beta|r5|ensemble,low_volatility|252d|q10_minus_q1|unconstrained_beta|r5|ensemble,low_volatility|252d,low_volatility,252d,63,low_volatility_family_sensitivity,no_stable_structure,q10_minus_q1,market_neutral,False,5,ensemble,3,836.3333333333334,0.0,0.0,,short,30,0.43333333333333335,-0.06309992901221101,-0.44928052685599174,0.7766816789368067,-0.1290622733777176,-0.07650214824987134,-0.14594277920403367,0.36666666666666664,8,True
short|low_volatility|252d|q10_minus_q1|unconstrained_beta|r63|ensemble,low_volatility|252d|q10_minus_q1|unconstrained_beta|r63|ensemble,low_volatility|252d,low_volatility,252d,63,low_volatility_family_sensitivity,no_stable_structure,q10_minus_q1,market_neutral,False,63,ensemble,3,66.33333333333333,0.0,0.0,,short,30,0.36666666666666664,-0.052216860821901745,-0.49346534621949567,0.9583807545583158,-0.02420801115980474,-0.09724696241818043,-0.21312459155877417,0.43333333333333335,10,True
short|low_volatility|40d|continuous_high_minus_low|beta_neutral|r1|ensemble,low_volatility|40d|continuous_high_minus_low|beta_neutral|r1|ensemble,low_volatility|40d,low_volatility,40d,63,low_volatility_family_sensitivity,lower_tail,continuous_high_minus_low,market_neutral,True,1,ensemble,1,4181.0,0.0,4181.0,1.0,short,30,0.5333333333333333,0.0006980210887280736,-0.23436484208249342,0.213806944602984,0.04350186938848903,-0.014216455150829699,-0.0561069825665571,0.8,5,True
short|low_volatility|40d|continuous_high_minus_low|beta_neutral|r21|ensemble,low_volatility|40d|continuous_high_minus_low|beta_neutral|r21|ensemble,low_volatility|40d,low_volatility,40d,63,low_volatility_family_sensitivity,lower_tail,continuous_high_minus_low,market_neutral,True,21,ensemble,3,199.33333333333334,0.0,199.33333333333334,1.0,short,30,0.5333333333333333,0.008660621086939435,-0.19944818235608708,0.2715492315788275,0.15641488705880005,0.003590868220394672,0.09016728597209783,0.8,5,True
short|low_volatility|40d|continuous_high_minus_low|beta_neutral|r5|ensemble,low_volatility|40d|continuous_high_minus_low|beta_neutral|r5|ensemble,low_volatility|40d,low_volatility,40d,63,low_volatility_family_sensitivity,lower_tail,continuous_high_minus_low,market_neutral,True,5,ensemble,3,836.3333333333334,0.0,836.3333333333334,1.0,short,30,0.5333333333333333,0.0057413007332199895,-0.22522848002863105,0.25142906770739937,0.12315596895224037,-0.0040512341961082,0.02788689757129346,0.8,5,True
short|low_volatility|40d|continuous_high_minus_low|beta_neutral|r63|ensemble,low_volatility|40d|continuous_high_minus_low|beta_neutral|r63|ensemble,low_volatility|40d,low_volatility,40d,63,low_volatility_family_sensitivity,lower_tail,continuous_high_minus_low,market_neutral,True,63,ensemble,3,66.33333333333333,0.0,66.33333333333333,1.0,short,30,0.6333333333333333,0.030906039089030557,-0.2089943739318132,0.2713808850721027,0.4809310445314512,0.01926746403998436,0.2198417594048544,0.7666666666666667,7,True
short|low_volatility|40d|continuous_high_minus_low|unconstrained_beta|r1|ensemble,low_volatility|40d|continuous_high_minus_low|unconstrained_beta|r1|ensemble,low_volatility|40d,low_volatility,40d,63,low_volatility_family_sensitivity,lower_tail,continuous_high_minus_low,market_neutral,False,1,ensemble,1,4181.0,0.0,0.0,,short,30,0.36666666666666664,-0.049413825392038924,-0.326736574480194,0.39636411277814076,-0.22345557158804777,-0.04290048882135933,-0.17407361092313817,0.3333333333333333,8,True
short|low_volatility|40d|continuous_high_minus_low|unconstrained_beta|r21|ensemble,low_volatility|40d|continuous_high_minus_low|unconstrained_beta|r21|ensemble,low_volatility|40d,low_volatility,40d,63,low_volatility_family_sensitivity,lower_tail,continuous_high_minus_low,market_neutral,False,21,ensemble,3,199.33333333333334,0.0,0.0,,short,30,0.36666666666666664,-0.04624763809189908,-0.30069754619965106,0.40571043046994504,-0.20169076387849333,-0.024591346917522183,-0.0708408142273414,0.4,8,True
short|low_volatility|40d|continuous_high_minus_low|unconstrained_beta|r5|ensemble,low_volatility|40d|continuous_high_minus_low|unconstrained_beta|r5|ensemble,low_volatility|40d,low_volatility,40d,63,low_volatility_family_sensitivity,lower_tail,continuous_high_minus_low,market_neutral,False,5,ensemble,3,836.3333333333334,0.0,0.0,,short,30,0.36666666666666664,-0.06050650422452786,-0.3058532840200784,0.37756646024219975,-0.3280607476763189,-0.038192607471918105,-0.14683644332167037,0.4,8,True
short|low_volatility|40d|continuous_high_minus_low|unconstrained_beta|r63|ensemble,low_volatility|40d|continuous_high_minus_low|unconstrained_beta|r63|ensemble,low_volatility|40d,low_volatility,40d,63,low_volatility_family_sensitivity,lower_tail,continuous_high_minus_low,market_neutral,False,63,ensemble,3,66.33333333333333,0.0,0.0,,short,30,0.43333333333333335,-0.039232794513621105,-0.29193027778852976,0.415335168155879,-0.27064144523166966,-0.020995770453720364,-0.05033775664868492,0.36666666666666664,8,True
short|low_volatility|40d|long_q10|unconstrained_beta|r1|ensemble,low_volatility|40d|long_q10|unconstrained_beta|r1|ensemble,low_volatility|40d,low_volatility,40d,63,low_volatility_family_sensitivity,lower_tail,long_q10,long_only,False,1,ensemble,1,4181.0,0.0,0.0,,short,30,0.7666666666666667,0.10200544734523809,-0.09273207881662127,0.28108322968318267,0.6641634460288466,0.08143774506083679,0.5372589777498941,1.0,0,True
short|low_volatility|40d|long_q10|unconstrained_beta|r21|ensemble,low_volatility|40d|long_q10|unconstrained_beta|r21|ensemble,low_volatility|40d,low_volatility,40d,63,low_volatility_family_sensitivity,lower_tail,long_q10,long_only,False,21,ensemble,3,199.33333333333334,0.0,0.0,,short,30,0.8,0.10646762634434948,-0.075113847567434,0.3675047027018674,0.9729490359007336,0.0945086028113502,0.6189905860428822,1.0,0,True
short|low_volatility|40d|long_q10|unconstrained_beta|r5|ensemble,low_volatility|40d|long_q10|unconstrained_beta|r5|ensemble,low_volatility|40d,low_volatility,40d,63,low_volatility_family_sensitivity,lower_tail,long_q10,long_only,False,5,ensemble,3,836.3333333333334,0.0,0.0,,short,30,0.7666666666666667,0.09893139951310925,-0.05689619657404521,0.32523664407903974,0.9288192616149267,0.09719950765618113,0.6455515106759168,1.0,0,True
short|low_volatility|40d|long_q10|unconstrained_beta|r63|ensemble,low_volatility|40d|long_q10|unconstrained_beta|r63|ensemble,low_volatility|40d,low_volatility,40d,63,low_volatility_family_sensitivity,lower_tail,long_q10,long_only,False,63,ensemble,3,66.33333333333333,0.0,0.0,,short,30,0.8666666666666667,0.12743230232253944,-0.14244847260121285,0.3960935375945378,0.9513884224142122,0.1121562800625222,0.7252654402510778,1.0,0,True
short|low_volatility|40d|long_q1|unconstrained_beta|r1|ensemble,low_volatility|40d|long_q1|unconstrained_beta|r1|ensemble,low_volatility|40d,low_volatility,40d,63,low_volatility_family_sensitivity,lower_tail,long_q1,long_only,False,1,ensemble,1,4181.0,0.0,0.0,,short,30,0.7333333333333333,0.2282783362119285,-0.46208200973442337,1.2161620859828632,0.8109846280786012,0.12652771539052532,0.4887423669204193,1.0,0,True
short|low_volatility|40d|long_q1|unconstrained_beta|r21|ensemble,low_volatility|40d|long_q1|unconstrained_beta|r21|ensemble,low_volatility|40d,low_volatility,40d,63,low_volatility_family_sensitivity,lower_tail,long_q1,long_only,False,21,ensemble,3,199.33333333333334,0.0,0.0,,short,30,0.7333333333333333,0.22501609323939342,-0.4426381347340047,1.2041098054967065,0.9052000896334236,0.15208286131805693,0.5720624108091013,1.0,0,True
short|low_volatility|40d|long_q1|unconstrained_beta|r5|ensemble,low_volatility|40d|long_q1|unconstrained_beta|r5|ensemble,low_volatility|40d,low_volatility,40d,63,low_volatility_family_sensitivity,lower_tail,long_q1,long_only,False,5,ensemble,3,836.3333333333334,0.0,0.0,,short,30,0.7,0.24770726382629316,-0.4455552933742857,1.1260953808092595,0.9293077080006167,0.1482850077682214,0.5531279034192579,1.0,0,True
short|low_volatility|40d|long_q1|unconstrained_beta|r63|ensemble,low_volatility|40d|long_q1|unconstrained_beta|r63|ensemble,low_volatility|40d,low_volatility,40d,63,low_volatility_family_sensitivity,lower_tail,long_q1,long_only,False,63,ensemble,3,66.33333333333333,0.0,0.0,,short,30,0.8,0.221888631911056,-0.44604276719539127,1.2402987299113235,0.9548232692156333,0.17471053274816195,0.6539998862897667,1.0,0,True
short|low_volatility|40d|middle_minus_q1|beta_neutral|r1|ensemble,low_volatility|40d|middle_minus_q1|beta_neutral|r1|ensemble,low_volatility|40d,low_volatility,40d,63,low_volatility_family_sensitivity,lower_tail,middle_minus_q1,market_neutral,True,1,ensemble,1,4181.0,0.0,4181.0,1.0,short,30,0.3,-0.057243059708617594,-0.2212463735466108,0.5848694700794181,-0.3767485598931103,-0.03709122782711749,-0.22129112548877186,0.7666666666666667,5,True
short|low_volatility|40d|middle_minus_q1|beta_neutral|r21|ensemble,low_volatility|40d|middle_minus_q1|beta_neutral|r21|ensemble,low_volatility|40d,low_volatility,40d,63,low_volatility_family_sensitivity,lower_tail,middle_minus_q1,market_neutral,True,21,ensemble,3,199.33333333333334,0.0,199.33333333333334,1.0,short,30,0.36666666666666664,-0.03493532307140296,-0.17811221898105623,0.5869775428599611,-0.307396801080699,-0.018413058660976866,-0.08456743062434921,0.8,9,True
short|low_volatility|40d|middle_minus_q1|beta_neutral|r5|ensemble,low_volatility|40d|middle_minus_q1|beta_neutral|r5|ensemble,low_volatility|40d,low_volatility,40d,63,low_volatility_family_sensitivity,lower_tail,middle_minus_q1,market_neutral,True,5,ensemble,3,836.3333333333334,0.0,836.3333333333334,1.0,short,30,0.4,-0.045111277655122295,-0.26669747108333186,0.5554239529697331,-0.49145814849902386,-0.026172115358830905,-0.13944167255605625,0.6666666666666666,7,True
short|low_volatility|40d|middle_minus_q1|beta_neutral|r63|ensemble,low_volatility|40d|middle_minus_q1|beta_neutral|r63|ensemble,low_volatility|40d,low_volatility,40d,63,low_volatility_family_sensitivity,lower_tail,middle_minus_q1,market_neutral,True,63,ensemble,3,66.33333333333333,0.0,66.33333333333333,1.0,short,30,0.26666666666666666,-0.04446262827605685,-0.2059669811598399,0.7791900757587964,-0.4178940006578279,-0.02643909698858382,-0.14503157843422035,0.7,9,True
short|low_volatility|40d|middle_minus_q1|unconstrained_beta|r1|ensemble,low_volatility|40d|middle_minus_q1|unconstrained_beta|r1|ensemble,low_volatility|40d,low_volatility,40d,63,low_volatility_family_sensitivity,lower_tail,middle_minus_q1,market_neutral,False,1,ensemble,1,4181.0,0.0,0.0,,short,30,0.5,-0.001498807098481214,-0.309436700110167,0.9701106246016316,0.043919170806925714,-0.03503670880998955,-0.10243298795014848,0.36666666666666664,10,True
short|low_volatility|40d|middle_minus_q1|unconstrained_beta|r21|ensemble,low_volatility|40d|middle_minus_q1|unconstrained_beta|r21|ensemble,low_volatility|40d,low_volatility,40d,63,low_volatility_family_sensitivity,lower_tail,middle_minus_q1,market_neutral,False,21,ensemble,3,199.33333333333334,0.0,0.0,,short,30,0.3333333333333333,-0.10127956980887487,-0.3165914713471135,0.9216892540537245,-0.633386643252966,-0.04333913363436992,-0.16319627214459176,0.43333333333333335,10,True
short|low_volatility|40d|middle_minus_q1|unconstrained_beta|r5|ensemble,low_volatility|40d|middle_minus_q1|unconstrained_beta|r5|ensemble,low_volatility|40d,low_volatility,40d,63,low_volatility_family_sensitivity,lower_tail,middle_minus_q1,market_neutral,False,5,ensemble,3,836.3333333333334,0.0,0.0,,short,30,0.5,0.007411681583758101,-0.3609325501390911,0.9100283712478192,0.11639492636915649,-0.025177293230629894,-0.0486453836342709,0.36666666666666664,10,True
short|low_volatility|40d|middle_minus_q1|unconstrained_beta|r63|ensemble,low_volatility|40d|middle_minus_q1|unconstrained_beta|r63|ensemble,low_volatility|40d,low_volatility,40d,63,low_volatility_family_sensitivity,lower_tail,middle_minus_q1,market_neutral,False,63,ensemble,3,66.33333333333333,0.0,0.0,,short,30,0.3,-0.07542789884217571,-0.36793142226253495,1.191274861135875,-0.6499807829729771,-0.05260152217669711,-0.20047659539780815,0.3333333333333333,10,True
short|low_volatility|40d|q10_minus_middle|beta_neutral|r1|ensemble,low_volatility|40d|q10_minus_middle|beta_neutral|r1|ensemble,low_volatility|40d,low_volatility,40d,63,low_volatility_family_sensitivity,lower_tail,q10_minus_middle,market_neutral,True,1,ensemble,1,4181.0,0.0,4181.0,1.0,short,30,0.3333333333333333,-0.06600936136726976,-0.2384239212836986,0.25437142893758447,-0.7631606237470601,-0.05528877000650012,-0.5097419847877812,0.8333333333333334,8,True
short|low_volatility|40d|q10_minus_middle|beta_neutral|r21|ensemble,low_volatility|40d|q10_minus_middle|beta_neutral|r21|ensemble,low_volatility|40d,low_volatility,40d,63,low_volatility_family_sensitivity,lower_tail,q10_minus_middle,market_neutral,True,21,ensemble,3,199.33333333333334,0.0,199.33333333333334,1.0,short,30,0.43333333333333335,-0.04522337026914053,-0.19488821052101346,0.3370913995987015,-0.48621266817200426,-0.028577052087623844,-0.23197114093721194,0.7,8,True
short|low_volatility|40d|q10_minus_middle|beta_neutral|r5|ensemble,low_volatility|40d|q10_minus_middle|beta_neutral|r5|ensemble,low_volatility|40d,low_volatility,40d,63,low_volatility_family_sensitivity,lower_tail,q10_minus_middle,market_neutral,True,5,ensemble,3,836.3333333333334,0.0,836.3333333333334,1.0,short,30,0.4,-0.038851745848413666,-0.22522394234522503,0.29683743147507013,-0.41558183177332225,-0.027713307189606295,-0.22513049015313916,0.8333333333333334,8,True
short|low_volatility|40d|q10_minus_middle|beta_neutral|r63|ensemble,low_volatility|40d|q10_minus_middle|beta_neutral|r63|ensemble,low_volatility|40d,low_volatility,40d,63,low_volatility_family_sensitivity,lower_tail,q10_minus_middle,market_neutral,True,63,ensemble,3,66.33333333333333,0.0,66.33333333333333,1.0,short,30,0.43333333333333335,-0.02016346327298657,-0.2030225379192605,0.2951718864781292,-0.18381784592811418,-9.223769064303777e-05,0.04657657125685215,0.8,8,True
short|low_volatility|40d|q10_minus_middle|unconstrained_beta|r1|ensemble,low_volatility|40d|q10_minus_middle|unconstrained_beta|r1|ensemble,low_volatility|40d,low_volatility,40d,63,low_volatility_family_sensitivity,lower_tail,q10_minus_middle,market_neutral,False,1,ensemble,1,4181.0,0.0,0.0,,short,30,0.2,-0.09662175213211333,-0.3603685851732933,0.1675568352685295,-1.2824517843086172,-0.10069023346494077,-0.9102244001144718,0.4666666666666667,10,True
short|low_volatility|40d|q10_minus_middle|unconstrained_beta|r21|ensemble,low_volatility|40d|q10_minus_middle|unconstrained_beta|r21|ensemble,low_volatility|40d,low_volatility,40d,63,low_volatility_family_sensitivity,lower_tail,q10_minus_middle,market_neutral,False,21,ensemble,3,199.33333333333334,0.0,0.0,,short,30,0.23333333333333334,-0.05619900694435931,-0.3053844008325215,0.2773275437605893,-0.6838867574675226,-0.06292593385989487,-0.560384351811378,0.4,10,True
short|low_volatility|40d|q10_minus_middle|unconstrained_beta|r5|ensemble,low_volatility|40d|q10_minus_middle|unconstrained_beta|r5|ensemble,low_volatility|40d,low_volatility,40d,63,low_volatility_family_sensitivity,lower_tail,q10_minus_middle,market_neutral,False,5,ensemble,3,836.3333333333334,0.0,0.0,,short,30,0.2,-0.08962058686800617,-0.331792487934766,0.209153235231889,-1.031450563167096,-0.08019591398092962,-0.7100791248896666,0.43333333333333335,10,True
short|low_volatility|40d|q10_minus_middle|unconstrained_beta|r63|ensemble,low_volatility|40d|q10_minus_middle|unconstrained_beta|r63|ensemble,low_volatility|40d,low_volatility,40d,63,low_volatility_family_sensitivity,lower_tail,q10_minus_middle,market_neutral,False,63,ensemble,3,66.33333333333333,0.0,0.0,,short,30,0.23333333333333334,-0.04381621499725208,-0.31234911058117687,0.2050159576101238,-0.4671341091784329,-0.055095075465836474,-0.521478750899774,0.5,10,True
short|low_volatility|40d|q10_minus_q1|beta_neutral|r1|ensemble,low_volatility|40d|q10_minus_q1|beta_neutral|r1|ensemble,low_volatility|40d,low_volatility,40d,63,low_volatility_family_sensitivity,lower_tail,q10_minus_q1,market_neutral,True,1,ensemble,1,4181.0,0.0,4181.0,1.0,short,30,0.4,-0.10342767507189221,-0.32501328485104686,0.32138941235555496,-0.3240224279001146,-0.06011538186950127,-0.25075297859070295,0.9,4,True
short|low_volatility|40d|q10_minus_q1|beta_neutral|r21|ensemble,low_volatility|40d|q10_minus_q1|beta_neutral|r21|ensemble,low_volatility|40d,low_volatility,40d,63,low_volatility_family_sensitivity,lower_tail,q10_minus_q1,market_neutral,True,21,ensemble,3,199.33333333333334,0.0,199.33333333333334,1.0,short,30,0.43333333333333335,-0.058983184293680546,-0.2461847539959383,0.4621254703853721,-0.0906369142405837,-0.03973621873620903,-0.13581480665929305,0.7666666666666667,6,True
short|low_volatility|40d|q10_minus_q1|beta_neutral|r5|ensemble,low_volatility|40d|q10_minus_q1|beta_neutral|r5|ensemble,low_volatility|40d,low_volatility,40d,63,low_volatility_family_sensitivity,lower_tail,q10_minus_q1,market_neutral,True,5,ensemble,3,836.3333333333334,0.0,836.3333333333334,1.0,short,30,0.3333333333333333,-0.08560910220469425,-0.29472476629303046,0.38767692259991837,-0.18513365606927107,-0.04214685175259569,-0.1469361305840072,0.8333333333333334,6,True
short|low_volatility|40d|q10_minus_q1|beta_neutral|r63|ensemble,low_volatility|40d|q10_minus_q1|beta_neutral|r63|ensemble,low_volatility|40d,low_volatility,40d,63,low_volatility_family_sensitivity,lower_tail,q10_minus_q1,market_neutral,True,63,ensemble,3,66.33333333333333,0.0,66.33333333333333,1.0,short,30,0.5333333333333333,0.014822827400359784,-0.25870076267748454,0.4270091030513308,0.17594911813794772,0.005266970000413096,0.11793440209490766,0.7666666666666667,9,True
short|low_volatility|40d|q10_minus_q1|unconstrained_beta|r1|ensemble,low_volatility|40d|q10_minus_q1|unconstrained_beta|r1|ensemble,low_volatility|40d,low_volatility,40d,63,low_volatility_family_sensitivity,lower_tail,q10_minus_q1,market_neutral,False,1,ensemble,1,4181.0,0.0,0.0,,short,30,0.36666666666666664,-0.1494005662377046,-0.46887177401224645,0.7364140072230931,-0.5587404836014563,-0.08841055370786044,-0.21294516140822384,0.36666666666666664,8,True
short|low_volatility|40d|q10_minus_q1|unconstrained_beta|r21|ensemble,low_volatility|40d|q10_minus_q1|unconstrained_beta|r21|ensemble,low_volatility|40d,low_volatility,40d,63,low_volatility_family_sensitivity,lower_tail,q10_minus_q1,market_neutral,False,21,ensemble,3,199.33333333333334,0.0,0.0,,short,30,0.3333333333333333,-0.13445666822573238,-0.4482450534032799,0.8112952155195243,-0.5658697696362248,-0.08416961117557897,-0.20746391511010748,0.4,10,True
short|low_volatility|40d|q10_minus_q1|unconstrained_beta|r5|ensemble,low_volatility|40d|q10_minus_q1|unconstrained_beta|r5|ensemble,low_volatility|40d,low_volatility,40d,63,low_volatility_family_sensitivity,lower_tail,q10_minus_q1,market_neutral,False,5,ensemble,3,836.3333333333334,0.0,0.0,,short,30,0.3333333333333333,-0.1642761738234773,-0.4458496205411854,0.7009733001590608,-0.6097427345473567,-0.09788223520866868,-0.25228050972506916,0.4,10,True
short|low_volatility|40d|q10_minus_q1|unconstrained_beta|r63|ensemble,low_volatility|40d|q10_minus_q1|unconstrained_beta|r63|ensemble,low_volatility|40d,low_volatility,40d,63,low_volatility_family_sensitivity,lower_tail,q10_minus_q1,market_neutral,False,63,ensemble,3,66.33333333333333,0.0,0.0,,short,30,0.26666666666666666,-0.12451392939620659,-0.4275651234901604,0.8889383123817949,-0.6544438256816316,-0.12936339008324227,-0.37489619480667463,0.43333333333333335,10,True
short|low_volatility|60d|continuous_high_minus_low|beta_neutral|r1|ensemble,low_volatility|60d|continuous_high_minus_low|beta_neutral|r1|ensemble,low_volatility|60d,low_volatility,60d,63,low_volatility_family_sensitivity,lower_tail,continuous_high_minus_low,market_neutral,True,1,ensemble,1,4181.0,0.0,4181.0,1.0,short,30,0.5333333333333333,0.010394458745291657,-0.2289985158386686,0.23800305688370726,0.15568127753028732,-0.0038399150610465282,0.031261097577635386,0.8,5,True
short|low_volatility|60d|continuous_high_minus_low|beta_neutral|r21|ensemble,low_volatility|60d|continuous_high_minus_low|beta_neutral|r21|ensemble,low_volatility|60d,low_volatility,60d,63,low_volatility_family_sensitivity,lower_tail,continuous_high_minus_low,market_neutral,True,21,ensemble,3,199.33333333333334,0.0,199.33333333333334,1.0,short,30,0.5333333333333333,0.006128482693656068,-0.2110791400193387,0.2862352253511071,0.11798625613531338,0.00660088018362992,0.11510576587048788,0.7666666666666667,5,True
short|low_volatility|60d|continuous_high_minus_low|beta_neutral|r5|ensemble,low_volatility|60d|continuous_high_minus_low|beta_neutral|r5|ensemble,low_volatility|60d,low_volatility,60d,63,low_volatility_family_sensitivity,lower_tail,continuous_high_minus_low,market_neutral,True,5,ensemble,3,836.3333333333334,0.0,836.3333333333334,1.0,short,30,0.5666666666666667,0.016444884794001413,-0.21776840188953872,0.2686720135593388,0.2112152496593636,0.004975350949043333,0.10211418090287498,0.8,5,True
short|low_volatility|60d|continuous_high_minus_low|beta_neutral|r63|ensemble,low_volatility|60d|continuous_high_minus_low|beta_neutral|r63|ensemble,low_volatility|60d,low_volatility,60d,63,low_volatility_family_sensitivity,lower_tail,continuous_high_minus_low,market_neutral,True,63,ensemble,3,66.33333333333333,0.0,66.33333333333333,1.0,short,30,0.6333333333333333,0.03912092018924662,-0.23118608258203033,0.26870790094204855,0.4550611132439388,0.018268886355908398,0.20859480634483107,0.7666666666666667,7,True
short|low_volatility|60d|continuous_high_minus_low|unconstrained_beta|r1|ensemble,low_volatility|60d|continuous_high_minus_low|unconstrained_beta|r1|ensemble,low_volatility|60d,low_volatility,60d,63,low_volatility_family_sensitivity,lower_tail,continuous_high_minus_low,market_neutral,False,1,ensemble,1,4181.0,0.0,0.0,,short,30,0.36666666666666664,-0.045571447522266384,-0.3267412151216701,0.3727054844551483,-0.3589059795250233,-0.039759557438469484,-0.14949248694107675,0.4,8,True
short|low_volatility|60d|continuous_high_minus_low|unconstrained_beta|r21|ensemble,low_volatility|60d|continuous_high_minus_low|unconstrained_beta|r21|ensemble,low_volatility|60d,low_volatility,60d,63,low_volatility_family_sensitivity,lower_tail,continuous_high_minus_low,market_neutral,False,21,ensemble,3,199.33333333333334,0.0,0.0,,short,30,0.43333333333333335,-0.044926539366458074,-0.31796403030437936,0.4060946589354071,-0.15669398891755648,-0.022063379025713425,-0.0508489536666701,0.4,8,True
short|low_volatility|60d|continuous_high_minus_low|unconstrained_beta|r5|ensemble,low_volatility|60d|continuous_high_minus_low|unconstrained_beta|r5|ensemble,low_volatility|60d,low_volatility,60d,63,low_volatility_family_sensitivity,lower_tail,continuous_high_minus_low,market_neutral,False,5,ensemble,3,836.3333333333334,0.0,0.0,,short,30,0.36666666666666664,-0.051870183149806015,-0.3135673577612269,0.3842282194658182,-0.2029953878769117,-0.03178296526310498,-0.10312885843066691,0.4,8,True
short|low_volatility|60d|continuous_high_minus_low|unconstrained_beta|r63|ensemble,low_volatility|60d|continuous_high_minus_low|unconstrained_beta|r63|ensemble,low_volatility|60d,low_volatility,60d,63,low_volatility_family_sensitivity,lower_tail,continuous_high_minus_low,market_neutral,False,63,ensemble,3,66.33333333333333,0.0,0.0,,short,30,0.4666666666666667,-0.006219829143041367,-0.29494375164555764,0.3934285860554789,0.029005849797215648,-0.0069057219332344655,0.04100012827709563,0.36666666666666664,8,True
short|low_volatility|60d|long_q10|unconstrained_beta|r1|ensemble,low_volatility|60d|long_q10|unconstrained_beta|r1|ensemble,low_volatility|60d,low_volatility,60d,63,low_volatility_family_sensitivity,lower_tail,long_q10,long_only,False,1,ensemble,1,4181.0,0.0,0.0,,short,30,0.8333333333333334,0.10766655102547351,-0.04416394011970637,0.3404940533631651,0.8634298685414794,0.09906803024486766,0.660878653341637,1.0,0,True
short|low_volatility|60d|long_q10|unconstrained_beta|r21|ensemble,low_volatility|60d|long_q10|unconstrained_beta|r21|ensemble,low_volatility|60d,low_volatility,60d,63,low_volatility_family_sensitivity,lower_tail,long_q10,long_only,False,21,ensemble,3,199.33333333333334,0.0,0.0,,short,30,0.8666666666666667,0.1350104545695341,-0.05951242477359153,0.3632281229832055,1.107330222044801,0.11849868169500954,0.781716236411735,1.0,0,True
short|low_volatility|60d|long_q10|unconstrained_beta|r5|ensemble,low_volatility|60d|long_q10|unconstrained_beta|r5|ensemble,low_volatility|60d,low_volatility,60d,63,low_volatility_family_sensitivity,lower_tail,long_q10,long_only,False,5,ensemble,3,836.3333333333334,0.0,0.0,,short,30,0.8333333333333334,0.11407195699752193,-0.037087622302441225,0.34609949086925273,0.9803555953714496,0.11050559818580563,0.7370727207481024,1.0,0,True
short|low_volatility|60d|long_q10|unconstrained_beta|r63|ensemble,low_volatility|60d|long_q10|unconstrained_beta|r63|ensemble,low_volatility|60d,low_volatility,60d,63,low_volatility_family_sensitivity,lower_tail,long_q10,long_only,False,63,ensemble,3,66.33333333333333,0.0,0.0,,short,30,0.9333333333333333,0.13194278413720695,-0.11818742959781214,0.3801247277967814,0.9800925507099661,0.1225009340686316,0.7974828470933755,1.0,0,True
short|low_volatility|60d|long_q1|unconstrained_beta|r1|ensemble,low_volatility|60d|long_q1|unconstrained_beta|r1|ensemble,low_volatility|60d,low_volatility,60d,63,low_volatility_family_sensitivity,lower_tail,long_q1,long_only,False,1,ensemble,1,4181.0,0.0,0.0,,short,30,0.8333333333333334,0.23090259271970903,-0.508494900677995,1.320415119326864,0.9846043242327169,0.13796645161296572,0.5196795685898754,1.0,0,True
short|low_volatility|60d|long_q1|unconstrained_beta|r21|ensemble,low_volatility|60d|long_q1|unconstrained_beta|r21|ensemble,low_volatility|60d,low_volatility,60d,63,low_volatility_family_sensitivity,lower_tail,long_q1,long_only,False,21,ensemble,3,199.33333333333334,0.0,0.0,,short,30,0.8,0.24035971214315566,-0.48382101685171164,1.4010019764318558,1.0340522368616636,0.1675694816628006,0.6128412044043529,1.0,0,True
short|low_volatility|60d|long_q1|unconstrained_beta|r5|ensemble,low_volatility|60d|long_q1|unconstrained_beta|r5|ensemble,low_volatility|60d,low_volatility,60d,63,low_volatility_family_sensitivity,lower_tail,long_q1,long_only,False,5,ensemble,3,836.3333333333334,0.0,0.0,,short,30,0.8,0.25770808858244365,-0.4914674442365432,1.2735261332012415,1.0599437380705323,0.15953607265112502,0.5823442524183426,1.0,0,True
short|low_volatility|60d|long_q1|unconstrained_beta|r63|ensemble,low_volatility|60d|long_q1|unconstrained_beta|r63|ensemble,low_volatility|60d,low_volatility,60d,63,low_volatility_family_sensitivity,lower_tail,long_q1,long_only,False,63,ensemble,3,66.33333333333333,0.0,0.0,,short,30,0.8,0.22314105787975702,-0.4542693510905701,1.3928260697798547,0.9910259857013195,0.17619468509186986,0.6531778205558383,1.0,0,True
short|low_volatility|60d|middle_minus_q1|beta_neutral|r1|ensemble,low_volatility|60d|middle_minus_q1|beta_neutral|r1|ensemble,low_volatility|60d,low_volatility,60d,63,low_volatility_family_sensitivity,lower_tail,middle_minus_q1,market_neutral,True,1,ensemble,1,4181.0,0.0,4181.0,1.0,short,30,0.36666666666666664,-0.028270574615025967,-0.26269472428196905,0.6290377360323374,-0.2025334412277423,-0.026595077856298555,-0.13612532448285625,0.8333333333333334,5,True
short|low_volatility|60d|middle_minus_q1|beta_neutral|r21|ensemble,low_volatility|60d|middle_minus_q1|beta_neutral|r21|ensemble,low_volatility|60d,low_volatility,60d,63,low_volatility_family_sensitivity,lower_tail,middle_minus_q1,market_neutral,True,21,ensemble,3,199.33333333333334,0.0,199.33333333333334,1.0,short,30,0.4,-0.015123500418117664,-0.19446244389897172,0.7214763720411566,-0.05696628413537493,-0.009308099797799452,-0.008365837678237144,0.7333333333333333,9,True
short|low_volatility|60d|middle_minus_q1|beta_neutral|r5|ensemble,low_volatility|60d|middle_minus_q1|beta_neutral|r5|ensemble,low_volatility|60d,low_volatility,60d,63,low_volatility_family_sensitivity,lower_tail,middle_minus_q1,market_neutral,True,5,ensemble,3,836.3333333333334,0.0,836.3333333333334,1.0,short,30,0.3333333333333333,-0.05360036893283249,-0.22940693865942619,0.6192585722305224,-0.45344380601413475,-0.03635431854309423,-0.21564677484297673,0.7333333333333333,9,True
short|low_volatility|60d|middle_minus_q1|beta_neutral|r63|ensemble,low_volatility|60d|middle_minus_q1|beta_neutral|r63|ensemble,low_volatility|60d,low_volatility,60d,63,low_volatility_family_sensitivity,lower_tail,middle_minus_q1,market_neutral,True,63,ensemble,3,66.33333333333333,0.0,66.33333333333333,1.0,short,30,0.3333333333333333,-0.04208473671095997,-0.20346171173093797,0.9111674548304136,-0.20862716529336853,-0.02639773953746216,-0.13826353953050088,0.7,11,True
short|low_volatility|60d|middle_minus_q1|unconstrained_beta|r1|ensemble,low_volatility|60d|middle_minus_q1|unconstrained_beta|r1|ensemble,low_volatility|60d,low_volatility,60d,63,low_volatility_family_sensitivity,lower_tail,middle_minus_q1,market_neutral,False,1,ensemble,1,4181.0,0.0,0.0,,short,30,0.23333333333333334,-0.1085210665296284,-0.38872020624757364,1.0574386137410716,-0.846272893512704,-0.09182484842093197,-0.4217356308802963,0.36666666666666664,10,True
short|low_volatility|60d|middle_minus_q1|unconstrained_beta|r21|ensemble,low_volatility|60d|middle_minus_q1|unconstrained_beta|r21|ensemble,low_volatility|60d,low_volatility,60d,63,low_volatility_family_sensitivity,lower_tail,middle_minus_q1,market_neutral,False,21,ensemble,3,199.33333333333334,0.0,0.0,,short,30,0.3333333333333333,-0.07414428489043634,-0.3403863272050448,1.1686525836228356,-0.5522930378692815,-0.0340943426420689,-0.10135482866017874,0.36666666666666664,10,True
short|low_volatility|60d|middle_minus_q1|unconstrained_beta|r5|ensemble,low_volatility|60d|middle_minus_q1|unconstrained_beta|r5|ensemble,low_volatility|60d,low_volatility,60d,63,low_volatility_family_sensitivity,lower_tail,middle_minus_q1,market_neutral,False,5,ensemble,3,836.3333333333334,0.0,0.0,,short,30,0.36666666666666664,-0.06597107050500323,-0.3664253664237932,1.023982543847508,-0.5396822740456187,-0.04770244378607358,-0.17010690269809361,0.3333333333333333,12,True
short|low_volatility|60d|middle_minus_q1|unconstrained_beta|r63|ensemble,low_volatility|60d|middle_minus_q1|unconstrained_beta|r63|ensemble,low_volatility|60d,low_volatility,60d,63,low_volatility_family_sensitivity,lower_tail,middle_minus_q1,market_neutral,False,63,ensemble,3,66.33333333333333,0.0,0.0,,short,30,0.36666666666666664,-0.04191186508860906,-0.3646084368515713,1.407165010593165,-0.5037288607484202,-0.043469794629129366,-0.13992936559012067,0.26666666666666666,10,True
short|low_volatility|60d|q10_minus_middle|beta_neutral|r1|ensemble,low_volatility|60d|q10_minus_middle|beta_neutral|r1|ensemble,low_volatility|60d,low_volatility,60d,63,low_volatility_family_sensitivity,lower_tail,q10_minus_middle,market_neutral,True,1,ensemble,1,4181.0,0.0,4181.0,1.0,short,30,0.43333333333333335,-0.03641113088548187,-0.24926039102882924,0.25662099769960744,-0.4375378527786719,-0.03674266112727764,-0.3022485114276242,0.8333333333333334,6,True
short|low_volatility|60d|q10_minus_middle|beta_neutral|r21|ensemble,low_volatility|60d|q10_minus_middle|beta_neutral|r21|ensemble,low_volatility|60d,low_volatility,60d,63,low_volatility_family_sensitivity,lower_tail,q10_minus_middle,market_neutral,True,21,ensemble,3,199.33333333333334,0.0,199.33333333333334,1.0,short,30,0.5,0.0011315416465938477,-0.20512413129256457,0.32905194801350013,0.08400461390665087,0.00928187853784146,0.14008181144732554,0.8,6,True
short|low_volatility|60d|q10_minus_middle|beta_neutral|r5|ensemble,low_volatility|60d|q10_minus_middle|beta_neutral|r5|ensemble,low_volatility|60d,low_volatility,60d,63,low_volatility_family_sensitivity,lower_tail,q10_minus_middle,market_neutral,True,5,ensemble,3,836.3333333333334,0.0,836.3333333333334,1.0,short,30,0.4666666666666667,-0.018260719525429903,-0.23058604009249184,0.29471813071414776,-0.13480121221755706,-0.015876080271605253,-0.09818963141588957,0.8333333333333334,6,True
short|low_volatility|60d|q10_minus_middle|beta_neutral|r63|ensemble,low_volatility|60d|q10_minus_middle|beta_neutral|r63|ensemble,low_volatility|60d,low_volatility,60d,63,low_volatility_family_sensitivity,lower_tail,q10_minus_middle,market_neutral,True,63,ensemble,3,66.33333333333333,0.0,66.33333333333333,1.0,short,30,0.5,-0.002780664536230437,-0.1925859448559345,0.30314868432251885,0.05709658022867728,0.024478772705183838,0.2827932802181776,0.8666666666666667,6,True
short|low_volatility|60d|q10_minus_middle|unconstrained_beta|r1|ensemble,low_volatility|60d|q10_minus_middle|unconstrained_beta|r1|ensemble,low_volatility|60d,low_volatility,60d,63,low_volatility_family_sensitivity,lower_tail,q10_minus_middle,market_neutral,False,1,ensemble,1,4181.0,0.0,0.0,,short,30,0.2,-0.0948024569211584,-0.34514014466687626,0.21973611792290892,-0.940501322708318,-0.10096470585164463,-0.885237625260639,0.4666666666666667,10,True
short|low_volatility|60d|q10_minus_middle|unconstrained_beta|r21|ensemble,low_volatility|60d|q10_minus_middle|unconstrained_beta|r21|ensemble,low_volatility|60d,low_volatility,60d,63,low_volatility_family_sensitivity,lower_tail,q10_minus_middle,market_neutral,False,21,ensemble,3,199.33333333333334,0.0,0.0,,short,30,0.2,-0.06600382212693495,-0.311707607239765,0.2078488982083122,-0.6017163016412198,-0.07279100352744872,-0.6365891946766641,0.4666666666666667,10,True
short|low_volatility|60d|q10_minus_middle|unconstrained_beta|r5|ensemble,low_volatility|60d|q10_minus_middle|unconstrained_beta|r5|ensemble,low_volatility|60d,low_volatility,60d,63,low_volatility_family_sensitivity,lower_tail,q10_minus_middle,market_neutral,False,5,ensemble,3,836.3333333333334,0.0,0.0,,short,30,0.26666666666666666,-0.06596473611893972,-0.32377471823291015,0.21864142219706073,-0.7046599975907136,-0.06709893360569053,-0.562286026966267,0.4666666666666667,10,True
short|low_volatility|60d|q10_minus_middle|unconstrained_beta|r63|ensemble,low_volatility|60d|q10_minus_middle|unconstrained_beta|r63|ensemble,low_volatility|60d,low_volatility,60d,63,low_volatility_family_sensitivity,lower_tail,q10_minus_middle,market_neutral,False,63,ensemble,3,66.33333333333333,0.0,0.0,,short,30,0.23333333333333334,-0.04561448606371343,-0.30122628527135176,0.21166749619630232,-0.3582522969100096,-0.05063504834288668,-0.43757992004971447,0.5,10,True
short|low_volatility|60d|q10_minus_q1|beta_neutral|r1|ensemble,low_volatility|60d|q10_minus_q1|beta_neutral|r1|ensemble,low_volatility|60d,low_volatility,60d,63,low_volatility_family_sensitivity,lower_tail,q10_minus_q1,market_neutral,True,1,ensemble,1,4181.0,0.0,4181.0,1.0,short,30,0.5,-0.001152883597115184,-0.27013004356182513,0.4012623751092945,0.032291273321521194,-0.015032293010565079,0.011018400195970491,0.9333333333333333,2,True
short|low_volatility|60d|q10_minus_q1|beta_neutral|r21|ensemble,low_volatility|60d|q10_minus_q1|beta_neutral|r21|ensemble,low_volatility|60d,low_volatility,60d,63,low_volatility_family_sensitivity,lower_tail,q10_minus_q1,market_neutral,True,21,ensemble,3,199.33333333333334,0.0,199.33333333333334,1.0,short,30,0.5333333333333333,0.016442842537866986,-0.26205505502647264,0.46965857320056315,0.20958230830518865,0.0037607141936502053,0.11228337479082154,0.8666666666666667,4,True
short|low_volatility|60d|q10_minus_q1|beta_neutral|r5|ensemble,low_volatility|60d|q10_minus_q1|beta_neutral|r5|ensemble,low_volatility|60d,low_volatility,60d,63,low_volatility_family_sensitivity,lower_tail,q10_minus_q1,market_neutral,True,5,ensemble,3,836.3333333333334,0.0,836.3333333333334,1.0,short,30,0.4666666666666667,-0.034630312828305365,-0.27774113519960664,0.42902136708247807,0.03530321985049243,-0.021389262683559007,-0.024282056117709293,0.9,4,True
short|low_volatility|60d|q10_minus_q1|beta_neutral|r63|ensemble,low_volatility|60d|q10_minus_q1|beta_neutral|r63|ensemble,low_volatility|60d,low_volatility,60d,63,low_volatility_family_sensitivity,lower_tail,q10_minus_q1,market_neutral,True,63,ensemble,3,66.33333333333333,0.0,66.33333333333333,1.0,short,30,0.43333333333333335,-0.019401725622865296,-0.3099881862429221,0.4413811508544112,0.031432523353091615,-0.0058180784883210546,0.06048006524201847,0.8666666666666667,6,True
short|low_volatility|60d|q10_minus_q1|unconstrained_beta|r1|ensemble,low_volatility|60d|q10_minus_q1|unconstrained_beta|r1|ensemble,low_volatility|60d,low_volatility,60d,63,low_volatility_family_sensitivity,lower_tail,q10_minus_q1,market_neutral,False,1,ensemble,1,4181.0,0.0,0.0,,short,30,0.26666666666666666,-0.1430112398431424,-0.5140233310235475,0.8028336337009503,-0.6467699607008128,-0.12036219894626521,-0.3311074985310003,0.4666666666666667,8,True
short|low_volatility|60d|q10_minus_q1|unconstrained_beta|r21|ensemble,low_volatility|60d|q10_minus_q1|unconstrained_beta|r21|ensemble,low_volatility|60d,low_volatility,60d,63,low_volatility_family_sensitivity,lower_tail,q10_minus_q1,market_neutral,False,21,ensemble,3,199.33333333333334,0.0,0.0,,short,30,0.36666666666666664,-0.12062166001753932,-0.4967259282874077,0.9834758154790613,-0.4018704277749283,-0.0700091745395427,-0.13761328552112725,0.43333333333333335,8,True
short|low_volatility|60d|q10_minus_q1|unconstrained_beta|r5|ensemble,low_volatility|60d|q10_minus_q1|unconstrained_beta|r5|ensemble,low_volatility|60d,low_volatility,60d,63,low_volatility_family_sensitivity,lower_tail,q10_minus_q1,market_neutral,False,5,ensemble,3,836.3333333333334,0.0,0.0,,short,30,0.26666666666666666,-0.15674108784017748,-0.4940082955751588,0.8126866446560574,-0.5820491424471339,-0.12135524384031415,-0.33671756695137656,0.43333333333333335,10,True
short|low_volatility|60d|q10_minus_q1|unconstrained_beta|r63|ensemble,low_volatility|60d|q10_minus_q1|unconstrained_beta|r63|ensemble,low_volatility|60d,low_volatility,60d,63,low_volatility_family_sensitivity,lower_tail,q10_minus_q1,market_neutral,False,63,ensemble,3,66.33333333333333,0.0,0.0,,short,30,0.3333333333333333,-0.08892702452943019,-0.43721366111161564,1.0581597151378466,-0.32773417902836866,-0.10169177369791038,-0.24233988702539902,0.43333333333333335,10,True
short|low_volatility|90d|continuous_high_minus_low|beta_neutral|r1|ensemble,low_volatility|90d|continuous_high_minus_low|beta_neutral|r1|ensemble,low_volatility|90d,low_volatility,90d,63,low_volatility_family_sensitivity,lower_tail,continuous_high_minus_low,market_neutral,True,1,ensemble,1,4181.0,0.0,4181.0,1.0,short,30,0.4666666666666667,-0.0071144924568996015,-0.23400130037093847,0.25124047294087837,0.039307291841976115,0.0009505934344231637,0.07039426207811154,0.8333333333333334,5,True
short|low_volatility|90d|continuous_high_minus_low|beta_neutral|r21|ensemble,low_volatility|90d|continuous_high_minus_low|beta_neutral|r21|ensemble,low_volatility|90d,low_volatility,90d,63,low_volatility_family_sensitivity,lower_tail,continuous_high_minus_low,market_neutral,True,21,ensemble,3,199.33333333333334,0.0,199.33333333333334,1.0,short,30,0.5666666666666667,0.028953137416379504,-0.23021781048953205,0.2806174374777306,0.316796803900693,0.011428609026246983,0.15350299346720736,0.8,6,True
short|low_volatility|90d|continuous_high_minus_low|beta_neutral|r5|ensemble,low_volatility|90d|continuous_high_minus_low|beta_neutral|r5|ensemble,low_volatility|90d,low_volatility,90d,63,low_volatility_family_sensitivity,lower_tail,continuous_high_minus_low,market_neutral,True,5,ensemble,3,836.3333333333334,0.0,836.3333333333334,1.0,short,30,0.5,-0.003480840649596195,-0.22532658432098907,0.27332416457843434,0.037872183998984316,0.004938810833260643,0.10202802189977035,0.8333333333333334,4,True
short|low_volatility|90d|continuous_high_minus_low|beta_neutral|r63|ensemble,low_volatility|90d|continuous_high_minus_low|beta_neutral|r63|ensemble,low_volatility|90d,low_volatility,90d,63,low_volatility_family_sensitivity,lower_tail,continuous_high_minus_low,market_neutral,True,63,ensemble,3,66.33333333333333,0.0,66.33333333333333,1.0,short,30,0.5666666666666667,0.026956049184033493,-0.23804756588528064,0.27502786474414154,0.26740531664783834,0.009302911150405269,0.136492139309416,0.8,6,True
short|low_volatility|90d|continuous_high_minus_low|unconstrained_beta|r1|ensemble,low_volatility|90d|continuous_high_minus_low|unconstrained_beta|r1|ensemble,low_volatility|90d,low_volatility,90d,63,low_volatility_family_sensitivity,lower_tail,continuous_high_minus_low,market_neutral,False,1,ensemble,1,4181.0,0.0,0.0,,short,30,0.4,-0.03490367612267298,-0.3261103290125652,0.3547883403925747,-0.0997734911736776,-0.03290096712111701,-0.10568882009285649,0.4,8,True
short|low_volatility|90d|continuous_high_minus_low|unconstrained_beta|r21|ensemble,low_volatility|90d|continuous_high_minus_low|unconstrained_beta|r21|ensemble,low_volatility|90d,low_volatility,90d,63,low_volatility_family_sensitivity,lower_tail,continuous_high_minus_low,market_neutral,False,21,ensemble,3,199.33333333333334,0.0,0.0,,short,30,0.4666666666666667,-0.036691142711621494,-0.3047930290644705,0.40206045973089943,-0.04216983289116209,-0.019586916056745007,-0.03308657038722185,0.4,8,True
short|low_volatility|90d|continuous_high_minus_low|unconstrained_beta|r5|ensemble,low_volatility|90d|continuous_high_minus_low|unconstrained_beta|r5|ensemble,low_volatility|90d,low_volatility,90d,63,low_volatility_family_sensitivity,lower_tail,continuous_high_minus_low,market_neutral,False,5,ensemble,3,836.3333333333334,0.0,0.0,,short,30,0.4666666666666667,-0.03524632526508803,-0.3129926613872721,0.35121568022782745,-0.11417797422671623,-0.028468378219429713,-0.08081712346348266,0.4,8,True
short|low_volatility|90d|continuous_high_minus_low|unconstrained_beta|r63|ensemble,low_volatility|90d|continuous_high_minus_low|unconstrained_beta|r63|ensemble,low_volatility|90d,low_volatility,90d,63,low_volatility_family_sensitivity,lower_tail,continuous_high_minus_low,market_neutral,False,63,ensemble,3,66.33333333333333,0.0,0.0,,short,30,0.4666666666666667,-0.004356221587754006,-0.3241155894363189,0.43672711344595627,0.05001194450459355,-0.00870576030295156,0.033170791930969376,0.4,8,True
short|low_volatility|90d|long_q10|unconstrained_beta|r1|ensemble,low_volatility|90d|long_q10|unconstrained_beta|r1|ensemble,low_volatility|90d,low_volatility,90d,63,low_volatility_family_sensitivity,lower_tail,long_q10,long_only,False,1,ensemble,1,4181.0,0.0,0.0,,short,30,0.8,0.11668270870574848,-0.05270238962773266,0.38823390057034235,0.9462117740829077,0.11100799923348115,0.7422293025918505,1.0,0,True
short|low_volatility|90d|long_q10|unconstrained_beta|r21|ensemble,low_volatility|90d|long_q10|unconstrained_beta|r21|ensemble,low_volatility|90d,low_volatility,90d,63,low_volatility_family_sensitivity,lower_tail,long_q10,long_only,False,21,ensemble,3,199.33333333333334,0.0,0.0,,short,30,0.8333333333333334,0.1204931451179524,-0.06823430575373857,0.3933173353630164,1.0751943456688628,0.11975954577670977,0.7879419520873852,1.0,0,True
short|low_volatility|90d|long_q10|unconstrained_beta|r5|ensemble,low_volatility|90d|long_q10|unconstrained_beta|r5|ensemble,low_volatility|90d,low_volatility,90d,63,low_volatility_family_sensitivity,lower_tail,long_q10,long_only,False,5,ensemble,3,836.3333333333334,0.0,0.0,,short,30,0.8666666666666667,0.12883183776802065,-0.04568595612786597,0.3871644384621509,0.9834459262073989,0.11881757324604414,0.7921691010046138,1.0,0,True
short|low_volatility|90d|long_q10|unconstrained_beta|r63|ensemble,low_volatility|90d|long_q10|unconstrained_beta|r63|ensemble,low_volatility|90d,low_volatility,90d,63,low_volatility_family_sensitivity,lower_tail,long_q10,long_only,False,63,ensemble,3,66.33333333333333,0.0,0.0,,short,30,0.8,0.1305515147725902,-0.1342123682770342,0.39042752596827257,1.0765528613701614,0.11755917034429064,0.7569038565819881,1.0,0,True
short|low_volatility|90d|long_q1|unconstrained_beta|r1|ensemble,low_volatility|90d|long_q1|unconstrained_beta|r1|ensemble,low_volatility|90d,low_volatility,90d,63,low_volatility_family_sensitivity,lower_tail,long_q1,long_only,False,1,ensemble,1,4181.0,0.0,0.0,,short,30,0.8333333333333334,0.2377357420652686,-0.4989194276920371,1.2830019491336286,0.9282487362974511,0.15422534019926926,0.5647376562163153,1.0,0,True
short|low_volatility|90d|long_q1|unconstrained_beta|r21|ensemble,low_volatility|90d|long_q1|unconstrained_beta|r21|ensemble,low_volatility|90d,low_volatility,90d,63,low_volatility_family_sensitivity,lower_tail,long_q1,long_only,False,21,ensemble,3,199.33333333333334,0.0,0.0,,short,30,0.8,0.2453600710076833,-0.4256507077803906,1.2397761452822018,0.9137200067049308,0.16564878411152217,0.6060717670698659,1.0,0,True
short|low_volatility|90d|long_q1|unconstrained_beta|r5|ensemble,low_volatility|90d|long_q1|unconstrained_beta|r5|ensemble,low_volatility|90d,low_volatility,90d,63,low_volatility_family_sensitivity,lower_tail,long_q1,long_only,False,5,ensemble,3,836.3333333333334,0.0,0.0,,short,30,0.8333333333333334,0.24325124168006917,-0.46928635445879296,1.2252967472431764,0.9398366413610555,0.16770766030361983,0.6045057693070598,1.0,0,True
short|low_volatility|90d|long_q1|unconstrained_beta|r63|ensemble,low_volatility|90d|long_q1|unconstrained_beta|r63|ensemble,low_volatility|90d,low_volatility,90d,63,low_volatility_family_sensitivity,lower_tail,long_q1,long_only,False,63,ensemble,3,66.33333333333333,0.0,0.0,,short,30,0.8,0.21053787645916466,-0.41477364166843045,1.1853206930618447,0.8030064459195176,0.16525885764763149,0.6167721153839107,1.0,0,True
short|low_volatility|90d|middle_minus_q1|beta_neutral|r1|ensemble,low_volatility|90d|middle_minus_q1|beta_neutral|r1|ensemble,low_volatility|90d,low_volatility,90d,63,low_volatility_family_sensitivity,lower_tail,middle_minus_q1,market_neutral,True,1,ensemble,1,4181.0,0.0,4181.0,1.0,short,30,0.3,-0.05768211951519309,-0.24043790038477186,0.6860611985249394,-0.39765112531357727,-0.03449931216749891,-0.19741281968589372,0.6666666666666666,9,True
short|low_volatility|90d|middle_minus_q1|beta_neutral|r21|ensemble,low_volatility|90d|middle_minus_q1|beta_neutral|r21|ensemble,low_volatility|90d,low_volatility,90d,63,low_volatility_family_sensitivity,lower_tail,middle_minus_q1,market_neutral,True,21,ensemble,3,199.33333333333334,0.0,199.33333333333334,1.0,short,30,0.3333333333333333,-0.07050725391834256,-0.2113265283250474,0.6428983708023617,-0.40929812653226527,-0.034690479312530886,-0.20820870423592075,0.6333333333333333,11,True
short|low_volatility|90d|middle_minus_q1|beta_neutral|r5|ensemble,low_volatility|90d|middle_minus_q1|beta_neutral|r5|ensemble,low_volatility|90d,low_volatility,90d,63,low_volatility_family_sensitivity,lower_tail,middle_minus_q1,market_neutral,True,5,ensemble,3,836.3333333333334,0.0,836.3333333333334,1.0,short,30,0.26666666666666666,-0.0855113932322783,-0.21879004372533728,0.6601624184849773,-0.6472538820281841,-0.04709292264248188,-0.29968391468078176,0.5666666666666667,11,True
short|low_volatility|90d|middle_minus_q1|beta_neutral|r63|ensemble,low_volatility|90d|middle_minus_q1|beta_neutral|r63|ensemble,low_volatility|90d,low_volatility,90d,63,low_volatility_family_sensitivity,lower_tail,middle_minus_q1,market_neutral,True,63,ensemble,3,66.33333333333333,0.0,66.33333333333333,1.0,short,30,0.4,-0.02425447005819581,-0.19172117279193857,0.7575293923443274,-0.07576567197167194,-0.0062735845820797165,0.01899639266617353,0.7666666666666667,9,True
short|low_volatility|90d|middle_minus_q1|unconstrained_beta|r1|ensemble,low_volatility|90d|middle_minus_q1|unconstrained_beta|r1|ensemble,low_volatility|90d,low_volatility,90d,63,low_volatility_family_sensitivity,lower_tail,middle_minus_q1,market_neutral,False,1,ensemble,1,4181.0,0.0,0.0,,short,30,0.36666666666666664,-0.06682775109986011,-0.2987422977061496,1.0904674394654577,-0.2204846377591504,-0.032176040284756735,-0.08042105717001377,0.2,8,True
short|low_volatility|90d|middle_minus_q1|unconstrained_beta|r21|ensemble,low_volatility|90d|middle_minus_q1|unconstrained_beta|r21|ensemble,low_volatility|90d,low_volatility,90d,63,low_volatility_family_sensitivity,lower_tail,middle_minus_q1,market_neutral,False,21,ensemble,3,199.33333333333334,0.0,0.0,,short,30,0.36666666666666664,-0.0739267209191114,-0.29987495792985197,1.0421989773933147,-0.2817714773607266,-0.028358151781912255,-0.06630495960573932,0.23333333333333334,10,True
short|low_volatility|90d|middle_minus_q1|unconstrained_beta|r5|ensemble,low_volatility|90d|middle_minus_q1|unconstrained_beta|r5|ensemble,low_volatility|90d,low_volatility,90d,63,low_volatility_family_sensitivity,lower_tail,middle_minus_q1,market_neutral,False,5,ensemble,3,836.3333333333334,0.0,0.0,,short,30,0.4,-0.043671489062281466,-0.3059875809579057,1.045628036823699,-0.2793122387891284,-0.015199684876913255,0.011474751841566988,0.2,8,True
short|low_volatility|90d|middle_minus_q1|unconstrained_beta|r63|ensemble,low_volatility|90d|middle_minus_q1|unconstrained_beta|r63|ensemble,low_volatility|90d,low_volatility,90d,63,low_volatility_family_sensitivity,lower_tail,middle_minus_q1,market_neutral,False,63,ensemble,3,66.33333333333333,0.0,0.0,,short,30,0.36666666666666664,-0.04016336194939607,-0.3274257514137787,1.1422428766110007,-0.3132339905520043,-0.04207024027797657,-0.126170103825338,0.26666666666666666,10,True
short|low_volatility|90d|q10_minus_middle|beta_neutral|r1|ensemble,low_volatility|90d|q10_minus_middle|beta_neutral|r1|ensemble,low_volatility|90d,low_volatility,90d,63,low_volatility_family_sensitivity,lower_tail,q10_minus_middle,market_neutral,True,1,ensemble,1,4181.0,0.0,4181.0,1.0,short,30,0.5333333333333333,0.01609212261439208,-0.15496829149031544,0.30790189386293343,0.21334831417686867,0.018292849992967097,0.22189167980012892,0.9,4,True
short|low_volatility|90d|q10_minus_middle|beta_neutral|r21|ensemble,low_volatility|90d|q10_minus_middle|beta_neutral|r21|ensemble,low_volatility|90d,low_volatility,90d,63,low_volatility_family_sensitivity,lower_tail,q10_minus_middle,market_neutral,True,21,ensemble,3,199.33333333333334,0.0,199.33333333333334,1.0,short,30,0.5,0.004620719743535895,-0.18864157593156516,0.34113575682126807,0.0699981524492355,0.023175635348465784,0.2631408787857562,0.8666666666666667,6,True
short|low_volatility|90d|q10_minus_middle|beta_neutral|r5|ensemble,low_volatility|90d|q10_minus_middle|beta_neutral|r5|ensemble,low_volatility|90d,low_volatility,90d,63,low_volatility_family_sensitivity,lower_tail,q10_minus_middle,market_neutral,True,5,ensemble,3,836.3333333333334,0.0,836.3333333333334,1.0,short,30,0.5666666666666667,0.040836532939341974,-0.13742314841365266,0.3022834729717341,0.35868048674489295,0.03504549582896632,0.37182116329913234,0.9,4,True
short|low_volatility|90d|q10_minus_middle|beta_neutral|r63|ensemble,low_volatility|90d|q10_minus_middle|beta_neutral|r63|ensemble,low_volatility|90d,low_volatility,90d,63,low_volatility_family_sensitivity,lower_tail,q10_minus_middle,market_neutral,True,63,ensemble,3,66.33333333333333,0.0,66.33333333333333,1.0,short,30,0.4666666666666667,-0.019740222882628222,-0.18437232319514807,0.36565206029577135,-0.11655734793629638,0.02308717341687805,0.2555069291533526,0.8666666666666667,6,True
short|low_volatility|90d|q10_minus_middle|unconstrained_beta|r1|ensemble,low_volatility|90d|q10_minus_middle|unconstrained_beta|r1|ensemble,low_volatility|90d,low_volatility,90d,63,low_volatility_family_sensitivity,lower_tail,q10_minus_middle,market_neutral,False,1,ensemble,1,4181.0,0.0,0.0,,short,30,0.13333333333333333,-0.09425511527933667,-0.31721855105145547,0.177217449185612,-0.9258471520127577,-0.09468919342854054,-0.8066509766051742,0.5,10,True
short|low_volatility|90d|q10_minus_middle|unconstrained_beta|r21|ensemble,low_volatility|90d|q10_minus_middle|unconstrained_beta|r21|ensemble,low_volatility|90d,low_volatility,90d,63,low_volatility_family_sensitivity,lower_tail,q10_minus_middle,market_neutral,False,21,ensemble,3,199.33333333333334,0.0,0.0,,short,30,0.23333333333333334,-0.07811444535176898,-0.3007881811852292,0.216422936801419,-0.5707128605406893,-0.06675377750527778,-0.5592312159668323,0.5,10,True
short|low_volatility|90d|q10_minus_middle|unconstrained_beta|r5|ensemble,low_volatility|90d|q10_minus_middle|unconstrained_beta|r5|ensemble,low_volatility|90d,low_volatility,90d,63,low_volatility_family_sensitivity,lower_tail,q10_minus_middle,market_neutral,False,5,ensemble,3,836.3333333333334,0.0,0.0,,short,30,0.2,-0.05510747932387777,-0.31937715032328184,0.19553955344902207,-0.5220829754314205,-0.07227963640471224,-0.5978573675571118,0.4666666666666667,8,True
short|low_volatility|90d|q10_minus_middle|unconstrained_beta|r63|ensemble,low_volatility|90d|q10_minus_middle|unconstrained_beta|r63|ensemble,low_volatility|90d,low_volatility,90d,63,low_volatility_family_sensitivity,lower_tail,q10_minus_middle,market_neutral,False,63,ensemble,3,66.33333333333333,0.0,0.0,,short,30,0.2,-0.07220138100632068,-0.2848767666505976,0.2649937219160221,-0.621900225962579,-0.06569083670615528,-0.5666728980381522,0.5,10,True
short|low_volatility|90d|q10_minus_q1|beta_neutral|r1|ensemble,low_volatility|90d|q10_minus_q1|beta_neutral|r1|ensemble,low_volatility|90d,low_volatility,90d,63,low_volatility_family_sensitivity,lower_tail,q10_minus_q1,market_neutral,True,1,ensemble,1,4181.0,0.0,4181.0,1.0,short,30,0.4666666666666667,-0.01953241787056642,-0.2265096806924285,0.40323121875896417,-0.1297523696268787,0.0049885781888501235,0.11998728111876965,0.9333333333333333,2,True
short|low_volatility|90d|q10_minus_q1|beta_neutral|r21|ensemble,low_volatility|90d|q10_minus_q1|beta_neutral|r21|ensemble,low_volatility|90d,low_volatility,90d,63,low_volatility_family_sensitivity,lower_tail,q10_minus_q1,market_neutral,True,21,ensemble,3,199.33333333333334,0.0,199.33333333333334,1.0,short,30,0.5,0.00048266329413754194,-0.2825305995028694,0.44532307517995706,0.08882132351851521,-0.0007418967954623268,0.08905364878780533,0.8666666666666667,4,True
short|low_volatility|90d|q10_minus_q1|beta_neutral|r5|ensemble,low_volatility|90d|q10_minus_q1|beta_neutral|r5|ensemble,low_volatility|90d,low_volatility,90d,63,low_volatility_family_sensitivity,lower_tail,q10_minus_q1,market_neutral,True,5,ensemble,3,836.3333333333334,0.0,836.3333333333334,1.0,short,30,0.4,-0.03115647279743372,-0.29659085996634527,0.40570139029590546,-0.049000908860249326,-0.004053228513774987,0.07144314939537005,0.9,4,True
short|low_volatility|90d|q10_minus_q1|beta_neutral|r63|ensemble,low_volatility|90d|q10_minus_q1|beta_neutral|r63|ensemble,low_volatility|90d,low_volatility,90d,63,low_volatility_family_sensitivity,lower_tail,q10_minus_q1,market_neutral,True,63,ensemble,3,66.33333333333333,0.0,66.33333333333333,1.0,short,30,0.5,-0.00669133184605375,-0.3074108145354971,0.4830866705918788,0.08524455411634543,0.0029819060011617715,0.1120075987278137,0.8666666666666667,4,True
short|low_volatility|90d|q10_minus_q1|unconstrained_beta|r1|ensemble,low_volatility|90d|q10_minus_q1|unconstrained_beta|r1|ensemble,low_volatility|90d,low_volatility,90d,63,low_volatility_family_sensitivity,lower_tail,q10_minus_q1,market_neutral,False,1,ensemble,1,4181.0,0.0,0.0,,short,30,0.3333333333333333,-0.10428799776838804,-0.48894411186546805,0.758626219936146,-0.46977889742058715,-0.11386849233008378,-0.2993101393280546,0.4,8,True
short|low_volatility|90d|q10_minus_q1|unconstrained_beta|r21|ensemble,low_volatility|90d|q10_minus_q1|unconstrained_beta|r21|ensemble,low_volatility|90d,low_volatility,90d,63,low_volatility_family_sensitivity,lower_tail,q10_minus_q1,market_neutral,False,21,ensemble,3,199.33333333333334,0.0,0.0,,short,30,0.36666666666666664,-0.10537662159612848,-0.4755982691414886,0.8100403915770269,-0.45392169327501164,-0.11382228027438046,-0.3117728990782036,0.43333333333333335,10,True
short|low_volatility|90d|q10_minus_q1|unconstrained_beta|r5|ensemble,low_volatility|90d|q10_minus_q1|unconstrained_beta|r5|ensemble,low_volatility|90d,low_volatility,90d,63,low_volatility_family_sensitivity,lower_tail,q10_minus_q1,market_neutral,False,5,ensemble,3,836.3333333333334,0.0,0.0,,short,30,0.43333333333333335,-0.08628242888867121,-0.46578280270692374,0.7434251203372422,-0.21568982443938522,-0.06636718914287143,-0.1113165536506647,0.3333333333333333,8,True
short|low_volatility|90d|q10_minus_q1|unconstrained_beta|r63|ensemble,low_volatility|90d|q10_minus_q1|unconstrained_beta|r63|ensemble,low_volatility|90d,low_volatility,90d,63,low_volatility_family_sensitivity,lower_tail,q10_minus_q1,market_neutral,False,63,ensemble,3,66.33333333333333,0.0,0.0,,short,30,0.4,-0.08796326314647601,-0.4793096462512999,0.8152825121984286,-0.3807113959623466,-0.09375393785201147,-0.2012825550113115,0.4,10,True
