path_key,factor_key,family,variant,selection_horizon,selection_evidence,selection_pattern,method,portfolio_type,beta_neutral,rebalance_days,calendar_offset,phase_count,successful_rebalances,skipped_rebalances,beta_neutral_attempts,beta_neutral_success_rate,transaction_cost_bps,sharpe_basis,observations,annualized_return,annualized_volatility,sharpe,maximum_drawdown,positive_month_rate,positive_year_rate,annualized_alpha,alpha_hac_tstat,regression_beta,average_estimated_beta,maximum_absolute_estimated_beta,average_gross_exposure,average_net_exposure,annualized_turnover,annualized_cost_drag,unpriced_weight_days,maximum_unpriced_weight,average_maximum_sector_exposure,maximum_sector_exposure,average_unknown_sector_weight,average_holding_count,minimum_holding_count,maximum_position_weight
liquidity_change|liq_20d_252d|continuous_high_minus_low|unconstrained_beta|r1|ensemble,liquidity_change|liq_20d_252d,liquidity_change,liq_20d_252d,252,upper_tail_exploratory_lead,upper_tail,continuous_high_minus_low,market_neutral,False,1,ensemble,1,4181.0,0.0,0.0,,0,self_financing_spread_return,4181,-0.017770736589865943,0.07333845092906432,-0.2076263661272447,-0.3207594327538805,0.46,0.4117647058823529,0.003460818960803906,0.2166392023540029,-0.12574169218796988,-0.04655593776892617,0.41224781179171355,2.0,-1.2555066343711595e-18,55.64355354394387,0.0,0,0.0,,,,418.3075819182014,335.0,0.011940191473340744
liquidity_change|liq_20d_252d|continuous_high_minus_low|unconstrained_beta|r1|ensemble,liquidity_change|liq_20d_252d,liquidity_change,liq_20d_252d,252,upper_tail_exploratory_lead,upper_tail,continuous_high_minus_low,market_neutral,False,1,ensemble,1,4181.0,0.0,0.0,,5,self_financing_spread_return,4181,-0.04472299975762406,0.0733291159971885,-0.5870421050192056,-0.5634102561729555,0.395,0.23529411764705882,-0.024361798778080517,-1.5245129184965398,-0.1257259797810769,-0.04655593776892617,0.41224781179171355,2.0,-1.2555066343711595e-18,55.64355354394387,0.027821776771971934,0,0.0,,,,418.3075819182014,335.0,0.011940191473340744
liquidity_change|liq_20d_252d|continuous_high_minus_low|unconstrained_beta|r1|ensemble,liquidity_change|liq_20d_252d,liquidity_change,liq_20d_252d,252,upper_tail_exploratory_lead,upper_tail,continuous_high_minus_low,market_neutral,False,1,ensemble,1,4181.0,0.0,0.0,,10,self_financing_spread_return,4181,-0.07093870481008624,0.07332204547732811,-0.9665246066612322,-0.7196806983949698,0.355,0.17647058823529413,-0.05218441651696533,-3.2643452785338423,-0.12571026737418398,-0.04655593776892617,0.41224781179171355,2.0,-1.2555066343711595e-18,55.64355354394387,0.05564355354394387,0,0.0,,,,418.3075819182014,335.0,0.011940191473340744
liquidity_change|liq_20d_252d|continuous_high_minus_low|unconstrained_beta|r1|ensemble,liquidity_change|liq_20d_252d,liquidity_change,liq_20d_252d,252,upper_tail_exploratory_lead,upper_tail,continuous_high_minus_low,market_neutral,False,1,ensemble,1,4181.0,0.0,0.0,,25,self_financing_spread_return,4181,-0.14536423615924154,0.07331442589221765,-2.105021036959465,-0.9264973236174835,0.24,0.0,-0.13565226973361857,-8.472333277094966,-0.12566313015350541,-0.04655593776892617,0.41224781179171355,2.0,-1.2555066343711595e-18,55.64355354394387,0.13910888385985964,0,0.0,,,,418.3075819182014,335.0,0.011940191473340744
liquidity_change|liq_20d_252d|continuous_high_minus_low|unconstrained_beta|r5|ensemble,liquidity_change|liq_20d_252d,liquidity_change,liq_20d_252d,252,upper_tail_exploratory_lead,upper_tail,continuous_high_minus_low,market_neutral,False,5,ensemble,3,836.3333333333334,0.0,0.0,,0,self_financing_spread_return,4181,-0.014475277741434533,0.07250446542266882,-0.16468782220362993,-0.27981745731679,0.49,0.4117647058823529,0.005082454980594679,0.3201717505693377,-0.11454030620083676,-0.047211867095543134,0.39429446263931406,2.0017695675668388,-0.00022939929776296918,38.882410638711136,0.0,6,0.01316925749304291,,,,418.00374710994174,111.66666666666667,0.016196720010999376
liquidity_change|liq_20d_252d|continuous_high_minus_low|unconstrained_beta|r5|ensemble,liquidity_change|liq_20d_252d,liquidity_change,liq_20d_252d,252,upper_tail_exploratory_lead,upper_tail,continuous_high_minus_low,market_neutral,False,5,ensemble,3,836.3333333333334,0.0,0.0,,5,self_financing_spread_return,4181,-0.03345125761022083,0.07250752529123136,-0.4327933969387522,-0.4663651646245225,0.45,0.23529411764705882,-0.014341054360785198,-0.9036293083826369,-0.11465244620198607,-0.047211867095543134,0.39429446263931406,2.0017695675668388,-0.00022939929776296918,38.882410638711136,0.019441205319355566,6,0.01316925749304291,,,,418.00374710994174,111.66666666666667,0.016196720010999376
liquidity_change|liq_20d_252d|continuous_high_minus_low|unconstrained_beta|r5|ensemble,liquidity_change|liq_20d_252d,liquidity_change,liq_20d_252d,252,upper_tail_exploratory_lead,upper_tail,continuous_high_minus_low,market_neutral,False,5,ensemble,3,836.3333333333334,0.0,0.0,,10,self_financing_spread_return,4181,-0.05206428358965609,0.07252514249194122,-0.7007356634146226,-0.6086610283702176,0.375,0.23529411764705882,-0.03376456370216433,-2.127825631756516,-0.11476458620313519,-0.047211867095543134,0.39429446263931406,2.0017695675668388,-0.00022939929776296918,38.882410638711136,0.03888241063871113,6,0.01316925749304291,,,,418.00374710994174,111.66666666666667,0.016196720010999376
liquidity_change|liq_20d_252d|continuous_high_minus_low|unconstrained_beta|r5|ensemble,liquidity_change|liq_20d_252d,liquidity_change,liq_20d_252d,252,upper_tail_exploratory_lead,upper_tail,continuous_high_minus_low,market_neutral,False,5,ensemble,3,836.3333333333334,0.0,0.0,,25,self_financing_spread_return,4181,-0.10579394882864579,0.07266518846220213,-1.501977537522682,-0.8460647474458486,0.285,0.058823529411764705,-0.09203509172630306,-5.799901044583824,-0.1151010062065832,-0.047211867095543134,0.39429446263931406,2.0017695675668388,-0.00022939929776296918,38.882410638711136,0.09720602659677784,6,0.01316925749304291,,,,418.00374710994174,111.66666666666667,0.016196720010999376
liquidity_change|liq_20d_252d|continuous_high_minus_low|unconstrained_beta|r21|ensemble,liquidity_change|liq_20d_252d,liquidity_change,liq_20d_252d,252,upper_tail_exploratory_lead,upper_tail,continuous_high_minus_low,market_neutral,False,21,ensemble,3,199.33333333333334,0.0,0.0,,0,self_financing_spread_return,4181,-0.007348126877519179,0.0690492070185408,-0.07214483983673602,-0.21897250968623394,0.52,0.35294117647058826,0.007748255748308205,0.5061074148083451,-0.08565295392187158,-0.04892054661528083,0.41948541440749043,2.0052906472826693,-0.00023963674030987817,24.490523367699208,0.0,8,0.014830269482343943,,,,416.8053097345133,111.66666666666667,0.01916063341645764
liquidity_change|liq_20d_252d|continuous_high_minus_low|unconstrained_beta|r21|ensemble,liquidity_change|liq_20d_252d,liquidity_change,liq_20d_252d,252,upper_tail_exploratory_lead,upper_tail,continuous_high_minus_low,market_neutral,False,21,ensemble,3,199.33333333333334,0.0,0.0,,5,self_financing_spread_return,4181,-0.019431339866911812,0.06908259824426666,-0.24935141032974656,-0.35265770970343147,0.505,0.29411764705882354,-0.004487435142665042,-0.29290933219439935,-0.08571087607394115,-0.04892054661528083,0.41948541440749043,2.0052906472826693,-0.00023963674030987817,24.490523367699208,0.012245261683849604,8,0.014830269482343943,,,,416.8053097345133,111.66666666666667,0.01916063341645764
liquidity_change|liq_20d_252d|continuous_high_minus_low|unconstrained_beta|r21|ensemble,liquidity_change|liq_20d_252d,liquidity_change,liq_20d_252d,252,upper_tail_exploratory_lead,upper_tail,continuous_high_minus_low,market_neutral,False,21,ensemble,3,199.33333333333334,0.0,0.0,,10,self_financing_spread_return,4181,-0.03137152095372042,0.06916784996601491,-0.4260670620263011,-0.4646099608287846,0.485,0.29411764705882354,-0.0167231260336382,-1.0899765728825845,-0.08576879822601062,-0.04892054661528083,0.41948541440749043,2.0052906472826693,-0.00023963674030987817,24.490523367699208,0.024490523367699208,8,0.014830269482343943,,,,416.8053097345133,111.66666666666667,0.01916063341645764
liquidity_change|liq_20d_252d|continuous_high_minus_low|unconstrained_beta|r21|ensemble,liquidity_change|liq_20d_252d,liquidity_change,liq_20d_252d,252,upper_tail_exploratory_lead,upper_tail,continuous_high_minus_low,market_neutral,False,21,ensemble,3,199.33333333333334,0.0,0.0,,25,self_financing_spread_return,4181,-0.06635023236928839,0.06973228754218516,-0.9493886249232872,-0.6973157354940338,0.375,0.11764705882352941,-0.053430198706557575,-3.4516536988348667,-0.08594256468221922,-0.04892054661528083,0.41948541440749043,2.0052906472826693,-0.00023963674030987817,24.490523367699208,0.06122630841924802,8,0.014830269482343943,,,,416.8053097345133,111.66666666666667,0.01916063341645764
liquidity_change|liq_20d_252d|continuous_high_minus_low|unconstrained_beta|r63|ensemble,liquidity_change|liq_20d_252d,liquidity_change,liq_20d_252d,252,upper_tail_exploratory_lead,upper_tail,continuous_high_minus_low,market_neutral,False,63,ensemble,3,66.33333333333333,0.0,0.0,,0,self_financing_spread_return,4181,-0.00643386057362616,0.06274803174368675,-0.07143379406337574,-0.21864114742343554,0.48,0.47058823529411764,0.005514726605645285,0.38477666381876713,-0.06726558508864935,-0.059601174478066545,0.4057200047922685,2.021705941278415,-0.0004098802377308586,9.02602460880018,0.0,4,0.008163278168518565,,,,413.81974009407634,111.66666666666667,0.022649260263683677
liquidity_change|liq_20d_252d|continuous_high_minus_low|unconstrained_beta|r63|ensemble,liquidity_change|liq_20d_252d,liquidity_change,liq_20d_252d,252,upper_tail_exploratory_lead,upper_tail,continuous_high_minus_low,market_neutral,False,63,ensemble,3,66.33333333333333,0.0,0.0,,5,self_financing_spread_return,4181,-0.010908570937247508,0.062767618883906,-0.14330297508961512,-0.2654453186318648,0.48,0.47058823529411764,0.001005516134874883,0.07016359334090612,-0.06728742644516825,-0.059601174478066545,0.4057200047922685,2.021705941278415,-0.0004098802377308586,9.02602460880018,0.00451301230440009,4,0.008163278168518565,,,,413.81974009407634,111.66666666666667,0.022649260263683677
liquidity_change|liq_20d_252d|continuous_high_minus_low|unconstrained_beta|r63|ensemble,liquidity_change|liq_20d_252d,liquidity_change,liq_20d_252d,252,upper_tail_exploratory_lead,upper_tail,continuous_high_minus_low,market_neutral,False,63,ensemble,3,66.33333333333333,0.0,0.0,,10,self_financing_spread_return,4181,-0.015364796043185858,0.06281285755022625,-0.2150394616651279,-0.31179442272650215,0.465,0.29411764705882354,-0.0035036943358955535,-0.2443489838342058,-0.06730926780168714,-0.059601174478066545,0.4057200047922685,2.021705941278415,-0.0004098802377308586,9.02602460880018,0.00902602460880018,4,0.008163278168518565,,,,413.81974009407634,111.66666666666667,0.022649260263683677
liquidity_change|liq_20d_252d|continuous_high_minus_low|unconstrained_beta|r63|ensemble,liquidity_change|liq_20d_252d,liquidity_change,liq_20d_252d,252,upper_tail_exploratory_lead,upper_tail,continuous_high_minus_low,market_neutral,False,63,ensemble,3,66.33333333333333,0.0,0.0,,25,self_financing_spread_return,4181,-0.028623253469569176,0.06310177459597603,-0.4285871972712473,-0.4388116168795386,0.445,0.23529411764705882,-0.01703132574820672,-1.1813340991935681,-0.06737479187124375,-0.059601174478066545,0.4057200047922685,2.021705941278415,-0.0004098802377308586,9.02602460880018,0.022565061522000447,4,0.008163278168518565,,,,413.81974009407634,111.66666666666667,0.022649260263683677
liquidity_change|liq_20d_252d|continuous_high_minus_low|beta_neutral|r1|ensemble,liquidity_change|liq_20d_252d,liquidity_change,liq_20d_252d,252,upper_tail_exploratory_lead,upper_tail,continuous_high_minus_low,market_neutral,True,1,ensemble,1,4181.0,0.0,4181.0,1.0,0,self_financing_spread_return,4181,-0.001472298705164854,0.06656487287154088,0.011299810708920185,-0.20235863279417876,0.48,0.47058823529411764,0.006726411371659277,0.44956253576257393,-0.040197912937658675,-5.707036931849074e-19,6.036837696399289e-16,2.0,0.04590437139907518,55.72385502552808,0.0,0,0.0,,,,418.3075819182014,335.0,0.01427225786266247
liquidity_change|liq_20d_252d|continuous_high_minus_low|beta_neutral|r1|ensemble,liquidity_change|liq_20d_252d,liquidity_change,liq_20d_252d,252,upper_tail_exploratory_lead,upper_tail,continuous_high_minus_low,market_neutral,True,1,ensemble,1,4181.0,0.0,4181.0,1.0,5,self_financing_spread_return,4181,-0.028910784872787088,0.06655431512869026,-0.40733865271945885,-0.4342969139598284,0.42,0.17647058823529413,-0.021136971258336527,-1.4123971875596495,-0.04019073284979215,-5.707036931849074e-19,6.036837696399289e-16,2.0,0.04590437139907518,55.72385502552808,0.027861927512764045,0,0.0,,,,418.3075819182014,335.0,0.01427225786266247
liquidity_change|liq_20d_252d|continuous_high_minus_low|beta_neutral|r1|ensemble,liquidity_change|liq_20d_252d,liquidity_change,liq_20d_252d,252,upper_tail_exploratory_lead,upper_tail,continuous_high_minus_low,market_neutral,True,1,ensemble,1,4181.0,0.0,4181.0,1.0,10,self_financing_spread_return,4181,-0.05559835871432539,0.06654627820265784,-0.8260786637875472,-0.6369958377948575,0.34,0.11764705882352941,-0.04900035388833246,-3.2732964178957524,-0.04018355276192574,-5.707036931849074e-19,6.036837696399289e-16,2.0,0.04590437139907518,55.72385502552808,0.05572385502552809,0,0.0,,,,418.3075819182014,335.0,0.01427225786266247
liquidity_change|liq_20d_252d|continuous_high_minus_low|beta_neutral|r1|ensemble,liquidity_change|liq_20d_252d,liquidity_change,liq_20d_252d,252,upper_tail_exploratory_lead,upper_tail,continuous_high_minus_low,market_neutral,True,1,ensemble,1,4181.0,0.0,4181.0,1.0,25,self_financing_spread_return,4181,-0.13135750797015555,0.06653730002747796,-2.082432065652826,-0.9041667533272844,0.23,0.058823529411764705,-0.13259050177832052,-8.845107801874159,-0.04016201249832639,-5.707036931849074e-19,6.036837696399289e-16,2.0,0.04590437139907518,55.72385502552808,0.1393096375638202,0,0.0,,,,418.3075819182014,335.0,0.01427225786266247
liquidity_change|liq_20d_252d|continuous_high_minus_low|beta_neutral|r5|ensemble,liquidity_change|liq_20d_252d,liquidity_change,liq_20d_252d,252,upper_tail_exploratory_lead,upper_tail,continuous_high_minus_low,market_neutral,True,5,ensemble,3,836.3333333333334,0.0,836.3333333333334,1.0,0,self_financing_spread_return,4181,0.0010263292757086706,0.06618134601349009,0.048721369762379535,-0.17290338048241427,0.495,0.5882352941176471,0.008111179302950577,0.5424683829656582,-0.03288057674420692,-0.0004001638355147641,0.11184564316078083,2.0014187650739834,0.04584867068198484,38.99764031000627,0.0,6,0.012965910076114659,,,,418.00374710994174,111.66666666666667,0.015668413403449023
liquidity_change|liq_20d_252d|continuous_high_minus_low|beta_neutral|r5|ensemble,liquidity_change|liq_20d_252d,liquidity_change,liq_20d_252d,252,upper_tail_exploratory_lead,upper_tail,continuous_high_minus_low,market_neutral,True,5,ensemble,3,836.3333333333334,0.0,836.3333333333334,1.0,5,self_financing_spread_return,4181,-0.018304699021439164,0.0661805834460631,-0.24591587810281113,-0.32074325372878376,0.45,0.35294117647058826,-0.01137043364369055,-0.7607184893132369,-0.03299959905039324,-0.0004001638355147641,0.11184564316078083,2.0014187650739834,0.04584867068198484,38.99764031000627,0.019498820155003132,6,0.012965910076114659,,,,418.00374710994174,111.66666666666667,0.015668413403449023
liquidity_change|liq_20d_252d|continuous_high_minus_low|beta_neutral|r5|ensemble,liquidity_change|liq_20d_252d,liquidity_change,liq_20d_252d,252,upper_tail_exploratory_lead,upper_tail,continuous_high_minus_low,market_neutral,True,5,ensemble,3,836.3333333333334,0.0,836.3333333333334,1.0,10,self_financing_spread_return,4181,-0.03726489785740339,0.06619587977178451,-0.5404287779967645,-0.49951758048039185,0.38,0.17647058823529413,-0.030852046590332614,-2.0646595931380833,-0.0331186213565796,-0.0004001638355147641,0.11184564316078083,2.0014187650739834,0.04584867068198484,38.99764031000627,0.038997640310006264,6,0.012965910076114659,,,,418.00374710994174,111.66666666666667,0.015668413403449023
liquidity_change|liq_20d_252d|continuous_high_minus_low|beta_neutral|r5|ensemble,liquidity_change|liq_20d_252d,liquidity_change,liq_20d_252d,252,upper_tail_exploratory_lead,upper_tail,continuous_high_minus_low,market_neutral,True,5,ensemble,3,836.3333333333334,0.0,836.3333333333334,1.0,25,self_financing_spread_return,4181,-0.0919905131382559,0.0663379527090596,-1.4210879433212102,-0.8032697001659872,0.28,0.058823529411764705,-0.08929688543025606,-5.9774919248910585,-0.03347568827513871,-0.0004001638355147641,0.11184564316078083,2.0014187650739834,0.04584867068198484,38.99764031000627,0.09749410077501568,6,0.012965910076114659,,,,418.00374710994174,111.66666666666667,0.015668413403449023
liquidity_change|liq_20d_252d|continuous_high_minus_low|beta_neutral|r21|ensemble,liquidity_change|liq_20d_252d,liquidity_change,liq_20d_252d,252,upper_tail_exploratory_lead,upper_tail,continuous_high_minus_low,market_neutral,True,21,ensemble,3,199.33333333333334,0.0,199.33333333333334,1.0,0,self_financing_spread_return,4181,0.009450315483948923,0.06337140430416748,0.1802292518328988,-0.16167629747115675,0.53,0.5294117647058824,0.014187531210243947,0.9994726852679361,-0.018612151009407975,-0.0005127725621433519,0.11119108774750214,2.0036395192831913,0.0471265269750978,24.514636450834665,0.0,8,0.014997760791999359,,,,416.8053097345133,111.66666666666667,0.016877364346259506
liquidity_change|liq_20d_252d|continuous_high_minus_low|beta_neutral|r21|ensemble,liquidity_change|liq_20d_252d,liquidity_change,liq_20d_252d,252,upper_tail_exploratory_lead,upper_tail,continuous_high_minus_low,market_neutral,True,21,ensemble,3,199.33333333333334,0.0,199.33333333333334,1.0,5,self_financing_spread_return,4181,-0.0028494052792882307,0.06340848417739113,-0.01318058648484067,-0.18214267397708184,0.505,0.47058823529411764,0.0019395716511135378,0.1365387107273775,-0.01867393404096354,-0.0005127725621433519,0.11119108774750214,2.0036395192831913,0.0471265269750978,24.514636450834665,0.012257318225417334,8,0.014997760791999359,,,,416.8053097345133,111.66666666666667,0.016877364346259506
liquidity_change|liq_20d_252d|continuous_high_minus_low|beta_neutral|r21|ensemble,liquidity_change|liq_20d_252d,liquidity_change,liq_20d_252d,252,upper_tail_exploratory_lead,upper_tail,continuous_high_minus_low,market_neutral,True,21,ensemble,3,199.33333333333334,0.0,199.33333333333334,1.0,10,self_financing_spread_return,4181,-0.015003388130196305,0.0635021598800117,-0.2061804327478757,-0.3087084663336921,0.485,0.29411764705882354,-0.010308387908016739,-0.7245032529125705,-0.01873571707251905,-0.0005127725621433519,0.11119108774750214,2.0036395192831913,0.0471265269750978,24.514636450834665,0.024514636450834668,8,0.014997760791999359,,,,416.8053097345133,111.66666666666667,0.016877364346259506
liquidity_change|liq_20d_252d|continuous_high_minus_low|beta_neutral|r21|ensemble,liquidity_change|liq_20d_252d,liquidity_change,liq_20d_252d,252,upper_tail_exploratory_lead,upper_tail,continuous_high_minus_low,market_neutral,True,21,ensemble,3,199.33333333333334,0.0,199.33333333333334,1.0,25,self_financing_spread_return,4181,-0.05060759465689024,0.06411953220386334,-0.7776776666224667,-0.6044019063107058,0.37,0.17647058823529413,-0.04705226658540797,-3.2738478931224546,-0.018921066167185627,-0.0005127725621433519,0.11119108774750214,2.0036395192831913,0.0471265269750978,24.514636450834665,0.06128659112708666,8,0.014997760791999359,,,,416.8053097345133,111.66666666666667,0.016877364346259506
liquidity_change|liq_20d_252d|continuous_high_minus_low|beta_neutral|r63|ensemble,liquidity_change|liq_20d_252d,liquidity_change,liq_20d_252d,252,upper_tail_exploratory_lead,upper_tail,continuous_high_minus_low,market_neutral,True,63,ensemble,3,66.33333333333333,0.0,66.33333333333333,1.0,0,self_financing_spread_return,4181,0.007727468028315254,0.05727914522967234,0.1630809018165788,-0.11637046459400424,0.485,0.5294117647058824,0.008162149727595448,0.6189720226464581,0.007932846091755185,0.0009898393288596493,0.1142095781986034,2.016374959583634,0.05828693471374857,9.02154306163569,0.0,4,0.008096258831557675,,,,413.81974009407634,111.66666666666667,0.02288286725835185
liquidity_change|liq_20d_252d|continuous_high_minus_low|beta_neutral|r63|ensemble,liquidity_change|liq_20d_252d,liquidity_change,liq_20d_252d,252,upper_tail_exploratory_lead,upper_tail,continuous_high_minus_low,market_neutral,True,63,ensemble,3,66.33333333333333,0.0,66.33333333333333,1.0,5,self_financing_spread_return,4181,0.0031912283609945025,0.057305709417754605,0.08430144655740443,-0.1371110664517341,0.475,0.5294117647058824,0.0036553993659564398,0.27716723431152546,0.007909766545048767,0.0009898393288596493,0.1142095781986034,2.016374959583634,0.05828693471374857,9.02154306163569,0.004510771530817845,4,0.008096258831557675,,,,413.81974009407634,111.66666666666667,0.02288286725835185
liquidity_change|liq_20d_252d|continuous_high_minus_low|beta_neutral|r63|ensemble,liquidity_change|liq_20d_252d,liquidity_change,liq_20d_252d,252,upper_tail_exploratory_lead,upper_tail,continuous_high_minus_low,market_neutral,True,63,ensemble,3,66.33333333333333,0.0,66.33333333333333,1.0,10,self_financing_spread_return,4181,-0.0013262809271455955,0.05736032649601118,0.005592257926121719,-0.16567548854791903,0.46,0.5294117647058824,-0.0008513509956825134,-0.06449566843274178,0.007886686998342312,0.0009898393288596493,0.1142095781986034,2.016374959583634,0.05828693471374857,9.02154306163569,0.00902154306163569,4,0.008096258831557675,,,,413.81974009407634,111.66666666666667,0.02288286725835185
liquidity_change|liq_20d_252d|continuous_high_minus_low|beta_neutral|r63|ensemble,liquidity_change|liq_20d_252d,liquidity_change,liq_20d_252d,252,upper_tail_exploratory_lead,upper_tail,continuous_high_minus_low,market_neutral,True,63,ensemble,3,66.33333333333333,0.0,66.33333333333333,1.0,25,self_financing_spread_return,4181,-0.014767129035672455,0.05769149372879394,-0.22897253622647762,-0.311774190574719,0.445,0.29411764705882354,-0.014371602080599347,-1.0810394242687578,0.007817448358223109,0.0009898393288596493,0.1142095781986034,2.016374959583634,0.05828693471374857,9.02154306163569,0.022553857654089224,4,0.008096258831557675,,,,413.81974009407634,111.66666666666667,0.02288286725835185
liquidity_change|liq_20d_252d|long_q1|unconstrained_beta|r1|ensemble,liquidity_change|liq_20d_252d,liquidity_change,liq_20d_252d,252,upper_tail_exploratory_lead,upper_tail,long_q1,long_only,False,1,ensemble,1,4181.0,0.0,0.0,,0,return_minus_risk_free,4181,0.14949545073740134,0.2203586481843759,0.6751717901971643,-0.4653928661420935,0.61,0.7647058823529411,-0.006461571739531104,-0.39746200685446353,1.1608842192295301,1.081880579885943,1.5872386726178855,1.0,1.0,43.75513634945728,0.0,0,0.0,,,,41.477636928964365,33.0,0.030303030303030304
liquidity_change|liq_20d_252d|long_q1|unconstrained_beta|r1|ensemble,liquidity_change|liq_20d_252d,liquidity_change,liq_20d_252d,252,upper_tail_exploratory_lead,upper_tail,long_q1,long_only,False,1,ensemble,1,4181.0,0.0,0.0,,5,return_minus_risk_free,4181,0.12461913587851181,0.22034792290463215,0.5758651442003033,-0.4675377930210176,0.6,0.7647058823529411,-0.028341155278550426,-1.74326860845278,1.1608040737654375,1.081880579885943,1.5872386726178855,1.0,1.0,43.75513634945728,0.02187756817472864,0,0.0,,,,41.477636928964365,33.0,0.030303030303030304
liquidity_change|liq_20d_252d|long_q1|unconstrained_beta|r1|ensemble,liquidity_change|liq_20d_252d,liquidity_change,liq_20d_252d,252,upper_tail_exploratory_lead,upper_tail,long_q1,long_only,False,1,ensemble,1,4181.0,0.0,0.0,,10,return_minus_risk_free,4181,0.1002787347977927,0.22033862753037656,0.47654590789620255,-0.4696743363855316,0.595,0.7647058823529411,-0.050220738817569714,-3.0886582800731093,1.1607239283013455,1.081880579885943,1.5872386726178855,1.0,1.0,43.75513634945728,0.04375513634945728,0,0.0,,,,41.477636928964365,33.0,0.030303030303030304
liquidity_change|liq_20d_252d|long_q1|unconstrained_beta|r1|ensemble,liquidity_change|liq_20d_252d,liquidity_change,liq_20d_252d,252,upper_tail_exploratory_lead,upper_tail,long_q1,long_only,False,1,ensemble,1,4181.0,0.0,0.0,,25,return_minus_risk_free,4181,0.030359307394399293,0.2203193225111856,0.17853197864547884,-0.5042802643175494,0.535,0.6470588235294118,-0.1158594894346281,-7.117756562966601,1.1604834919090665,1.081880579885943,1.5872386726178855,1.0,1.0,43.75513634945728,0.1093878408736432,0,0.0,,,,41.477636928964365,33.0,0.030303030303030304
liquidity_change|liq_20d_252d|long_q1|unconstrained_beta|r5|ensemble,liquidity_change|liq_20d_252d,liquidity_change,liq_20d_252d,252,upper_tail_exploratory_lead,upper_tail,long_q1,long_only,False,5,ensemble,3,836.3333333333334,0.0,0.0,,0,return_minus_risk_free,4181,0.14676823174989195,0.21788499829575644,0.6694302977781875,-0.4608130353022213,0.62,0.7647058823529411,-0.007490520579474076,-0.46804209152850673,1.146730479941139,1.081047517961286,1.5236778281122891,0.9993085239922762,0.9993085239922762,28.463634987315974,0.0,4,0.0256846205283221,,,,41.445507454357006,11.0,0.044400838621531304
liquidity_change|liq_20d_252d|long_q1|unconstrained_beta|r5|ensemble,liquidity_change|liq_20d_252d,liquidity_change,liq_20d_252d,252,upper_tail_exploratory_lead,upper_tail,long_q1,long_only,False,5,ensemble,3,836.3333333333334,0.0,0.0,,5,return_minus_risk_free,4181,0.13056242282517228,0.21785576698407452,0.6041355833301226,-0.4623084574934313,0.61,0.7647058823529411,-0.02171556208176297,-1.3568357854938755,1.1465809878141504,1.081047517961286,1.5236778281122891,0.9993085239922762,0.9993085239922762,28.463634987315974,0.014231817493657989,4,0.0256846205283221,,,,41.445507454357006,11.0,0.044400838621531304
liquidity_change|liq_20d_252d|long_q1|unconstrained_beta|r5|ensemble,liquidity_change|liq_20d_252d,liquidity_change,liq_20d_252d,252,upper_tail_exploratory_lead,upper_tail,long_q1,long_only,False,5,ensemble,3,836.3333333333334,0.0,0.0,,10,return_minus_risk_free,4181,0.11458405299781216,0.21782934159637224,0.5388164714099044,-0.4637998968462419,0.605,0.7647058823529411,-0.03594060358405159,-2.2454119781837214,1.1464314956871622,1.081047517961286,1.5236778281122891,0.9993085239922762,0.9993085239922762,28.463634987315974,0.028463634987315977,4,0.0256846205283221,,,,41.445507454357006,11.0,0.044400838621531304
liquidity_change|liq_20d_252d|long_q1|unconstrained_beta|r5|ensemble,liquidity_change|liq_20d_252d,liquidity_change,liq_20d_252d,252,upper_tail_exploratory_lead,upper_tail,long_q1,long_only,False,5,ensemble,3,836.3333333333334,0.0,0.0,,25,return_minus_risk_free,4181,0.06798209828798862,0.21776691064955284,0.34273790341539445,-0.4694710787262254,0.56,0.7647058823529411,-0.07861572809091874,-4.90806847465736,1.1459830193061966,1.081047517961286,1.5236778281122891,0.9993085239922762,0.9993085239922762,28.463634987315974,0.07115908746828993,4,0.0256846205283221,,,,41.445507454357006,11.0,0.044400838621531304
liquidity_change|liq_20d_252d|long_q1|unconstrained_beta|r21|ensemble,liquidity_change|liq_20d_252d,liquidity_change,liq_20d_252d,252,upper_tail_exploratory_lead,upper_tail,long_q1,long_only,False,21,ensemble,3,199.33333333333334,0.0,0.0,,0,return_minus_risk_free,4181,0.1250397225272868,0.2125418776676744,0.5908750130836804,-0.45952890356494547,0.605,0.7647058823529411,-0.02431868285183532,-1.6206968164677722,1.1209508418579557,1.0792789147660384,1.3972115423188702,0.996233647743893,0.996233647743893,15.786536868563669,0.0,8,0.0239241227475009,,,,41.298174280475166,11.0,0.043552933518048904
liquidity_change|liq_20d_252d|long_q1|unconstrained_beta|r21|ensemble,liquidity_change|liq_20d_252d,liquidity_change,liq_20d_252d,252,upper_tail_exploratory_lead,upper_tail,long_q1,long_only,False,21,ensemble,3,199.33333333333334,0.0,0.0,,5,return_minus_risk_free,4181,0.11619345921794233,0.21252983621803867,0.5537414911741299,-0.4602687935622688,0.6,0.7647058823529411,-0.03220670284886977,-2.145728463125132,1.1208660633585268,1.0792789147660384,1.3972115423188702,0.996233647743893,0.996233647743893,15.786536868563669,0.007893268434281835,8,0.0239241227475009,,,,41.298174280475166,11.0,0.043552933518048904
liquidity_change|liq_20d_252d|long_q1|unconstrained_beta|r21|ensemble,liquidity_change|liq_20d_252d,liquidity_change,liq_20d_252d,252,upper_tail_exploratory_lead,upper_tail,long_q1,long_only,False,21,ensemble,3,199.33333333333334,0.0,0.0,,10,return_minus_risk_free,4181,0.10741481384695817,0.21252488726931573,0.5165865382118097,-0.46100784074026235,0.595,0.7647058823529411,-0.04009472284590406,-2.6695429273863858,1.1207812848590977,1.0792789147660384,1.3972115423188702,0.996233647743893,0.996233647743893,15.786536868563669,0.01578653686856367,8,0.0239241227475009,,,,41.298174280475166,11.0,0.043552933518048904
liquidity_change|liq_20d_252d|long_q1|unconstrained_beta|r21|ensemble,liquidity_change|liq_20d_252d,liquidity_change,liq_20d_252d,252,upper_tail_exploratory_lead,upper_tail,long_q1,long_only,False,21,ensemble,3,199.33333333333334,0.0,0.0,,25,return_minus_risk_free,4181,0.08147958318837167,0.21255259683278954,0.405030288143629,-0.4632199330247312,0.59,0.7647058823529411,-0.06375878283700696,-4.2285057462747355,1.1205269493608103,1.0792789147660384,1.3972115423188702,0.996233647743893,0.996233647743893,15.786536868563669,0.03946634217140917,8,0.0239241227475009,,,,41.298174280475166,11.0,0.043552933518048904
liquidity_change|liq_20d_252d|long_q1|unconstrained_beta|r63|ensemble,liquidity_change|liq_20d_252d,liquidity_change,liq_20d_252d,252,upper_tail_exploratory_lead,upper_tail,long_q1,long_only,False,63,ensemble,3,66.33333333333333,0.0,0.0,,0,return_minus_risk_free,4181,0.1319854269768408,0.2049496626099652,0.6351178967570771,-0.432442700829084,0.62,0.7647058823529411,-0.014918829982905314,-1.0874175230457779,1.0849236596888117,1.0730172149612172,1.344142426650154,0.9882600688492358,0.9882600688492358,5.810168267942128,0.0,4,0.0084108276724704,,,,40.90887347524516,11.0,0.045930871323451805
liquidity_change|liq_20d_252d|long_q1|unconstrained_beta|r63|ensemble,liquidity_change|liq_20d_252d,liquidity_change,liq_20d_252d,252,upper_tail_exploratory_lead,upper_tail,long_q1,long_only,False,63,ensemble,3,66.33333333333333,0.0,0.0,,5,return_minus_risk_free,4181,0.12870129038842282,0.20494815375380976,0.6209391744299961,-0.43257824698375236,0.62,0.7647058823529411,-0.017822416085686122,-1.2982474562897748,1.084898359005525,1.0730172149612172,1.344142426650154,0.9882600688492358,0.9882600688492358,5.810168267942128,0.002905084133971064,4,0.0084108276724704,,,,40.90887347524516,11.0,0.045930871323451805
liquidity_change|liq_20d_252d|long_q1|unconstrained_beta|r63|ensemble,liquidity_change|liq_20d_252d,liquidity_change,liq_20d_252d,252,upper_tail_exploratory_lead,upper_tail,long_q1,long_only,False,63,ensemble,3,66.33333333333333,0.0,0.0,,10,return_minus_risk_free,4181,0.1254258923031828,0.20494990863141224,0.6067505816625013,-0.4327137931384206,0.62,0.7647058823529411,-0.020726002188466784,-1.5083844123212813,1.0848730583222381,1.0730172149612172,1.344142426650154,0.9882600688492358,0.9882600688492358,5.810168267942128,0.005810168267942128,4,0.0084108276724704,,,,40.90887347524516,11.0,0.045930871323451805
liquidity_change|liq_20d_252d|long_q1|unconstrained_beta|r63|ensemble,liquidity_change|liq_20d_252d,liquidity_change,liq_20d_252d,252,upper_tail_exploratory_lead,upper_tail,long_q1,long_only,False,63,ensemble,3,66.33333333333333,0.0,0.0,,25,return_minus_risk_free,4181,0.11565191773037364,0.20497475404899293,0.5641323694974384,-0.4331204316024251,0.61,0.7647058823529411,-0.02943676049680895,-2.1328906132801464,1.0847971562723773,1.0730172149612172,1.344142426650154,0.9882600688492358,0.9882600688492358,5.810168267942128,0.01452542066985532,4,0.0084108276724704,,,,40.90887347524516,11.0,0.045930871323451805
liquidity_change|liq_20d_252d|long_q10|unconstrained_beta|r1|ensemble,liquidity_change|liq_20d_252d,liquidity_change,liq_20d_252d,252,upper_tail_exploratory_lead,upper_tail,long_q10,long_only,False,1,ensemble,1,4181.0,0.0,0.0,,0,return_minus_risk_free,4181,0.14673936904223694,0.19409222135544424,0.7264261187843992,-0.40541637487816273,0.655,0.8823529411764706,0.011291845932557519,0.6474645115628896,0.9698671640721611,1.010349729440334,1.3963317311072867,1.0,1.0,39.68683837727957,0.0,0,0.0,,,,42.350633819660366,34.0,0.029411764705882353
liquidity_change|liq_20d_252d|long_q10|unconstrained_beta|r1|ensemble,liquidity_change|liq_20d_252d,liquidity_change,liq_20d_252d,252,upper_tail_exploratory_lead,upper_tail,long_q10,long_only,False,1,ensemble,1,4181.0,0.0,0.0,,5,return_minus_risk_free,4181,0.12420737864693665,0.19407550920941116,0.6241780274181152,-0.40678496047333823,0.63,0.8823529411764706,-0.008549779934185393,-0.49020522515839315,0.969757698230284,1.010349729440334,1.3963317311072867,1.0,1.0,39.68683837727957,0.019843419188639785,0,0.0,,,,42.350633819660366,34.0,0.029411764705882353
liquidity_change|liq_20d_252d|long_q10|unconstrained_beta|r1|ensemble,liquidity_change|liq_20d_252d,liquidity_change,liq_20d_252d,252,upper_tail_exploratory_lead,upper_tail,long_q10,long_only,False,1,ensemble,1,4181.0,0.0,0.0,,10,return_minus_risk_free,4181,0.10211606397515238,0.19406032953824537,0.521908247467358,-0.4081505234006573,0.63,0.7647058823529411,-0.028391405800927947,-1.6275949114479433,0.9696482323884057,1.010349729440334,1.3963317311072867,1.0,1.0,39.68683837727957,0.03968683837727957,0,0.0,,,,42.350633819660366,34.0,0.029411764705882353
liquidity_change|liq_20d_252d|long_q10|unconstrained_beta|r1|ensemble,liquidity_change|liq_20d_252d,liquidity_change,liq_20d_252d,252,upper_tail_exploratory_lead,upper_tail,long_q10,long_only,False,1,ensemble,1,4181.0,0.0,0.0,,25,return_minus_risk_free,4181,0.03840121611635561,0.19402398878923485,0.21499295901357807,-0.4343655924713684,0.57,0.7058823529411765,-0.08791628340115522,-5.035297520818238,0.9693198348627728,1.010349729440334,1.3963317311072867,1.0,1.0,39.68683837727957,0.09921709594319893,0,0.0,,,,42.350633819660366,34.0,0.029411764705882353
liquidity_change|liq_20d_252d|long_q10|unconstrained_beta|r5|ensemble,liquidity_change|liq_20d_252d,liquidity_change,liq_20d_252d,252,upper_tail_exploratory_lead,upper_tail,long_q10,long_only,False,5,ensemble,3,836.3333333333334,0.0,0.0,,0,return_minus_risk_free,4181,0.1450072859516165,0.1933189286530636,0.7206195745296458,-0.40351826180597283,0.66,0.8823529411764706,0.009259450687487002,0.550374238543936,0.972472708271803,1.0094364728417897,1.39994051256774,0.9992011298457248,0.9992011298457248,27.980845840457732,0.0,0,0.0,,,,42.31348162321614,11.333333333333334,0.03424828109373765
liquidity_change|liq_20d_252d|long_q10|unconstrained_beta|r5|ensemble,liquidity_change|liq_20d_252d,liquidity_change,liq_20d_252d,252,upper_tail_exploratory_lead,upper_tail,long_q10,long_only,False,5,ensemble,3,836.3333333333334,0.0,0.0,,5,return_minus_risk_free,4181,0.12909891558117703,0.19329295830527077,0.6482767339016958,-0.40442614919544584,0.65,0.8235294117647058,-0.004726890105350528,-0.28107435887683,0.972353355702272,1.0094364728417897,1.39994051256774,0.9992011298457248,0.9992011298457248,27.980845840457732,0.013990422920228866,0,0.0,,,,42.31348162321614,11.333333333333334,0.03424828109373765
liquidity_change|liq_20d_252d|long_q10|unconstrained_beta|r5|ensemble,liquidity_change|liq_20d_252d,liquidity_change,liq_20d_252d,252,upper_tail_exploratory_lead,upper_tail,long_q10,long_only,False,5,ensemble,3,836.3333333333334,0.0,0.0,,10,return_minus_risk_free,4181,0.11341005093421241,0.19327003483753122,0.5759053948935248,-0.4053327437107197,0.63,0.8235294117647058,-0.018713230898187466,-1.1131245801757184,0.9722340031327418,1.0094364728417897,1.39994051256774,0.9992011298457248,0.9992011298457248,27.980845840457732,0.027980845840457732,0,0.0,,,,42.31348162321614,11.333333333333334,0.03424828109373765
liquidity_change|liq_20d_252d|long_q10|unconstrained_beta|r5|ensemble,liquidity_change|liq_20d_252d,liquidity_change,liq_20d_252d,252,upper_tail_exploratory_lead,upper_tail,long_q10,long_only,False,5,ensemble,3,836.3333333333334,0.0,0.0,,25,return_minus_risk_free,4181,0.06763061738187726,0.19321955583834652,0.3586545165807093,-0.408044787148776,0.59,0.7647058823529411,-0.060672253276699596,-3.6115284657060673,0.9718759454241502,1.0094364728417897,1.39994051256774,0.9992011298457248,0.9992011298457248,27.980845840457732,0.06995211460114432,0,0.0,,,,42.31348162321614,11.333333333333334,0.03424828109373765
liquidity_change|liq_20d_252d|long_q10|unconstrained_beta|r21|ensemble,liquidity_change|liq_20d_252d,liquidity_change,liq_20d_252d,252,upper_tail_exploratory_lead,upper_tail,long_q10,long_only,False,21,ensemble,3,199.33333333333334,0.0,0.0,,0,return_minus_risk_free,4181,0.14683669309615954,0.1925721060956707,0.7309219013295334,-0.39536409148468976,0.66,0.8235294117647058,0.009493677062542309,0.5982052252291818,0.9815400728478476,1.005947687411687,1.4058799804846787,0.9964774494878035,0.9964774494878035,17.39979898885719,0.0,0,0.0,,,,42.1815355178187,11.333333333333334,0.03787434774595504
liquidity_change|liq_20d_252d|long_q10|unconstrained_beta|r21|ensemble,liquidity_change|liq_20d_252d,liquidity_change,liq_20d_252d,252,upper_tail_exploratory_lead,upper_tail,long_q10,long_only,False,21,ensemble,3,199.33333333333334,0.0,0.0,,5,return_minus_risk_free,4181,0.13690139755776687,0.19256248172052706,0.6857450112719721,-0.3957869535372385,0.66,0.8235294117647058,0.0007990833955700486,0.05034469257206881,0.9814500877315819,1.005947687411687,1.4058799804846787,0.9964774494878035,0.9964774494878035,17.39979898885719,0.008699899494428594,0,0.0,,,,42.1815355178187,11.333333333333334,0.03787434774595504
liquidity_change|liq_20d_252d|long_q10|unconstrained_beta|r21|ensemble,liquidity_change|liq_20d_252d,liquidity_change,liq_20d_252d,252,upper_tail_exploratory_lead,upper_tail,long_q10,long_only,False,21,ensemble,3,199.33333333333334,0.0,0.0,,10,return_minus_risk_free,4181,0.1270497797404213,0.19256234071885656,0.6405320589183185,-0.39620961870704785,0.655,0.8235294117647058,-0.00789551027140216,-0.4971998369372055,0.9813601026153168,1.005947687411687,1.4058799804846787,0.9964774494878035,0.9964774494878035,17.39979898885719,0.017399798988857188,0,0.0,,,,42.1815355178187,11.333333333333334,0.03787434774595504
liquidity_change|liq_20d_252d|long_q10|unconstrained_beta|r21|ensemble,liquidity_change|liq_20d_252d,liquidity_change,liq_20d_252d,252,upper_tail_exploratory_lead,upper_tail,long_q10,long_only,False,21,ensemble,3,199.33333333333334,0.0,0.0,,25,return_minus_risk_free,4181,0.09799017375087948,0.19261881115939467,0.5047436752836624,-0.3974764333777274,0.625,0.7647058823529411,-0.03397929127231864,-2.1320577921818464,0.9810901472665204,1.005947687411687,1.4058799804846787,0.9964774494878035,0.9964774494878035,17.39979898885719,0.043499497472142976,0,0.0,,,,42.1815355178187,11.333333333333334,0.03787434774595504
liquidity_change|liq_20d_252d|long_q10|unconstrained_beta|r63|ensemble,liquidity_change|liq_20d_252d,liquidity_change,liq_20d_252d,252,upper_tail_exploratory_lead,upper_tail,long_q10,long_only,False,63,ensemble,3,66.33333333333333,0.0,0.0,,0,return_minus_risk_free,4181,0.14898730741066002,0.18973641832029317,0.7488930779750425,-0.38366046384610475,0.665,0.8235294117647058,0.011636732465639139,0.7597463715426663,0.975494730229634,0.9910621472894945,1.333246144294953,0.9909091143909821,0.9909091143909821,6.365815547733241,0.0,0,0.0,,,,41.894124212708284,11.333333333333334,0.042499106115075465
liquidity_change|liq_20d_252d|long_q10|unconstrained_beta|r63|ensemble,liquidity_change|liq_20d_252d,liquidity_change,liq_20d_252d,252,upper_tail_exploratory_lead,upper_tail,long_q10,long_only,False,63,ensemble,3,66.33333333333333,0.0,0.0,,5,return_minus_risk_free,4181,0.14533551462748928,0.18973619016560536,0.7321077229074795,-0.3838304792299241,0.66,0.8235294117647058,0.008453763417471694,0.5519675400428187,0.9754797191497678,0.9910621472894945,1.333246144294953,0.9909091143909821,0.9909091143909821,6.365815547733241,0.0031829077738666205,0,0.0,,,,41.894124212708284,11.333333333333334,0.042499106115075465
liquidity_change|liq_20d_252d|long_q10|unconstrained_beta|r63|ensemble,liquidity_change|liq_20d_252d,liquidity_change,liq_20d_252d,252,upper_tail_exploratory_lead,upper_tail,long_q10,long_only,False,63,ensemble,3,66.33333333333333,0.0,0.0,,10,return_minus_risk_free,4181,0.14169435873518954,0.18974022925497652,0.7153062415323747,-0.38400049461374364,0.655,0.8235294117647058,0.005270794369304469,0.3440682579115424,0.9754647080699014,0.9910621472894945,1.333246144294953,0.9909091143909821,0.9909091143909821,6.365815547733241,0.006365815547733241,0,0.0,,,,41.894124212708284,11.333333333333334,0.042499106115075465
liquidity_change|liq_20d_252d|long_q10|unconstrained_beta|r63|ensemble,liquidity_change|liq_20d_252d,liquidity_change,liq_20d_252d,252,upper_tail_exploratory_lead,upper_tail,long_q10,long_only,False,63,ensemble,3,66.33333333333333,0.0,0.0,,25,return_minus_risk_free,4181,0.13083443111626103,0.18977794582355656,0.6648164088705896,-0.38451054076520086,0.65,0.8235294117647058,-0.004278112775197524,-0.2786210598043761,0.9754196748303028,0.9910621472894945,1.333246144294953,0.9909091143909821,0.9909091143909821,6.365815547733241,0.015914538869333104,0,0.0,,,,41.894124212708284,11.333333333333334,0.042499106115075465
liquidity_change|liq_20d_252d|middle_minus_q1|unconstrained_beta|r1|ensemble,liquidity_change|liq_20d_252d,liquidity_change,liq_20d_252d,252,upper_tail_exploratory_lead,upper_tail,middle_minus_q1,market_neutral,False,1,ensemble,1,4181.0,0.0,0.0,,0,self_financing_spread_return,4181,-0.02428563251962823,0.0810570844226989,-0.26265611599072664,-0.40791712504341127,0.445,0.35294117647058826,0.006078759964734328,0.3306397163276741,-0.1841527038121869,-0.10586088664884255,0.6677953862066461,2.0,1.3722820283710813e-17,89.34244774060691,0.0,0,0.0,,,,208.9705812006697,167.0,0.030303030303030304
liquidity_change|liq_20d_252d|middle_minus_q1|unconstrained_beta|r1|ensemble,liquidity_change|liq_20d_252d,liquidity_change,liq_20d_252d,252,upper_tail_exploratory_lead,upper_tail,middle_minus_q1,market_neutral,False,1,ensemble,1,4181.0,0.0,0.0,,5,self_financing_spread_return,4181,-0.06691676389609114,0.08103214027209239,-0.8139828447664716,-0.7028154123081374,0.4,0.17647058823529413,-0.0385994508967169,-2.0991474341417575,-0.1840882593913142,-0.10586088664884255,0.6677953862066461,2.0,1.3722820283710813e-17,89.34244774060691,0.04467122387030346,0,0.0,,,,208.9705812006697,167.0,0.030303030303030304
liquidity_change|liq_20d_252d|middle_minus_q1|unconstrained_beta|r1|ensemble,liquidity_change|liq_20d_252d,liquidity_change,liq_20d_252d,252,upper_tail_exploratory_lead,upper_tail,middle_minus_q1,market_neutral,False,1,ensemble,1,4181.0,0.0,0.0,,10,self_financing_spread_return,4181,-0.10769283870648794,0.08101443054500546,-1.3655271585588993,-0.8540937537623522,0.335,0.11764705882352941,-0.08327766175816823,-4.527281098406677,-0.18402381497044162,-0.10586088664884255,0.6677953862066461,2.0,1.3722820283710813e-17,89.34244774060691,0.08934244774060691,0,0.0,,,,208.9705812006697,167.0,0.030303030303030304
liquidity_change|liq_20d_252d|middle_minus_q1|unconstrained_beta|r1|ensemble,liquidity_change|liq_20d_252d,liquidity_change,liq_20d_252d,252,upper_tail_exploratory_lead,upper_tail,middle_minus_q1,market_neutral,False,1,ensemble,1,4181.0,0.0,0.0,,25,self_financing_spread_return,4181,-0.21967743448271537,0.08100474566237163,-3.0199873156642787,-0.983661641916076,0.175,0.0,-0.2173122943425217,-11.789314307134996,-0.1838304817078243,-0.10586088664884255,0.6677953862066461,2.0,1.3722820283710813e-17,89.34244774060691,0.22335611935151728,0,0.0,,,,208.9705812006697,167.0,0.030303030303030304
liquidity_change|liq_20d_252d|middle_minus_q1|unconstrained_beta|r5|ensemble,liquidity_change|liq_20d_252d,liquidity_change,liq_20d_252d,252,upper_tail_exploratory_lead,upper_tail,middle_minus_q1,market_neutral,False,5,ensemble,3,836.3333333333334,0.0,0.0,,0,self_financing_spread_return,4181,-0.021888817055554455,0.08019248843722591,-0.2357802534893089,-0.39500875392394785,0.44,0.35294117647058826,0.006541385939410551,0.3578757291758322,-0.17123587540693108,-0.1061725517022373,0.6464596503448404,2.0021605633034167,-0.00018671519230607087,58.2188379399541,0.0,6,0.026182130714842388,,,,208.8233277525313,55.666666666666664,0.047295369767219396
liquidity_change|liq_20d_252d|middle_minus_q1|unconstrained_beta|r5|ensemble,liquidity_change|liq_20d_252d,liquidity_change,liq_20d_252d,252,upper_tail_exploratory_lead,upper_tail,middle_minus_q1,market_neutral,False,5,ensemble,3,836.3333333333334,0.0,0.0,,5,self_financing_spread_return,4181,-0.04995338211799005,0.08023923831464555,-0.5983574706000334,-0.5850026932979111,0.395,0.23529411764705882,-0.0225380653517901,-1.2328388260676262,-0.17140066498378576,-0.1061725517022373,0.6464596503448404,2.0021605633034167,-0.00018671519230607087,58.2188379399541,0.029109418969977048,6,0.026182130714842388,,,,208.8233277525313,55.666666666666664,0.047295369767219396
liquidity_change|liq_20d_252d|middle_minus_q1|unconstrained_beta|r5|ensemble,liquidity_change|liq_20d_252d,liquidity_change,liq_20d_252d,252,upper_tail_exploratory_lead,upper_tail,middle_minus_q1,market_neutral,False,5,ensemble,3,836.3333333333334,0.0,0.0,,10,self_financing_spread_return,4181,-0.07721800662998846,0.0803156520702432,-0.9601576793840471,-0.7392174525190303,0.365,0.23529411764705882,-0.05161751664299038,-2.822632420185416,-0.1715654545606403,-0.1061725517022373,0.6464596503448404,2.0021605633034167,-0.00018671519230607087,58.2188379399541,0.058218837939954096,6,0.026182130714842388,,,,208.8233277525313,55.666666666666664,0.047295369767219396
liquidity_change|liq_20d_252d|middle_minus_q1|unconstrained_beta|r5|ensemble,liquidity_change|liq_20d_252d,liquidity_change,liq_20d_252d,252,upper_tail_exploratory_lead,upper_tail,middle_minus_q1,market_neutral,False,5,ensemble,3,836.3333333333334,0.0,0.0,,25,self_financing_spread_return,4181,-0.15443556891896004,0.0807218706763792,-2.0369636632512655,-0.9385998047548417,0.285,0.0,-0.13885587051659232,-7.5799713631914,-0.17205982329120426,-0.1061725517022373,0.6464596503448404,2.0021605633034167,-0.00018671519230607087,58.2188379399541,0.14554709484988526,6,0.026182130714842388,,,,208.8233277525313,55.666666666666664,0.047295369767219396
liquidity_change|liq_20d_252d|middle_minus_q1|unconstrained_beta|r21|ensemble,liquidity_change|liq_20d_252d,liquidity_change,liq_20d_252d,252,upper_tail_exploratory_lead,upper_tail,middle_minus_q1,market_neutral,False,21,ensemble,3,199.33333333333334,0.0,0.0,,0,self_financing_spread_return,4181,0.004165440401600717,0.07505352285195145,0.09296272476660136,-0.21538594963129076,0.51,0.4117647058823529,0.02821093172213227,1.6508480831596382,-0.14287212662782892,-0.10658061255572084,0.5962685932287753,2.003855380601717,0.0012310433866998358,29.56450059535526,0.0,8,0.030367490422821792,,,,208.24164872837437,55.666666666666664,0.04876698873977938
liquidity_change|liq_20d_252d|middle_minus_q1|unconstrained_beta|r21|ensemble,liquidity_change|liq_20d_252d,liquidity_change,liq_20d_252d,252,upper_tail_exploratory_lead,upper_tail,middle_minus_q1,market_neutral,False,21,ensemble,3,199.33333333333334,0.0,0.0,,5,self_financing_spread_return,4181,-0.01057222740343633,0.0750894463884708,-0.10394348253742057,-0.31432089450074063,0.485,0.29411764705882354,0.013437794958385221,0.7861056092164661,-0.14293336833190187,-0.10658061255572084,0.5962685932287753,2.003855380601717,0.0012310433866998358,29.56450059535526,0.01478225029767763,8,0.030367490422821792,,,,208.24164872837437,55.666666666666664,0.04876698873977938
liquidity_change|liq_20d_252d|middle_minus_q1|unconstrained_beta|r21|ensemble,liquidity_change|liq_20d_252d,liquidity_change,liq_20d_252d,252,upper_tail_exploratory_lead,upper_tail,middle_minus_q1,market_neutral,False,21,ensemble,3,199.33333333333334,0.0,0.0,,10,self_financing_spread_return,4181,-0.02509954582292362,0.07519495065286273,-0.3003831628372615,-0.4101990025356055,0.465,0.29411764705882354,-0.001335341805361596,-0.07802286360325082,-0.14299461003597483,-0.10658061255572084,0.5962685932287753,2.003855380601717,0.0012310433866998358,29.56450059535526,0.02956450059535526,8,0.030367490422821792,,,,208.24164872837437,55.666666666666664,0.04876698873977938
liquidity_change|liq_20d_252d|middle_minus_q1|unconstrained_beta|r21|ensemble,liquidity_change|liq_20d_252d,liquidity_change,liq_20d_252d,252,upper_tail_exploratory_lead,upper_tail,middle_minus_q1,market_neutral,False,21,ensemble,3,199.33333333333334,0.0,0.0,,25,self_financing_spread_return,4181,-0.06744838260087604,0.07592509076642291,-0.8815796210720139,-0.6947715456259053,0.375,0.17647058823529413,-0.04565475209660226,-2.6440094907066864,-0.14317833514819361,-0.10658061255572084,0.5962685932287753,2.003855380601717,0.0012310433866998358,29.56450059535526,0.07391125148838815,8,0.030367490422821792,,,,208.24164872837437,55.666666666666664,0.04876698873977938
liquidity_change|liq_20d_252d|middle_minus_q1|unconstrained_beta|r63|ensemble,liquidity_change|liq_20d_252d,liquidity_change,liq_20d_252d,252,upper_tail_exploratory_lead,upper_tail,middle_minus_q1,market_neutral,False,63,ensemble,3,66.33333333333333,0.0,0.0,,0,self_financing_spread_return,4181,-0.005653447159454594,0.0715814858858846,-0.04338471968946711,-0.2119993947465163,0.525,0.4117647058823529,0.015467273647642681,0.9548159724988933,-0.12496791910602362,-0.10837830409826914,0.622495343618599,2.0183827034794617,0.002716592100499158,10.731120802835077,0.0,4,0.02165749039383071,,,,206.70963884238222,55.666666666666664,0.06560575405729241
liquidity_change|liq_20d_252d|middle_minus_q1|unconstrained_beta|r63|ensemble,liquidity_change|liq_20d_252d,liquidity_change,liq_20d_252d,252,upper_tail_exploratory_lead,upper_tail,middle_minus_q1,market_neutral,False,63,ensemble,3,66.33333333333333,0.0,0.0,,5,self_financing_spread_return,4181,-0.010975569906577443,0.07158662747523982,-0.11834237029904054,-0.24494456824467692,0.515,0.35294117647058826,0.010104452739822693,0.6239881394466672,-0.12499057792671339,-0.10837830409826914,0.622495343618599,2.0183827034794617,0.002716592100499158,10.731120802835077,0.005365560401417539,4,0.02165749039383071,,,,206.70963884238222,55.666666666666664,0.06560575405729241
liquidity_change|liq_20d_252d|middle_minus_q1|unconstrained_beta|r63|ensemble,liquidity_change|liq_20d_252d,liquidity_change,liq_20d_252d,252,upper_tail_exploratory_lead,upper_tail,middle_minus_q1,market_neutral,False,63,ensemble,3,66.33333333333333,0.0,0.0,,10,self_financing_spread_return,4181,-0.01627156322629042,0.07162361191226181,-0.193203320590775,-0.2854292410467265,0.505,0.29411764705882354,0.004741631832002708,0.29271439391834553,-0.12501323674740317,-0.10837830409826914,0.622495343618599,2.0183827034794617,0.002716592100499158,10.731120802835077,0.010731120802835078,4,0.02165749039383071,,,,206.70963884238222,55.666666666666664,0.06560575405729241
liquidity_change|liq_20d_252d|middle_minus_q1|unconstrained_beta|r63|ensemble,liquidity_change|liq_20d_252d,liquidity_change,liq_20d_252d,252,upper_tail_exploratory_lead,upper_tail,middle_minus_q1,market_neutral,False,63,ensemble,3,66.33333333333333,0.0,0.0,,25,self_financing_spread_return,4181,-0.03200393158930481,0.07192491963282349,-0.41621854063985986,-0.4478938663232749,0.465,0.29411764705882354,-0.01134683089145732,-0.6968382485686797,-0.12508121320947244,-0.10837830409826914,0.622495343618599,2.0183827034794617,0.002716592100499158,10.731120802835077,0.026827802007087696,4,0.02165749039383071,,,,206.70963884238222,55.666666666666664,0.06560575405729241
liquidity_change|liq_20d_252d|middle_minus_q1|beta_neutral|r1|ensemble,liquidity_change|liq_20d_252d,liquidity_change,liq_20d_252d,252,upper_tail_exploratory_lead,upper_tail,middle_minus_q1,market_neutral,True,1,ensemble,1,4181.0,0.0,4181.0,1.0,0,self_financing_spread_return,4181,0.0013316571752302053,0.06920475582156392,0.05385962684084793,-0.24480534736703463,0.48,0.4117647058823529,0.009360271439997136,0.5504567616291816,-0.037901383231128745,-2.135963854232445e-18,6.38378239159465e-16,2.0,0.09782652895843343,91.02595791451088,0.0,0,0.0,,,,208.9705812006697,167.0,0.032794703864537
liquidity_change|liq_20d_252d|middle_minus_q1|beta_neutral|r1|ensemble,liquidity_change|liq_20d_252d,liquidity_change,liq_20d_252d,252,upper_tail_exploratory_lead,upper_tail,middle_minus_q1,market_neutral,True,1,ensemble,1,4181.0,0.0,4181.0,1.0,5,self_financing_spread_return,4181,-0.04322461216755391,0.06918806225016635,-0.6039614388130812,-0.5699174362912767,0.405,0.23529411764705882,-0.03616030790535338,-2.125870882681194,-0.03785888984359514,-2.135963854232445e-18,6.38378239159465e-16,2.0,0.09782652895843343,91.02595791451088,0.04551297895725544,0,0.0,,,,208.9705812006697,167.0,0.032794703864537
liquidity_change|liq_20d_252d|middle_minus_q1|beta_neutral|r1|ensemble,liquidity_change|liq_20d_252d,liquidity_change,liq_20d_252d,252,upper_tail_exploratory_lead,upper_tail,middle_minus_q1,market_neutral,True,1,ensemble,1,4181.0,0.0,4181.0,1.0,10,self_financing_spread_return,4181,-0.08580632948670552,0.06918008072970167,-1.2619410768810861,-0.7903923691995562,0.335,0.11764705882352941,-0.08168088725070376,-4.799587294558037,-0.037816396456061274,-2.135963854232445e-18,6.38378239159465e-16,2.0,0.09782652895843343,91.02595791451088,0.09102595791451087,0,0.0,,,,208.9705812006697,167.0,0.032794703864537
liquidity_change|liq_20d_252d|middle_minus_q1|beta_neutral|r1|ensemble,liquidity_change|liq_20d_252d,liquidity_change,liq_20d_252d,252,upper_tail_exploratory_lead,upper_tail,middle_minus_q1,market_neutral,True,1,ensemble,1,4181.0,0.0,4181.0,1.0,25,self_financing_spread_return,4181,-0.20255665116190036,0.06920842216537483,-3.234345913684648,-0.9767586342049656,0.175,0.0,-0.21824262528675448,-12.788351572573658,-0.03768891629346017,-2.135963854232445e-18,6.38378239159465e-16,2.0,0.09782652895843343,91.02595791451088,0.22756489478627723,0,0.0,,,,208.9705812006697,167.0,0.032794703864537
liquidity_change|liq_20d_252d|middle_minus_q1|beta_neutral|r5|ensemble,liquidity_change|liq_20d_252d,liquidity_change,liq_20d_252d,252,upper_tail_exploratory_lead,upper_tail,middle_minus_q1,market_neutral,True,5,ensemble,3,836.3333333333334,0.0,836.3333333333334,1.0,0,self_financing_spread_return,4181,0.004436694139570818,0.06920256502690174,0.09858962795879431,-0.2455465316278389,0.51,0.47058823529411764,0.011568281176469599,0.6840564745967904,-0.031931129859581825,-0.0004469733387748165,0.10235649034297263,2.0015921728685613,0.09738510404619763,58.76027065524296,0.0,6,0.024872484835498285,,,,208.8233277525313,55.666666666666664,0.04565119276822458
liquidity_change|liq_20d_252d|middle_minus_q1|beta_neutral|r5|ensemble,liquidity_change|liq_20d_252d,liquidity_change,liq_20d_252d,252,upper_tail_exploratory_lead,upper_tail,middle_minus_q1,market_neutral,True,5,ensemble,3,836.3333333333334,0.0,836.3333333333334,1.0,5,self_financing_spread_return,4181,-0.024647350289680348,0.06925363156342466,-0.3256926616846498,-0.4393134012066089,0.435,0.23529411764705882,-0.017782798537971413,-1.051349230073821,-0.032112632337505616,-0.0004469733387748165,0.10235649034297263,2.0015921728685613,0.09738510404619763,58.76027065524296,0.02938013532762148,6,0.024872484835498285,,,,208.8233277525313,55.666666666666664,0.04565119276822458
liquidity_change|liq_20d_252d|middle_minus_q1|beta_neutral|r5|ensemble,liquidity_change|liq_20d_252d,liquidity_change,liq_20d_252d,252,upper_tail_exploratory_lead,upper_tail,middle_minus_q1,market_neutral,True,5,ensemble,3,836.3333333333334,0.0,836.3333333333334,1.0,10,self_financing_spread_return,4181,-0.052894795428400476,0.06933969099150783,-0.7489715282491944,-0.6227822698221066,0.38,0.23529411764705882,-0.04713387825241281,-2.7856898371156444,-0.03229413481542945,-0.0004469733387748165,0.10235649034297263,2.0015921728685613,0.09738510404619763,58.76027065524296,0.05876027065524296,6,0.024872484835498285,,,,208.8233277525313,55.666666666666664,0.04565119276822458
liquidity_change|liq_20d_252d|middle_minus_q1|beta_neutral|r5|ensemble,liquidity_change|liq_20d_252d,liquidity_change,liq_20d_252d,252,upper_tail_exploratory_lead,upper_tail,middle_minus_q1,market_neutral,True,5,ensemble,3,836.3333333333334,0.0,836.3333333333334,1.0,25,self_financing_spread_return,4181,-0.13285321314116627,0.06980626930981804,-2.0065191840238654,-0.9070931699732847,0.265,0.0,-0.1351871173957365,-7.973854034132819,-0.032838642249200904,-0.0004469733387748165,0.10235649034297263,2.0015921728685613,0.09738510404619763,58.76027065524296,0.1469006766381074,6,0.024872484835498285,,,,208.8233277525313,55.666666666666664,0.04565119276822458
liquidity_change|liq_20d_252d|middle_minus_q1|beta_neutral|r21|ensemble,liquidity_change|liq_20d_252d,liquidity_change,liq_20d_252d,252,upper_tail_exploratory_lead,upper_tail,middle_minus_q1,market_neutral,True,21,ensemble,3,199.33333333333334,0.0,199.33333333333334,1.0,0,self_financing_spread_return,4181,0.027725992609691996,0.06496520149048644,0.4534948606267834,-0.1616389149225752,0.545,0.5294117647058824,0.03169288037210094,2.0419342245963645,-0.015014703666082665,0.0006439263079478597,0.1266052077758241,2.0015179062189996,0.0998327970836332,29.561859225856967,0.0,8,0.030299191826098176,,,,208.24164872837437,55.666666666666664,0.04331830449865618
liquidity_change|liq_20d_252d|middle_minus_q1|beta_neutral|r21|ensemble,liquidity_change|liq_20d_252d,liquidity_change,liq_20d_252d,252,upper_tail_exploratory_lead,upper_tail,middle_minus_q1,market_neutral,True,21,ensemble,3,199.33333333333334,0.0,199.33333333333334,1.0,5,self_financing_spread_return,4181,0.012643876480974203,0.06500491274127917,0.22581266582614468,-0.188213638254501,0.525,0.47058823529411764,0.016921305598264883,1.0898742208757763,-0.015087893912746958,0.0006439263079478597,0.1266052077758241,2.0015179062189996,0.0998327970836332,29.561859225856967,0.014780929612928484,8,0.030299191826098176,,,,208.24164872837437,55.666666666666664,0.04331830449865618
liquidity_change|liq_20d_252d|middle_minus_q1|beta_neutral|r21|ensemble,liquidity_change|liq_20d_252d,liquidity_change,liq_20d_252d,252,upper_tail_exploratory_lead,upper_tail,middle_minus_q1,market_neutral,True,21,ensemble,3,199.33333333333334,0.0,199.33333333333334,1.0,10,self_financing_spread_return,4181,-0.0022229911695177407,0.0651249423844962,-0.0015895556436649185,-0.29234442513860737,0.48,0.35294117647058826,0.002149730824428919,0.13826788281289673,-0.01516108415941117,0.0006439263079478597,0.1266052077758241,2.0015179062189996,0.0998327970836332,29.561859225856967,0.029561859225856968,8,0.030299191826098176,,,,208.24164872837437,55.666666666666664,0.04331830449865618
liquidity_change|liq_20d_252d|middle_minus_q1|beta_neutral|r21|ensemble,liquidity_change|liq_20d_252d,liquidity_change,liq_20d_252d,252,upper_tail_exploratory_lead,upper_tail,middle_minus_q1,market_neutral,True,21,ensemble,3,199.33333333333334,0.0,199.33333333333334,1.0,25,self_financing_spread_return,4181,-0.04556175388989259,0.06596109024657425,-0.6738954226861578,-0.5837369836991158,0.395,0.23529411764705882,-0.04216499349707886,-2.683615646507886,-0.015380654899404048,0.0006439263079478597,0.1266052077758241,2.0015179062189996,0.0998327970836332,29.561859225856967,0.07390464806464242,8,0.030299191826098176,,,,208.24164872837437,55.666666666666664,0.04331830449865618
liquidity_change|liq_20d_252d|middle_minus_q1|beta_neutral|r63|ensemble,liquidity_change|liq_20d_252d,liquidity_change,liq_20d_252d,252,upper_tail_exploratory_lead,upper_tail,middle_minus_q1,market_neutral,True,63,ensemble,3,66.33333333333333,0.0,66.33333333333333,1.0,0,self_financing_spread_return,4181,0.010956629871525125,0.060363297849788784,0.21072447940156727,-0.13422052193922762,0.53,0.5294117647058824,0.01149910475351707,0.7999838567696964,0.00821500622473984,0.002654549205487167,0.1808934991187321,2.0118300708347054,0.10362465743758584,10.661790450436957,0.0,4,0.02179548162631754,,,,206.70963884238222,55.666666666666664,0.052006389551825925
liquidity_change|liq_20d_252d|middle_minus_q1|beta_neutral|r63|ensemble,liquidity_change|liq_20d_252d,liquidity_change,liq_20d_252d,252,upper_tail_exploratory_lead,upper_tail,middle_minus_q1,market_neutral,True,63,ensemble,3,66.33333333333333,0.0,66.33333333333333,1.0,5,self_financing_spread_return,4181,0.0055804778788357545,0.060370601330664624,0.12238129441780413,-0.1480010724568518,0.52,0.47058823529411764,0.006170942392953883,0.42941271269724807,0.008190582851643447,0.002654549205487167,0.1808934991187321,2.0118300708347054,0.10362465743758584,10.661790450436957,0.005330895225218478,4,0.02179548162631754,,,,206.70963884238222,55.666666666666664,0.052006389551825925
liquidity_change|liq_20d_252d|middle_minus_q1|beta_neutral|r63|ensemble,liquidity_change|liq_20d_252d,liquidity_change,liq_20d_252d,252,upper_tail_exploratory_lead,upper_tail,middle_minus_q1,market_neutral,True,63,ensemble,3,66.33333333333333,0.0,66.33333333333333,1.0,10,self_financing_spread_return,4181,0.0002305517971394888,0.06041515164739843,0.03403848373830699,-0.16796137455244964,0.51,0.35294117647058826,0.0008427800323906621,0.0586087793643971,0.008166159478547092,0.002654549205487167,0.1808934991187321,2.0118300708347054,0.10362465743758584,10.661790450436957,0.010661790450436956,4,0.02179548162631754,,,,206.70963884238222,55.666666666666664,0.052006389551825925
liquidity_change|liq_20d_252d|middle_minus_q1|beta_neutral|r63|ensemble,liquidity_change|liq_20d_252d,liquidity_change,liq_20d_252d,252,upper_tail_exploratory_lead,upper_tail,middle_minus_q1,market_neutral,True,63,ensemble,3,66.33333333333333,0.0,66.33333333333333,1.0,25,self_financing_spread_return,4181,-0.015663032838860724,0.060771122041679615,-0.22936776401354525,-0.2914234207134564,0.48,0.35294117647058826,-0.015141707049298814,-1.04552779145603,0.00809288935925796,0.002654549205487167,0.1808934991187321,2.0118300708347054,0.10362465743758584,10.661790450436957,0.02665447612609239,4,0.02179548162631754,,,,206.70963884238222,55.666666666666664,0.052006389551825925
liquidity_change|liq_20d_252d|q10_minus_middle|unconstrained_beta|r1|ensemble,liquidity_change|liq_20d_252d,liquidity_change,liq_20d_252d,252,upper_tail_exploratory_lead,upper_tail,q10_minus_middle,market_neutral,False,1,ensemble,1,4181.0,0.0,0.0,,0,self_financing_spread_return,4181,0.009217171493360654,0.09283004774640669,0.14540695515414379,-0.20537600401642953,0.525,0.5294117647058824,0.014511980304318889,0.7335143434437538,-0.006821700429721309,0.03433003620323388,0.49842889260485723,2.0,-6.285831298983168e-18,84.62909031991438,0.0,0,0.0,,,,209.8435780913657,168.0,0.029411764705882353
liquidity_change|liq_20d_252d|q10_minus_middle|unconstrained_beta|r1|ensemble,liquidity_change|liq_20d_252d,liquidity_change,liq_20d_252d,252,upper_tail_exploratory_lead,upper_tail,q10_minus_middle,market_neutral,False,1,ensemble,1,4181.0,0.0,0.0,,5,self_financing_spread_return,4181,-0.0326002057254251,0.0928193473539137,-0.3104798038878205,-0.510904123816439,0.395,0.23529411764705882,-0.027804088923954126,-1.405262880325853,-0.006825724935658838,0.03433003620323388,0.49842889260485723,2.0,-6.285831298983168e-18,84.62909031991438,0.04231454515995719,0,0.0,,,,209.8435780913657,168.0,0.029411764705882353
liquidity_change|liq_20d_252d|q10_minus_middle|unconstrained_beta|r1|ensemble,liquidity_change|liq_20d_252d,liquidity_change,liq_20d_252d,252,upper_tail_exploratory_lead,upper_tail,q10_minus_middle,market_neutral,False,1,ensemble,1,4181.0,0.0,0.0,,10,self_financing_spread_return,4181,-0.07269198192363058,0.09281480269377534,-0.7664208515444774,-0.7471864690242009,0.325,0.11764705882352941,-0.07012015815222711,-3.543220892945391,-0.006829749441596179,0.03433003620323388,0.49842889260485723,2.0,-6.285831298983168e-18,84.62909031991438,0.08462909031991438,0,0.0,,,,209.8435780913657,168.0,0.029411764705882353
liquidity_change|liq_20d_252d|q10_minus_middle|unconstrained_beta|r1|ensemble,liquidity_change|liq_20d_252d,liquidity_change,liq_20d_252d,252,upper_tail_exploratory_lead,upper_tail,q10_minus_middle,market_neutral,False,1,ensemble,1,4181.0,0.0,0.0,,25,self_financing_spread_return,4181,-0.18330844711369454,0.09283810602520935,-2.133662680730257,-0.9664305378887826,0.155,0.058823529411764705,-0.19706836583704598,-9.943272821858391,-0.006841822959408575,0.03433003620323388,0.49842889260485723,2.0,-6.285831298983168e-18,84.62909031991438,0.21157272579978595,0,0.0,,,,209.8435780913657,168.0,0.029411764705882353
liquidity_change|liq_20d_252d|q10_minus_middle|unconstrained_beta|r5|ensemble,liquidity_change|liq_20d_252d,liquidity_change,liq_20d_252d,252,upper_tail_exploratory_lead,upper_tail,q10_minus_middle,market_neutral,False,5,ensemble,3,836.3333333333334,0.0,0.0,,0,self_financing_spread_return,4181,0.006398907484699734,0.090060017975394,0.11601013273708194,-0.2108361055569945,0.505,0.6470588235294118,0.010616336784041145,0.5586594702131287,-0.0011335041084283856,0.033917404370467405,0.48238166465183924,2.0010307875291016,-0.00013095758243122072,57.42075449000922,0.0,2,0.005883169237717724,,,,209.6913019213904,56.0,0.03453305588057335
liquidity_change|liq_20d_252d|q10_minus_middle|unconstrained_beta|r5|ensemble,liquidity_change|liq_20d_252d,liquidity_change,liq_20d_252d,252,upper_tail_exploratory_lead,upper_tail,q10_minus_middle,market_neutral,False,5,ensemble,3,836.3333333333334,0.0,0.0,,5,self_financing_spread_return,4181,-0.02208708079769206,0.09002852300141358,-0.2028996804889176,-0.4293888526512216,0.45,0.23529411764705882,-0.01807463785086709,-0.9515823784003862,-0.0012926916291384353,0.033917404370467405,0.48238166465183924,2.0010307875291016,-0.00013095758243122072,57.42075449000922,0.02871037724500461,2,0.005883169237717724,,,,209.6913019213904,56.0,0.03453305588057335
liquidity_change|liq_20d_252d|q10_minus_middle|unconstrained_beta|r5|ensemble,liquidity_change|liq_20d_252d,liquidity_change,liq_20d_252d,252,upper_tail_exploratory_lead,upper_tail,q10_minus_middle,market_neutral,False,5,ensemble,3,836.3333333333334,0.0,0.0,,10,self_financing_spread_return,4181,-0.049772093440292986,0.09002282881212782,-0.5218830863605627,-0.6309560085149184,0.37,0.11764705882352941,-0.04676561248577575,-2.462943518644473,-0.0014518791498484885,0.033917404370467405,0.48238166465183924,2.0010307875291016,-0.00013095758243122072,57.42075449000922,0.05742075449000922,2,0.005883169237717724,,,,209.6913019213904,56.0,0.03453305588057335
liquidity_change|liq_20d_252d|q10_minus_middle|unconstrained_beta|r5|ensemble,liquidity_change|liq_20d_252d,liquidity_change,liq_20d_252d,252,upper_tail_exploratory_lead,upper_tail,q10_minus_middle,market_neutral,False,5,ensemble,3,836.3333333333334,0.0,0.0,,25,self_financing_spread_return,4181,-0.12824191626199688,0.09016048908754734,-1.4765369250452007,-0.9037246935292236,0.21,0.058823529411764705,-0.13283853639050075,-6.998170041693533,-0.0019294417119786933,0.033917404370467405,0.48238166465183924,2.0010307875291016,-0.00013095758243122072,57.42075449000922,0.14355188622502305,2,0.005883169237717724,,,,209.6913019213904,56.0,0.03453305588057335
liquidity_change|liq_20d_252d|q10_minus_middle|unconstrained_beta|r21|ensemble,liquidity_change|liq_20d_252d,liquidity_change,liq_20d_252d,252,upper_tail_exploratory_lead,upper_tail,q10_minus_middle,market_neutral,False,21,ensemble,3,199.33333333333334,0.0,0.0,,0,self_financing_spread_return,4181,0.0026970734312485867,0.08457127007642408,0.07425038450247745,-0.2016697654973747,0.51,0.47058823529411764,0.0043097240879896226,0.2405671930176287,0.013253373046696052,0.03187293372902141,0.49441462520641305,2.0049913915090065,-0.0007750568930594832,31.09290260991614,0.0,4,0.00582442794071042,,,,209.12500996571794,56.0,0.03876568195963528
liquidity_change|liq_20d_252d|q10_minus_middle|unconstrained_beta|r21|ensemble,liquidity_change|liq_20d_252d,liquidity_change,liq_20d_252d,252,upper_tail_exploratory_lead,upper_tail,q10_minus_middle,market_neutral,False,21,ensemble,3,199.33333333333334,0.0,0.0,,5,self_financing_spread_return,4181,-0.012774086408340102,0.08460497037174167,-0.1095327780315362,-0.35118198683586366,0.455,0.4117647058823529,-0.011225439071227675,-0.6263114104043283,0.013177316320403597,0.03187293372902141,0.49441462520641305,2.0049913915090065,-0.0007750568930594832,31.09290260991614,0.015546451304958072,4,0.00582442794071042,,,,209.12500996571794,56.0,0.03876568195963528
liquidity_change|liq_20d_252d|q10_minus_middle|unconstrained_beta|r21|ensemble,liquidity_change|liq_20d_252d,liquidity_change,liq_20d_252d,252,upper_tail_exploratory_lead,upper_tail,q10_minus_middle,market_neutral,False,21,ensemble,3,199.33333333333334,0.0,0.0,,10,self_financing_spread_return,4181,-0.028013084696490886,0.0847068850038435,-0.2929334988542707,-0.48564433402520446,0.42,0.23529411764705882,-0.026760602230444422,-1.4910645876704913,0.013101259594111105,0.03187293372902141,0.49441462520641305,2.0049913915090065,-0.0007750568930594832,31.09290260991614,0.031092902609916144,4,0.00582442794071042,,,,209.12500996571794,56.0,0.03876568195963528
liquidity_change|liq_20d_252d|q10_minus_middle|unconstrained_beta|r21|ensemble,liquidity_change|liq_20d_252d,liquidity_change,liq_20d_252d,252,upper_tail_exploratory_lead,upper_tail,q10_minus_middle,market_neutral,False,21,ensemble,3,199.33333333333334,0.0,0.0,,25,self_financing_spread_return,4181,-0.07237072605749784,0.08541865622058914,-0.836502090364061,-0.7465357932790158,0.32,0.058823529411764705,-0.0733660917080958,-4.050037149580102,0.012873089415233832,0.03187293372902141,0.49441462520641305,2.0049913915090065,-0.0007750568930594832,31.09290260991614,0.07773225652479035,4,0.00582442794071042,,,,209.12500996571794,56.0,0.03876568195963528
liquidity_change|liq_20d_252d|q10_minus_middle|unconstrained_beta|r63|ensemble,liquidity_change|liq_20d_252d,liquidity_change,liq_20d_252d,252,upper_tail_exploratory_lead,upper_tail,q10_minus_middle,market_neutral,False,63,ensemble,3,66.33333333333333,0.0,0.0,,0,self_financing_spread_return,4181,0.012807765671888571,0.07768753591878433,0.2027415861627557,-0.17127913481989676,0.505,0.6470588235294118,0.0122213204386906,0.7217588179735843,0.02374618367031501,0.02208084790129714,0.4042240911563683,2.0178173560356303,0.000825386360003721,11.233717951983477,0.0,2,0.012884729256520728,,,,207.69488957984532,56.0,0.04934588366666696
liquidity_change|liq_20d_252d|q10_minus_middle|unconstrained_beta|r63|ensemble,liquidity_change|liq_20d_252d,liquidity_change,liq_20d_252d,252,upper_tail_exploratory_lead,upper_tail,q10_minus_middle,market_neutral,False,63,ensemble,3,66.33333333333333,0.0,0.0,,5,self_financing_spread_return,4181,0.007133588174067507,0.07770589623030032,0.1304091834993614,-0.17651517161781194,0.49,0.5882352941176471,0.006606584843864148,0.3901629181623342,0.023731406574454696,0.02208084790129714,0.4042240911563683,2.0178173560356303,0.000825386360003721,11.233717951983477,0.0056168589759917386,2,0.012884729256520728,,,,207.69488957984532,56.0,0.04934588366666696
liquidity_change|liq_20d_252d|q10_minus_middle|unconstrained_beta|r63|ensemble,liquidity_change|liq_20d_252d,liquidity_change,liq_20d_252d,252,upper_tail_exploratory_lead,upper_tail,q10_minus_middle,market_neutral,False,63,ensemble,3,66.33333333333333,0.0,0.0,,10,self_financing_spread_return,4181,0.0014885613668256248,0.07775650708859144,0.05808685179959081,-0.24059684079895471,0.485,0.4117647058823529,0.0009918492490377964,0.05853339411434065,0.023716629478594348,0.02208084790129714,0.4042240911563683,2.0178173560356303,0.000825386360003721,11.233717951983477,0.011233717951983477,2,0.012884729256520728,,,,207.69488957984532,56.0,0.04934588366666696
liquidity_change|liq_20d_252d|q10_minus_middle|unconstrained_beta|r63|ensemble,liquidity_change|liq_20d_252d,liquidity_change,liq_20d_252d,252,upper_tail_exploratory_lead,upper_tail,q10_minus_middle,market_neutral,False,63,ensemble,3,66.33333333333333,0.0,0.0,,25,self_financing_spread_return,4181,-0.015272974130080885,0.07810101622042542,-0.15792578923419734,-0.4045801894415274,0.44,0.29411764705882354,-0.015852357535441414,-0.9296144677217638,0.02367229819101333,0.02208084790129714,0.4042240911563683,2.0178173560356303,0.000825386360003721,11.233717951983477,0.028084294879958692,2,0.012884729256520728,,,,207.69488957984532,56.0,0.04934588366666696
liquidity_change|liq_20d_252d|q10_minus_middle|beta_neutral|r1|ensemble,liquidity_change|liq_20d_252d,liquidity_change,liq_20d_252d,252,upper_tail_exploratory_lead,upper_tail,q10_minus_middle,market_neutral,True,1,ensemble,1,4181.0,0.0,4181.0,1.0,0,self_financing_spread_return,4181,0.011287494595266123,0.08670670968504522,0.1729364792424235,-0.1936572320428398,0.52,0.5294117647058824,0.01877026894970008,1.0106915697659924,-0.025403705636299997,-3.424377748993083e-18,6.106226635438361e-16,2.0,-0.02952935544811146,86.57524557659164,0.0,0,0.0,,,,209.8435780913657,168.0,0.03213865692598928
liquidity_change|liq_20d_252d|q10_minus_middle|beta_neutral|r1|ensemble,liquidity_change|liq_20d_252d,liquidity_change,liq_20d_252d,252,upper_tail_exploratory_lead,upper_tail,q10_minus_middle,market_neutral,True,1,ensemble,1,4181.0,0.0,4181.0,1.0,5,self_financing_spread_return,4181,-0.031558667410195196,0.08669449789517249,-0.32638206742231135,-0.47774832115704824,0.4,0.23529411764705882,-0.02451902337706059,-1.3204833186928697,-0.025410368437685047,-3.424377748993083e-18,6.106226635438361e-16,2.0,-0.02952935544811146,86.57524557659164,0.04328762278829582,0,0.0,,,,209.8435780913657,168.0,0.03213865692598928
liquidity_change|liq_20d_252d|q10_minus_middle|beta_neutral|r1|ensemble,liquidity_change|liq_20d_252d,liquidity_change,liq_20d_252d,252,upper_tail_exploratory_lead,upper_tail,q10_minus_middle,market_neutral,True,1,ensemble,1,4181.0,0.0,4181.0,1.0,10,self_financing_spread_return,4181,-0.07259697867160364,0.08668917441049574,-0.8257756807670239,-0.733340972903363,0.31,0.11764705882352941,-0.06780831570382176,-3.6519258278714832,-0.02541703123907009,-3.424377748993083e-18,6.106226635438361e-16,2.0,-0.02952935544811146,86.57524557659164,0.08657524557659164,0,0.0,,,,209.8435780913657,168.0,0.03213865692598928
liquidity_change|liq_20d_252d|q10_minus_middle|beta_neutral|r1|ensemble,liquidity_change|liq_20d_252d,liquidity_change,liq_20d_252d,252,upper_tail_exploratory_lead,upper_tail,q10_minus_middle,market_neutral,True,1,ensemble,1,4181.0,0.0,4181.0,1.0,25,self_financing_spread_return,4181,-0.1856087073572229,0.08671453826627185,-2.32321665677016,-0.9675480085572552,0.165,0.0,-0.19767619268410455,-10.636216346943884,-0.025437019643224982,-3.424377748993083e-18,6.106226635438361e-16,2.0,-0.02952935544811146,86.57524557659164,0.2164381139414791,0,0.0,,,,209.8435780913657,168.0,0.03213865692598928
liquidity_change|liq_20d_252d|q10_minus_middle|beta_neutral|r5|ensemble,liquidity_change|liq_20d_252d,liquidity_change,liq_20d_252d,252,upper_tail_exploratory_lead,upper_tail,q10_minus_middle,market_neutral,True,5,ensemble,3,836.3333333333334,0.0,836.3333333333334,1.0,0,self_financing_spread_return,4181,0.007944391358277292,0.08409422350606305,0.13627677841567412,-0.19719456333636498,0.53,0.5294117647058824,0.014747102894698723,0.8257689767092224,-0.02211679537355818,-0.000239471465572169,0.12026888561666477,2.001018548910333,-0.029512664106958818,58.041446322578715,0.0,2,0.005967908491080195,,,,209.6913019213904,56.0,0.03510597918937259
liquidity_change|liq_20d_252d|q10_minus_middle|beta_neutral|r5|ensemble,liquidity_change|liq_20d_252d,liquidity_change,liq_20d_252d,252,upper_tail_exploratory_lead,upper_tail,q10_minus_middle,market_neutral,True,5,ensemble,3,836.3333333333334,0.0,836.3333333333334,1.0,5,self_financing_spread_return,4181,-0.02088931021922802,0.0840661582418899,-0.20893871143795112,-0.39008048953052343,0.42,0.29411764705882354,-0.014253834306971207,-0.7986615984084631,-0.02227711923083423,-0.000239471465572169,0.12026888561666477,2.001018548910333,-0.029512664106958818,58.041446322578715,0.029020723161289355,2,0.005967908491080195,,,,209.6913019213904,56.0,0.03510597918937259
liquidity_change|liq_20d_252d|q10_minus_middle|beta_neutral|r5|ensemble,liquidity_change|liq_20d_252d,liquidity_change,liq_20d_252d,252,upper_tail_exploratory_lead,upper_tail,q10_minus_middle,market_neutral,True,5,ensemble,3,836.3333333333334,0.0,836.3333333333334,1.0,10,self_financing_spread_return,4181,-0.04890361708055935,0.0840662981050448,-0.5541987748973738,-0.6072671812290122,0.375,0.17647058823529413,-0.04325477150864173,-2.424841786793809,-0.022437443088110444,-0.000239471465572169,0.12026888561666477,2.001018548910333,-0.029512664106958818,58.041446322578715,0.05804144632257871,2,0.005967908491080195,,,,209.6913019213904,56.0,0.03510597918937259
liquidity_change|liq_20d_252d|q10_minus_middle|beta_neutral|r5|ensemble,liquidity_change|liq_20d_252d,liquidity_change,liq_20d_252d,252,upper_tail_exploratory_lead,upper_tail,q10_minus_middle,market_neutral,True,5,ensemble,3,836.3333333333334,0.0,836.3333333333334,1.0,25,self_financing_spread_return,4181,-0.12825825500648702,0.0842358053925505,-1.5867804993518149,-0.9008328744339509,0.23,0.058823529411764705,-0.1302575831136519,-7.307014062277433,-0.022918414659938657,-0.000239471465572169,0.12026888561666477,2.001018548910333,-0.029512664106958818,58.041446322578715,0.1451036158064468,2,0.005967908491080195,,,,209.6913019213904,56.0,0.03510597918937259
liquidity_change|liq_20d_252d|q10_minus_middle|beta_neutral|r21|ensemble,liquidity_change|liq_20d_252d,liquidity_change,liq_20d_252d,252,upper_tail_exploratory_lead,upper_tail,q10_minus_middle,market_neutral,True,21,ensemble,3,199.33333333333334,0.0,199.33333333333334,1.0,0,self_financing_spread_return,4181,0.005463837276767691,0.0791798858770678,0.10851272774466131,-0.19191582763242276,0.52,0.4117647058823529,0.011024786801383205,0.648783506799798,-0.01636892996952739,-0.0009519381599314901,0.24306534244460967,2.0047917358485465,-0.02908177656363722,31.165848760424886,0.0,4,0.005948367401383696,,,,209.12500996571794,56.0,0.03890395097988703
liquidity_change|liq_20d_252d|q10_minus_middle|beta_neutral|r21|ensemble,liquidity_change|liq_20d_252d,liquidity_change,liq_20d_252d,252,upper_tail_exploratory_lead,upper_tail,q10_minus_middle,market_neutral,True,21,ensemble,3,199.33333333333334,0.0,199.33333333333334,1.0,5,self_financing_spread_return,4181,-0.010086133807246656,0.07921995300278341,-0.08824532803117814,-0.29528446260963837,0.48,0.4117647058823529,-0.004547286481135398,-0.2674915521175308,-0.016441213694123245,-0.0009519381599314901,0.24306534244460967,2.0047917358485465,-0.02908177656363722,31.165848760424886,0.015582924380212445,4,0.005948367401383696,,,,209.12500996571794,56.0,0.03890395097988703
liquidity_change|liq_20d_252d|q10_minus_middle|beta_neutral|r21|ensemble,liquidity_change|liq_20d_252d,liquidity_change,liq_20d_252d,252,upper_tail_exploratory_lead,upper_tail,q10_minus_middle,market_neutral,True,21,ensemble,3,199.33333333333334,0.0,199.33333333333334,1.0,10,self_financing_spread_return,4181,-0.02540221677934884,0.07933319029601224,-0.28454177619095156,-0.44373184286171863,0.43,0.23529411764705882,-0.020119359763654157,-1.1818660276389594,-0.016513497418719183,-0.0009519381599314901,0.24306534244460967,2.0047917358485465,-0.02908177656363722,31.165848760424886,0.03116584876042489,4,0.005948367401383696,,,,209.12500996571794,56.0,0.03890395097988703
liquidity_change|liq_20d_252d|q10_minus_middle|beta_neutral|r21|ensemble,liquidity_change|liq_20d_252d,liquidity_change,liq_20d_252d,252,upper_tail_exploratory_lead,upper_tail,q10_minus_middle,market_neutral,True,21,ensemble,3,199.33333333333334,0.0,199.33333333333334,1.0,25,self_financing_spread_return,4181,-0.06998108129095004,0.08010781787077716,-0.8653594260260149,-0.7265827534586562,0.325,0.058823529411764705,-0.06683557961120977,-3.8869427184863157,-0.01673034859250676,-0.0009519381599314901,0.24306534244460967,2.0047917358485465,-0.02908177656363722,31.165848760424886,0.07791462190106221,4,0.005948367401383696,,,,209.12500996571794,56.0,0.03890395097988703
liquidity_change|liq_20d_252d|q10_minus_middle|beta_neutral|r63|ensemble,liquidity_change|liq_20d_252d,liquidity_change,liq_20d_252d,252,upper_tail_exploratory_lead,upper_tail,q10_minus_middle,market_neutral,True,63,ensemble,3,66.33333333333333,0.0,66.33333333333333,1.0,0,self_financing_spread_return,4181,0.016966335262105003,0.07339973748367327,0.26599867864664034,-0.16587970697783383,0.53,0.6470588235294118,0.018520797899438717,1.1591045547231478,0.0067516534423040075,0.0029764536013913833,0.20048367650456958,2.016555339201608,-0.01354887223036554,11.24710879072982,0.0,2,0.012810409936192984,,,,207.69488957984532,56.0,0.049213607743653943
liquidity_change|liq_20d_252d|q10_minus_middle|beta_neutral|r63|ensemble,liquidity_change|liq_20d_252d,liquidity_change,liq_20d_252d,252,upper_tail_exploratory_lead,upper_tail,q10_minus_middle,market_neutral,True,63,ensemble,3,66.33333333333333,0.0,66.33333333333333,1.0,5,self_financing_spread_return,4181,0.011262085590993731,0.07342775443983537,0.18931725715110234,-0.16663968417029373,0.51,0.5882352941176471,0.012899792196638324,0.8071551369210227,0.00673761494080519,0.0029764536013913833,0.20048367650456958,2.016555339201608,-0.01354887223036554,11.24710879072982,0.00562355439536491,2,0.012810409936192984,,,,207.69488957984532,56.0,0.049213607743653943
liquidity_change|liq_20d_252d|q10_minus_middle|beta_neutral|r63|ensemble,liquidity_change|liq_20d_252d,liquidity_change,liq_20d_252d,252,upper_tail_exploratory_lead,upper_tail,q10_minus_middle,market_neutral,True,63,ensemble,3,66.33333333333333,0.0,66.33333333333333,1.0,10,self_financing_spread_return,4181,0.005587175794461219,0.07348996606396392,0.11264189383018872,-0.17173772168763457,0.505,0.47058823529411764,0.00727878649383785,0.4549885592316636,0.006723576439306432,0.0029764536013913833,0.20048367650456958,2.016555339201608,-0.01354887223036554,11.24710879072982,0.01124710879072982,2,0.012810409936192984,,,,207.69488957984532,56.0,0.049213607743653943
liquidity_change|liq_20d_252d|q10_minus_middle|beta_neutral|r63|ensemble,liquidity_change|liq_20d_252d,liquidity_change,liq_20d_252d,252,upper_tail_exploratory_lead,upper_tail,q10_minus_middle,market_neutral,True,63,ensemble,3,66.33333333333333,0.0,66.33333333333333,1.0,25,self_financing_spread_return,4181,-0.011262883995053263,0.07388066773999229,-0.11628518868201104,-0.340532457270705,0.455,0.35294117647058826,-0.009584230614563335,-0.5945161749111149,0.006681460934810139,0.0029764536013913833,0.20048367650456958,2.016555339201608,-0.01354887223036554,11.24710879072982,0.028117771976824548,2,0.012810409936192984,,,,207.69488957984532,56.0,0.049213607743653943
liquidity_change|liq_20d_252d|q10_minus_q1|unconstrained_beta|r1|ensemble,liquidity_change|liq_20d_252d,liquidity_change,liq_20d_252d,252,upper_tail_exploratory_lead,upper_tail,q10_minus_q1,market_neutral,False,1,ensemble,1,4181.0,0.0,0.0,,0,self_financing_spread_return,4181,-0.015815086358733743,0.12729516186089657,-0.061212101579275625,-0.4382630634254917,0.48,0.4117647058823529,0.020590740269053394,0.7448053717765409,-0.1909744042419079,-0.07153085044560867,0.7557874213263868,2.0,5.3871441310889414e-18,85.61026393981763,0.0,0,0.0,,,,83.82827074862473,67.0,0.030303030303030304
liquidity_change|liq_20d_252d|q10_minus_q1|unconstrained_beta|r1|ensemble,liquidity_change|liq_20d_252d,liquidity_change,liq_20d_252d,252,upper_tail_exploratory_lead,upper_tail,q10_minus_q1,market_neutral,False,1,ensemble,1,4181.0,0.0,0.0,,5,self_financing_spread_return,4181,-0.0570580951092885,0.12727069293036508,-0.3975507207021199,-0.6897004543141023,0.455,0.29411764705882354,-0.02221418716515363,-0.8035828478806464,-0.1909718735451218,-0.07153085044560867,0.7557874213263868,2.0,5.3871441310889414e-18,85.61026393981763,0.042805131969908816,0,0.0,,,,83.82827074862473,67.0,0.030303030303030304
liquidity_change|liq_20d_252d|q10_minus_q1|unconstrained_beta|r1|ensemble,liquidity_change|liq_20d_252d,liquidity_change,liq_20d_252d,252,upper_tail_exploratory_lead,upper_tail,q10_minus_q1,market_neutral,False,1,ensemble,1,4181.0,0.0,0.0,,10,self_financing_spread_return,4181,-0.0965800026595478,0.12725184616995286,-0.7339862629130517,-0.8431887063425124,0.385,0.058823529411764705,-0.06501911459936073,-2.3519949562566276,-0.19096934284833542,-0.07153085044560867,0.7557874213263868,2.0,5.3871441310889414e-18,85.61026393981763,0.08561026393981763,0,0.0,,,,83.82827074862473,67.0,0.030303030303030304
liquidity_change|liq_20d_252d|q10_minus_q1|unconstrained_beta|r1|ensemble,liquidity_change|liq_20d_252d,liquidity_change,liq_20d_252d,252,upper_tail_exploratory_lead,upper_tail,q10_minus_q1,market_neutral,False,1,ensemble,1,4181.0,0.0,0.0,,25,self_financing_spread_return,4181,-0.20551965966736774,0.12722906016761837,-1.7434284328429013,-0.9797774911053547,0.255,0.058823529411764705,-0.19343389690198154,-6.993709651761914,-0.19096175075797708,-0.07153085044560867,0.7557874213263868,2.0,5.3871441310889414e-18,85.61026393981763,0.21402565984954408,0,0.0,,,,83.82827074862473,67.0,0.030303030303030304
liquidity_change|liq_20d_252d|q10_minus_q1|unconstrained_beta|r5|ensemble,liquidity_change|liq_20d_252d,liquidity_change,liq_20d_252d,252,upper_tail_exploratory_lead,upper_tail,q10_minus_q1,market_neutral,False,5,ensemble,3,836.3333333333334,0.0,0.0,,0,self_financing_spread_return,4181,-0.01602936546178868,0.12505465686561482,-0.06634630202340273,-0.42824412141592283,0.485,0.4117647058823529,0.01726287622322048,0.6332940906404526,-0.1719800455355735,-0.07227787026719582,0.6850708867190342,2.0019083030752993,-0.00032635072385076686,57.31167591881966,0.0,4,0.02630332843771489,,,,83.75898907757316,22.333333333333332,0.04735384937597622
liquidity_change|liq_20d_252d|q10_minus_q1|unconstrained_beta|r5|ensemble,liquidity_change|liq_20d_252d,liquidity_change,liq_20d_252d,252,upper_tail_exploratory_lead,upper_tail,q10_minus_q1,market_neutral,False,5,ensemble,3,836.3333333333334,0.0,0.0,,5,self_financing_spread_return,4181,-0.043828380553285196,0.125048835613398,-0.2955000004104817,-0.601874357444603,0.46,0.29411764705882354,-0.011372068118510185,-0.41727555988252735,-0.1721151048042409,-0.07227787026719582,0.6850708867190342,2.0019083030752993,-0.00032635072385076686,57.31167591881966,0.028655837959409833,4,0.02630332843771489,,,,83.75898907757316,22.333333333333332,0.04735384937597622
liquidity_change|liq_20d_252d|q10_minus_q1|unconstrained_beta|r5|ensemble,liquidity_change|liq_20d_252d,liquidity_change,liq_20d_252d,252,upper_tail_exploratory_lead,upper_tail,q10_minus_q1,market_neutral,False,5,ensemble,3,836.3333333333334,0.0,0.0,,10,self_financing_spread_return,4181,-0.07084722696818668,0.1250617496833491,-0.5245964340212216,-0.7437388245081549,0.42,0.23529411764705882,-0.040007012460240715,-1.4681918909474416,-0.1722501640729083,-0.07227787026719582,0.6850708867190342,2.0019083030752993,-0.00032635072385076686,57.31167591881966,0.057311675918819666,4,0.02630332843771489,,,,83.75898907757316,22.333333333333332,0.04735384937597622
liquidity_change|liq_20d_252d|q10_minus_q1|unconstrained_beta|r5|ensemble,liquidity_change|liq_20d_252d,liquidity_change,liq_20d_252d,252,upper_tail_exploratory_lead,upper_tail,q10_minus_q1,market_neutral,False,5,ensemble,3,836.3333333333334,0.0,0.0,,25,self_financing_spread_return,4181,-0.14743725001074182,0.1252128038072268,-1.2105151720222256,-0.9351944055248359,0.33,0.058823529411764705,-0.12591184548543247,-4.620985730306055,-0.17265534187891035,-0.07227787026719582,0.6850708867190342,2.0019083030752993,-0.00032635072385076686,57.31167591881966,0.14327918979704915,4,0.02630332843771489,,,,83.75898907757316,22.333333333333332,0.04735384937597622
liquidity_change|liq_20d_252d|q10_minus_q1|unconstrained_beta|r21|ensemble,liquidity_change|liq_20d_252d,liquidity_change,liq_20d_252d,252,upper_tail_exploratory_lead,upper_tail,q10_minus_q1,market_neutral,False,21,ensemble,3,199.33333333333334,0.0,0.0,,0,self_financing_spread_return,4181,0.006321543719792322,0.11773435793768271,0.11268487463730739,-0.22759073785607153,0.53,0.5294117647058824,0.032492010672901195,1.2480048024174752,-0.1293570322994544,-0.07497504318607158,0.7139475628632295,2.0035919250403853,0.00041631354312992073,33.56467616599225,0.0,8,0.02421374607788254,,,,83.47970979829387,22.333333333333332,0.04974662442859381
liquidity_change|liq_20d_252d|q10_minus_q1|unconstrained_beta|r21|ensemble,liquidity_change|liq_20d_252d,liquidity_change,liq_20d_252d,252,upper_tail_exploratory_lead,upper_tail,q10_minus_q1,market_neutral,False,21,ensemble,3,199.33333333333334,0.0,0.0,,5,self_financing_spread_return,4181,-0.010429857472214255,0.11776382063344867,-0.029851322717180565,-0.3465549318396398,0.515,0.35294117647058826,0.01571956251419374,0.6035957581577631,-0.12942323453018198,-0.07497504318607158,0.7139475628632295,2.0035919250403853,0.00041631354312992073,33.56467616599225,0.016782338082996125,8,0.02421374607788254,,,,83.47970979829387,22.333333333333332,0.04974662442859381
liquidity_change|liq_20d_252d|q10_minus_q1|unconstrained_beta|r21|ensemble,liquidity_change|liq_20d_252d,liquidity_change,liq_20d_252d,252,upper_tail_exploratory_lead,upper_tail,q10_minus_q1,market_neutral,False,21,ensemble,3,199.33333333333334,0.0,0.0,,10,self_financing_spread_return,4181,-0.026910081105260164,0.11785063726921866,-0.17223235667888423,-0.4799837012494438,0.505,0.35294117647058826,-0.0010528856445135048,-0.04039585306995541,-0.12948943676090957,-0.07497504318607158,0.7139475628632295,2.0035919250403853,0.00041631354312992073,33.56467616599225,0.03356467616599225,8,0.02421374607788254,,,,83.47970979829387,22.333333333333332,0.04974662442859381
liquidity_change|liq_20d_252d|q10_minus_q1|unconstrained_beta|r21|ensemble,liquidity_change|liq_20d_252d,liquidity_change,liq_20d_252d,252,upper_tail_exploratory_lead,upper_tail,q10_minus_q1,market_neutral,False,21,ensemble,3,199.33333333333334,0.0,0.0,,25,self_financing_spread_return,4181,-0.07476601926618931,0.118453533205193,-0.5963904378196726,-0.7629429626678013,0.445,0.17647058823529413,-0.051370230120635525,-1.9603474408688466,-0.12968804345309254,-0.07497504318607158,0.7139475628632295,2.0035919250403853,0.00041631354312992073,33.56467616599225,0.08391169041498064,8,0.02421374607788254,,,,83.47970979829387,22.333333333333332,0.04974662442859381
liquidity_change|liq_20d_252d|q10_minus_q1|unconstrained_beta|r63|ensemble,liquidity_change|liq_20d_252d,liquidity_change,liq_20d_252d,252,upper_tail_exploratory_lead,upper_tail,q10_minus_q1,market_neutral,False,63,ensemble,3,66.33333333333333,0.0,0.0,,0,self_financing_spread_return,4181,0.006935190005633807,0.10772721295887783,0.11822898432793892,-0.21375840390365786,0.515,0.5294117647058824,0.02762831030928794,1.1395834038028774,-0.10020026790646207,-0.08639262758110638,0.6809082492701742,2.0172528333747985,0.003482263166252649,12.468034261615784,0.0,4,0.008498705416553584,,,,82.80299768795345,22.333333333333332,0.06402748133019645
liquidity_change|liq_20d_252d|q10_minus_q1|unconstrained_beta|r63|ensemble,liquidity_change|liq_20d_252d,liquidity_change,liq_20d_252d,252,upper_tail_exploratory_lead,upper_tail,q10_minus_q1,market_neutral,False,63,ensemble,3,66.33333333333333,0.0,0.0,,5,self_financing_spread_return,4181,0.0006758419649581793,0.10773519062999895,0.06034874860949775,-0.27821437721419406,0.505,0.4117647058823529,0.021395527642820822,0.8827763448264203,-0.10021380821927495,-0.08639262758110638,0.6809082492701742,2.0172528333747985,0.003482263166252649,12.468034261615784,0.006234017130807892,4,0.008498705416553584,,,,82.80299768795345,22.333333333333332,0.06402748133019645
liquidity_change|liq_20d_252d|q10_minus_q1|unconstrained_beta|r63|ensemble,liquidity_change|liq_20d_252d,liquidity_change,liq_20d_252d,252,upper_tail_exploratory_lead,upper_tail,q10_minus_q1,market_neutral,False,63,ensemble,3,66.33333333333333,0.0,0.0,,10,self_financing_spread_return,4181,-0.005547823505369864,0.10777183189562801,0.0024764253715468653,-0.340882441338097,0.5,0.29411764705882354,0.015162744976353577,0.6255425308481773,-0.10022734853208776,-0.08639262758110638,0.6809082492701742,2.0172528333747985,0.003482263166252649,12.468034261615784,0.012468034261615784,4,0.008498705416553584,,,,82.80299768795345,22.333333333333332,0.06402748133019645
liquidity_change|liq_20d_252d|q10_minus_q1|unconstrained_beta|r63|ensemble,liquidity_change|liq_20d_252d,liquidity_change,liq_20d_252d,252,upper_tail_exploratory_lead,upper_tail,q10_minus_q1,market_neutral,False,63,ensemble,3,66.33333333333333,0.0,0.0,,25,self_financing_spread_return,4181,-0.024006570617773115,0.10805333160752764,-0.1706332968868503,-0.49845170287470053,0.49,0.29411764705882354,-0.0035356030230480717,-0.14544294345926995,-0.10026796947052627,-0.08639262758110638,0.6809082492701742,2.0172528333747985,0.003482263166252649,12.468034261615784,0.03117008565403946,4,0.008498705416553584,,,,82.80299768795345,22.333333333333332,0.06402748133019645
liquidity_change|liq_20d_252d|q10_minus_q1|beta_neutral|r1|ensemble,liquidity_change|liq_20d_252d,liquidity_change,liq_20d_252d,252,upper_tail_exploratory_lead,upper_tail,q10_minus_q1,market_neutral,True,1,ensemble,1,4181.0,0.0,4181.0,1.0,0,self_financing_spread_return,4181,0.013913325406501365,0.11727456958188862,0.17675765188780448,-0.23228098574003475,0.495,0.5294117647058824,0.030394337757369588,1.1641887053837126,-0.06503240741171039,-5.406696593132808e-18,7.494005416219807e-16,2.0,0.06808930959512074,87.98137124789328,0.0,0,0.0,,,,83.82827074862473,67.0,0.03860229449805511
liquidity_change|liq_20d_252d|q10_minus_q1|beta_neutral|r1|ensemble,liquidity_change|liq_20d_252d,liquidity_change,liq_20d_252d,252,upper_tail_exploratory_lead,upper_tail,q10_minus_q1,market_neutral,True,1,ensemble,1,4181.0,0.0,4181.0,1.0,5,self_financing_spread_return,4181,-0.029726691914715886,0.1172560953517216,-0.19841450939725888,-0.533899183009225,0.445,0.29411764705882354,-0.013597594309233359,-0.52090420764065,-0.06504960631027795,-5.406696593132808e-18,7.494005416219807e-16,2.0,0.06808930959512074,87.98137124789328,0.04399068562394664,0,0.0,,,,83.82827074862473,67.0,0.03860229449805511
liquidity_change|liq_20d_252d|q10_minus_q1|beta_neutral|r1|ensemble,liquidity_change|liq_20d_252d,liquidity_change,liq_20d_252d,252,upper_tail_exploratory_lead,upper_tail,q10_minus_q1,market_neutral,True,1,ensemble,1,4181.0,0.0,4181.0,1.0,10,self_financing_spread_return,4181,-0.07149623848859299,0.1172441744280672,-0.5736728425070967,-0.7556280216412863,0.395,0.17647058823529413,-0.05758952637583585,-2.2062916767898644,-0.06506680520884522,-5.406696593132808e-18,7.494005416219807e-16,2.0,0.06808930959512074,87.98137124789328,0.08798137124789328,0,0.0,,,,83.82827074862473,67.0,0.03860229449805511
liquidity_change|liq_20d_252d|q10_minus_q1|beta_neutral|r1|ensemble,liquidity_change|liq_20d_252d,liquidity_change,liq_20d_252d,252,upper_tail_exploratory_lead,upper_tail,q10_minus_q1,market_neutral,True,1,ensemble,1,4181.0,0.0,4181.0,1.0,25,self_financing_spread_return,4181,-0.18636357960575756,0.11724774599075884,-1.6993355536467576,-0.9702389793791265,0.265,0.058823529411764705,-0.18956532257564526,-7.259395627582234,-0.06511840190454757,-5.406696593132808e-18,7.494005416219807e-16,2.0,0.06808930959512074,87.98137124789328,0.2199534281197332,0,0.0,,,,83.82827074862473,67.0,0.03860229449805511
liquidity_change|liq_20d_252d|q10_minus_q1|beta_neutral|r5|ensemble,liquidity_change|liq_20d_252d,liquidity_change,liq_20d_252d,252,upper_tail_exploratory_lead,upper_tail,q10_minus_q1,market_neutral,True,5,ensemble,3,836.3333333333334,0.0,836.3333333333334,1.0,0,self_financing_spread_return,4181,0.013250059499217981,0.11586061830637648,0.17182631474858223,-0.24986356468694582,0.505,0.5294117647058824,0.028092982683287002,1.092685641199349,-0.05507362739595844,-0.0006945909239437062,0.15603569320001376,2.0012819748010617,0.06767377695537931,58.136946338496415,0.0,4,0.024076114150081828,,,,83.75898907757316,22.333333333333332,0.04861959006442301
liquidity_change|liq_20d_252d|q10_minus_q1|beta_neutral|r5|ensemble,liquidity_change|liq_20d_252d,liquidity_change,liq_20d_252d,252,upper_tail_exploratory_lead,upper_tail,q10_minus_q1,market_neutral,True,5,ensemble,3,836.3333333333334,0.0,836.3333333333334,1.0,5,self_financing_spread_return,4181,-0.01578244139259688,0.11585570180837583,-0.07909058172526283,-0.4401911172479339,0.475,0.29411764705882354,-0.0009559099946441923,-0.03719372909931171,-0.05522236338123752,-0.0006945909239437062,0.15603569320001376,2.0012819748010617,0.06767377695537931,58.136946338496415,0.029068473169248203,4,0.024076114150081828,,,,83.75898907757316,22.333333333333332,0.04861959006442301
liquidity_change|liq_20d_252d|q10_minus_q1|beta_neutral|r5|ensemble,liquidity_change|liq_20d_252d,liquidity_change,liq_20d_252d,252,upper_tail_exploratory_lead,upper_tail,q10_minus_q1,market_neutral,True,5,ensemble,3,836.3333333333334,0.0,836.3333333333334,1.0,10,self_financing_spread_return,4181,-0.043988590965887586,0.11587160627233559,-0.32996947226778,-0.6167720631264271,0.44,0.17647058823529413,-0.030004802672575118,-1.1677945193021722,-0.05537109936651655,-0.0006945909239437062,0.15603569320001376,2.0012819748010617,0.06767377695537931,58.136946338496415,0.058136946338496406,4,0.024076114150081828,,,,83.75898907757316,22.333333333333332,0.04861959006442301
liquidity_change|liq_20d_252d|q10_minus_q1|beta_neutral|r5|ensemble,liquidity_change|liq_20d_252d,liquidity_change,liq_20d_252d,252,upper_tail_exploratory_lead,upper_tail,q10_minus_q1,market_neutral,True,5,ensemble,3,836.3333333333334,0.0,836.3333333333334,1.0,25,self_financing_spread_return,4181,-0.12387930464440045,0.11604410379100406,-1.081029388268639,-0.8994011264318592,0.33,0.058823529411764705,-0.11715148070636822,-4.56139174281961,-0.05581730732235378,-0.0006945909239437062,0.15603569320001376,2.0012819748010617,0.06767377695537931,58.136946338496415,0.14534236584624105,4,0.024076114150081828,,,,83.75898907757316,22.333333333333332,0.04861959006442301
liquidity_change|liq_20d_252d|q10_minus_q1|beta_neutral|r21|ensemble,liquidity_change|liq_20d_252d,liquidity_change,liq_20d_252d,252,upper_tail_exploratory_lead,upper_tail,q10_minus_q1,market_neutral,True,21,ensemble,3,199.33333333333334,0.0,199.33333333333334,1.0,0,self_financing_spread_return,4181,0.03528771898759819,0.10962328920735188,0.37142379115199664,-0.18920124410968975,0.54,0.5882352941176471,0.04540333403112987,1.861861350351245,-0.03153421548717593,-0.00028818749970927767,0.26740093953114535,2.0007793729935592,0.07074062435732792,33.74332362001496,0.0,8,0.024645619125419016,,,,83.47970979829387,22.333333333333332,0.046301474836952385
liquidity_change|liq_20d_252d|q10_minus_q1|beta_neutral|r21|ensemble,liquidity_change|liq_20d_252d,liquidity_change,liq_20d_252d,252,upper_tail_exploratory_lead,upper_tail,q10_minus_q1,market_neutral,True,21,ensemble,3,199.33333333333334,0.0,199.33333333333334,1.0,5,self_financing_spread_return,4181,0.017963169183498717,0.10965698867584765,0.21743560918832816,-0.20498128764568335,0.515,0.47058823529411764,0.028541211530512287,1.17016771884262,-0.0316098512688386,-0.00028818749970927767,0.26740093953114535,2.0007793729935592,0.07074062435732792,33.74332362001496,0.01687166181000748,8,0.024645619125419016,,,,83.47970979829387,22.333333333333332,0.046301474836952385
liquidity_change|liq_20d_252d|q10_minus_q1|beta_neutral|r21|ensemble,liquidity_change|liq_20d_252d,liquidity_change,liq_20d_252d,252,upper_tail_exploratory_lead,upper_tail,q10_minus_q1,market_neutral,True,21,ensemble,3,199.33333333333334,0.0,199.33333333333334,1.0,10,self_financing_spread_return,4181,0.0009205612372757965,0.10975290114395796,0.06350602599463952,-0.2756677923232693,0.495,0.4117647058823529,0.011679089029895303,0.47846702993524654,-0.03168548705050122,-0.00028818749970927767,0.26740093953114535,2.0007793729935592,0.07074062435732792,33.74332362001496,0.03374332362001496,8,0.024645619125419016,,,,83.47970979829387,22.333333333333332,0.046301474836952385
liquidity_change|liq_20d_252d|q10_minus_q1|beta_neutral|r21|ensemble,liquidity_change|liq_20d_252d,liquidity_change,liq_20d_252d,252,upper_tail_exploratory_lead,upper_tail,q10_minus_q1,market_neutral,True,21,ensemble,3,199.33333333333334,0.0,199.33333333333334,1.0,25,self_financing_spread_return,4181,-0.048559856693159986,0.1104117694503697,-0.3953393759435455,-0.6258623937712764,0.43,0.29411764705882354,-0.03890727847195712,-1.5848889355079456,-0.031912394395489055,-0.00028818749970927767,0.26740093953114535,2.0007793729935592,0.07074062435732792,33.74332362001496,0.08435830905003741,8,0.024645619125419016,,,,83.47970979829387,22.333333333333332,0.046301474836952385
liquidity_change|liq_20d_252d|q10_minus_q1|beta_neutral|r63|ensemble,liquidity_change|liq_20d_252d,liquidity_change,liq_20d_252d,252,upper_tail_exploratory_lead,upper_tail,q10_minus_q1,market_neutral,True,63,ensemble,3,66.33333333333333,0.0,66.33333333333333,1.0,0,self_financing_spread_return,4181,0.030069892011517885,0.0997996861492713,0.3469569416267828,-0.1639114136833416,0.54,0.7058823529411765,0.03206771033282711,1.4260128845827902,0.01721485633511584,0.006449444618683629,0.20393783810601085,2.008784945421623,0.08988392918042411,12.472214364830528,0.0,4,0.008546827289023869,,,,82.80299768795345,22.333333333333332,0.05861392212391037
liquidity_change|liq_20d_252d|q10_minus_q1|beta_neutral|r63|ensemble,liquidity_change|liq_20d_252d,liquidity_change,liq_20d_252d,252,upper_tail_exploratory_lead,upper_tail,q10_minus_q1,market_neutral,True,63,ensemble,3,66.33333333333333,0.0,66.33333333333333,1.0,5,self_financing_spread_return,4181,0.023664593595823957,0.09981697024316054,0.28441656235935486,-0.17248977468898308,0.52,0.5882352941176471,0.025833534477118617,1.1490476742165,0.017198583469389867,0.006449444618683629,0.20393783810601085,2.008784945421623,0.08988392918042411,12.472214364830528,0.006236107182415264,4,0.008546827289023869,,,,82.80299768795345,22.333333333333332,0.05861392212391037
liquidity_change|liq_20d_252d|q10_minus_q1|beta_neutral|r63|ensemble,liquidity_change|liq_20d_252d,liquidity_change,liq_20d_252d,252,upper_tail_exploratory_lead,upper_tail,q10_minus_q1,market_neutral,True,63,ensemble,3,66.33333333333333,0.0,66.33333333333333,1.0,10,self_financing_spread_return,4181,0.017295824064402776,0.09986518129188093,0.22182911916977266,-0.1809847078094753,0.515,0.5294117647058824,0.019599358621410254,0.8715262239213035,0.017182310603663795,0.006449444618683629,0.20393783810601085,2.008784945421623,0.08988392918042411,12.472214364830528,0.012472214364830527,4,0.008546827289023869,,,,82.80299768795345,22.333333333333332,0.05861392212391037
liquidity_change|liq_20d_252d|q10_minus_q1|beta_neutral|r63|ensemble,liquidity_change|liq_20d_252d,liquidity_change,liq_20d_252d,252,upper_tail_exploratory_lead,upper_tail,q10_minus_q1,market_neutral,True,63,ensemble,3,66.33333333333333,0.0,66.33333333333333,1.0,25,self_financing_spread_return,4181,-0.0015932019572241218,0.10019478653952434,0.0343652828724266,-0.3026778846462017,0.495,0.4117647058823529,0.0008968310542850591,0.03973039696633516,0.017133492006485774,0.006449444618683629,0.20393783810601085,2.008784945421623,0.08988392918042411,12.472214364830528,0.031180535912076316,4,0.008546827289023869,,,,82.80299768795345,22.333333333333332,0.05861392212391037
low_volatility|60d|continuous_high_minus_low|unconstrained_beta|r1|ensemble,low_volatility|60d,low_volatility,60d,63,lower_tail_exploratory_lead,lower_tail,continuous_high_minus_low,market_neutral,False,1,ensemble,1,4181.0,0.0,0.0,,0,self_financing_spread_return,4181,-0.05819367731472769,0.17026140170961093,-0.2667213991424089,-0.7133647110367822,0.47,0.4117647058823529,0.04844137209847366,1.627240176882325,-0.6314984917519841,-0.5683414226836195,0.9949564256248503,2.0,-6.671694210405898e-19,28.78758142147672,0.0,0,0.0,,,,419.5477158574504,335.0,0.011940191473340744
low_volatility|60d|continuous_high_minus_low|unconstrained_beta|r1|ensemble,low_volatility|60d,low_volatility,60d,63,lower_tail_exploratory_lead,lower_tail,continuous_high_minus_low,market_neutral,False,1,ensemble,1,4181.0,0.0,0.0,,5,self_financing_spread_return,4181,-0.07165324666501072,0.17025640852193635,-0.3512490666809079,-0.7386265658696569,0.46,0.4117647058823529,0.03403706865953146,1.1426455249510556,-0.6314025553473503,-0.5683414226836195,0.9949564256248503,2.0,-6.671694210405898e-19,28.78758142147672,0.01439379071073836,0,0.0,,,,419.5477158574504,335.0,0.011940191473340744
low_volatility|60d|continuous_high_minus_low|unconstrained_beta|r1|ensemble,low_volatility|60d,low_volatility,60d,63,lower_tail_exploratory_lead,lower_tail,continuous_high_minus_low,market_neutral,False,1,ensemble,1,4181.0,0.0,0.0,,10,self_financing_spread_return,4181,-0.08492145232312609,0.17025292876537573,-0.43577781852936626,-0.7886926508546003,0.455,0.4117647058823529,0.019632765220590084,0.6586368153504977,-0.6313066189427167,-0.5683414226836195,0.9949564256248503,2.0,-6.671694210405898e-19,28.78758142147672,0.02878758142147672,0,0.0,,,,419.5477158574504,335.0,0.011940191473340744
low_volatility|60d|continuous_high_minus_low|unconstrained_beta|r1|ensemble,low_volatility|60d,low_volatility,60d,63,lower_tail_exploratory_lead,lower_tail,continuous_high_minus_low,market_neutral,False,1,ensemble,1,4181.0,0.0,0.0,,25,self_financing_spread_return,4181,-0.1236047653594764,0.17025157080856157,-0.6893480351208794,-0.8915471610703335,0.415,0.17647058823529413,-0.023580145096235773,-0.7892476865755176,-0.6310188097288146,-0.5683414226836195,0.9949564256248503,2.0,-6.671694210405898e-19,28.78758142147672,0.0719689535536918,0,0.0,,,,419.5477158574504,335.0,0.011940191473340744
low_volatility|60d|continuous_high_minus_low|unconstrained_beta|r5|ensemble,low_volatility|60d,low_volatility,60d,63,lower_tail_exploratory_lead,lower_tail,continuous_high_minus_low,market_neutral,False,5,ensemble,3,836.3333333333334,0.0,0.0,,0,self_financing_spread_return,4181,-0.06114877806813934,0.1690229885719692,-0.2884476112734072,-0.7217551853897148,0.47,0.4117647058823529,0.043008597017064755,1.4193729904265493,-0.6174300784738206,-0.5707086520044665,1.1015892258581876,2.0031150791346533,-0.00046395676435701807,15.91352381343855,0.0,18,0.01224734860297428,,,,419.24053256796617,111.66666666666667,0.016777980593118903
low_volatility|60d|continuous_high_minus_low|unconstrained_beta|r5|ensemble,low_volatility|60d,low_volatility,60d,63,lower_tail_exploratory_lead,lower_tail,continuous_high_minus_low,market_neutral,False,5,ensemble,3,836.3333333333334,0.0,0.0,,5,self_financing_spread_return,4181,-0.06858958350226951,0.16902844418177684,-0.33549163035087354,-0.7371761804797261,0.465,0.4117647058823529,0.035062116187185806,1.156883206759714,-0.6174763047509726,-0.5707086520044665,1.1015892258581876,2.0031150791346533,-0.00046395676435701807,15.91352381343855,0.007956761906719276,18,0.01224734860297428,,,,419.24053256796617,111.66666666666667,0.016777980593118903
low_volatility|60d|continuous_high_minus_low|unconstrained_beta|r5|ensemble,low_volatility|60d,low_volatility,60d,63,lower_tail_exploratory_lead,lower_tail,continuous_high_minus_low,market_neutral,False,5,ensemble,3,836.3333333333334,0.0,0.0,,10,self_financing_spread_return,4181,-0.07597187468915123,0.16903533930953507,-0.3825293550371069,-0.7664278383271477,0.465,0.4117647058823529,0.02711563535730683,0.8944878325813145,-0.6175225310281243,-0.5707086520044665,1.1015892258581876,2.0031150791346533,-0.00046395676435701807,15.91352381343855,0.01591352381343855,18,0.01224734860297428,,,,419.24053256796617,111.66666666666667,0.016777980593118903
low_volatility|60d|continuous_high_minus_low|unconstrained_beta|r5|ensemble,low_volatility|60d,low_volatility,60d,63,lower_tail_exploratory_lead,lower_tail,continuous_high_minus_low,market_neutral,False,5,ensemble,3,836.3333333333334,0.0,0.0,,25,self_financing_spread_return,4181,-0.09777221087441323,0.16906465985538152,-0.5235927628594499,-0.8360651594365394,0.45,0.35294117647058826,0.0032761928676696556,0.10799229228782048,-0.6176612098595785,-0.5707086520044665,1.1015892258581876,2.0031150791346533,-0.00046395676435701807,15.91352381343855,0.03978380953359638,18,0.01224734860297428,,,,419.24053256796617,111.66666666666667,0.016777980593118903
low_volatility|60d|continuous_high_minus_low|unconstrained_beta|r21|ensemble,low_volatility|60d,low_volatility,60d,63,lower_tail_exploratory_lead,lower_tail,continuous_high_minus_low,market_neutral,False,21,ensemble,3,199.33333333333334,0.0,0.0,,0,self_financing_spread_return,4181,-0.0581026229883862,0.16429831534077544,-0.28191963741395076,-0.692451941113692,0.47,0.4117647058823529,0.03803803127997021,1.2101889390454432,-0.5675990464895533,-0.577273302838477,1.1591736650120852,2.010478069154868,-0.0009690538183820365,9.010810167375432,0.0,27,0.017606197253898514,,,,418.03842780833935,111.66666666666667,0.020836129881060633
low_volatility|60d|continuous_high_minus_low|unconstrained_beta|r21|ensemble,low_volatility|60d,low_volatility,60d,63,lower_tail_exploratory_lead,lower_tail,continuous_high_minus_low,market_neutral,False,21,ensemble,3,199.33333333333334,0.0,0.0,,5,self_financing_spread_return,4181,-0.06233699087477229,0.16430071178800068,-0.3093279676470132,-0.712290703910391,0.47,0.4117647058823529,0.03354395675796674,1.0669539208402432,-0.5676650484089882,-0.577273302838477,1.1591736650120852,2.010478069154868,-0.0009690538183820365,9.010810167375432,0.004505405083687716,27,0.017606197253898514,,,,418.03842780833935,111.66666666666667,0.020836129881060633
low_volatility|60d|continuous_high_minus_low|unconstrained_beta|r21|ensemble,low_volatility|60d,low_volatility,60d,63,lower_tail_exploratory_lead,lower_tail,continuous_high_minus_low,market_neutral,False,21,ensemble,3,199.33333333333334,0.0,0.0,,10,self_financing_spread_return,4181,-0.06655288831184747,0.16430629894546947,-0.33672895918888174,-0.7308521581284704,0.47,0.4117647058823529,0.029049882235963543,0.9237616759153087,-0.5677310503284229,-0.577273302838477,1.1591736650120852,2.010478069154868,-0.0009690538183820365,9.010810167375432,0.009010810167375432,27,0.017606197253898514,,,,418.03842780833935,111.66666666666667,0.020836129881060633
low_volatility|60d|continuous_high_minus_low|unconstrained_beta|r21|ensemble,low_volatility|60d,low_volatility,60d,63,lower_tail_exploratory_lead,lower_tail,continuous_high_minus_low,market_neutral,False,21,ensemble,3,199.33333333333334,0.0,0.0,,25,self_financing_spread_return,4181,-0.07909053750950568,0.1643422004958742,-0.41887196435007795,-0.7796675155822359,0.46,0.4117647058823529,0.01556765866995381,0.49456049743831504,-0.5679290560867267,-0.577273302838477,1.1591736650120852,2.010478069154868,-0.0009690538183820365,9.010810167375432,0.02252702541843858,27,0.017606197253898514,,,,418.03842780833935,111.66666666666667,0.020836129881060633
low_volatility|60d|continuous_high_minus_low|unconstrained_beta|r63|ensemble,low_volatility|60d,low_volatility,60d,63,lower_tail_exploratory_lead,lower_tail,continuous_high_minus_low,market_neutral,False,63,ensemble,3,66.33333333333333,0.0,0.0,,0,self_financing_spread_return,4181,-0.05653902692198154,0.16394732731107978,-0.27289066243542237,-0.6841019444818814,0.465,0.4117647058823529,0.03212835040666537,0.9601123621528518,-0.5172096395973271,-0.6006261908018312,1.7746041885539692,2.0433139964964697,-0.006369520653158845,5.644862887457824,0.0,45,0.019387911998009932,,,,415.1024475803237,111.66666666666667,0.03260402298256749
low_volatility|60d|continuous_high_minus_low|unconstrained_beta|r63|ensemble,low_volatility|60d,low_volatility,60d,63,lower_tail_exploratory_lead,lower_tail,continuous_high_minus_low,market_neutral,False,63,ensemble,3,66.33333333333333,0.0,0.0,,5,self_financing_spread_return,4181,-0.05919844340040892,0.1639497239712386,-0.2900967095302632,-0.6970198558248026,0.455,0.4117647058823529,0.029310686777028618,0.8758504356471872,-0.5172359957446606,-0.6006261908018312,1.7746041885539692,2.0433139964964697,-0.006369520653158845,5.644862887457824,0.0028224314437289124,45,0.019387911998009932,,,,415.1024475803237,111.66666666666667,0.03260402298256749
low_volatility|60d|continuous_high_minus_low|unconstrained_beta|r63|ensemble,low_volatility|60d,low_volatility,60d,63,lower_tail_exploratory_lead,lower_tail,continuous_high_minus_low,market_neutral,False,63,ensemble,3,66.33333333333333,0.0,0.0,,10,self_financing_spread_return,4181,-0.061850995751425164,0.16395603255466407,-0.30729492148248366,-0.7094124387382361,0.455,0.4117647058823529,0.026493023147391707,0.7915636268274525,-0.5172623518919938,-0.6006261908018312,1.7746041885539692,2.0433139964964697,-0.006369520653158845,5.644862887457824,0.005644862887457825,45,0.019387911998009932,,,,415.1024475803237,111.66666666666667,0.03260402298256749
low_volatility|60d|continuous_high_minus_low|unconstrained_beta|r63|ensemble,low_volatility|60d,low_volatility,60d,63,lower_tail_exploratory_lead,lower_tail,continuous_high_minus_low,market_neutral,False,63,ensemble,3,66.33333333333333,0.0,0.0,,25,self_financing_spread_return,4181,-0.06976762884135068,0.1639984239304104,-0.3588302669876691,-0.7436464256933526,0.45,0.35294117647058826,0.018040032258481376,0.5386703200676198,-0.5173414203339942,-0.6006261908018312,1.7746041885539692,2.0433139964964697,-0.006369520653158845,5.644862887457824,0.014112157218644561,45,0.019387911998009932,,,,415.1024475803237,111.66666666666667,0.03260402298256749
low_volatility|60d|continuous_high_minus_low|beta_neutral|r1|ensemble,low_volatility|60d,low_volatility,60d,63,lower_tail_exploratory_lead,lower_tail,continuous_high_minus_low,market_neutral,True,1,ensemble,1,4181.0,0.0,4181.0,1.0,0,self_financing_spread_return,4181,0.041918177071825324,0.12171049324530087,0.39828998231982615,-0.3107210155152712,0.55,0.7058823529411765,0.05103432630223963,1.74690119665477,-0.017213325932921405,-6.572972429237461e-18,4.85722573273506e-16,2.0,0.5718025078928263,28.11572357719679,0.0,0,0.0,,,,418.943793350873,335.0,0.017699558058300778
low_volatility|60d|continuous_high_minus_low|beta_neutral|r1|ensemble,low_volatility|60d,low_volatility,60d,63,lower_tail_exploratory_lead,lower_tail,continuous_high_minus_low,market_neutral,True,1,ensemble,1,4181.0,0.0,4181.0,1.0,5,self_financing_spread_return,4181,0.02737297268651151,0.12171473375448959,0.2827678054137087,-0.3461655694503605,0.53,0.7058823529411765,0.0369661019912757,1.2646494985599412,-0.017151677319784682,-6.572972429237461e-18,4.85722573273506e-16,2.0,0.5718025078928263,28.11572357719679,0.014057861788598393,0,0.0,,,,418.943793350873,335.0,0.017699558058300778
low_volatility|60d|continuous_high_minus_low|beta_neutral|r1|ensemble,low_volatility|60d,low_volatility,60d,63,lower_tail_exploratory_lead,lower_tail,continuous_high_minus_low,market_neutral,True,1,ensemble,1,4181.0,0.0,4181.0,1.0,10,self_financing_spread_return,4181,0.013029763152491158,0.12172109709584614,0.1672507608249985,-0.4020873127896617,0.51,0.5882352941176471,0.022897877680312054,0.7828924998440363,-0.017090028706648115,-6.572972429237461e-18,4.85722573273506e-16,2.0,0.5718025078928263,28.11572357719679,0.028115723577196786,0,0.0,,,,418.943793350873,335.0,0.017699558058300778
low_volatility|60d|continuous_high_minus_low|beta_neutral|r1|ensemble,low_volatility|60d,low_volatility,60d,63,lower_tail_exploratory_lead,lower_tail,continuous_high_minus_low,market_neutral,True,1,ensemble,1,4181.0,0.0,4181.0,1.0,25,self_financing_spread_return,4181,-0.028815611754456905,0.12175292022927546,-0.17920917230395175,-0.554024016920772,0.48,0.4117647058823529,-0.019306795252579008,-0.6587458846370954,-0.016905082867237912,-6.572972429237461e-18,4.85722573273506e-16,2.0,0.5718025078928263,28.11572357719679,0.07028930894299197,0,0.0,,,,418.943793350873,335.0,0.017699558058300778
low_volatility|60d|continuous_high_minus_low|beta_neutral|r5|ensemble,low_volatility|60d,low_volatility,60d,63,lower_tail_exploratory_lead,lower_tail,continuous_high_minus_low,market_neutral,True,5,ensemble,3,836.3333333333334,0.0,836.3333333333334,1.0,0,self_financing_spread_return,4181,0.03910297683380071,0.12149178126780082,0.3765056583555642,-0.29988957178897047,0.53,0.7058823529411765,0.047115517563716285,1.6058045843903734,-0.00923945799112177,-0.0008872995181293875,0.1651976189710266,2.000750716650204,0.5718572516503622,15.611553139165675,0.0,18,0.013108993553917885,,,,418.6382045762577,111.66666666666667,0.018052290382989174
low_volatility|60d|continuous_high_minus_low|beta_neutral|r5|ensemble,low_volatility|60d,low_volatility,60d,63,lower_tail_exploratory_lead,lower_tail,continuous_high_minus_low,market_neutral,True,5,ensemble,3,836.3333333333334,0.0,836.3333333333334,1.0,5,self_financing_spread_return,4181,0.031023297581789677,0.1214928780345798,0.3122467801982394,-0.3318793310864565,0.525,0.7058823529411765,0.03931851400967792,1.3398520748867129,-0.009303914391579111,-0.0008872995181293875,0.1651976189710266,2.000750716650204,0.5718572516503622,15.611553139165675,0.007805776569582838,18,0.013108993553917885,,,,418.6382045762577,111.66666666666667,0.018052290382989174
low_volatility|60d|continuous_high_minus_low|beta_neutral|r5|ensemble,low_volatility|60d,low_volatility,60d,63,lower_tail_exploratory_lead,lower_tail,continuous_high_minus_low,market_neutral,True,5,ensemble,3,836.3333333333334,0.0,836.3333333333334,1.0,10,self_financing_spread_return,4181,0.023005951268527003,0.12149594025506437,0.24798505046632804,-0.36542164853635495,0.51,0.7058823529411765,0.031521510455639265,1.073965169480499,-0.009368370792036416,-0.0008872995181293875,0.1651976189710266,2.000750716650204,0.5718572516503622,15.611553139165675,0.015611553139165676,18,0.013108993553917885,,,,418.6382045762577,111.66666666666667,0.018052290382989174
low_volatility|60d|continuous_high_minus_low|beta_neutral|r5|ensemble,low_volatility|60d,low_volatility,60d,63,lower_tail_exploratory_lead,lower_tail,continuous_high_minus_low,market_neutral,True,5,ensemble,3,836.3333333333334,0.0,836.3333333333334,1.0,25,self_financing_spread_return,4181,-0.0006768430683189441,0.12151691767602317,0.05521393795033285,-0.46220595348663307,0.495,0.5882352941176471,0.008130499793523486,0.27683761547477104,-0.00956173999340841,-0.0008872995181293875,0.1651976189710266,2.000750716650204,0.5718572516503622,15.611553139165675,0.03902888284791419,18,0.013108993553917885,,,,418.6382045762577,111.66666666666667,0.018052290382989174
low_volatility|60d|continuous_high_minus_low|beta_neutral|r21|ensemble,low_volatility|60d,low_volatility,60d,63,lower_tail_exploratory_lead,lower_tail,continuous_high_minus_low,market_neutral,True,21,ensemble,3,199.33333333333334,0.0,199.33333333333334,1.0,0,self_financing_spread_return,4181,0.036904404524961576,0.12054350000999345,0.3609689725714694,-0.31524977550692446,0.545,0.7058823529411765,0.04050622828123802,1.364040896273341,0.020227569890291664,-0.003056148083227828,0.3163133328800305,2.0008550736844595,0.5727003988250383,8.808519904205161,0.0,27,0.019388617070387693,,,,417.4510085306546,111.66666666666667,0.01782471704210904
low_volatility|60d|continuous_high_minus_low|beta_neutral|r21|ensemble,low_volatility|60d,low_volatility,60d,63,lower_tail_exploratory_lead,lower_tail,continuous_high_minus_low,market_neutral,True,21,ensemble,3,199.33333333333334,0.0,199.33333333333334,1.0,5,self_financing_spread_return,4181,0.03234734858984045,0.12053791223069571,0.32443527875263933,-0.33608663815763606,0.54,0.7058823529411765,0.03611364432683517,1.2158556010528476,0.020139236018523073,-0.003056148083227828,0.3163133328800305,2.0008550736844595,0.5727003988250383,8.808519904205161,0.004404259952102581,27,0.019388617070387693,,,,417.4510085306546,111.66666666666667,0.01782471704210904
low_volatility|60d|continuous_high_minus_low|beta_neutral|r21|ensemble,low_volatility|60d,low_volatility,60d,63,lower_tail_exploratory_lead,lower_tail,continuous_high_minus_low,market_neutral,True,21,ensemble,3,199.33333333333334,0.0,199.33333333333334,1.0,10,self_financing_spread_return,4181,0.02780972018763439,0.12053653254653005,0.2878881466702397,-0.3562921678795731,0.54,0.6470588235294118,0.0317210603724322,1.067703003540196,0.020050902146754472,-0.003056148083227828,0.3163133328800305,2.0008550736844595,0.5727003988250383,8.808519904205161,0.008808519904205161,27,0.019388617070387693,,,,417.4510085306546,111.66666666666667,0.01782471704210904
low_volatility|60d|continuous_high_minus_low|beta_neutral|r21|ensemble,low_volatility|60d,low_volatility,60d,63,lower_tail_exploratory_lead,lower_tail,continuous_high_minus_low,market_neutral,True,21,ensemble,3,199.33333333333334,0.0,199.33333333333334,1.0,25,self_financing_spread_return,4181,0.014312598958497347,0.12055764130630289,0.17820440202910925,-0.4133083761047155,0.52,0.6470588235294118,0.018543308509223526,0.623574536027321,0.019785900531448658,-0.003056148083227828,0.3163133328800305,2.0008550736844595,0.5727003988250383,8.808519904205161,0.022021299760512904,27,0.019388617070387693,,,,417.4510085306546,111.66666666666667,0.01782471704210904
low_volatility|60d|continuous_high_minus_low|beta_neutral|r63|ensemble,low_volatility|60d,low_volatility,60d,63,lower_tail_exploratory_lead,lower_tail,continuous_high_minus_low,market_neutral,True,63,ensemble,3,66.33333333333333,0.0,66.33333333333333,1.0,0,self_financing_spread_return,4181,0.0370730561726933,0.12072477163136668,0.3619713753839475,-0.2914891261535597,0.565,0.6470588235294118,0.03539019258909636,1.186449841571831,0.05590554009562181,-0.011872870776903908,0.41989728360390016,2.0093765717059675,0.5714677145444322,5.417931312459112,0.0,45,0.019535992082962104,,,,414.5202902017062,111.66666666666667,0.018785873806297707
low_volatility|60d|continuous_high_minus_low|beta_neutral|r63|ensemble,low_volatility|60d,low_volatility,60d,63,lower_tail_exploratory_lead,lower_tail,continuous_high_minus_low,market_neutral,True,63,ensemble,3,66.33333333333333,0.0,66.33333333333333,1.0,5,self_financing_spread_return,4181,0.034267140857303424,0.12072327458427815,0.3395297467850347,-0.2948663069349249,0.565,0.6470588235294118,0.03268538761158111,1.095676718080539,0.05587214095931987,-0.011872870776903908,0.41989728360390016,2.0093765717059675,0.5714677145444322,5.417931312459112,0.0027089656562295557,45,0.019535992082962104,,,,414.5202902017062,111.66666666666667,0.018785873806297707
low_volatility|60d|continuous_high_minus_low|beta_neutral|r63|ensemble,low_volatility|60d,low_volatility,60d,63,lower_tail_exploratory_lead,lower_tail,continuous_high_minus_low,market_neutral,True,63,ensemble,3,66.33333333333333,0.0,66.33333333333333,1.0,10,self_financing_spread_return,4181,0.031468175058115166,0.12072669451664678,0.31707464719597395,-0.30284010006419815,0.56,0.6470588235294118,0.029980582634066187,1.0048658747594217,0.05583874182301793,-0.011872870776903908,0.41989728360390016,2.0093765717059675,0.5714677145444322,5.417931312459112,0.0054179313124591115,45,0.019535992082962104,,,,414.5202902017062,111.66666666666667,0.018785873806297707
low_volatility|60d|continuous_high_minus_low|beta_neutral|r63|ensemble,low_volatility|60d,low_volatility,60d,63,lower_tail_exploratory_lead,lower_tail,continuous_high_minus_low,market_neutral,True,63,ensemble,3,66.33333333333333,0.0,66.33333333333333,1.0,25,self_financing_spread_return,4181,0.023112818593019613,0.12076644901033617,0.249655992861445,-0.3415349736428226,0.555,0.6470588235294118,0.021866167701520917,0.7323522657982139,0.05573854441411215,-0.011872870776903908,0.41989728360390016,2.0093765717059675,0.5714677145444322,5.417931312459112,0.01354482828114778,45,0.019535992082962104,,,,414.5202902017062,111.66666666666667,0.018785873806297707
low_volatility|60d|long_q1|unconstrained_beta|r1|ensemble,low_volatility|60d,low_volatility,60d,63,lower_tail_exploratory_lead,lower_tail,long_q1,long_only,False,1,ensemble,1,4181.0,0.0,0.0,,0,return_minus_risk_free,4181,0.16271158522369933,0.30978432293650093,0.5940498345688892,-0.6096375757158123,0.615,0.7647058823529411,-0.018710424754074063,-0.582500561409981,1.515967190229359,1.4283940874876269,1.8249710312690393,1.0,1.0,20.10143863484354,0.0,0,0.0,,,,41.569002630949534,33.0,0.030303030303030304
low_volatility|60d|long_q1|unconstrained_beta|r1|ensemble,low_volatility|60d,low_volatility,60d,63,lower_tail_exploratory_lead,lower_tail,long_q1,long_only,False,1,ensemble,1,4181.0,0.0,0.0,,5,return_minus_risk_free,4181,0.15108368379664405,0.30976360056286534,0.561611266172596,-0.6109769792406237,0.61,0.7058823529411765,-0.02875872629564007,-0.8954551223853463,1.5158761120927695,1.4283940874876269,1.8249710312690393,1.0,1.0,20.10143863484354,0.010050719317421769,0,0.0,,,,41.569002630949534,33.0,0.030303030303030304
low_volatility|60d|long_q1|unconstrained_beta|r1|ensemble,low_volatility|60d,low_volatility,60d,63,lower_tail_exploratory_lead,lower_tail,long_q1,long_only,False,1,ensemble,1,4181.0,0.0,0.0,,10,return_minus_risk_free,4181,0.13957138768944377,0.30974352097601926,0.5291672655348219,-0.6123119477872816,0.595,0.7058823529411765,-0.03880702783720569,-1.20847117335866,1.5157850339561822,1.4283940874876269,1.8249710312690393,1.0,1.0,20.10143863484354,0.020101438634843538,0,0.0,,,,41.569002630949534,33.0,0.030303030303030304
low_volatility|60d|long_q1|unconstrained_beta|r1|ensemble,low_volatility|60d,low_volatility,60d,63,lower_tail_exploratory_lead,lower_tail,long_q1,long_only,False,1,ensemble,1,4181.0,0.0,0.0,,25,return_minus_risk_free,4181,0.10571676108603256,0.3096871401665208,0.4318046785221674,-0.6252424177897108,0.58,0.6470588235294118,-0.06895193246190294,-2.147677441420278,1.515511799546412,1.4283940874876269,1.8249710312690393,1.0,1.0,20.10143863484354,0.050253596587108845,0,0.0,,,,41.569002630949534,33.0,0.030303030303030304
low_volatility|60d|long_q1|unconstrained_beta|r5|ensemble,low_volatility|60d,low_volatility,60d,63,lower_tail_exploratory_lead,lower_tail,long_q1,long_only,False,5,ensemble,3,836.3333333333334,0.0,0.0,,0,return_minus_risk_free,4181,0.16858806863976872,0.3068203510662001,0.6130713454479443,-0.5854956284099637,0.605,0.7647058823529411,-0.013025964470377464,-0.41375703874098957,1.503939269387065,1.4274924126597766,1.8106818320566187,0.9988175136692978,0.9988175136692978,11.107419458445646,0.0,0,0.0,,,,41.5153472056127,11.0,0.040491016206161266
low_volatility|60d|long_q1|unconstrained_beta|r5|ensemble,low_volatility|60d,low_volatility,60d,63,lower_tail_exploratory_lead,lower_tail,long_q1,long_only,False,5,ensemble,3,836.3333333333334,0.0,0.0,,5,return_minus_risk_free,4181,0.16211591234820522,0.3068020957013026,0.5949811545967165,-0.5862464298599792,0.605,0.7647058823529411,-0.018574829597534374,-0.5900316494458534,1.5038467102861126,1.4274924126597766,1.8106818320566187,0.9988175136692978,0.9988175136692978,11.107419458445646,0.005553709729222823,0,0.0,,,,41.5153472056127,11.0,0.040491016206161266
low_volatility|60d|long_q1|unconstrained_beta|r5|ensemble,low_volatility|60d,low_volatility,60d,63,lower_tail_exploratory_lead,lower_tail,long_q1,long_only,False,5,ensemble,3,836.3333333333334,0.0,0.0,,10,return_minus_risk_free,4181,0.1556793116388906,0.3067842606129405,0.5768880239652725,-0.5869959388005329,0.605,0.7647058823529411,-0.024123694724690486,-0.766311831722111,1.5037541511851573,1.4274924126597766,1.8106818320566187,0.9988175136692978,0.9988175136692978,11.107419458445646,0.011107419458445646,0,0.0,,,,41.5153472056127,11.0,0.040491016206161266
low_volatility|60d|long_q1|unconstrained_beta|r5|ensemble,low_volatility|60d,low_volatility,60d,63,lower_tail_exploratory_lead,lower_tail,long_q1,long_only,False,5,ensemble,3,836.3333333333334,0.0,0.0,,25,return_minus_risk_free,4181,0.13658091081406387,0.3067332777315411,0.5225917308944995,-0.5892367316667386,0.595,0.7647058823529411,-0.0407702901061605,-1.2951404184820423,1.5034764738822934,1.4274924126597766,1.8106818320566187,0.9988175136692978,0.9988175136692978,11.107419458445646,0.027768548646114114,0,0.0,,,,41.5153472056127,11.0,0.040491016206161266
low_volatility|60d|long_q1|unconstrained_beta|r21|ensemble,low_volatility|60d,low_volatility,60d,63,lower_tail_exploratory_lead,lower_tail,long_q1,long_only,False,21,ensemble,3,199.33333333333334,0.0,0.0,,0,return_minus_risk_free,4181,0.17056927958900925,0.2989433447423442,0.6268557319851258,-0.5339223489836404,0.595,0.7647058823529411,-0.009527416360651733,-0.31076742785960193,1.4724851988283465,1.423942298210776,1.787813923566645,0.9942700239977476,0.9942700239977476,6.428769721337992,0.0,0,0.0,,,,41.301443035956304,11.0,0.04681340771132975
low_volatility|60d|long_q1|unconstrained_beta|r21|ensemble,low_volatility|60d,low_volatility,60d,63,lower_tail_exploratory_lead,lower_tail,long_q1,long_only,False,21,ensemble,3,199.33333333333334,0.0,0.0,,5,return_minus_risk_free,4181,0.16681247849988923,0.298930671513439,0.6161132719700296,-0.5342677617936407,0.595,0.7647058823529411,-0.012734426814900945,-0.415400861219517,1.4723942948050686,1.423942298210776,1.787813923566645,0.9942700239977476,0.9942700239977476,6.428769721337992,0.0032143848606689955,0,0.0,,,,41.301443035956304,11.0,0.04681340771132975
low_volatility|60d|long_q1|unconstrained_beta|r21|ensemble,low_volatility|60d,low_volatility,60d,63,lower_tail_exploratory_lead,lower_tail,long_q1,long_only,False,21,ensemble,3,199.33333333333334,0.0,0.0,,10,return_minus_risk_free,4181,0.16306737199957966,0.2989189100848281,0.6053680560153775,-0.534612964216765,0.595,0.7647058823529411,-0.01594143726915003,-0.5200396314438688,1.47230339078179,1.423942298210776,1.787813923566645,0.9942700239977476,0.9942700239977476,6.428769721337992,0.006428769721337991,0,0.0,,,,41.301443035956304,11.0,0.04681340771132975
low_volatility|60d|long_q1|unconstrained_beta|r21|ensemble,low_volatility|60d,low_volatility,60d,63,lower_tail_exploratory_lead,lower_tail,long_q1,long_only,False,21,ensemble,3,199.33333333333334,0.0,0.0,,25,return_minus_risk_free,4181,0.15190186770717706,0.2988890976354316,0.5731168509395396,-0.5356473101768495,0.595,0.7647058823529411,-0.02556246863189754,-0.8339397565873912,1.472030678711956,1.423942298210776,1.787813923566645,0.9942700239977476,0.9942700239977476,6.428769721337992,0.01607192430334498,0,0.0,,,,41.301443035956304,11.0,0.04681340771132975
low_volatility|60d|long_q1|unconstrained_beta|r63|ensemble,low_volatility|60d,low_volatility,60d,63,lower_tail_exploratory_lead,lower_tail,long_q1,long_only,False,63,ensemble,3,66.33333333333333,0.0,0.0,,0,return_minus_risk_free,4181,0.17463860420030675,0.28565116096570775,0.6545682355489741,-0.48984674245200477,0.6,0.7647058823529411,-0.0008411551517716776,-0.02796156398096094,1.4044220183653877,1.4136868330038614,1.8022310571145665,0.9843587351859936,0.9843587351859936,4.078314044008642,0.0,0,0.0,,,,40.82619787929523,11.0,0.05376146824726994
low_volatility|60d|long_q1|unconstrained_beta|r63|ensemble,low_volatility|60d,low_volatility,60d,63,lower_tail_exploratory_lead,lower_tail,long_q1,long_only,False,63,ensemble,3,66.33333333333333,0.0,0.0,,5,return_minus_risk_free,4181,0.1722455701382688,0.28565053106749316,0.6474263039820484,-0.4899154947515646,0.6,0.7647058823529411,-0.0028779189849483067,-0.0956614136760685,1.4043941722480158,1.4136868330038614,1.8022310571145665,0.9843587351859936,0.9843587351859936,4.078314044008642,0.002039157022004321,0,0.0,,,,40.82619787929523,11.0,0.05376146824726994
low_volatility|60d|long_q1|unconstrained_beta|r63|ensemble,low_volatility|60d,low_volatility,60d,63,lower_tail_exploratory_lead,lower_tail,long_q1,long_only,False,63,ensemble,3,66.33333333333333,0.0,0.0,,10,return_minus_risk_free,4181,0.16985700798966552,0.2856510527531304,0.6402817606299914,-0.48998424705112453,0.6,0.7647058823529411,-0.004914682818124935,-0.16334806533116542,1.4043663261306447,1.4136868330038614,1.8022310571145665,0.9843587351859936,0.9843587351859936,4.078314044008642,0.004078314044008642,0,0.0,,,,40.82619787929523,11.0,0.05376146824726994
low_volatility|60d|long_q1|unconstrained_beta|r63|ensemble,low_volatility|60d,low_volatility,60d,63,lower_tail_exploratory_lead,lower_tail,long_q1,long_only,False,63,ensemble,3,66.33333333333333,0.0,0.0,,25,return_minus_risk_free,4181,0.16271807699109742,0.2856595271804254,0.6188333246841546,-0.49019050394980435,0.6,0.7647058823529411,-0.011024974317655076,-0.36626997157381286,1.4042827877785302,1.4136868330038614,1.8022310571145665,0.9843587351859936,0.9843587351859936,4.078314044008642,0.010195785110021605,0,0.0,,,,40.82619787929523,11.0,0.05376146824726994
low_volatility|60d|long_q10|unconstrained_beta|r1|ensemble,low_volatility|60d,low_volatility,60d,63,lower_tail_exploratory_lead,lower_tail,long_q10,long_only,False,1,ensemble,1,4181.0,0.0,0.0,,0,return_minus_risk_free,4181,0.1285847364693351,0.1295537722428091,0.8838550837324879,-0.2968774781395409,0.63,1.0,0.04005221180234139,1.9999045892999865,0.55683685608412,0.5834354217590574,0.8779937295993061,1.0,1.0,25.868389898124732,0.0,0,0.0,,,,42.455632623774214,34.0,0.029411764705882353
low_volatility|60d|long_q10|unconstrained_beta|r1|ensemble,low_volatility|60d,low_volatility,60d,63,lower_tail_exploratory_lead,lower_tail,long_q10,long_only,False,1,ensemble,1,4181.0,0.0,0.0,,5,return_minus_risk_free,4181,0.11408081228921807,0.12955567299777154,0.7839764269161018,-0.29950612041234137,0.62,1.0,0.027107052322434138,1.3518871145118307,0.5568801876455041,0.5834354217590574,0.8779937295993061,1.0,1.0,25.868389898124732,0.012934194949062368,0,0.0,,,,42.455632623774214,34.0,0.029411764705882353
low_volatility|60d|long_q10|unconstrained_beta|r1|ensemble,low_volatility|60d,low_volatility,60d,63,lower_tail_exploratory_lead,lower_tail,long_q10,long_only,False,1,ensemble,1,4181.0,0.0,0.0,,10,return_minus_risk_free,4181,0.09976212734578471,0.1295605780149435,0.6840854450028928,-0.30212558689430424,0.61,0.9411764705882353,0.014161892842527259,0.7053336012675638,0.5569235192068882,0.5834354217590574,0.8779937295993061,1.0,1.0,25.868389898124732,0.025868389898124736,0,0.0,,,,42.455632623774214,34.0,0.029411764705882353
low_volatility|60d|long_q10|unconstrained_beta|r1|ensemble,low_volatility|60d,low_volatility,60d,63,lower_tail_exploratory_lead,lower_tail,long_q10,long_only,False,1,ensemble,1,4181.0,0.0,0.0,,25,return_minus_risk_free,4181,0.05789414453421249,0.1295933141837567,0.3844080393393173,-0.3099292295341539,0.58,0.7058823529411765,-0.02467358559719313,-1.2229105771257032,0.5570535138910405,0.5834354217590574,0.8779937295993061,1.0,1.0,25.868389898124732,0.06467097474531183,0,0.0,,,,42.455632623774214,34.0,0.029411764705882353
low_volatility|60d|long_q10|unconstrained_beta|r5|ensemble,low_volatility|60d,low_volatility,60d,63,lower_tail_exploratory_lead,lower_tail,long_q10,long_only,False,5,ensemble,3,836.3333333333334,0.0,0.0,,0,return_minus_risk_free,4181,0.125826888819899,0.1300519426138816,0.8621468934452798,-0.2983551337637911,0.625,1.0,0.03715497808155489,1.8492685134396307,0.5606727751546278,0.5827064951217282,0.8567715163612787,0.9994435326926562,0.9994435326926562,13.849508430436606,0.0,2,0.015426573378443144,,,,42.42908395120784,11.333333333333334,0.03418898249778634
low_volatility|60d|long_q10|unconstrained_beta|r5|ensemble,low_volatility|60d,low_volatility,60d,63,lower_tail_exploratory_lead,lower_tail,long_q10,long_only,False,5,ensemble,3,836.3333333333334,0.0,0.0,,5,return_minus_risk_free,4181,0.11805751670707298,0.1300389717674215,0.808950714308651,-0.29966210020704365,0.625,1.0,0.030235805911821293,1.504585838831072,0.5605970914337288,0.5827064951217282,0.8567715163612787,0.9994435326926562,0.9994435326926562,13.849508430436606,0.006924754215218303,2,0.015426573378443144,,,,42.42908395120784,11.333333333333334,0.03418898249778634
low_volatility|60d|long_q10|unconstrained_beta|r5|ensemble,low_volatility|60d,low_volatility,60d,63,lower_tail_exploratory_lead,lower_tail,long_q10,long_only,False,5,ensemble,3,836.3333333333334,0.0,0.0,,10,return_minus_risk_free,4181,0.11034130767927142,0.1300276822737652,0.7557343583419621,-0.30096685617901275,0.62,1.0,0.023316633742087214,1.1599933586321305,0.5605214077128298,0.5827064951217282,0.8567715163612787,0.9994435326926562,0.9994435326926562,13.849508430436606,0.013849508430436606,2,0.015426573378443144,,,,42.42908395120784,11.333333333333334,0.03418898249778634
low_volatility|60d|long_q10|unconstrained_beta|r5|ensemble,low_volatility|60d,low_volatility,60d,63,lower_tail_exploratory_lead,lower_tail,long_q10,long_only,False,5,ensemble,3,836.3333333333334,0.0,0.0,,25,return_minus_risk_free,4181,0.08750806435647718,0.1300039059636857,0.5959848112588944,-0.3048678949054532,0.605,0.8235294117647058,0.0025591172328857637,0.12719014670067944,0.5602943565501332,0.5827064951217282,0.8567715163612787,0.9994435326926562,0.9994435326926562,13.849508430436606,0.03462377107609151,2,0.015426573378443144,,,,42.42908395120784,11.333333333333334,0.03418898249778634
low_volatility|60d|long_q10|unconstrained_beta|r21|ensemble,low_volatility|60d,low_volatility,60d,63,lower_tail_exploratory_lead,lower_tail,long_q10,long_only,False,21,ensemble,3,199.33333333333334,0.0,0.0,,0,return_minus_risk_free,4181,0.12666412296309892,0.13177163235559172,0.8582704628219096,-0.31815768391329746,0.635,1.0,0.03632963087153146,1.7952097698606446,0.5741138305381676,0.5791771670426714,0.8297621733393227,0.9972544280384071,0.9972544280384071,7.31022286777352,0.0,2,0.022767188718361076,,,,42.32097584309974,11.333333333333334,0.034211004410710504
low_volatility|60d|long_q10|unconstrained_beta|r21|ensemble,low_volatility|60d,low_volatility,60d,63,lower_tail_exploratory_lead,lower_tail,long_q10,long_only,False,21,ensemble,3,199.33333333333334,0.0,0.0,,5,return_minus_risk_free,4181,0.12255332259157758,0.13175946961663315,0.8305860923254421,-0.31851383370869435,0.635,1.0,0.03268270550067071,1.6148837665930251,0.574027697588321,0.5791771670426714,0.8297621733393227,0.9972544280384071,0.9972544280384071,7.31022286777352,0.00365511143388676,2,0.022767188718361076,,,,42.32097584309974,11.333333333333334,0.034211004410710504
low_volatility|60d|long_q10|unconstrained_beta|r21|ensemble,low_volatility|60d,low_volatility,60d,63,lower_tail_exploratory_lead,lower_tail,long_q10,long_only,False,21,ensemble,3,199.33333333333334,0.0,0.0,,10,return_minus_risk_free,4181,0.11845705407635898,0.13175008043983433,0.8028797474089461,-0.31886986006694495,0.635,1.0,0.029035780129810482,1.4345142736396495,0.5739415646384748,0.5791771670426714,0.8297621733393227,0.9972544280384071,0.9972544280384071,7.31022286777352,0.00731022286777352,2,0.022767188718361076,,,,42.32097584309974,11.333333333333334,0.034211004410710504
low_volatility|60d|long_q10|unconstrained_beta|r21|ensemble,low_volatility|60d,low_volatility,60d,63,lower_tail_exploratory_lead,lower_tail,long_q10,long_only,False,21,ensemble,3,199.33333333333334,0.0,0.0,,25,return_minus_risk_free,4181,0.10625494317927942,0.1317385593367575,0.7196463018460973,-0.31993719873156534,0.63,0.9411764705882353,0.01809500401722852,0.8934060627692998,0.5736831657889354,0.5791771670426714,0.8297621733393227,0.9972544280384071,0.9972544280384071,7.31022286777352,0.0182755571694338,2,0.022767188718361076,,,,42.32097584309974,11.333333333333334,0.034211004410710504
low_volatility|60d|long_q10|unconstrained_beta|r63|ensemble,low_volatility|60d,low_volatility,60d,63,lower_tail_exploratory_lead,lower_tail,long_q10,long_only,False,63,ensemble,3,66.33333333333333,0.0,0.0,,0,return_minus_risk_free,4181,0.12675052727311575,0.13355439310997103,0.8491400070112752,-0.32932169985601034,0.61,1.0,0.03435594952860014,1.733910108674918,0.5911947184718911,0.5757375146570098,0.8154224812907344,0.9915494293129732,0.9915494293129732,4.20470194385983,0.0,2,0.022950458219485284,,,,42.05532966594913,11.333333333333334,0.034348743158373184
low_volatility|60d|long_q10|unconstrained_beta|r63|ensemble,low_volatility|60d,low_volatility,60d,63,lower_tail_exploratory_lead,lower_tail,long_q10,long_only,False,63,ensemble,3,66.33333333333333,0.0,0.0,,5,return_minus_risk_free,4181,0.12438397223862308,0.13355347426986414,0.8333961709681951,-0.3294374684262471,0.61,1.0,0.032254630580837725,1.6276528918919329,0.5911775200054441,0.5757375146570098,0.8154224812907344,0.9915494293129732,0.9915494293129732,4.20470194385983,0.0021023509719299152,2,0.022950458219485284,,,,42.05532966594913,11.333333333333334,0.034348743158373184
low_volatility|60d|long_q10|unconstrained_beta|r63|ensemble,low_volatility|60d,low_volatility,60d,63,lower_tail_exploratory_lead,lower_tail,long_q10,long_only,False,63,ensemble,3,66.33333333333333,0.0,0.0,,10,return_minus_risk_free,4181,0.12202195202004273,0.13355533482102674,0.8176351151428725,-0.3295532369964832,0.61,1.0,0.030153311633075334,1.5213062429054942,0.5911603215389969,0.5757375146570098,0.8154224812907344,0.9915494293129732,0.9915494293129732,4.20470194385983,0.0042047019438598305,2,0.022950458219485284,,,,42.05532966594913,11.333333333333334,0.034348743158373184
low_volatility|60d|long_q10|unconstrained_beta|r63|ensemble,low_volatility|60d,low_volatility,60d,63,lower_tail_exploratory_lead,lower_tail,long_q10,long_only,False,63,ensemble,3,66.33333333333333,0.0,0.0,,25,return_minus_risk_free,4181,0.11496302170185935,0.133577590793264,0.7702584951130372,-0.32990054270719205,0.61,0.9411764705882353,0.023849354789787953,1.2019747160710474,0.5911087261396558,0.5757375146570098,0.8154224812907344,0.9915494293129732,0.9915494293129732,4.20470194385983,0.010511754859649575,2,0.022950458219485284,,,,42.05532966594913,11.333333333333334,0.034348743158373184
low_volatility|60d|middle_minus_q1|unconstrained_beta|r1|ensemble,low_volatility|60d,low_volatility,60d,63,lower_tail_exploratory_lead,lower_tail,middle_minus_q1,market_neutral,False,1,ensemble,1,4181.0,0.0,0.0,,0,self_financing_spread_return,4181,-0.06555054720756925,0.1861361269838305,-0.27099703627510996,-0.7812982518328534,0.43,0.35294117647058826,0.028674204063032185,0.8057461087218227,-0.532338743778841,-0.43493643818330946,0.8928823654154512,2.0,2.2327148302081305e-17,44.89480919294704,0.0,0,0.0,,,,209.6094235828749,167.0,0.030303030303030304
low_volatility|60d|middle_minus_q1|unconstrained_beta|r1|ensemble,low_volatility|60d,low_volatility,60d,63,lower_tail_exploratory_lead,lower_tail,middle_minus_q1,market_neutral,False,1,ensemble,1,4181.0,0.0,0.0,,5,self_financing_spread_return,4181,-0.08629403911198685,0.18612544300366635,-0.3915823185473198,-0.8109397157658628,0.42,0.23529411764705882,0.006221309520475885,0.174796442585096,-0.5322593417241127,-0.43493643818330946,0.8928823654154512,2.0,2.2327148302081305e-17,44.89480919294704,0.022447404596473517,0,0.0,,,,209.6094235828749,167.0,0.030303030303030304
low_volatility|60d|middle_minus_q1|unconstrained_beta|r1|ensemble,low_volatility|60d,low_volatility,60d,63,lower_tail_exploratory_lead,lower_tail,middle_minus_q1,market_neutral,False,1,ensemble,1,4181.0,0.0,0.0,,10,self_financing_spread_return,4181,-0.10657940760863926,0.1861181632239012,-0.5121720772250662,-0.8601660186587471,0.41,0.23529411764705882,-0.016231585022080008,-0.45595650709774815,-0.5321799396693844,-0.43493643818330946,0.8928823654154512,2.0,2.2327148302081305e-17,44.89480919294704,0.044894809192947034,0,0.0,,,,209.6094235828749,167.0,0.030303030303030304
low_volatility|60d|middle_minus_q1|unconstrained_beta|r1|ensemble,low_volatility|60d,low_volatility,60d,63,lower_tail_exploratory_lead,lower_tail,middle_minus_q1,market_neutral,False,1,ensemble,1,4181.0,0.0,0.0,,25,self_financing_spread_return,4181,-0.16478633764069806,0.18611675214758572,-0.8739020300856895,-0.9531180392093623,0.35,0.058823529411764705,-0.08359026864974826,-2.345634887793865,-0.5319417335051998,-0.43493643818330946,0.8928823654154512,2.0,2.2327148302081305e-17,44.89480919294704,0.11223702298236758,0,0.0,,,,209.6094235828749,167.0,0.030303030303030304
low_volatility|60d|middle_minus_q1|unconstrained_beta|r5|ensemble,low_volatility|60d,low_volatility,60d,63,lower_tail_exploratory_lead,lower_tail,middle_minus_q1,market_neutral,False,5,ensemble,3,836.3333333333334,0.0,0.0,,0,self_financing_spread_return,4181,-0.07650829497698564,0.18458993931848713,-0.33843729964072805,-0.7870075077924579,0.435,0.35294117647058826,0.014964804200663847,0.419663168586104,-0.5210373684630398,-0.4373147950965109,1.1147822099989264,2.0037929083998405,-0.00027459539968795557,24.31789945935838,0.0,16,0.006447779930621418,,,,209.44646416327834,55.666666666666664,0.04771978569341586
low_volatility|60d|middle_minus_q1|unconstrained_beta|r5|ensemble,low_volatility|60d,low_volatility,60d,63,lower_tail_exploratory_lead,lower_tail,middle_minus_q1,market_neutral,False,5,ensemble,3,836.3333333333334,0.0,0.0,,5,self_financing_spread_return,4181,-0.08766951706599257,0.18459634250955964,-0.4042606537275947,-0.8201204813574214,0.425,0.23529411764705882,0.002823685859999311,0.07915982959028277,-0.5211167595320779,-0.4373147950965109,1.1147822099989264,2.0037929083998405,-0.00027459539968795557,24.31789945935838,0.01215894972967919,16,0.006447779930621418,,,,209.44646416327834,55.666666666666664,0.04771978569341586
low_volatility|60d|middle_minus_q1|unconstrained_beta|r5|ensemble,low_volatility|60d,low_volatility,60d,63,lower_tail_exploratory_lead,lower_tail,middle_minus_q1,market_neutral,False,5,ensemble,3,836.3333333333334,0.0,0.0,,10,self_financing_spread_return,4181,-0.09869687650928993,0.18460576249059496,-0.470071759530808,-0.8496256904245734,0.405,0.23529411764705882,-0.00931743248066513,-0.26111553829269496,-0.5211961506011149,-0.4373147950965109,1.1147822099989264,2.0037929083998405,-0.00027459539968795557,24.31789945935838,0.02431789945935838,16,0.006447779930621418,,,,209.44646416327834,55.666666666666664,0.04771978569341586
low_volatility|60d|middle_minus_q1|unconstrained_beta|r5|ensemble,low_volatility|60d,low_volatility,60d,63,lower_tail_exploratory_lead,lower_tail,middle_minus_q1,market_neutral,False,5,ensemble,3,836.3333333333334,0.0,0.0,,25,self_financing_spread_return,4181,-0.1309916168194709,0.18465211781714358,-0.6673993752947238,-0.9133797330659287,0.38,0.17647058823529413,-0.04574078750265892,-1.2803252624884531,-0.5214343238082276,-0.4373147950965109,1.1147822099989264,2.0037929083998405,-0.00027459539968795557,24.31789945935838,0.060794748648395944,16,0.006447779930621418,,,,209.44646416327834,55.666666666666664,0.04771978569341586
low_volatility|60d|middle_minus_q1|unconstrained_beta|r21|ensemble,low_volatility|60d,low_volatility,60d,63,lower_tail_exploratory_lead,lower_tail,middle_minus_q1,market_neutral,False,21,ensemble,3,199.33333333333334,0.0,0.0,,0,self_financing_spread_return,4181,-0.0707125755229715,0.1792230114269817,-0.31918949504619937,-0.7726508757822358,0.455,0.35294117647058826,0.013314859602080401,0.3688819137519835,-0.47450304382996883,-0.442376577394951,1.1544359517923668,2.0105930323901227,0.0005792072282379486,13.599847136408242,0.0,27,0.006211979509200201,,,,208.8072231523559,55.666666666666664,0.05413450537563571
low_volatility|60d|middle_minus_q1|unconstrained_beta|r21|ensemble,low_volatility|60d,low_volatility,60d,63,lower_tail_exploratory_lead,lower_tail,middle_minus_q1,market_neutral,False,21,ensemble,3,199.33333333333334,0.0,0.0,,5,self_financing_spread_return,4181,-0.0770108543041994,0.17922360186232048,-0.3571167145423738,-0.7942804647944666,0.45,0.35294117647058826,0.006527830517359603,0.18078694960066474,-0.47457444885383787,-0.442376577394951,1.1544359517923668,2.0105930323901227,0.0005792072282379486,13.599847136408242,0.00679992356820412,27,0.006211979509200201,,,,208.8072231523559,55.666666666666664,0.05413450537563571
low_volatility|60d|middle_minus_q1|unconstrained_beta|r21|ensemble,low_volatility|60d,low_volatility,60d,63,lower_tail_exploratory_lead,lower_tail,middle_minus_q1,market_neutral,False,21,ensemble,3,199.33333333333334,0.0,0.0,,10,self_financing_spread_return,4181,-0.08326770078128976,0.1792307943089032,-0.3950291326108915,-0.8138560268397288,0.44,0.35294117647058826,-0.0002591985673610774,-0.007175587702333368,-0.4746458538777074,-0.442376577394951,1.1544359517923668,2.0105930323901227,0.0005792072282379486,13.599847136408242,0.01359984713640824,27,0.006211979509200201,,,,208.8072231523559,55.666666666666664,0.05413450537563571
low_volatility|60d|middle_minus_q1|unconstrained_beta|r21|ensemble,low_volatility|60d,low_volatility,60d,63,lower_tail_exploratory_lead,lower_tail,middle_minus_q1,market_neutral,False,21,ensemble,3,199.33333333333334,0.0,0.0,,25,self_financing_spread_return,4181,-0.10179228168891197,0.17929197212420359,-0.5086357641952158,-0.862115181086408,0.415,0.29411764705882354,-0.02062028582152339,-0.5700008890394768,-0.4748600689493153,-0.442376577394951,1.1544359517923668,2.0105930323901227,0.0005792072282379486,13.599847136408242,0.0339996178410206,27,0.006211979509200201,,,,208.8072231523559,55.666666666666664,0.05413450537563571
low_volatility|60d|middle_minus_q1|unconstrained_beta|r63|ensemble,low_volatility|60d,low_volatility,60d,63,lower_tail_exploratory_lead,lower_tail,middle_minus_q1,market_neutral,False,63,ensemble,3,66.33333333333333,0.0,0.0,,0,self_financing_spread_return,4181,-0.07458436138260005,0.18735795110949696,-0.31982379701086083,-0.7895434602226556,0.435,0.29411764705882354,0.004341044164184788,0.10887386896452146,-0.4323932453100338,-0.46753430686490144,2.38383577171744,2.051014901098713,-0.004154271752376822,8.29648741581791,0.0,43,0.00645882284612643,,,,207.24722953041538,55.666666666666664,0.10315000610677579
low_volatility|60d|middle_minus_q1|unconstrained_beta|r63|ensemble,low_volatility|60d,low_volatility,60d,63,lower_tail_exploratory_lead,lower_tail,middle_minus_q1,market_neutral,False,63,ensemble,3,66.33333333333333,0.0,0.0,,5,self_financing_spread_return,4181,-0.078415926621206,0.18735302466627898,-0.3419742890951774,-0.802016493545521,0.435,0.29411764705882354,0.00019676197710985504,0.004934314697863087,-0.4324208586217359,-0.46753430686490144,2.38383577171744,2.051014901098713,-0.004154271752376822,8.29648741581791,0.004148243707908955,43,0.00645882284612643,,,,207.24722953041538,55.666666666666664,0.10315000610677579
low_volatility|60d|middle_minus_q1|unconstrained_beta|r63|ensemble,low_volatility|60d,low_volatility,60d,63,lower_tail_exploratory_lead,lower_tail,middle_minus_q1,market_neutral,False,63,ensemble,3,66.33333333333333,0.0,0.0,,10,self_financing_spread_return,4181,-0.08223295663965924,0.18735545635424575,-0.36411164555124736,-0.813754296108467,0.435,0.29411764705882354,-0.003947520209964931,-0.09897736490243511,-0.43244847193343794,-0.46753430686490144,2.38383577171744,2.051014901098713,-0.004154271752376822,8.29648741581791,0.00829648741581791,43,0.00645882284612643,,,,207.24722953041538,55.666666666666664,0.10315000610677579
low_volatility|60d|middle_minus_q1|unconstrained_beta|r63|ensemble,low_volatility|60d,low_volatility,60d,63,lower_tail_exploratory_lead,lower_tail,middle_minus_q1,market_neutral,False,63,ensemble,3,66.33333333333333,0.0,0.0,,25,self_financing_spread_return,4181,-0.09359733596666397,0.18740689300748462,-0.4304188629877662,-0.844974926218806,0.42,0.29411764705882354,-0.01638036677118949,-0.41032782141586666,-0.4325313118685445,-0.46753430686490144,2.38383577171744,2.051014901098713,-0.004154271752376822,8.29648741581791,0.02074121853954478,43,0.00645882284612643,,,,207.24722953041538,55.666666666666664,0.10315000610677579
low_volatility|60d|middle_minus_q1|beta_neutral|r1|ensemble,low_volatility|60d,low_volatility,60d,63,lower_tail_exploratory_lead,lower_tail,middle_minus_q1,market_neutral,True,1,ensemble,1,4181.0,0.0,4181.0,1.0,0,self_financing_spread_return,4181,0.014039004808976463,0.13318179873246666,0.17117626522405327,-0.4278335846239044,0.525,0.7058823529411765,0.027060187374437206,0.9073958220927538,-0.028681234992645303,2.936810916965519e-18,7.771561172376096e-16,2.0,0.35758497690316404,43.76322939942801,0.0,0,0.0,,,,209.2843817268596,167.0,0.0266095170574345
low_volatility|60d|middle_minus_q1|beta_neutral|r1|ensemble,low_volatility|60d,low_volatility,60d,63,lower_tail_exploratory_lead,lower_tail,middle_minus_q1,market_neutral,True,1,ensemble,1,4181.0,0.0,4181.0,1.0,5,self_financing_spread_return,4181,-0.007910030945864066,0.13317535744534437,0.00686993206473712,-0.5026799779767673,0.485,0.5882352941176471,0.005176353908423935,0.1735333883567416,-0.02867332074031276,2.936810916965519e-18,7.771561172376096e-16,2.0,0.35758497690316404,43.76322939942801,0.021881614699714006,0,0.0,,,,209.2843817268596,167.0,0.0266095170574345
low_volatility|60d|middle_minus_q1|beta_neutral|r1|ensemble,low_volatility|60d,low_volatility,60d,63,lower_tail_exploratory_lead,lower_tail,middle_minus_q1,market_neutral,True,1,ensemble,1,4181.0,0.0,4181.0,1.0,10,self_financing_spread_return,4181,-0.029386378596454876,0.13317324530521396,-0.15744717745743597,-0.5678414397603072,0.45,0.35294117647058826,-0.01670747955759005,-0.5599132520594751,-0.02866540648798025,2.936810916965519e-18,7.771561172376096e-16,2.0,0.35758497690316404,43.76322939942801,0.04376322939942801,0,0.0,,,,209.2843817268596,167.0,0.0266095170574345
low_volatility|60d|middle_minus_q1|beta_neutral|r1|ensemble,low_volatility|60d,low_volatility,60d,63,lower_tail_exploratory_lead,lower_tail,middle_minus_q1,market_neutral,True,1,ensemble,1,4181.0,0.0,4181.0,1.0,25,self_financing_spread_return,4181,-0.09107950014225386,0.13319288371564744,-0.6503029358878158,-0.8146432749389314,0.36,0.17647058823529413,-0.08235897995563148,-2.7556218041756315,-0.02864166373098255,2.936810916965519e-18,7.771561172376096e-16,2.0,0.35758497690316404,43.76322939942801,0.10940807349857003,0,0.0,,,,209.2843817268596,167.0,0.0266095170574345
low_volatility|60d|middle_minus_q1|beta_neutral|r5|ensemble,low_volatility|60d,low_volatility,60d,63,lower_tail_exploratory_lead,lower_tail,middle_minus_q1,market_neutral,True,5,ensemble,3,836.3333333333334,0.0,836.3333333333334,1.0,0,self_financing_spread_return,4181,0.0032516945602525382,0.1316324370745906,0.0904597914189719,-0.4307490494522006,0.52,0.5294117647058824,0.015299073145038568,0.515799490015221,-0.02282071703305493,-0.0008080121933847916,0.26739783640756937,2.0017307296871865,0.35794987682879326,23.76945103267914,0.0,16,0.00727768306138539,,,,209.1223790161843,55.666666666666664,0.035970876406012306
low_volatility|60d|middle_minus_q1|beta_neutral|r5|ensemble,low_volatility|60d,low_volatility,60d,63,lower_tail_exploratory_lead,lower_tail,middle_minus_q1,market_neutral,True,5,ensemble,3,836.3333333333334,0.0,836.3333333333334,1.0,5,self_financing_spread_return,4181,-0.008601641578949604,0.1316344526474619,0.0001763103495853593,-0.4723882048211093,0.495,0.5294117647058824,0.003430780486531939,0.1156257675193768,-0.022927980891134504,-0.0008080121933847916,0.26739783640756937,2.0017307296871865,0.35794987682879326,23.76945103267914,0.01188472551633957,16,0.00727768306138539,,,,209.1223790161843,55.666666666666664,0.035970876406012306
low_volatility|60d|middle_minus_q1|beta_neutral|r5|ensemble,low_volatility|60d,low_volatility,60d,63,lower_tail_exploratory_lead,lower_tail,middle_minus_q1,market_neutral,True,5,ensemble,3,836.3333333333334,0.0,836.3333333333334,1.0,10,self_financing_spread_return,4181,-0.02031599549412577,0.1316404636261386,-0.0901016711905298,-0.5233357953643494,0.485,0.5294117647058824,-0.008437512171974986,-0.28425451617075803,-0.023035244749214194,-0.0008080121933847916,0.26739783640756937,2.0017307296871865,0.35794987682879326,23.76945103267914,0.02376945103267914,16,0.00727768306138539,,,,209.1223790161843,55.666666666666664,0.035970876406012306
low_volatility|60d|middle_minus_q1|beta_neutral|r5|ensemble,low_volatility|60d,low_volatility,60d,63,lower_tail_exploratory_lead,lower_tail,middle_minus_q1,market_neutral,True,5,ensemble,3,836.3333333333334,0.0,836.3333333333334,1.0,25,self_financing_spread_return,4181,-0.054641242280898616,0.13168246170720696,-0.36082047684361607,-0.6753555925036612,0.425,0.29411764705882354,-0.04404239014749525,-1.481733537877292,-0.023357036323452762,-0.0008080121933847916,0.26739783640756937,2.0017307296871865,0.35794987682879326,23.76945103267914,0.05942362758169785,16,0.00727768306138539,,,,209.1223790161843,55.666666666666664,0.035970876406012306
low_volatility|60d|middle_minus_q1|beta_neutral|r21|ensemble,low_volatility|60d,low_volatility,60d,63,lower_tail_exploratory_lead,lower_tail,middle_minus_q1,market_neutral,True,21,ensemble,3,199.33333333333334,0.0,199.33333333333334,1.0,0,self_financing_spread_return,4181,0.005101442891281893,0.12825766007401698,0.10383728410510136,-0.40919306777409925,0.53,0.5294117647058824,0.014077438882517137,0.47883252712060853,-0.005110404730760918,-0.0018379289694897172,0.29057259721385065,2.0026774895503383,0.35988119520658873,13.288178415578148,0.0,27,0.006888932371037152,,,,208.4943793350873,55.666666666666664,0.040827801068751925
low_volatility|60d|middle_minus_q1|beta_neutral|r21|ensemble,low_volatility|60d,low_volatility,60d,63,lower_tail_exploratory_lead,lower_tail,middle_minus_q1,market_neutral,True,21,ensemble,3,199.33333333333334,0.0,199.33333333333334,1.0,5,self_financing_spread_return,4181,-0.001555055384434123,0.1282487683120336,0.052025907377418086,-0.4222893407498407,0.52,0.5294117647058824,0.00744574006098049,0.25318517502279436,-0.005204400568570191,-0.0018379289694897172,0.29057259721385065,2.0026774895503383,0.35988119520658873,13.288178415578148,0.006644089207789074,27,0.006888932371037152,,,,208.4943793350873,55.666666666666664,0.040827801068751925
low_volatility|60d|middle_minus_q1|beta_neutral|r21|ensemble,low_volatility|60d,low_volatility,60d,63,lower_tail_exploratory_lead,lower_tail,middle_minus_q1,market_neutral,True,21,ensemble,3,199.33333333333334,0.0,199.33333333333334,1.0,10,self_financing_spread_return,4181,-0.008168761606182184,0.12824866947969116,0.00020733154805165074,-0.4569101552536363,0.515,0.47058823529411764,0.0008140412394442154,0.027670537609243366,-0.005298396406379458,-0.0018379289694897172,0.29057259721385065,2.0026774895503383,0.35988119520658873,13.288178415578148,0.013288178415578148,27,0.006888932371037152,,,,208.4943793350873,55.666666666666664,0.040827801068751925
low_volatility|60d|middle_minus_q1|beta_neutral|r21|ensemble,low_volatility|60d,low_volatility,60d,63,lower_tail_exploratory_lead,lower_tail,middle_minus_q1,market_neutral,True,21,ensemble,3,199.33333333333334,0.0,199.33333333333334,1.0,25,self_financing_spread_return,4181,-0.027755788147199034,0.12830112172455108,-0.15518504730177404,-0.561617838941548,0.46,0.47058823529411764,-0.019081055225165424,-0.6476180358857481,-0.005580383919807416,-0.0018379289694897172,0.29057259721385065,2.0026774895503383,0.35988119520658873,13.288178415578148,0.03322044603894537,27,0.006888932371037152,,,,208.4943793350873,55.666666666666664,0.040827801068751925
low_volatility|60d|middle_minus_q1|beta_neutral|r63|ensemble,low_volatility|60d,low_volatility,60d,63,lower_tail_exploratory_lead,lower_tail,middle_minus_q1,market_neutral,True,63,ensemble,3,66.33333333333333,0.0,66.33333333333333,1.0,0,self_financing_spread_return,4181,-6.641832713816243e-07,0.13082203807611986,0.06544961318768208,-0.4386774252783079,0.5,0.5294117647058824,0.005738142512916909,0.18751150506451905,0.019002129396548634,-0.01219949950963044,0.7135605280681924,2.020891750193586,0.35975335662983104,8.00425487552294,0.0,43,0.007344777930238287,,,,206.9554333094156,55.666666666666664,0.059775417258234424
low_volatility|60d|middle_minus_q1|beta_neutral|r63|ensemble,low_volatility|60d,low_volatility,60d,63,lower_tail_exploratory_lead,lower_tail,middle_minus_q1,market_neutral,True,63,ensemble,3,66.33333333333333,0.0,66.33333333333333,1.0,5,self_financing_spread_return,4181,-0.003995456892607607,0.1308105056831941,0.03484508072819479,-0.45151030458989383,0.495,0.5294117647058824,0.0017386137994303175,0.05681080998553721,0.018971040556261868,-0.01219949950963044,0.7135605280681924,2.020891750193586,0.35975335662983104,8.00425487552294,0.004002127437761471,43,0.007344777930238287,,,,206.9554333094156,55.666666666666664,0.059775417258234424
low_volatility|60d|middle_minus_q1|beta_neutral|r63|ensemble,low_volatility|60d,low_volatility,60d,63,lower_tail_exploratory_lead,lower_tail,middle_minus_q1,market_neutral,True,63,ensemble,3,66.33333333333333,0.0,66.33333333333333,1.0,10,self_financing_spread_return,4181,-0.007975618036694887,0.13080871672506503,0.0042348360768022855,-0.4640540997510799,0.49,0.5294117647058824,-0.0022609149140562852,-0.07386451208049835,0.01893995171597507,-0.01219949950963044,0.7135605280681924,2.020891750193586,0.35975335662983104,8.00425487552294,0.008004254875522941,43,0.007344777930238287,,,,206.9554333094156,55.666666666666664,0.059775417258234424
low_volatility|60d|middle_minus_q1|beta_neutral|r63|ensemble,low_volatility|60d,low_volatility,60d,63,lower_tail_exploratory_lead,lower_tail,middle_minus_q1,market_neutral,True,63,ensemble,3,66.33333333333333,0.0,66.33333333333333,1.0,25,self_financing_spread_return,4181,-0.01982879887501998,0.13086180357356855,-0.08756179181382509,-0.5251863207389035,0.48,0.5294117647058824,-0.014259501054515891,-0.46531042651165916,0.01884668519511467,-0.01219949950963044,0.7135605280681924,2.020891750193586,0.35975335662983104,8.00425487552294,0.02001063718880735,43,0.007344777930238287,,,,206.9554333094156,55.666666666666664,0.059775417258234424
low_volatility|60d|q10_minus_middle|unconstrained_beta|r1|ensemble,low_volatility|60d,low_volatility,60d,63,lower_tail_exploratory_lead,lower_tail,q10_minus_middle,market_neutral,False,1,ensemble,1,4181.0,0.0,0.0,,0,self_financing_spread_return,4181,-0.025071569485885847,0.11242284934737032,-0.16956602475871843,-0.3913323757732664,0.47,0.29411764705882354,0.04439357655494205,2.1237137528939978,-0.426970693679275,-0.41002222754526013,0.6815965529633521,2.0,-1.6192135463638094e-17,48.75894346142812,0.0,0,0.0,,,,210.4960535756996,168.0,0.029411764705882353
low_volatility|60d|q10_minus_middle|unconstrained_beta|r1|ensemble,low_volatility|60d,low_volatility,60d,63,lower_tail_exploratory_lead,lower_tail,q10_minus_middle,market_neutral,False,1,ensemble,1,4181.0,0.0,0.0,,5,self_financing_spread_return,4181,-0.04855395777109983,0.11240543721144605,-0.38647319579567974,-0.5793052471461251,0.44,0.23529411764705882,0.019986614475474375,0.9537267323448461,-0.42677981046837465,-0.41002222754526013,0.6815965529633521,2.0,-1.6192135463638094e-17,48.75894346142812,0.02437947173071406,0,0.0,,,,210.4960535756996,168.0,0.029411764705882353
low_volatility|60d|q10_minus_middle|unconstrained_beta|r1|ensemble,low_volatility|60d,low_volatility,60d,63,lower_tail_exploratory_lead,lower_tail,q10_minus_middle,market_neutral,False,1,ensemble,1,4181.0,0.0,0.0,,10,self_financing_spread_return,4181,-0.07147374281271657,0.11239577061397173,-0.6034059917155306,-0.7158636391543267,0.385,0.17647058823529413,-0.004420347603993857,-0.21033802572088545,-0.4265889272574747,-0.41002222754526013,0.6815965529633521,2.0,-1.6192135463638094e-17,48.75894346142812,0.04875894346142812,0,0.0,,,,210.4960535756996,168.0,0.029411764705882353
low_volatility|60d|q10_minus_middle|unconstrained_beta|r1|ensemble,low_volatility|60d,low_volatility,60d,63,lower_tail_exploratory_lead,lower_tail,q10_minus_middle,market_neutral,False,1,ensemble,1,4181.0,0.0,0.0,,25,self_financing_spread_return,4181,-0.13698997336985652,0.11241325602850202,-1.25390959283596,-0.914752904673146,0.3,0.11764705882352941,-0.07764123384239682,-3.65690724276929,-0.42601627762477556,-0.41002222754526013,0.6815965529633521,2.0,-1.6192135463638094e-17,48.75894346142812,0.12189735865357029,0,0.0,,,,210.4960535756996,168.0,0.029411764705882353
low_volatility|60d|q10_minus_middle|unconstrained_beta|r5|ensemble,low_volatility|60d,low_volatility,60d,63,lower_tail_exploratory_lead,lower_tail,q10_minus_middle,market_neutral,False,5,ensemble,3,836.3333333333334,0.0,0.0,,0,self_financing_spread_return,4181,-0.023901112381932266,0.1116344530852337,-0.16081804054105522,-0.3906899663148655,0.475,0.29411764705882354,0.04427778327894674,2.1091397409246215,-0.41872113526968013,-0.4112110169764963,0.7190625932093027,2.001993714123721,-0.0003341588309400225,26.197509369338345,0.0,16,0.019675464893471415,,,,210.36020090887348,56.0,0.034359359210761935
low_volatility|60d|q10_minus_middle|unconstrained_beta|r5|ensemble,low_volatility|60d,low_volatility,60d,63,lower_tail_exploratory_lead,lower_tail,q10_minus_middle,market_neutral,False,5,ensemble,3,836.3333333333334,0.0,0.0,,5,self_financing_spread_return,4181,-0.0366040683936133,0.11163955500439109,-0.27812483194808546,-0.5005700962445558,0.445,0.29411764705882354,0.03119123869568629,1.4852002972538052,-0.41879080181597333,-0.4112110169764963,0.7190625932093027,2.001993714123721,-0.0003341588309400225,26.197509369338345,0.013098754684669171,16,0.019675464893471415,,,,210.36020090887348,56.0,0.034359359210761935
low_volatility|60d|q10_minus_middle|unconstrained_beta|r5|ensemble,low_volatility|60d,low_volatility,60d,63,lower_tail_exploratory_lead,lower_tail,q10_minus_middle,market_neutral,False,5,ensemble,3,836.3333333333334,0.0,0.0,,10,self_financing_spread_return,4181,-0.049142991264312985,0.11165064104490736,-0.3953997087120547,-0.5906434553299471,0.435,0.29411764705882354,0.018104694112426212,0.8616580882646212,-0.4188604683622663,-0.4112110169764963,0.7190625932093027,2.001993714123721,-0.0003341588309400225,26.197509369338345,0.026197509369338342,16,0.019675464893471415,,,,210.36020090887348,56.0,0.034359359210761935
low_volatility|60d|q10_minus_middle|unconstrained_beta|r5|ensemble,low_volatility|60d,low_volatility,60d,63,lower_tail_exploratory_lead,lower_tail,q10_minus_middle,market_neutral,False,5,ensemble,3,836.3333333333334,0.0,0.0,,25,self_financing_spread_return,4181,-0.08579644421634525,0.11171978127236935,-0.7468446985247801,-0.7820420056190396,0.36,0.17647058823529413,-0.02115493963735477,-1.004804815783795,-0.4190694680011449,-0.4112110169764963,0.7190625932093027,2.001993714123721,-0.0003341588309400225,26.197509369338345,0.06549377342334586,16,0.019675464893471415,,,,210.36020090887348,56.0,0.034359359210761935
low_volatility|60d|q10_minus_middle|unconstrained_beta|r21|ensemble,low_volatility|60d,low_volatility,60d,63,lower_tail_exploratory_lead,lower_tail,q10_minus_middle,market_neutral,False,21,ensemble,3,199.33333333333334,0.0,0.0,,0,self_financing_spread_return,4181,-0.02002110853209549,0.10885936361056649,-0.13131176024391583,-0.35522562897592114,0.51,0.35294117647058826,0.043943429170330076,2.037075068005539,-0.39185627621364016,-0.4151883809785179,0.7248937952263028,2.007138243316453,-0.0008631625094115645,14.092194965915814,0.0,27,0.02877193054461974,,,,209.82675595949934,56.0,0.03521144177815733
low_volatility|60d|q10_minus_middle|unconstrained_beta|r21|ensemble,low_volatility|60d,low_volatility,60d,63,lower_tail_exploratory_lead,lower_tail,q10_minus_middle,market_neutral,False,21,ensemble,3,199.33333333333334,0.0,0.0,,5,self_financing_spread_return,4181,-0.02690258522044231,0.1088688662317869,-0.19601087642020948,-0.42032846250576017,0.495,0.29411764705882354,0.036911719660258746,1.7107611505219087,-0.39194548130076534,-0.4151883809785179,0.7248937952263028,2.007138243316453,-0.0008631625094115645,14.092194965915814,0.0070460974829579075,27,0.02877193054461974,,,,209.82675595949934,56.0,0.03521144177815733
low_volatility|60d|q10_minus_middle|unconstrained_beta|r21|ensemble,low_volatility|60d,low_volatility,60d,63,lower_tail_exploratory_lead,lower_tail,q10_minus_middle,market_neutral,False,21,ensemble,3,199.33333333333334,0.0,0.0,,10,self_financing_spread_return,4181,-0.03373716924133874,0.10889013418216341,-0.26067053115862326,-0.478869705417738,0.485,0.23529411764705882,0.029880010150187382,1.3843794170475934,-0.3920346863878905,-0.4151883809785179,0.7248937952263028,2.007138243316453,-0.0008631625094115645,14.092194965915814,0.014092194965915815,27,0.02877193054461974,,,,209.82675595949934,56.0,0.03521144177815733
low_volatility|60d|q10_minus_middle|unconstrained_beta|r21|ensemble,low_volatility|60d,low_volatility,60d,63,lower_tail_exploratory_lead,lower_tail,q10_minus_middle,market_neutral,False,21,ensemble,3,199.33333333333334,0.0,0.0,,25,self_financing_spread_return,4181,-0.05396265379852894,0.10902444210983178,-0.4542041201734011,-0.6214004350856221,0.43,0.23529411764705882,0.008784881619973078,0.40624070872670726,-0.392302301649266,-0.4151883809785179,0.7248937952263028,2.007138243316453,-0.0008631625094115645,14.092194965915814,0.035230487414789534,27,0.02877193054461974,,,,209.82675595949934,56.0,0.03521144177815733
low_volatility|60d|q10_minus_middle|unconstrained_beta|r63|ensemble,low_volatility|60d,low_volatility,60d,63,lower_tail_exploratory_lead,lower_tail,q10_minus_middle,market_neutral,False,63,ensemble,3,66.33333333333333,0.0,0.0,,0,self_financing_spread_return,4181,-0.012153754410285211,0.10591767956279532,-0.062483486554295815,-0.27065931924436026,0.5,0.35294117647058826,0.04675617021873885,2.13692221914567,-0.3591308984222714,-0.42239715244927456,0.8029393344660186,2.0254071864100287,-0.0035142936410764557,8.15852425746776,0.0,43,0.025430230605839127,,,,208.47636131706926,56.0,0.03780081480759181
low_volatility|60d|q10_minus_middle|unconstrained_beta|r63|ensemble,low_volatility|60d,low_volatility,60d,63,lower_tail_exploratory_lead,lower_tail,q10_minus_middle,market_neutral,False,63,ensemble,3,66.33333333333333,0.0,0.0,,5,self_financing_spread_return,4181,-0.01617592799208456,0.1059302805707037,-0.10097609788459586,-0.30823104736122764,0.495,0.35294117647058826,0.042680372860408475,1.9502699285257663,-0.359147875297898,-0.42239715244927456,0.8029393344660186,2.0254071864100287,-0.0035142936410764557,8.15852425746776,0.0040792621287338805,43,0.025430230605839127,,,,208.47636131706926,56.0,0.03780081480759181
low_volatility|60d|q10_minus_middle|unconstrained_beta|r63|ensemble,low_volatility|60d,low_volatility,60d,63,lower_tail_exploratory_lead,lower_tail,q10_minus_middle,market_neutral,False,63,ensemble,3,66.33333333333333,0.0,0.0,,10,self_financing_spread_return,4181,-0.0201831150437759,0.10595563580827971,-0.13944276526838115,-0.34958252987587535,0.495,0.29411764705882354,0.03860457550207808,1.7632860712237013,-0.3591648521735244,-0.42239715244927456,0.8029393344660186,2.0254071864100287,-0.0035142936410764557,8.15852425746776,0.008158524257467761,43,0.025430230605839127,,,,208.47636131706926,56.0,0.03780081480759181
low_volatility|60d|q10_minus_middle|unconstrained_beta|r63|ensemble,low_volatility|60d,low_volatility,60d,63,lower_tail_exploratory_lead,lower_tail,q10_minus_middle,market_neutral,False,63,ensemble,3,66.33333333333333,0.0,0.0,,25,self_financing_spread_return,4181,-0.032115263044816045,0.10610811247190267,-0.2545489467556591,-0.4594590405126183,0.465,0.29411764705882354,0.026377183427086937,1.2016346878531357,-0.35921578280040395,-0.42239715244927456,0.8029393344660186,2.0254071864100287,-0.0035142936410764557,8.15852425746776,0.020396310643669403,43,0.025430230605839127,,,,208.47636131706926,56.0,0.03780081480759181
low_volatility|60d|q10_minus_middle|beta_neutral|r1|ensemble,low_volatility|60d,low_volatility,60d,63,lower_tail_exploratory_lead,lower_tail,q10_minus_middle,market_neutral,True,1,ensemble,1,4181.0,0.0,4181.0,1.0,0,self_financing_spread_return,4181,0.0507781294690024,0.10299433231554522,0.532479449591973,-0.1753913834568358,0.545,0.8823529411764706,0.0551440116769019,2.125293212484814,-0.0020296388557797846,-9.635681493713556e-19,4.85722573273506e-16,2.0,0.5330100326035657,50.580218235109555,0.0,0,0.0,,,,210.3259985649366,168.0,0.04401622435521047
low_volatility|60d|q10_minus_middle|beta_neutral|r1|ensemble,low_volatility|60d,low_volatility,60d,63,lower_tail_exploratory_lead,lower_tail,q10_minus_middle,market_neutral,True,1,ensemble,1,4181.0,0.0,4181.0,1.0,5,self_financing_spread_return,4181,0.02453520099834039,0.10298833861010051,0.2868963022157595,-0.18991833770013877,0.52,0.7058823529411765,0.029827413675790747,1.14775175789611,-0.0018869525344942812,-9.635681493713556e-19,4.85722573273506e-16,2.0,0.5330100326035657,50.580218235109555,0.025290109117554777,0,0.0,,,,210.3259985649366,168.0,0.04401622435521047
low_volatility|60d|q10_minus_middle|beta_neutral|r1|ensemble,low_volatility|60d,low_volatility,60d,63,lower_tail_exploratory_lead,lower_tail,q10_minus_middle,market_neutral,True,1,ensemble,1,4181.0,0.0,4181.0,1.0,10,self_financing_spread_return,4181,-0.0010559318911800286,0.10299284602571324,0.04128035896423872,-0.30009994028589493,0.505,0.5294117647058824,0.004510815674679071,0.1732582129134141,-0.001744266213208761,-9.635681493713556e-19,4.85722573273506e-16,2.0,0.5330100326035657,50.580218235109555,0.05058021823510955,0,0.0,,,,210.3259985649366,168.0,0.04401622435521047
low_volatility|60d|q10_minus_middle|beta_neutral|r1|ensemble,low_volatility|60d,low_volatility,60d,63,lower_tail_exploratory_lead,lower_tail,q10_minus_middle,market_neutral,True,1,ensemble,1,4181.0,0.0,4181.0,1.0,25,self_financing_spread_return,4181,-0.07407758304909196,0.10306934517343978,-0.6950135737880553,-0.7408800896905452,0.395,0.11764705882352941,-0.07143897832865582,-2.7250375044745665,-0.0013162072493521683,-9.635681493713556e-19,4.85722573273506e-16,2.0,0.5330100326035657,50.580218235109555,0.12645054558777388,0,0.0,,,,210.3259985649366,168.0,0.04401622435521047
low_volatility|60d|q10_minus_middle|beta_neutral|r5|ensemble,low_volatility|60d,low_volatility,60d,63,lower_tail_exploratory_lead,lower_tail,q10_minus_middle,market_neutral,True,5,ensemble,3,836.3333333333334,0.0,836.3333333333334,1.0,0,self_financing_spread_return,4181,0.051701515387768904,0.10337945522436698,0.5393492445347533,-0.18050600907298142,0.555,0.8823529411764706,0.05489092970344069,2.117594510697065,0.005831633983057332,-0.0005904438005372876,0.12626323990501045,2.0004090970278128,0.5330471332690064,26.86651762661646,0.0,16,0.02258402915276508,,,,210.19038507534083,56.0,0.04503871712568861
low_volatility|60d|q10_minus_middle|beta_neutral|r5|ensemble,low_volatility|60d,low_volatility,60d,63,lower_tail_exploratory_lead,lower_tail,q10_minus_middle,market_neutral,True,5,ensemble,3,836.3333333333334,0.0,836.3333333333334,1.0,5,self_financing_spread_return,4181,0.037667449054568536,0.10337718644228856,0.40938918787103706,-0.1866450059912773,0.54,0.8235294117647058,0.04146937461199878,1.5996273711301756,0.005733575066653083,-0.0005904438005372876,0.12626323990501045,2.0004090970278128,0.5330471332690064,26.86651762661646,0.013433258813308232,16,0.02258402915276508,,,,210.19038507534083,56.0,0.04503871712568861
low_volatility|60d|q10_minus_middle|beta_neutral|r5|ensemble,low_volatility|60d,low_volatility,60d,63,lower_tail_exploratory_lead,lower_tail,q10_minus_middle,market_neutral,True,5,ensemble,3,836.3333333333334,0.0,836.3333333333334,1.0,10,self_financing_spread_return,4181,0.023819164823417394,0.10338207672331742,0.27940407703002706,-0.19549030015912106,0.51,0.7058823529411765,0.02804781952055688,1.0816998517406318,0.005635516150248868,-0.0005904438005372876,0.12626323990501045,2.0004090970278128,0.5330471332690064,26.86651762661646,0.026866517626616463,16,0.02258402915276508,,,,210.19038507534083,56.0,0.04503871712568861
low_volatility|60d|q10_minus_middle|beta_neutral|r5|ensemble,low_volatility|60d,low_volatility,60d,63,lower_tail_exploratory_lead,lower_tail,q10_minus_middle,market_neutral,True,5,ensemble,3,836.3333333333334,0.0,836.3333333333334,1.0,25,self_financing_spread_return,4181,-0.016635233899688795,0.1034396843591711,-0.11043162364104125,-0.3956578080119476,0.49,0.29411764705882354,-0.012216845753768725,-0.47067310968643344,0.005341339401036001,-0.0005904438005372876,0.12626323990501045,2.0004090970278128,0.5330471332690064,26.86651762661646,0.06716629406654115,16,0.02258402915276508,,,,210.19038507534083,56.0,0.04503871712568861
low_volatility|60d|q10_minus_middle|beta_neutral|r21|ensemble,low_volatility|60d,low_volatility,60d,63,lower_tail_exploratory_lead,lower_tail,q10_minus_middle,market_neutral,True,21,ensemble,3,199.33333333333334,0.0,199.33333333333334,1.0,0,self_financing_spread_return,4181,0.04982033136395936,0.10384988615884046,0.5201264711380431,-0.20033046260734888,0.57,0.8823529411764706,0.048885793885377456,1.829762459849555,0.03451256677467524,-0.0024214712045505953,0.32500080648951923,2.000685053509028,0.5342267554873075,14.302709656844181,0.0,27,0.032978307942754165,,,,209.66483297456747,56.0,0.046543961247533794
low_volatility|60d|q10_minus_middle|beta_neutral|r21|ensemble,low_volatility|60d,low_volatility,60d,63,lower_tail_exploratory_lead,lower_tail,q10_minus_middle,market_neutral,True,21,ensemble,3,199.33333333333334,0.0,199.33333333333334,1.0,5,self_financing_spread_return,4181,0.04233866758583993,0.10385742268955368,0.45122006827245514,-0.20949341810304034,0.565,0.8823529411764706,0.04175103152190977,1.5622684575738401,0.03439307400576749,-0.0024214712045505953,0.32500080648951923,2.000685053509028,0.5342267554873075,14.302709656844181,0.00715135482842209,27,0.032978307942754165,,,,209.66483297456747,56.0,0.046543961247533794
low_volatility|60d|q10_minus_middle|beta_neutral|r21|ensemble,low_volatility|60d,low_volatility,60d,63,lower_tail_exploratory_lead,lower_tail,q10_minus_middle,market_neutral,True,21,ensemble,3,199.33333333333334,0.0,199.33333333333334,1.0,10,self_financing_spread_return,4181,0.034908719546373534,0.10387791621783697,0.38227597686888604,-0.21855369018784376,0.545,0.8823529411764706,0.034616269158441904,1.2947976578472686,0.0342735812368598,-0.0024214712045505953,0.32500080648951923,2.000685053509028,0.5342267554873075,14.302709656844181,0.01430270965684418,27,0.032978307942754165,,,,209.66483297456747,56.0,0.046543961247533794
low_volatility|60d|q10_minus_middle|beta_neutral|r21|ensemble,low_volatility|60d,low_volatility,60d,63,lower_tail_exploratory_lead,lower_tail,q10_minus_middle,market_neutral,True,21,ensemble,3,199.33333333333334,0.0,199.33333333333334,1.0,25,self_financing_spread_return,4181,0.012925716576752677,0.10401703799414344,0.17547574773658683,-0.24512959540175194,0.525,0.47058823529411764,0.013211982068038764,0.4933225712769884,0.03391510293013661,-0.0024214712045505953,0.32500080648951923,2.000685053509028,0.5342267554873075,14.302709656844181,0.03575677414211045,27,0.032978307942754165,,,,209.66483297456747,56.0,0.046543961247533794
low_volatility|60d|q10_minus_middle|beta_neutral|r63|ensemble,low_volatility|60d,low_volatility,60d,63,lower_tail_exploratory_lead,lower_tail,q10_minus_middle,market_neutral,True,63,ensemble,3,66.33333333333333,0.0,66.33333333333333,1.0,0,self_financing_spread_return,4181,0.056346844889713976,0.10275529058007363,0.5848878567573558,-0.18645466282782253,0.57,0.8823529411764706,0.05002709143635943,1.9178154877750493,0.06777812251979855,-0.006952902191592472,0.3912819408952932,2.0041020180204474,0.5294824122944197,8.190769309031007,0.0,43,0.031050549784594827,,,,208.3151558638284,56.0,0.048657027108408635
low_volatility|60d|q10_minus_middle|beta_neutral|r63|ensemble,low_volatility|60d,low_volatility,60d,63,lower_tail_exploratory_lead,lower_tail,q10_minus_middle,market_neutral,True,63,ensemble,3,66.33333333333333,0.0,66.33333333333333,1.0,5,self_financing_spread_return,4181,0.052028786430301066,0.10276738289152444,0.5449652875744123,-0.1921628191980974,0.565,0.8823529411764706,0.04593493996903619,1.7606385063243601,0.06775447951176473,-0.006952902191592472,0.3912819408952932,2.0041020180204474,0.5294824122944197,8.190769309031007,0.004095384654515503,43,0.031050549784594827,,,,208.3151558638284,56.0,0.048657027108408635
low_volatility|60d|q10_minus_middle|beta_neutral|r63|ensemble,low_volatility|60d,low_volatility,60d,63,lower_tail_exploratory_lead,lower_tail,q10_minus_middle,market_neutral,True,63,ensemble,3,66.33333333333333,0.0,66.33333333333333,1.0,10,self_financing_spread_return,4181,0.04772686781391777,0.10279285080399621,0.5049863940695578,-0.19783316427561537,0.565,0.8823529411764706,0.041842788501712844,1.6032537429326152,0.0677308365037309,-0.006952902191592472,0.3912819408952932,2.0041020180204474,0.5294824122944197,8.190769309031007,0.008190769309031006,43,0.031050549784594827,,,,208.3151558638284,56.0,0.048657027108408635
low_volatility|60d|q10_minus_middle|beta_neutral|r63|ensemble,low_volatility|60d,low_volatility,60d,63,lower_tail_exploratory_lead,lower_tail,q10_minus_middle,market_neutral,True,63,ensemble,3,66.33333333333333,0.0,66.33333333333333,1.0,25,self_financing_spread_return,4181,0.034917404781942274,0.1029493828135973,0.3848687001266741,-0.2146196813300677,0.55,0.8235294117647058,0.029566334099743134,1.1306272364545464,0.06765990747962944,-0.006952902191592472,0.3912819408952932,2.0041020180204474,0.5294824122944197,8.190769309031007,0.020476923272577517,43,0.031050549784594827,,,,208.3151558638284,56.0,0.048657027108408635
low_volatility|60d|q10_minus_q1|unconstrained_beta|r1|ensemble,low_volatility|60d,low_volatility,60d,63,lower_tail_exploratory_lead,lower_tail,q10_minus_q1,market_neutral,False,1,ensemble,1,4181.0,0.0,0.0,,0,self_financing_spread_return,4181,-0.10093612129843088,0.2711025057880062,-0.2563806417436008,-0.8711626046577325,0.46,0.29411764705882354,0.07306778061797425,1.530761454720255,-0.9593094374581157,-0.8449586657285695,1.438787397711643,2.0,1.850482349403626e-18,51.326469789430114,0.0,0,0.0,,,,84.02463525472375,67.0,0.030303030303030304
low_volatility|60d|q10_minus_q1|unconstrained_beta|r1|ensemble,low_volatility|60d,low_volatility,60d,63,lower_tail_exploratory_lead,lower_tail,q10_minus_q1,market_neutral,False,1,ensemble,1,4181.0,0.0,0.0,,5,self_financing_spread_return,4181,-0.1237170108617891,0.27107109665036305,-0.3510542604079605,-0.9028083085247515,0.425,0.29411764705882354,0.04737898576108563,0.9920856592450281,-0.9590835878796047,-0.8449586657285695,1.438787397711643,2.0,1.850482349403626e-18,51.326469789430114,0.025663234894715056,0,0.0,,,,84.02463525472375,67.0,0.030303030303030304
low_volatility|60d|q10_minus_q1|unconstrained_beta|r1|ensemble,low_volatility|60d,low_volatility,60d,63,lower_tail_exploratory_lead,lower_tail,q10_minus_q1,market_neutral,False,1,ensemble,1,4181.0,0.0,0.0,,10,self_financing_spread_return,4181,-0.1459236863463943,0.2710430804951651,-0.44574424136632074,-0.9335041362562829,0.415,0.29411764705882354,0.021690190904197437,0.45392363544232583,-0.9588577383010929,-0.8449586657285695,1.438787397711643,2.0,1.850482349403626e-18,51.326469789430114,0.05132646978943011,0,0.0,,,,84.02463525472375,67.0,0.030303030303030304
low_volatility|60d|q10_minus_q1|unconstrained_beta|r1|ensemble,low_volatility|60d,low_volatility,60d,63,lower_tail_exploratory_lead,lower_tail,q10_minus_q1,market_neutral,False,1,ensemble,1,4181.0,0.0,0.0,,25,self_financing_spread_return,4181,-0.2092406206407985,0.2709793998108421,-0.7298768070635298,-0.9800290934511298,0.365,0.11764705882352941,-0.055376193666467975,-1.1565293677806527,-0.9581801895655595,-0.8449586657285695,1.438787397711643,2.0,1.850482349403626e-18,51.326469789430114,0.12831617447357527,0,0.0,,,,84.02463525472375,67.0,0.030303030303030304
low_volatility|60d|q10_minus_q1|unconstrained_beta|r5|ensemble,low_volatility|60d,low_volatility,60d,63,lower_tail_exploratory_lead,lower_tail,q10_minus_q1,market_neutral,False,5,ensemble,3,836.3333333333334,0.0,0.0,,0,self_financing_spread_return,4181,-0.11239864648910924,0.26986761131082865,-0.3058848821222906,-0.8919347643080917,0.455,0.29411764705882354,0.05744059405999772,1.170977411225681,-0.9419215570997375,-0.8497768774174228,1.7609228998570066,2.0048090222415307,-0.0008433708198731036,27.30482432961455,0.0,2,0.015735126552459042,,,,83.94443115682054,22.333333333333332,0.051758979430260726
low_volatility|60d|q10_minus_q1|unconstrained_beta|r5|ensemble,low_volatility|60d,low_volatility,60d,63,lower_tail_exploratory_lead,lower_tail,q10_minus_q1,market_neutral,False,5,ensemble,3,836.3333333333334,0.0,0.0,,5,self_financing_spread_return,4181,-0.12443484297775498,0.2698657977672518,-0.3564451166663796,-0.9117885969112982,0.45,0.29411764705882354,0.04380497357854774,0.8927674502823196,-0.9419774229043492,-0.8497768774174228,1.7609228998570066,2.0048090222415307,-0.0008433708198731036,27.30482432961455,0.013652412164807276,2,0.015735126552459042,,,,83.94443115682054,22.333333333333332,0.051758979430260726
low_volatility|60d|q10_minus_q1|unconstrained_beta|r5|ensemble,low_volatility|60d,low_volatility,60d,63,lower_tail_exploratory_lead,lower_tail,q10_minus_q1,market_neutral,False,5,ensemble,3,836.3333333333334,0.0,0.0,,10,self_financing_spread_return,4181,-0.13630908930231533,0.2698666723491968,-0.4070019765992708,-0.9279964565807064,0.45,0.29411764705882354,0.030169353097097344,0.6146932955755032,-0.9420332887089613,-0.8497768774174228,1.7609228998570066,2.0048090222415307,-0.0008433708198731036,27.30482432961455,0.027304824329614553,2,0.015735126552459042,,,,83.94443115682054,22.333333333333332,0.051758979430260726
low_volatility|60d|q10_minus_q1|unconstrained_beta|r5|ensemble,low_volatility|60d,low_volatility,60d,63,lower_tail_exploratory_lead,lower_tail,q10_minus_q1,market_neutral,False,5,ensemble,3,836.3333333333334,0.0,0.0,,25,self_financing_spread_return,4181,-0.17098160574693078,0.2698854241852159,-0.5586372046748698,-0.9608453138566493,0.415,0.29411764705882354,-0.010737508347251738,-0.21856575900066758,-0.9422008861227964,-0.8497768774174228,1.7609228998570066,2.0048090222415307,-0.0008433708198731036,27.30482432961455,0.06826206082403638,2,0.015735126552459042,,,,83.94443115682054,22.333333333333332,0.051758979430260726
low_volatility|60d|q10_minus_q1|unconstrained_beta|r21|ensemble,low_volatility|60d,low_volatility,60d,63,lower_tail_exploratory_lead,lower_tail,q10_minus_q1,market_neutral,False,21,ensemble,3,199.33333333333334,0.0,0.0,,0,self_financing_spread_return,4181,-0.10130457295192052,0.2639386388701513,-0.2719423404744017,-0.8754142962022957,0.46,0.35294117647058826,0.057396193329694575,1.1274773518440784,-0.8691407539435222,-0.8623382738328338,1.9101537227012448,2.014534375091735,-0.001253900484895377,14.825547305582356,0.0,2,0.02278568203527394,,,,83.62241887905606,22.333333333333332,0.05860079839220217
low_volatility|60d|q10_minus_q1|unconstrained_beta|r21|ensemble,low_volatility|60d,low_volatility,60d,63,lower_tail_exploratory_lead,lower_tail,q10_minus_q1,market_neutral,False,21,ensemble,3,199.33333333333334,0.0,0.0,,5,self_financing_spread_return,4181,-0.10794249775703268,0.26394002883743745,-0.3000088140920229,-0.8884380794691028,0.46,0.35294117647058826,0.049998245381976204,0.9818907307469069,-0.8692100303030736,-0.8623382738328338,1.9101537227012448,2.014534375091735,-0.001253900484895377,14.825547305582356,0.007412773652791178,2,0.02278568203527394,,,,83.62241887905606,22.333333333333332,0.05860079839220217
low_volatility|60d|q10_minus_q1|unconstrained_beta|r21|ensemble,low_volatility|60d,low_volatility,60d,63,lower_tail_exploratory_lead,lower_tail,q10_minus_q1,market_neutral,False,21,ensemble,3,199.33333333333334,0.0,0.0,,10,self_financing_spread_return,4181,-0.11453284221097193,0.26394677683115625,-0.32806833229595816,-0.9001028759650568,0.455,0.29411764705882354,0.04260029743425794,0.8363578505626703,-0.8692793066626254,-0.8623382738328338,1.9101537227012448,2.014534375091735,-0.001253900484895377,14.825547305582356,0.014825547305582356,2,0.02278568203527394,,,,83.62241887905606,22.333333333333332,0.05860079839220217
low_volatility|60d|q10_minus_q1|unconstrained_beta|r21|ensemble,low_volatility|60d,low_volatility,60d,63,lower_tail_exploratory_lead,lower_tail,q10_minus_q1,market_neutral,False,21,ensemble,3,199.33333333333334,0.0,0.0,,25,self_financing_spread_return,4181,-0.13402168963306005,0.2639991632311011,-0.4121880883974801,-0.9282867623481885,0.445,0.29411764705882354,0.02040645359110331,0.40020757849247485,-0.8694871357412804,-0.8623382738328338,1.9101537227012448,2.014534375091735,-0.001253900484895377,14.825547305582356,0.03706386826395589,2,0.02278568203527394,,,,83.62241887905606,22.333333333333332,0.05860079839220217
low_volatility|60d|q10_minus_q1|unconstrained_beta|r63|ensemble,low_volatility|60d,low_volatility,60d,63,lower_tail_exploratory_lead,lower_tail,q10_minus_q1,market_neutral,False,63,ensemble,3,66.33333333333333,0.0,0.0,,0,self_financing_spread_return,4181,-0.09604036676421157,0.27655443557654,-0.2267769900006595,-0.8637475865866129,0.455,0.29411764705882354,0.05762016536680139,1.0059160045282196,-0.8096878093543375,-0.9081596616416276,4.402373933523357,2.064817742025217,-0.011032788651756463,9.012419204873813,0.0,2,0.02350297850625392,,,,82.88152754524435,22.333333333333332,0.1334168784668973
low_volatility|60d|q10_minus_q1|unconstrained_beta|r63|ensemble,low_volatility|60d,low_volatility,60d,63,lower_tail_exploratory_lead,lower_tail,q10_minus_q1,market_neutral,False,63,ensemble,3,66.33333333333333,0.0,0.0,,5,self_financing_spread_return,4181,-0.10010541456052724,0.2765576758525178,-0.24305986245110428,-0.8726102153227899,0.455,0.29411764705882354,0.0531189559774088,0.9272178803485163,-0.8097058337090183,-0.9081596616416276,4.402373933523357,2.064817742025217,-0.011032788651756463,9.012419204873813,0.0045062096024369065,2,0.02350297850625392,,,,82.88152754524435,22.333333333333332,0.1334168784668973
low_volatility|60d|q10_minus_q1|unconstrained_beta|r63|ensemble,low_volatility|60d,low_volatility,60d,63,lower_tail_exploratory_lead,lower_tail,q10_minus_q1,market_neutral,False,63,ensemble,3,66.33333333333333,0.0,0.0,,10,self_financing_spread_return,4181,-0.10415373655607363,0.27656688326257967,-0.2593367578487141,-0.8808995106959303,0.455,0.29411764705882354,0.048617746588016125,0.8485050766978791,-0.8097238580636991,-0.9081596616416276,4.402373933523357,2.064817742025217,-0.011032788651756463,9.012419204873813,0.009012419204873813,2,0.02350297850625392,,,,82.88152754524435,22.333333333333332,0.1334168784668973
low_volatility|60d|q10_minus_q1|unconstrained_beta|r63|ensemble,low_volatility|60d,low_volatility,60d,63,lower_tail_exploratory_lead,lower_tail,q10_minus_q1,market_neutral,False,63,ensemble,3,66.33333333333333,0.0,0.0,,25,self_financing_spread_return,4181,-0.11619897159318515,0.27663030040819964,-0.30812106718338206,-0.9026846093742056,0.45,0.29411764705882354,0.03511411841983867,0.612375010789822,-0.8097779311277415,-0.9081596616416276,4.402373933523357,2.064817742025217,-0.011032788651756463,9.012419204873813,0.022531048012184533,2,0.02350297850625392,,,,82.88152754524435,22.333333333333332,0.1334168784668973
low_volatility|60d|q10_minus_q1|beta_neutral|r1|ensemble,low_volatility|60d,low_volatility,60d,63,lower_tail_exploratory_lead,lower_tail,q10_minus_q1,market_neutral,True,1,ensemble,1,4181.0,0.0,4181.0,1.0,0,self_financing_spread_return,4181,0.06860851407489132,0.18178632684060095,0.4558292892199861,-0.363638597860373,0.565,0.7647058823529411,0.08635395437241843,2.0040677937664166,-0.02348544201978011,2.9729077699695807e-18,6.661338147750939e-16,2.0,0.8439933644575146,51.54626286455549,0.0,0,0.0,,,,83.86964840947142,67.0,0.04874740484513292
low_volatility|60d|q10_minus_q1|beta_neutral|r1|ensemble,low_volatility|60d,low_volatility,60d,63,lower_tail_exploratory_lead,lower_tail,q10_minus_q1,market_neutral,True,1,ensemble,1,4181.0,0.0,4181.0,1.0,5,self_financing_spread_return,4181,0.04141705725032119,0.18176505053857314,0.3140443436588071,-0.38133668801654674,0.545,0.6470588235294118,0.06055549196370925,1.4044392022171375,-0.023369601799873324,2.9729077699695807e-18,6.661338147750939e-16,2.0,0.8439933644575146,51.54626286455549,0.025773131432277746,0,0.0,,,,83.86964840947142,67.0,0.04874740484513292
low_volatility|60d|q10_minus_q1|beta_neutral|r1|ensemble,low_volatility|60d,low_volatility,60d,63,lower_tail_exploratory_lead,lower_tail,q10_minus_q1,market_neutral,True,1,ensemble,1,4181.0,0.0,4181.0,1.0,10,self_financing_spread_return,4181,0.014913696491791528,0.18174994391922392,0.17222035486976467,-0.4623739180571985,0.54,0.5882352941176471,0.034757029554999735,0.8055130256941052,-0.02325376157996615,2.9729077699695807e-18,6.661338147750939e-16,2.0,0.8439933644575146,51.54626286455549,0.05154626286455549,0,0.0,,,,83.86964840947142,67.0,0.04874740484513292
low_volatility|60d|q10_minus_q1|beta_neutral|r1|ensemble,low_volatility|60d,low_volatility,60d,63,lower_tail_exploratory_lead,lower_tail,q10_minus_q1,market_neutral,True,1,ensemble,1,4181.0,0.0,4181.0,1.0,25,self_financing_spread_return,4181,-0.06063882135018184,0.1817416544005432,-0.2533414741053252,-0.7245982258802773,0.48,0.23529411764705882,-0.04263835767112918,-0.9854654389782025,-0.022906240920245086,2.9729077699695807e-18,6.661338147750939e-16,2.0,0.8439933644575146,51.54626286455549,0.1288656571613887,0,0.0,,,,83.86964840947142,67.0,0.04874740484513292
low_volatility|60d|q10_minus_q1|beta_neutral|r5|ensemble,low_volatility|60d,low_volatility,60d,63,lower_tail_exploratory_lead,lower_tail,q10_minus_q1,market_neutral,True,5,ensemble,3,836.3333333333334,0.0,836.3333333333334,1.0,0,self_financing_spread_return,4181,0.06109095007822529,0.18126425613959235,0.41773437648370565,-0.3549749122362764,0.575,0.7058823529411765,0.07734843388918139,1.777229117523637,-0.01095488823794379,-0.0011981956539331466,0.2651727373646086,2.0004460612441215,0.844250994676823,27.33168117105992,0.0,2,0.021198480051052113,,,,83.79016184325918,22.333333333333332,0.051266148937231935
low_volatility|60d|q10_minus_q1|beta_neutral|r5|ensemble,low_volatility|60d,low_volatility,60d,63,lower_tail_exploratory_lead,lower_tail,q10_minus_q1,market_neutral,True,5,ensemble,3,836.3333333333334,0.0,836.3333333333334,1.0,5,self_financing_spread_return,4181,0.04668809518191752,0.1812569632790081,0.3423375752774101,-0.36464511463006677,0.56,0.7058823529411765,0.06369572346274395,1.4633388117316397,-0.011066119598338574,-0.0011981956539331466,0.2651727373646086,2.0004460612441215,0.844250994676823,27.33168117105992,0.01366584058552996,2,0.021198480051052113,,,,83.79016184325918,22.333333333333332,0.051266148937231935
low_volatility|60d|q10_minus_q1|beta_neutral|r5|ensemble,low_volatility|60d,low_volatility,60d,63,lower_tail_exploratory_lead,lower_tail,q10_minus_q1,market_neutral,True,5,ensemble,3,836.3333333333334,0.0,836.3333333333334,1.0,10,self_financing_spread_return,4181,0.03247918550251394,0.1812538915896011,0.2669284900897848,-0.3741716279877382,0.55,0.6470588235294118,0.05004301303630716,1.149499986357061,-0.01117735095873307,-0.0011981956539331466,0.2651727373646086,2.0004460612441215,0.844250994676823,27.33168117105992,0.02733168117105992,2,0.021198480051052113,,,,83.79016184325918,22.333333333333332,0.051266148937231935
low_volatility|60d|q10_minus_q1|beta_neutral|r5|ensemble,low_volatility|60d,low_volatility,60d,63,lower_tail_exploratory_lead,lower_tail,q10_minus_q1,market_neutral,True,5,ensemble,3,836.3333333333334,0.0,836.3333333333334,1.0,25,self_financing_spread_return,4181,-0.009009608784073642,0.18127000421987038,0.04068021357491702,-0.5208312517273177,0.51,0.5882352941176471,0.009084881756994763,0.2085483340584204,-0.01151104503991715,-0.0011981956539331466,0.2651727373646086,2.0004460612441215,0.844250994676823,27.33168117105992,0.0683292029276498,2,0.021198480051052113,,,,83.79016184325918,22.333333333333332,0.051266148937231935
low_volatility|60d|q10_minus_q1|beta_neutral|r21|ensemble,low_volatility|60d,low_volatility,60d,63,lower_tail_exploratory_lead,lower_tail,q10_minus_q1,market_neutral,True,21,ensemble,3,199.33333333333334,0.0,199.33333333333334,1.0,0,self_financing_spread_return,4181,0.05891908030053927,0.17974985919625638,0.40838421189361934,-0.3526435818420953,0.56,0.6470588235294118,0.06835481518740395,1.5519110719083662,0.03399385339476649,-0.0038035755232798812,0.5257796111470051,1.997901460362999,0.8461746536704721,14.617685897019259,0.0,2,0.03112675489762799,,,,83.47149804671929,22.333333333333332,0.05183177522381646
low_volatility|60d|q10_minus_q1|beta_neutral|r21|ensemble,low_volatility|60d,low_volatility,60d,63,lower_tail_exploratory_lead,lower_tail,q10_minus_q1,market_neutral,True,21,ensemble,3,199.33333333333334,0.0,199.33333333333334,1.0,5,self_financing_spread_return,4181,0.051206973731442895,0.17974816122660722,0.3677138239424924,-0.36033409126575444,0.56,0.6470588235294118,0.06106390534395189,1.3860984047631704,0.03385786268359178,-0.0038035755232798812,0.5257796111470051,1.997901460362999,0.8461746536704721,14.617685897019259,0.00730884294850963,2,0.03112675489762799,,,,83.47149804671929,22.333333333333332,0.05183177522381646
low_volatility|60d|q10_minus_q1|beta_neutral|r21|ensemble,low_volatility|60d,low_volatility,60d,63,lower_tail_exploratory_lead,lower_tail,q10_minus_q1,market_neutral,True,21,ensemble,3,199.33333333333334,0.0,199.33333333333334,1.0,10,self_financing_spread_return,4181,0.04354935056871234,0.17975425973353373,0.3270284827954822,-0.3679352593228581,0.555,0.6470588235294118,0.05377299550049982,1.2203065650422866,0.03372187197241701,-0.0038035755232798812,0.5257796111470051,1.997901460362999,0.8461746536704721,14.617685897019259,0.01461768589701926,2,0.03112675489762799,,,,83.47149804671929,22.333333333333332,0.05183177522381646
low_volatility|60d|q10_minus_q1|beta_neutral|r21|ensemble,low_volatility|60d,low_volatility,60d,63,lower_tail_exploratory_lead,lower_tail,q10_minus_q1,market_neutral,True,21,ensemble,3,199.33333333333334,0.0,199.33333333333334,1.0,25,self_financing_spread_return,4181,0.020899663100396593,0.179819321110817,0.20493570982963324,-0.43168318681886175,0.55,0.6470588235294118,0.03190026597014368,0.7232454891544489,0.03331389983889276,-0.0038035755232798812,0.5257796111470051,1.997901460362999,0.8461746536704721,14.617685897019259,0.036544214742548146,2,0.03112675489762799,,,,83.47149804671929,22.333333333333332,0.05183177522381646
low_volatility|60d|q10_minus_q1|beta_neutral|r63|ensemble,low_volatility|60d,low_volatility,60d,63,lower_tail_exploratory_lead,lower_tail,q10_minus_q1,market_neutral,True,63,ensemble,3,66.33333333333333,0.0,66.33333333333333,1.0,0,self_financing_spread_return,4181,0.060997173387692394,0.1802533086856331,0.41865067603365336,-0.36692664688138343,0.555,0.6470588235294118,0.06225828993389055,1.4088445350281402,0.0888495473890944,-0.016630357459831595,0.6779389474889402,2.003294604523894,0.8407653804785723,8.595800404940858,0.0,2,0.03241099909083478,,,,82.75093677748544,22.333333333333332,0.057497148791121444
low_volatility|60d|q10_minus_q1|beta_neutral|r63|ensemble,low_volatility|60d,low_volatility,60d,63,lower_tail_exploratory_lead,lower_tail,q10_minus_q1,market_neutral,True,63,ensemble,3,66.33333333333333,0.0,66.33333333333333,1.0,5,self_financing_spread_return,4181,0.056446063822189085,0.18025574702494104,0.39479547768628676,-0.36814132866567895,0.555,0.6470588235294118,0.05796372591996771,1.3114842301753988,0.08881959346616589,-0.016630357459831595,0.6779389474889402,2.003294604523894,0.8407653804785723,8.595800404940858,0.00429790020247043,2,0.03241099909083478,,,,82.75093677748544,22.333333333333332,0.057497148791121444
low_volatility|60d|q10_minus_q1|beta_neutral|r63|ensemble,low_volatility|60d,low_volatility,60d,63,lower_tail_exploratory_lead,lower_tail,q10_minus_q1,market_neutral,True,63,ensemble,3,66.33333333333333,0.0,66.33333333333333,1.0,10,self_financing_spread_return,4181,0.05191281256167857,0.1802665469164155,0.3709237188488461,-0.3693542676646234,0.555,0.6470588235294118,0.0536691619060447,1.2140749602591185,0.08878963954323736,-0.016630357459831595,0.6779389474889402,2.003294604523894,0.8407653804785723,8.595800404940858,0.00859580040494086,2,0.03241099909083478,,,,82.75093677748544,22.333333333333332,0.057497148791121444
low_volatility|60d|q10_minus_q1|beta_neutral|r63|ensemble,low_volatility|60d,low_volatility,60d,63,lower_tail_exploratory_lead,lower_tail,q10_minus_q1,market_neutral,True,63,ensemble,3,66.33333333333333,0.0,66.33333333333333,1.0,25,self_financing_spread_return,4181,0.038419573707380694,0.18034909506731112,0.2992423698479618,-0.3729826446243396,0.54,0.6470588235294118,0.04078546986427605,0.9217355814014783,0.08869977777445207,-0.016630357459831595,0.6779389474889402,2.003294604523894,0.8407653804785723,8.595800404940858,0.021489501012352145,2,0.03241099909083478,,,,82.75093677748544,22.333333333333332,0.057497148791121444
short_term_reversal|reversal_5d|continuous_high_minus_low|unconstrained_beta|r1|ensemble,short_term_reversal|reversal_5d,short_term_reversal,reversal_5d,5,upper_tail_exploratory_lead,upper_tail,continuous_high_minus_low,market_neutral,False,1,ensemble,1,4181.0,0.0,0.0,,0,self_financing_spread_return,4181,0.07147543286329383,0.1314011076292127,0.5909315795949556,-0.3726125084543638,0.57,0.7058823529411765,0.04735770565720969,1.5852301612725412,0.2038165865420685,-0.004911957619808353,0.9555103166553239,2.0,-1.373340039579821e-19,284.9445367024468,0.0,0,0.0,,,,419.87849796699356,335.0,0.011940191473340744
short_term_reversal|reversal_5d|continuous_high_minus_low|unconstrained_beta|r1|ensemble,short_term_reversal|reversal_5d,short_term_reversal,reversal_5d,5,upper_tail_exploratory_lead,upper_tail,continuous_high_minus_low,market_neutral,False,1,ensemble,1,4181.0,0.0,0.0,,5,self_financing_spread_return,4181,-0.07084306743270552,0.1314489306166757,-0.4933738053440633,-0.7612159316182049,0.4,0.17647058823529413,-0.09511216598138839,-3.2084484155347326,0.20359688924714023,-0.004911957619808353,0.9555103166553239,2.0,-1.373340039579821e-19,284.9445367024468,0.1424722683512234,0,0.0,,,,419.87849796699356,335.0,0.011940191473340744
short_term_reversal|reversal_5d|continuous_high_minus_low|unconstrained_beta|r1|ensemble,short_term_reversal|reversal_5d,short_term_reversal,reversal_5d,5,upper_tail_exploratory_lead,upper_tail,continuous_high_minus_low,market_neutral,False,1,ensemble,1,4181.0,0.0,0.0,,10,self_financing_spread_return,4181,-0.1943258254367599,0.1315221637996078,-1.5765858492208757,-0.9765227659736774,0.2,0.058823529411764705,-0.2375820376199869,-8.075033855206641,0.20337719195221188,-0.004911957619808353,0.9555103166553239,2.0,-1.373340039579821e-19,284.9445367024468,0.2849445367024468,0,0.0,,,,419.87849796699356,335.0,0.011940191473340744
short_term_reversal|reversal_5d|continuous_high_minus_low|unconstrained_beta|r1|ensemble,short_term_reversal|reversal_5d,short_term_reversal,reversal_5d,5,upper_tail_exploratory_lead,upper_tail,continuous_high_minus_low,market_neutral,False,1,ensemble,1,4181.0,0.0,0.0,,25,self_financing_spread_return,4181,-0.47500978127979776,0.13189382782525436,-4.8134439827036015,-0.9999792880899536,0.035,0.0,-0.6649916525357807,-23.088810543964545,0.20271810006742594,-0.004911957619808353,0.9555103166553239,2.0,-1.373340039579821e-19,284.9445367024468,0.712361341756117,0,0.0,,,,419.87849796699356,335.0,0.011940191473340744
short_term_reversal|reversal_5d|continuous_high_minus_low|unconstrained_beta|r5|ensemble,short_term_reversal|reversal_5d,short_term_reversal,reversal_5d,5,upper_tail_exploratory_lead,upper_tail,continuous_high_minus_low,market_neutral,False,5,ensemble,3,836.3333333333334,0.0,0.0,,0,self_financing_spread_return,4181,0.06318333633903594,0.10848016506117372,0.6189244719972934,-0.3469573253920628,0.575,0.8235294117647058,0.042794566027022155,1.620250828586947,0.1638161247973208,-0.003678177815381713,0.8630239815044832,2.000084600916601,0.0005728571270383342,133.93215364811329,0.0,20,0.007735908137015332,,,,419.56852427648886,111.66666666666667,0.014411390256455164
short_term_reversal|reversal_5d|continuous_high_minus_low|unconstrained_beta|r5|ensemble,short_term_reversal|reversal_5d,short_term_reversal,reversal_5d,5,upper_tail_exploratory_lead,upper_tail,continuous_high_minus_low,market_neutral,False,5,ensemble,3,836.3333333333334,0.0,0.0,,5,self_financing_spread_return,4181,-0.005697216284105022,0.10843893770262081,0.0013775777199911761,-0.44232021774552166,0.455,0.4117647058823529,-0.024126181644147607,-0.9165596976395111,0.16333908385073598,-0.003678177815381713,0.8630239815044832,2.000084600916601,0.0005728571270383342,133.93215364811329,0.06696607682405664,20,0.007735908137015332,,,,419.56852427648886,111.66666666666667,0.014411390256455164
short_term_reversal|reversal_5d|continuous_high_minus_low|unconstrained_beta|r5|ensemble,short_term_reversal|reversal_5d,short_term_reversal,reversal_5d,5,upper_tail_exploratory_lead,upper_tail,continuous_high_minus_low,market_neutral,False,5,ensemble,3,836.3333333333334,0.0,0.0,,10,self_financing_spread_return,4181,-0.07014308476607134,0.10850999273245679,-0.6160009882071981,-0.7505595825341087,0.335,0.058823529411764705,-0.09104692931531776,-3.4699804381912545,0.16286204290415116,-0.003678177815381713,0.8630239815044832,2.000084600916601,0.0005728571270383342,133.93215364811329,0.13393215364811328,20,0.007735908137015332,,,,419.56852427648886,111.66666666666667,0.014411390256455164
short_term_reversal|reversal_5d|continuous_high_minus_low|unconstrained_beta|r5|ensemble,short_term_reversal|reversal_5d,short_term_reversal,reversal_5d,5,upper_tail_exploratory_lead,upper_tail,continuous_high_minus_low,market_neutral,False,5,ensemble,3,836.3333333333334,0.0,0.0,,25,self_financing_spread_return,4181,-0.23962072438348148,0.10939293554467819,-2.4482129387458507,-0.9905203195393772,0.095,0.0,-0.29180917232882714,-11.214453682180041,0.1614309200643964,-0.003678177815381713,0.8630239815044832,2.000084600916601,0.0005728571270383342,133.93215364811329,0.3348303841202832,20,0.007735908137015332,,,,419.56852427648886,111.66666666666667,0.014411390256455164
short_term_reversal|reversal_5d|continuous_high_minus_low|unconstrained_beta|r21|ensemble,short_term_reversal|reversal_5d,short_term_reversal,reversal_5d,5,upper_tail_exploratory_lead,upper_tail,continuous_high_minus_low,market_neutral,False,21,ensemble,3,199.33333333333334,0.0,0.0,,0,self_financing_spread_return,4181,0.02538978220515964,0.08581450432267866,0.33499233768286385,-0.2251959542488563,0.55,0.7647058823529411,0.01365642744125426,0.6651243902571815,0.10153886116577088,-0.007651737390571814,0.9370643821134087,2.0031811735955403,0.00035595408773028936,32.082809793397615,0.0,31,0.008983835175194868,,,,418.3808498764251,111.66666666666667,0.017596823753614845
short_term_reversal|reversal_5d|continuous_high_minus_low|unconstrained_beta|r21|ensemble,short_term_reversal|reversal_5d,short_term_reversal,reversal_5d,5,upper_tail_exploratory_lead,upper_tail,continuous_high_minus_low,market_neutral,False,21,ensemble,3,199.33333333333334,0.0,0.0,,5,self_financing_spread_return,4181,0.009068685411003141,0.08580456308399391,0.14801771940670527,-0.2832434718929451,0.52,0.7058823529411765,-0.0023808098324231723,-0.11604259822101466,0.1014758255607748,-0.007651737390571814,0.9370643821134087,2.0031811735955403,0.00035595408773028936,32.082809793397615,0.016041404896698808,31,0.008983835175194868,,,,418.3808498764251,111.66666666666667,0.017596823753614845
short_term_reversal|reversal_5d|continuous_high_minus_low|unconstrained_beta|r21|ensemble,short_term_reversal|reversal_5d,short_term_reversal,reversal_5d,5,upper_tail_exploratory_lead,upper_tail,continuous_high_minus_low,market_neutral,False,21,ensemble,3,199.33333333333334,0.0,0.0,,10,self_financing_spread_return,4181,-0.006999780807939393,0.08586662111491793,-0.03896752756707349,-0.3451527173647442,0.5,0.47058823529411764,-0.01841804710610035,-0.8977265671238306,0.10141278995577865,-0.007651737390571814,0.9370643821134087,2.0031811735955403,0.00035595408773028936,32.082809793397615,0.032082809793397615,31,0.008983835175194868,,,,418.3808498764251,111.66666666666667,0.017596823753614845
short_term_reversal|reversal_5d|continuous_high_minus_low|unconstrained_beta|r21|ensemble,short_term_reversal|reversal_5d,short_term_reversal,reversal_5d,5,upper_tail_exploratory_lead,upper_tail,continuous_high_minus_low,market_neutral,False,21,ensemble,3,199.33333333333334,0.0,0.0,,25,self_financing_spread_return,4181,-0.05372711623381399,0.08648234177729337,-0.595333404144833,-0.6329945696151275,0.375,0.11764705882352941,-0.06652975892713221,-3.228725895740937,0.10122368314079021,-0.007651737390571814,0.9370643821134087,2.0031811735955403,0.00035595408773028936,32.082809793397615,0.08020702448349404,31,0.008983835175194868,,,,418.3808498764251,111.66666666666667,0.017596823753614845
short_term_reversal|reversal_5d|continuous_high_minus_low|unconstrained_beta|r63|ensemble,short_term_reversal|reversal_5d,short_term_reversal,reversal_5d,5,upper_tail_exploratory_lead,upper_tail,continuous_high_minus_low,market_neutral,False,63,ensemble,3,66.33333333333333,0.0,0.0,,0,self_financing_spread_return,4181,-0.003429278858493312,0.07480910774681311,-0.008564069228104758,-0.2745597360863542,0.545,0.5294117647058824,-0.008302298966331143,-0.4713160454024065,0.05155156675029576,-0.0054617552529308885,0.927148916606212,2.0228676232181617,-0.0026863426293288668,10.79687316318732,0.0,49,0.015549592111666963,,,,415.37646496053577,111.66666666666667,0.022384951589970548
short_term_reversal|reversal_5d|continuous_high_minus_low|unconstrained_beta|r63|ensemble,short_term_reversal|reversal_5d,short_term_reversal,reversal_5d,5,upper_tail_exploratory_lead,upper_tail,continuous_high_minus_low,market_neutral,False,63,ensemble,3,66.33333333333333,0.0,0.0,,5,self_financing_spread_return,4181,-0.00879591525002088,0.07482646805477355,-0.08070461908180916,-0.30524364583019226,0.545,0.5294117647058824,-0.013696266755554415,-0.7782622333373511,0.0515232837757343,-0.0054617552529308885,0.927148916606212,2.0228676232181617,-0.0026863426293288668,10.79687316318732,0.00539843658159366,49,0.015549592111666963,,,,415.37646496053577,111.66666666666667,0.022384951589970548
short_term_reversal|reversal_5d|continuous_high_minus_low|unconstrained_beta|r63|ensemble,short_term_reversal|reversal_5d,short_term_reversal,reversal_5d,5,upper_tail_exploratory_lead,upper_tail,continuous_high_minus_low,market_neutral,False,63,ensemble,3,66.33333333333333,0.0,0.0,,10,self_financing_spread_return,4181,-0.014136056296100596,0.07487483233343047,-0.1527484265290599,-0.3350509183809136,0.53,0.47058823529411764,-0.01909023454477749,-1.085131470839433,0.05149500080117285,-0.0054617552529308885,0.927148916606212,2.0228676232181617,-0.0026863426293288668,10.79687316318732,0.01079687316318732,49,0.015549592111666963,,,,415.37646496053577,111.66666666666667,0.022384951589970548
short_term_reversal|reversal_5d|continuous_high_minus_low|unconstrained_beta|r63|ensemble,short_term_reversal|reversal_5d,short_term_reversal,reversal_5d,5,upper_tail_exploratory_lead,upper_tail,continuous_high_minus_low,market_neutral,False,63,ensemble,3,66.33333333333333,0.0,0.0,,25,self_financing_spread_return,4181,-0.029998694527952785,0.0752051591153046,-0.3674153053127284,-0.4706325031217432,0.49,0.4117647058823529,-0.035272137912446905,-1.9997193256349965,0.05141015187748846,-0.0054617552529308885,0.927148916606212,2.0228676232181617,-0.0026863426293288668,10.79687316318732,0.026992182907968298,49,0.015549592111666963,,,,415.37646496053577,111.66666666666667,0.022384951589970548
short_term_reversal|reversal_5d|continuous_high_minus_low|beta_neutral|r1|ensemble,short_term_reversal|reversal_5d,short_term_reversal,reversal_5d,5,upper_tail_exploratory_lead,upper_tail,continuous_high_minus_low,market_neutral,True,1,ensemble,1,4181.0,0.0,4181.0,1.0,0,self_financing_spread_return,4181,0.0767518448428186,0.10978539422259419,0.7282603761689982,-0.23047287333433863,0.58,0.5882352941176471,0.06853356480993791,2.583179816334426,0.07683175824941892,-4.0883835090663627e-19,6.245004513516506e-16,2.0,0.004593905742720601,292.5461876513863,0.0,0,0.0,,,,418.9342262616599,335.0,0.016028641985835715
short_term_reversal|reversal_5d|continuous_high_minus_low|beta_neutral|r1|ensemble,short_term_reversal|reversal_5d,short_term_reversal,reversal_5d,5,upper_tail_exploratory_lead,upper_tail,continuous_high_minus_low,market_neutral,True,1,ensemble,1,4181.0,0.0,4181.0,1.0,5,self_financing_spread_return,4181,-0.06981204213884107,0.10983579703335894,-0.6041470989029779,-0.7530167426532343,0.355,0.058823529411764705,-0.07775751666645239,-2.952756849808631,0.07670896812241465,-4.0883835090663627e-19,6.245004513516506e-16,2.0,0.004593905742720601,292.5461876513863,0.14627309382569315,0,0.0,,,,418.9342262616599,335.0,0.016028641985835715
short_term_reversal|reversal_5d|continuous_high_minus_low|beta_neutral|r1|ensemble,short_term_reversal|reversal_5d,short_term_reversal,reversal_5d,5,upper_tail_exploratory_lead,upper_tail,continuous_high_minus_low,market_neutral,True,1,ensemble,1,4181.0,0.0,4181.0,1.0,10,self_financing_spread_return,4181,-0.196497670893779,0.10992254975515815,-1.934692283202155,-0.9774345553137985,0.185,0.058823529411764705,-0.22404859814284334,-8.568539259533244,0.07658617799541037,-4.0883835090663627e-19,6.245004513516506e-16,2.0,0.004593905742720601,292.5461876513863,0.2925461876513863,0,0.0,,,,418.9342262616599,335.0,0.016028641985835715
short_term_reversal|reversal_5d|continuous_high_minus_low|beta_neutral|r1|ensemble,short_term_reversal|reversal_5d,short_term_reversal,reversal_5d,5,upper_tail_exploratory_lead,upper_tail,continuous_high_minus_low,market_neutral,True,1,ensemble,1,4181.0,0.0,4181.0,1.0,25,self_financing_spread_return,4181,-0.4823884493237198,0.11039987094700983,-5.902129187790349,-0.9999835608680502,0.04,0.0,-0.6629218425720138,-25.838277203466166,0.07621780761439798,-4.0883835090663627e-19,6.245004513516506e-16,2.0,0.004593905742720601,292.5461876513863,0.7313654691284657,0,0.0,,,,418.9342262616599,335.0,0.016028641985835715
short_term_reversal|reversal_5d|continuous_high_minus_low|beta_neutral|r5|ensemble,short_term_reversal|reversal_5d,short_term_reversal,reversal_5d,5,upper_tail_exploratory_lead,upper_tail,continuous_high_minus_low,market_neutral,True,5,ensemble,3,836.3333333333334,0.0,836.3333333333334,1.0,0,self_financing_spread_return,4181,0.05472120296375582,0.09008376933061338,0.6363798706101157,-0.19619770720528218,0.565,0.8235294117647058,0.05116105739790722,2.2605172320439366,0.04149113251100221,0.0011346620012306725,0.16959818886931352,2.000229251894527,0.004923100529089126,135.34475302018916,0.0,20,0.006833247120430694,,,,418.62712269791916,111.66666666666667,0.015968669916887713
short_term_reversal|reversal_5d|continuous_high_minus_low|beta_neutral|r5|ensemble,short_term_reversal|reversal_5d,short_term_reversal,reversal_5d,5,upper_tail_exploratory_lead,upper_tail,continuous_high_minus_low,market_neutral,True,5,ensemble,3,836.3333333333334,0.0,836.3333333333334,1.0,5,self_financing_spread_return,4181,-0.014307881720464155,0.09006895328820377,-0.11508697264529182,-0.3903156770372854,0.44,0.29411764705882354,-0.016464805657039665,-0.7296920052078892,0.04103764527223673,0.0011346620012306725,0.16959818886931352,2.000229251894527,0.004923100529089126,135.34475302018916,0.06767237651009458,20,0.006833247120430694,,,,418.62712269791916,111.66666666666667,0.015968669916887713
short_term_reversal|reversal_5d|continuous_high_minus_low|beta_neutral|r5|ensemble,short_term_reversal|reversal_5d,short_term_reversal,reversal_5d,5,upper_tail_exploratory_lead,upper_tail,continuous_high_minus_low,market_neutral,True,5,ensemble,3,836.3333333333334,0.0,836.3333333333334,1.0,10,self_financing_spread_return,4181,-0.0788474115816643,0.09019246537349887,-0.8654716718738534,-0.7825684012706041,0.32,0.058823529411764705,-0.08409066871198691,-3.7369180795545613,0.04058415803347106,0.0011346620012306725,0.16959818886931352,2.000229251894527,0.004923100529089126,135.34475302018916,0.13534475302018917,20,0.006833247120430694,,,,418.62712269791916,111.66666666666667,0.015968669916887713
short_term_reversal|reversal_5d|continuous_high_minus_low|beta_neutral|r5|ensemble,short_term_reversal|reversal_5d,short_term_reversal,reversal_5d,5,upper_tail_exploratory_lead,upper_tail,continuous_high_minus_low,market_neutral,True,5,ensemble,3,836.3333333333334,0.0,836.3333333333334,1.0,25,self_financing_spread_return,4181,-0.24833825562524448,0.09138422120845241,-3.076448012374081,-0.9920697348939781,0.115,0.0,-0.28696825787682706,-12.833225307990858,0.03922369631717449,0.0011346620012306725,0.16959818886931352,2.000229251894527,0.004923100529089126,135.34475302018916,0.3383618825504729,20,0.006833247120430694,,,,418.62712269791916,111.66666666666667,0.015968669916887713
short_term_reversal|reversal_5d|continuous_high_minus_low|beta_neutral|r21|ensemble,short_term_reversal|reversal_5d,short_term_reversal,reversal_5d,5,upper_tail_exploratory_lead,upper_tail,continuous_high_minus_low,market_neutral,True,21,ensemble,3,199.33333333333334,0.0,199.33333333333334,1.0,0,self_financing_spread_return,4181,0.027213511008121305,0.0736124089579825,0.40153183688011734,-0.16836792798569367,0.575,0.8235294117647058,0.02701150742278199,1.510776066484065,0.017132329555822338,0.002265092562053401,0.24026849639814649,2.002368322839635,0.009260537321763346,32.40347413565172,0.0,31,0.00834319614031829,,,,417.4587419277685,111.66666666666667,0.018305232790145256
short_term_reversal|reversal_5d|continuous_high_minus_low|beta_neutral|r21|ensemble,short_term_reversal|reversal_5d,short_term_reversal,reversal_5d,5,upper_tail_exploratory_lead,upper_tail,continuous_high_minus_low,market_neutral,True,21,ensemble,3,199.33333333333334,0.0,199.33333333333334,1.0,5,self_financing_spread_return,4181,0.010701248339574754,0.07364007544652612,0.18133243820746187,-0.18834092471404262,0.52,0.7058823529411765,0.010814873140413434,0.6049864638054853,0.017080135786278913,0.002265092562053401,0.24026849639814649,2.002368322839635,0.009260537321763346,32.40347413565172,0.01620173706782586,31,0.00834319614031829,,,,417.4587419277685,111.66666666666667,0.018305232790145256
short_term_reversal|reversal_5d|continuous_high_minus_low|beta_neutral|r21|ensemble,short_term_reversal|reversal_5d,short_term_reversal,reversal_5d,5,upper_tail_exploratory_lead,upper_tail,continuous_high_minus_low,market_neutral,True,21,ensemble,3,199.33333333333334,0.0,199.33333333333334,1.0,10,self_financing_spread_return,4181,-0.005552896161235776,0.07375332996362317,-0.038656653556861244,-0.24032139848113443,0.495,0.47058823529411764,-0.00538176114195472,-0.3008096175692933,0.01702794201673559,0.002265092562053401,0.24026849639814649,2.002368322839635,0.009260537321763346,32.40347413565172,0.03240347413565172,31,0.00834319614031829,,,,417.4587419277685,111.66666666666667,0.018305232790145256
short_term_reversal|reversal_5d|continuous_high_minus_low|beta_neutral|r21|ensemble,short_term_reversal|reversal_5d,short_term_reversal,reversal_5d,5,upper_tail_exploratory_lead,upper_tail,continuous_high_minus_low,market_neutral,True,21,ensemble,3,199.33333333333334,0.0,199.33333333333334,1.0,25,self_financing_spread_return,4181,-0.052805537783573886,0.07460125096982902,-0.6898574799045835,-0.6328600670025823,0.35,0.058823529411764705,-0.053971663989059955,-2.9916900051624182,0.01687136070810542,0.002265092562053401,0.24026849639814649,2.002368322839635,0.009260537321763346,32.40347413565172,0.0810086853391293,31,0.00834319614031829,,,,417.4587419277685,111.66666666666667,0.018305232790145256
short_term_reversal|reversal_5d|continuous_high_minus_low|beta_neutral|r63|ensemble,short_term_reversal|reversal_5d,short_term_reversal,reversal_5d,5,upper_tail_exploratory_lead,upper_tail,continuous_high_minus_low,market_neutral,True,63,ensemble,3,66.33333333333333,0.0,66.33333333333333,1.0,0,self_financing_spread_return,4181,0.002994503844636398,0.0659465038710117,0.07825660249245324,-0.2550982644330302,0.55,0.47058823529411764,0.0032387776235076804,0.2039621310951745,0.012932061642864683,0.0011294419926376306,0.17385795651953542,2.0178339745886062,0.0007825769506645107,10.8961119628513,0.0,49,0.015714545020133,,,,414.49884397672,111.66666666666667,0.02279663720195872
short_term_reversal|reversal_5d|continuous_high_minus_low|beta_neutral|r63|ensemble,short_term_reversal|reversal_5d,short_term_reversal,reversal_5d,5,upper_tail_exploratory_lead,upper_tail,continuous_high_minus_low,market_neutral,True,63,ensemble,3,66.33333333333333,0.0,66.33333333333333,1.0,5,self_financing_spread_return,4181,-0.00245624841539549,0.06596970226654375,-0.004350315214618372,-0.2812743096045872,0.535,0.47058823529411764,-0.00220520032503051,-0.13892416609873873,0.012906759711181394,0.0011294419926376306,0.17385795651953542,2.0178339745886062,0.0007825769506645107,10.8961119628513,0.00544805598142565,49,0.015714545020133,,,,414.49884397672,111.66666666666667,0.02279663720195872
short_term_reversal|reversal_5d|continuous_high_minus_low|beta_neutral|r63|ensemble,short_term_reversal|reversal_5d,short_term_reversal,reversal_5d,5,upper_tail_exploratory_lead,upper_tail,continuous_high_minus_low,market_neutral,True,63,ensemble,3,66.33333333333333,0.0,66.33333333333333,1.0,10,self_financing_spread_return,4181,-0.007879847031424858,0.06602876440392892,-0.08685195596068959,-0.3065419412380078,0.535,0.47058823529411764,-0.007649178273568703,-0.48169914291264687,0.012881457779498118,0.0011294419926376306,0.17385795651953542,2.0178339745886062,0.0007825769506645107,10.8961119628513,0.0108961119628513,49,0.015714545020133,,,,414.49884397672,111.66666666666667,0.02279663720195872
short_term_reversal|reversal_5d|continuous_high_minus_low|beta_neutral|r63|ensemble,short_term_reversal|reversal_5d,short_term_reversal,reversal_5d,5,upper_tail_exploratory_lead,upper_tail,continuous_high_minus_low,market_neutral,True,63,ensemble,3,66.33333333333333,0.0,66.33333333333333,1.0,25,self_financing_spread_return,4181,-0.023988948455324066,0.06641988608018881,-0.3323995817686053,-0.40808512485571435,0.475,0.29411764705882354,-0.023981112119183298,-1.5016182027829703,0.012805551984448271,0.0011294419926376306,0.17385795651953542,2.0178339745886062,0.0007825769506645107,10.8961119628513,0.02724027990712825,49,0.015714545020133,,,,414.49884397672,111.66666666666667,0.02279663720195872
short_term_reversal|reversal_5d|long_q1|unconstrained_beta|r1|ensemble,short_term_reversal|reversal_5d,short_term_reversal,reversal_5d,5,upper_tail_exploratory_lead,upper_tail,long_q1,long_only,False,1,ensemble,1,4181.0,0.0,0.0,,0,return_minus_risk_free,4181,0.06263465438505844,0.2022276166861195,0.32836271938982015,-0.4251455007360978,0.565,0.6470588235294118,-0.05937730471205028,-2.2630064056456445,0.9405375025006647,1.095551828666838,1.8987831778026174,1.0,1.0,204.42448195655248,0.0,0,0.0,,,,41.61803396316671,33.0,0.030303030303030304
short_term_reversal|reversal_5d|long_q1|unconstrained_beta|r1|ensemble,short_term_reversal|reversal_5d,short_term_reversal,reversal_5d,5,upper_tail_exploratory_lead,upper_tail,long_q1,long_only,False,1,ensemble,1,4181.0,0.0,0.0,,5,return_minus_risk_free,4181,-0.040634213647673834,0.20211868812785827,-0.17735866517719934,-0.6346313490385221,0.505,0.5294117647058824,-0.1615639490681864,-6.1176090497459565,0.9400494809425747,1.095551828666838,1.8987831778026174,1.0,1.0,204.42448195655248,0.10221224097827623,0,0.0,,,,41.61803396316671,33.0,0.030303030303030304
short_term_reversal|reversal_5d|long_q1|unconstrained_beta|r1|ensemble,short_term_reversal|reversal_5d,short_term_reversal,reversal_5d,5,upper_tail_exploratory_lead,upper_tail,long_q1,long_only,False,1,ensemble,1,4181.0,0.0,0.0,,10,return_minus_risk_free,4181,-0.13390527552883735,0.20202187995415158,-0.6835848116535471,-0.9192805071947271,0.42,0.29411764705882354,-0.26375059342432283,-9.919971238489442,0.9395614593844834,1.095551828666838,1.8987831778026174,1.0,1.0,204.42448195655248,0.20442448195655247,0,0.0,,,,41.61803396316671,33.0,0.030303030303030304
short_term_reversal|reversal_5d|long_q1|unconstrained_beta|r1|ensemble,short_term_reversal|reversal_5d,short_term_reversal,reversal_5d,5,upper_tail_exploratory_lead,upper_tail,long_q1,long_only,False,1,ensemble,1,4181.0,0.0,0.0,,25,return_minus_risk_free,4181,-0.3629196430035485,0.20180434125035132,-2.204384286414576,-0.9994576574144272,0.23,0.0,-0.5703105264927313,-20.996917865444498,0.9380973947102137,1.095551828666838,1.8987831778026174,1.0,1.0,204.42448195655248,0.5110612048913812,0,0.0,,,,41.61803396316671,33.0,0.030303030303030304
short_term_reversal|reversal_5d|long_q1|unconstrained_beta|r5|ensemble,short_term_reversal|reversal_5d,short_term_reversal,reversal_5d,5,upper_tail_exploratory_lead,upper_tail,long_q1,long_only,False,5,ensemble,3,836.3333333333334,0.0,0.0,,0,return_minus_risk_free,4181,0.10017024273006259,0.19599749625790394,0.5096460394755026,-0.3933104500200977,0.58,0.7058823529411765,-0.028187383844376912,-1.2334664939155693,0.9577045745451732,1.0932471371462755,1.8048138414838082,0.9993016591957513,0.9993016591957513,88.06985601670084,0.0,4,0.01563887928191897,,,,41.5843099736905,11.0,0.03519910777012176
short_term_reversal|reversal_5d|long_q1|unconstrained_beta|r5|ensemble,short_term_reversal|reversal_5d,short_term_reversal,reversal_5d,5,upper_tail_exploratory_lead,upper_tail,long_q1,long_only,False,5,ensemble,3,836.3333333333334,0.0,0.0,,5,return_minus_risk_free,4181,0.05276869630196246,0.19593486151149753,0.28492441917328276,-0.3983875823523312,0.565,0.7058823529411765,-0.07218276910795128,-3.1540194331698093,0.9571988725533487,1.0932471371462755,1.8048138414838082,0.9993016591957513,0.9993016591957513,88.06985601670084,0.04403492800835042,4,0.01563887928191897,,,,41.5843099736905,11.0,0.03519910777012176
short_term_reversal|reversal_5d|long_q1|unconstrained_beta|r5|ensemble,short_term_reversal|reversal_5d,short_term_reversal,reversal_5d,5,upper_tail_exploratory_lead,upper_tail,long_q1,long_only,False,5,ensemble,3,836.3333333333334,0.0,0.0,,10,return_minus_risk_free,4181,0.007396458310909404,0.19589890857863823,0.06005090499845474,-0.4849755682980541,0.545,0.5882352941176471,-0.11617815437152533,-5.068321553048725,0.9566931705615245,1.0932471371462755,1.8048138414838082,0.9993016591957513,0.9993016591957513,88.06985601670084,0.08806985601670084,4,0.01563887928191897,,,,41.5843099736905,11.0,0.03519910777012176
short_term_reversal|reversal_5d|long_q1|unconstrained_beta|r5|ensemble,short_term_reversal|reversal_5d,short_term_reversal,reversal_5d,5,upper_tail_exploratory_lead,upper_tail,long_q1,long_only,False,5,ensemble,3,836.3333333333334,0.0,0.0,,25,return_minus_risk_free,4181,-0.11738951018943877,0.19595123303075454,-0.6145623375243736,-0.8962827523492672,0.45,0.29411764705882354,-0.24816431016224771,-10.767484038806867,0.9551760645860516,1.0932471371462755,1.8048138414838082,0.9993016591957513,0.9993016591957513,88.06985601670084,0.22017464004175208,4,0.01563887928191897,,,,41.5843099736905,11.0,0.03519910777012176
short_term_reversal|reversal_5d|long_q1|unconstrained_beta|r21|ensemble,short_term_reversal|reversal_5d,short_term_reversal,reversal_5d,5,upper_tail_exploratory_lead,upper_tail,long_q1,long_only,False,21,ensemble,3,199.33333333333334,0.0,0.0,,0,return_minus_risk_free,4181,0.12166818568518911,0.19684660419746156,0.6065647165356728,-0.3660541056240538,0.625,0.7647058823529411,-0.014374937129674624,-0.7803722377424189,1.00028593803383,1.0961093776082897,1.5941377294535037,0.9965287377130596,0.9965287377130596,20.93873130567994,0.0,2,0.007746616584630179,,,,41.45355975444471,11.0,0.04054993931333302
short_term_reversal|reversal_5d|long_q1|unconstrained_beta|r21|ensemble,short_term_reversal|reversal_5d,short_term_reversal,reversal_5d,5,upper_tail_exploratory_lead,upper_tail,long_q1,long_only,False,21,ensemble,3,199.33333333333334,0.0,0.0,,5,return_minus_risk_free,4181,0.10998459164309238,0.19683871811483727,0.5533656377699847,-0.3666494441455904,0.61,0.7647058823529411,-0.0248393259467654,-1.348330347834244,1.0001979554243596,1.0961093776082897,1.5941377294535037,0.9965287377130596,0.9965287377130596,20.93873130567994,0.01046936565283997,2,0.007746616584630179,,,,41.45355975444471,11.0,0.04054993931333302
short_term_reversal|reversal_5d|long_q1|unconstrained_beta|r21|ensemble,short_term_reversal|reversal_5d,short_term_reversal,reversal_5d,5,upper_tail_exploratory_lead,upper_tail,long_q1,long_only,False,21,ensemble,3,199.33333333333334,0.0,0.0,,10,return_minus_risk_free,4181,0.09841933629102129,0.19684417816895586,0.5001283712589065,-0.3672444099258345,0.6,0.7647058823529411,-0.03530371476385582,-1.9154555999373044,1.0001099728148901,1.0961093776082897,1.5941377294535037,0.9965287377130596,0.9965287377130596,20.93873130567994,0.02093873130567994,2,0.007746616584630179,,,,41.45355975444471,11.0,0.04054993931333302
short_term_reversal|reversal_5d|long_q1|unconstrained_beta|r21|ensemble,short_term_reversal|reversal_5d,short_term_reversal,reversal_5d,5,upper_tail_exploratory_lead,upper_tail,long_q1,long_only,False,21,ensemble,3,199.33333333333334,0.0,0.0,,25,return_minus_risk_free,4181,0.06442201226205047,0.19694061048489575,0.34029583530101987,-0.3902143927151661,0.575,0.7058823529411765,-0.06669688121512743,-3.6054252697836873,0.9998460249864809,1.0961093776082897,1.5941377294535037,0.9965287377130596,0.9965287377130596,20.93873130567994,0.05234682826419985,2,0.007746616584630179,,,,41.45355975444471,11.0,0.04054993931333302
short_term_reversal|reversal_5d|long_q1|unconstrained_beta|r63|ensemble,short_term_reversal|reversal_5d,short_term_reversal,reversal_5d,5,upper_tail_exploratory_lead,upper_tail,long_q1,long_only,False,63,ensemble,3,66.33333333333333,0.0,0.0,,0,return_minus_risk_free,4181,0.1379133257754881,0.20104675257609095,0.6696321089927508,-0.3939695038184885,0.62,0.7647058823529411,-0.0036749885197252517,-0.21655631681292437,1.0342007082451372,1.082514102498934,1.5783324991865768,0.9900830378511581,0.9900830378511581,6.977278444187911,0.0,2,0.008165800324379783,,,,41.151957267001514,11.0,0.04710353188988494
short_term_reversal|reversal_5d|long_q1|unconstrained_beta|r63|ensemble,short_term_reversal|reversal_5d,short_term_reversal,reversal_5d,5,upper_tail_exploratory_lead,upper_tail,long_q1,long_only,False,63,ensemble,3,66.33333333333333,0.0,0.0,,5,return_minus_risk_free,4181,0.13394989647706734,0.20104327256393334,0.6522778123226438,-0.39415774056351427,0.62,0.7647058823529411,-0.007163670969418887,-0.4217529391380197,1.0341801839011375,1.082514102498934,1.5783324991865768,0.9900830378511581,0.9900830378511581,6.977278444187911,0.0034886392220939556,2,0.008165800324379783,,,,41.151957267001514,11.0,0.04710353188988494
short_term_reversal|reversal_5d|long_q1|unconstrained_beta|r63|ensemble,short_term_reversal|reversal_5d,short_term_reversal,reversal_5d,5,upper_tail_exploratory_lead,upper_tail,long_q1,long_only,False,63,ensemble,3,66.33333333333333,0.0,0.0,,10,return_minus_risk_free,4181,0.129999122159834,0.20104462000352905,0.6349076707545871,-0.39434597730854004,0.615,0.7647058823529411,-0.010652353419112125,-0.6264106389393951,1.0341596595571378,1.082514102498934,1.5783324991865768,0.9900830378511581,0.9900830378511581,6.977278444187911,0.006977278444187911,2,0.008165800324379783,,,,41.151957267001514,11.0,0.04710353188988494
short_term_reversal|reversal_5d|long_q1|unconstrained_beta|r63|ensemble,short_term_reversal|reversal_5d,short_term_reversal,reversal_5d,5,upper_tail_exploratory_lead,upper_tail,long_q1,long_only,False,63,ensemble,3,66.33333333333333,0.0,0.0,,25,return_minus_risk_free,4181,0.11822236217788062,0.20107762432390566,0.5827147087767435,-0.3949106875436186,0.615,0.7647058823529411,-0.021118400768192328,-1.2355422546634505,1.0340980865251397,1.082514102498934,1.5783324991865768,0.9900830378511581,0.9900830378511581,6.977278444187911,0.01744319611046978,2,0.008165800324379783,,,,41.151957267001514,11.0,0.04710353188988494
short_term_reversal|reversal_5d|long_q10|unconstrained_beta|r1|ensemble,short_term_reversal|reversal_5d,short_term_reversal,reversal_5d,5,upper_tail_exploratory_lead,upper_tail,long_q10,long_only,False,1,ensemble,1,4181.0,0.0,0.0,,0,return_minus_risk_free,4181,0.19464809805444316,0.2552662021093718,0.7671952543415445,-0.618073082035761,0.63,0.8235294117647058,0.028332145089131816,0.9917327189354631,1.252569665327527,1.082322604585735,1.8523614241112105,1.0,1.0,200.4829207947425,0.0,0,0.0,,,,42.50227218368811,34.0,0.029411764705882353
short_term_reversal|reversal_5d|long_q10|unconstrained_beta|r1|ensemble,short_term_reversal|reversal_5d,short_term_reversal,reversal_5d,5,upper_tail_exploratory_lead,upper_tail,long_q10,long_only,False,1,ensemble,1,4181.0,0.0,0.0,,5,return_minus_risk_free,4181,0.08067837104771503,0.25516783703375107,0.3743172330367746,-0.6665305035199747,0.56,0.7647058823529411,-0.07191493127252835,-2.534695646628466,1.251969918126256,1.082322604585735,1.8523614241112105,1.0,1.0,200.4829207947425,0.10024146039737127,0,0.0,,,,42.50227218368811,34.0,0.029411764705882353
short_term_reversal|reversal_5d|long_q10|unconstrained_beta|r1|ensemble,short_term_reversal|reversal_5d,short_term_reversal,reversal_5d,5,upper_tail_exploratory_lead,upper_tail,long_q10,long_only,False,1,ensemble,1,4181.0,0.0,0.0,,10,return_minus_risk_free,4181,-0.02246016272956075,0.25507964671058464,-0.018862796087691907,-0.8003670137003871,0.51,0.47058823529411764,-0.1721620076341887,-6.108700103754802,1.2513701709249858,1.082322604585735,1.8523614241112105,1.0,1.0,200.4829207947425,0.20048292079474253,0,0.0,,,,42.50227218368811,34.0,0.029411764705882353
short_term_reversal|reversal_5d|long_q10|unconstrained_beta|r1|ensemble,short_term_reversal|reversal_5d,short_term_reversal,reversal_5d,5,upper_tail_exploratory_lead,upper_tail,long_q10,long_only,False,1,ensemble,1,4181.0,0.0,0.0,,25,return_minus_risk_free,4181,-0.27666818399018855,0.2548762237808354,-1.1997463728263702,-0.9962449004314373,0.31,0.058823529411764705,-0.4729032367191694,-17.097640721798342,1.2495709293211743,1.082322604585735,1.8523614241112105,1.0,1.0,200.4829207947425,0.5012073019868563,0,0.0,,,,42.50227218368811,34.0,0.029411764705882353
short_term_reversal|reversal_5d|long_q10|unconstrained_beta|r5|ensemble,short_term_reversal|reversal_5d,short_term_reversal,reversal_5d,5,upper_tail_exploratory_lead,upper_tail,long_q10,long_only,False,5,ensemble,3,836.3333333333334,0.0,0.0,,0,return_minus_risk_free,4181,0.1898733287564922,0.23721588035224386,0.7893558748081684,-0.5534742590735957,0.66,0.8235294117647058,0.026501708047709932,1.117151484143016,1.2020152740285004,1.0816976705117594,1.626866682307555,0.9992640571428439,0.9992640571428439,87.8079887460686,0.0,0,0.0,,,,42.466953679343064,11.333333333333334,0.037313115335259495
short_term_reversal|reversal_5d|long_q10|unconstrained_beta|r5|ensemble,short_term_reversal|reversal_5d,short_term_reversal,reversal_5d,5,upper_tail_exploratory_lead,upper_tail,long_q10,long_only,False,5,ensemble,3,836.3333333333334,0.0,0.0,,5,return_minus_risk_free,4181,0.13875599517192305,0.23712587430715298,0.604298799515677,-0.5564687483326503,0.63,0.8235294117647058,-0.01738824380808511,-0.7342775126051999,1.2015383654809022,1.0816976705117594,1.626866682307555,0.9992640571428439,0.9992640571428439,87.8079887460686,0.0439039943730343,0,0.0,,,,42.466953679343064,11.333333333333334,0.037313115335259495
short_term_reversal|reversal_5d|long_q10|unconstrained_beta|r5|ensemble,short_term_reversal|reversal_5d,short_term_reversal,reversal_5d,5,upper_tail_exploratory_lead,upper_tail,long_q10,long_only,False,5,ensemble,3,836.3333333333334,0.0,0.0,,10,return_minus_risk_free,4181,0.08982066554374724,0.23705783672258246,0.4190625076690116,-0.5666608043688509,0.61,0.7647058823529411,-0.061278195663880035,-2.5919667727708147,1.2010614569333047,1.0816976705117594,1.626866682307555,0.9992640571428439,0.9992640571428439,87.8079887460686,0.0878079887460686,0,0.0,,,,42.466953679343064,11.333333333333334,0.037313115335259495
short_term_reversal|reversal_5d|long_q10|unconstrained_beta|r5|ensemble,short_term_reversal|reversal_5d,short_term_reversal,reversal_5d,5,upper_tail_exploratory_lead,upper_tail,long_q10,long_only,False,5,ensemble,3,836.3333333333334,0.0,0.0,,25,return_minus_risk_free,4181,-0.04479939504278885,0.23698569339660666,-0.13720750000850307,-0.7763071048315492,0.51,0.47058823529411764,-0.19294805123126482,-8.196566122826997,1.1996307312905108,1.0816976705117594,1.626866682307555,0.9992640571428439,0.9992640571428439,87.8079887460686,0.2195199718651715,0,0.0,,,,42.466953679343064,11.333333333333334,0.037313115335259495
short_term_reversal|reversal_5d|long_q10|unconstrained_beta|r21|ensemble,short_term_reversal|reversal_5d,short_term_reversal,reversal_5d,5,upper_tail_exploratory_lead,upper_tail,long_q10,long_only,False,21,ensemble,3,199.33333333333334,0.0,0.0,,0,return_minus_risk_free,4181,0.172509838247362,0.22440842415400658,0.7554291642227193,-0.47038854717930934,0.64,0.8235294117647058,0.013898338535193813,0.7304408102262147,1.1637672259948948,1.0767836549313932,1.5317324677942912,0.9962388742404586,0.9962388742404586,20.992278613810107,0.0,5,0.008405485540519743,,,,42.32663637088417,11.333333333333334,0.04295952041730213
short_term_reversal|reversal_5d|long_q10|unconstrained_beta|r21|ensemble,short_term_reversal|reversal_5d,short_term_reversal,reversal_5d,5,upper_tail_exploratory_lead,upper_tail,long_q10,long_only,False,21,ensemble,3,199.33333333333334,0.0,0.0,,5,return_minus_risk_free,4181,0.1602655912361024,0.2243881642760618,0.7086743273530338,-0.471354075615533,0.635,0.8235294117647058,0.0034055649893807187,0.17907081513424983,1.163660427468819,1.0767836549313932,1.5317324677942912,0.9962388742404586,0.9962388742404586,20.992278613810107,0.010496139306905053,5,0.008405485540519743,,,,42.32663637088417,11.333333333333334,0.04295952041730213
short_term_reversal|reversal_5d|long_q10|unconstrained_beta|r21|ensemble,short_term_reversal|reversal_5d,short_term_reversal,reversal_5d,5,upper_tail_exploratory_lead,upper_tail,long_q10,long_only,False,21,ensemble,3,199.33333333333334,0.0,0.0,,10,return_minus_risk_free,4181,0.14814567965568792,0.22437967148529261,0.6618763457994985,-0.47231813715139903,0.63,0.8235294117647058,-0.007087208556432293,-0.3727061499205245,1.1635536289427433,1.0767836549313932,1.5317324677942912,0.9962388742404586,0.9962388742404586,20.992278613810107,0.020992278613810107,5,0.008405485540519743,,,,42.32663637088417,11.333333333333334,0.04295952041730213
short_term_reversal|reversal_5d|long_q10|unconstrained_beta|r21|ensemble,short_term_reversal|reversal_5d,short_term_reversal,reversal_5d,5,upper_tail_exploratory_lead,upper_tail,long_q10,long_only,False,21,ensemble,3,199.33333333333334,0.0,0.0,,25,return_minus_risk_free,4181,0.11251974869690651,0.22442479974029564,0.5212971467061941,-0.4752015381780842,0.6,0.7647058823529411,-0.038565529193871295,-2.024470953193869,1.1632332333645155,1.0767836549313932,1.5317324677942912,0.9962388742404586,0.9962388742404586,20.992278613810107,0.05248069653452527,5,0.008405485540519743,,,,42.32663637088417,11.333333333333334,0.04295952041730213
short_term_reversal|reversal_5d|long_q10|unconstrained_beta|r63|ensemble,short_term_reversal|reversal_5d,short_term_reversal,reversal_5d,5,upper_tail_exploratory_lead,upper_tail,long_q10,long_only,False,63,ensemble,3,66.33333333333333,0.0,0.0,,0,return_minus_risk_free,4181,0.14048141120279078,0.21283485260745572,0.6543596807344428,-0.44644577282798514,0.635,0.7647058823529411,-0.009703538883764528,-0.5946453762614209,1.1139869882231652,1.0731645917241839,1.7113764846948032,0.9890611185463287,0.9890611185463287,6.964102693789696,0.0,8,0.023204286459834758,,,,41.98206170772542,11.333333333333334,0.04356058684842965
short_term_reversal|reversal_5d|long_q10|unconstrained_beta|r63|ensemble,short_term_reversal|reversal_5d,short_term_reversal,reversal_5d,5,upper_tail_exploratory_lead,upper_tail,long_q10,long_only,False,63,ensemble,3,66.33333333333333,0.0,0.0,,5,return_minus_risk_free,4181,0.1365165270489257,0.21282738052652775,0.6380050480990438,-0.4466144929169654,0.635,0.7647058823529411,-0.01318472534306366,-0.8086947472123991,1.113953383321249,1.0731645917241839,1.7113764846948032,0.9890611185463287,0.9890611185463287,6.964102693789696,0.0034820513468948482,8,0.023204286459834758,,,,41.98206170772542,11.333333333333334,0.04356058684842965
short_term_reversal|reversal_5d|long_q10|unconstrained_beta|r63|ensemble,short_term_reversal|reversal_5d,short_term_reversal,reversal_5d,5,upper_tail_exploratory_lead,upper_tail,long_q10,long_only,False,63,ensemble,3,66.33333333333333,0.0,0.0,,10,return_minus_risk_free,4181,0.1325642797894384,0.2128244498962108,0.621636005064217,-0.44678321300594503,0.63,0.7647058823529411,-0.016665911802363004,-1.0228253242315095,1.1139197784193324,1.0731645917241839,1.7113764846948032,0.9890611185463287,0.9890611185463287,6.964102693789696,0.0069641026937896965,8,0.023204286459834758,,,,41.98206170772542,11.333333333333334,0.04356058684842965
short_term_reversal|reversal_5d|long_q10|unconstrained_beta|r63|ensemble,short_term_reversal|reversal_5d,short_term_reversal,reversal_5d,5,upper_tail_exploratory_lead,upper_tail,long_q10,long_only,False,63,ensemble,3,66.33333333333333,0.0,0.0,,25,return_minus_risk_free,4181,0.12078299358541944,0.21284290713134005,0.5724528932645662,-0.44728937327288576,0.625,0.7647058823529411,-0.02710947118026075,-1.6638183062162724,1.1138189637135825,1.0731645917241839,1.7113764846948032,0.9890611185463287,0.9890611185463287,6.964102693789696,0.01741025673447424,8,0.023204286459834758,,,,41.98206170772542,11.333333333333334,0.04356058684842965
short_term_reversal|reversal_5d|middle_minus_q1|unconstrained_beta|r1|ensemble,short_term_reversal|reversal_5d,short_term_reversal,reversal_5d,5,upper_tail_exploratory_lead,upper_tail,middle_minus_q1,market_neutral,False,1,ensemble,1,4181.0,0.0,0.0,,0,self_financing_spread_return,4181,0.05988940558770417,0.11755323884496263,0.5534268818836166,-0.3419597776949248,0.55,0.7647058823529411,0.061835995034116395,2.1834973703650165,0.02167348129722763,-0.14013480034263415,1.0256481767035128,2.0,2.100193739984023e-17,400.7496753417846,0.0,0,0.0,,,,209.74910308538628,167.0,0.030303030303030304
short_term_reversal|reversal_5d|middle_minus_q1|unconstrained_beta|r1|ensemble,short_term_reversal|reversal_5d,short_term_reversal,reversal_5d,5,upper_tail_exploratory_lead,upper_tail,middle_minus_q1,market_neutral,False,1,ensemble,1,4181.0,0.0,0.0,,5,self_financing_spread_return,4181,-0.1326325289058793,0.11755238383171024,-1.1515005658747832,-0.9275287848952207,0.285,0.11764705882352941,-0.13856149362985332,-4.938673416241058,0.02153036347310368,-0.14013480034263415,1.0256481767035128,2.0,2.100193739984023e-17,400.7496753417846,0.2003748376708923,0,0.0,,,,209.74910308538628,167.0,0.030303030303030304
short_term_reversal|reversal_5d|middle_minus_q1|unconstrained_beta|r1|ensemble,short_term_reversal|reversal_5d,short_term_reversal,reversal_5d,5,upper_tail_exploratory_lead,upper_tail,middle_minus_q1,market_neutral,False,1,ensemble,1,4181.0,0.0,0.0,,10,self_financing_spread_return,4181,-0.29030105166739184,0.1175952932251505,-2.855389754338922,-0.9972784853163377,0.13,0.058823529411764705,-0.3389589822938235,-12.189858530329547,0.021387245648979567,-0.14013480034263415,1.0256481767035128,2.0,2.100193739984023e-17,400.7496753417846,0.4007496753417846,0,0.0,,,,209.74910308538628,167.0,0.030303030303030304
short_term_reversal|reversal_5d|middle_minus_q1|unconstrained_beta|r1|ensemble,short_term_reversal|reversal_5d,short_term_reversal,reversal_5d,5,upper_tail_exploratory_lead,upper_tail,middle_minus_q1,market_neutral,False,1,ensemble,1,4181.0,0.0,0.0,,25,self_financing_spread_return,4181,-0.6116200997867803,0.11798588685504005,-7.9419386267709715,-0.9999998590627651,0.015,0.0,-0.9401514482857334,-34.63834886112319,0.02095789217660785,-0.14013480034263415,1.0256481767035128,2.0,2.100193739984023e-17,400.7496753417846,1.0018741883544615,0,0.0,,,,209.74910308538628,167.0,0.030303030303030304
short_term_reversal|reversal_5d|middle_minus_q1|unconstrained_beta|r5|ensemble,short_term_reversal|reversal_5d,short_term_reversal,reversal_5d,5,upper_tail_exploratory_lead,upper_tail,middle_minus_q1,market_neutral,False,5,ensemble,3,836.3333333333334,0.0,0.0,,0,self_financing_spread_return,4181,0.023184184101964878,0.09854964451715892,0.2817559129871869,-0.34485184702226246,0.55,0.6470588235294118,0.027000659936029386,1.1149837261474307,0.005155979377502663,-0.13791441835271243,0.9358100509395881,2.000371899015067,0.00036814099500005667,146.32378497722934,0.0,14,0.017791259320326307,,,,209.59618910946347,55.666666666666664,0.03596515618583821
short_term_reversal|reversal_5d|middle_minus_q1|unconstrained_beta|r5|ensemble,short_term_reversal|reversal_5d,short_term_reversal,reversal_5d,5,upper_tail_exploratory_lead,upper_tail,middle_minus_q1,market_neutral,False,5,ensemble,3,836.3333333333334,0.0,0.0,,5,self_financing_spread_return,4181,-0.04901798703741567,0.09856187957988503,-0.46068783411148706,-0.6386089585167611,0.415,0.29411764705882354,-0.04610066699367102,-1.9060997482249906,0.00467235241266243,-0.13791441835271243,0.9358100509395881,2.000371899015067,0.00036814099500005667,146.32378497722934,0.07316189248861467,14,0.017791259320326307,,,,209.59618910946347,55.666666666666664,0.03596515618583821
short_term_reversal|reversal_5d|middle_minus_q1|unconstrained_beta|r5|ensemble,short_term_reversal|reversal_5d,short_term_reversal,reversal_5d,5,upper_tail_exploratory_lead,upper_tail,middle_minus_q1,market_neutral,False,5,ensemble,3,836.3333333333334,0.0,0.0,,10,self_financing_spread_return,4181,-0.11615652934346454,0.09871867240339471,-1.2011857517711675,-0.8894976678087559,0.315,0.058823529411764705,-0.11920199392337096,-4.93345729705823,0.004188725447822157,-0.13791441835271243,0.9358100509395881,2.000371899015067,0.00036814099500005667,146.32378497722934,0.14632378497722934,14,0.017791259320326307,,,,209.59618910946347,55.666666666666664,0.03596515618583821
short_term_reversal|reversal_5d|middle_minus_q1|unconstrained_beta|r5|ensemble,short_term_reversal|reversal_5d,short_term_reversal,reversal_5d,5,upper_tail_exploratory_lead,upper_tail,middle_minus_q1,market_neutral,False,5,ensemble,3,836.3333333333334,0.0,0.0,,25,self_financing_spread_return,4181,-0.29059899565242253,0.10004646831768509,-3.3794203843004107,-0.9969697861086784,0.08,0.0,-0.3385059747124712,-14.029028868589478,0.0027378445533018186,-0.13791441835271243,0.9358100509395881,2.000371899015067,0.00036814099500005667,146.32378497722934,0.36580946244307333,14,0.017791259320326307,,,,209.59618910946347,55.666666666666664,0.03596515618583821
short_term_reversal|reversal_5d|middle_minus_q1|unconstrained_beta|r21|ensemble,short_term_reversal|reversal_5d,short_term_reversal,reversal_5d,5,upper_tail_exploratory_lead,upper_tail,middle_minus_q1,market_neutral,False,21,ensemble,3,199.33333333333334,0.0,0.0,,0,self_financing_spread_return,4181,0.004425241963464943,0.08470694836590346,0.09439790094576657,-0.4136305481914192,0.525,0.7058823529411765,0.015498023023772392,0.7689828310158286,-0.05047659055727159,-0.1453163844342685,0.7142365860145,2.004547862565489,0.00029787392473221527,35.277027035699874,0.0,14,0.013627094282508537,,,,209.0035876584549,55.666666666666664,0.0453951825540195
short_term_reversal|reversal_5d|middle_minus_q1|unconstrained_beta|r21|ensemble,short_term_reversal|reversal_5d,short_term_reversal,reversal_5d,5,upper_tail_exploratory_lead,upper_tail,middle_minus_q1,market_neutral,False,21,ensemble,3,199.33333333333334,0.0,0.0,,5,self_financing_spread_return,4181,-0.01314026354204878,0.08475283941045965,-0.11376704179281669,-0.4683242550125115,0.48,0.5294117647058824,-0.00212896368671743,-0.10553117691960485,-0.050552294924307004,-0.1453163844342685,0.7142365860145,2.004547862565489,0.00029787392473221527,35.277027035699874,0.017638513517849935,14,0.013627094282508537,,,,209.0035876584549,55.666666666666664,0.0453951825540195
short_term_reversal|reversal_5d|middle_minus_q1|unconstrained_beta|r21|ensemble,short_term_reversal|reversal_5d,short_term_reversal,reversal_5d,5,upper_tail_exploratory_lead,upper_tail,middle_minus_q1,market_neutral,False,21,ensemble,3,199.33333333333334,0.0,0.0,,10,self_financing_spread_return,4181,-0.030406976857280332,0.08488612629662896,-0.3213754586052457,-0.518791577424563,0.46,0.4117647058823529,-0.019755950397207143,-0.9774466562621165,-0.05062799929134257,-0.1453163844342685,0.7142365860145,2.004547862565489,0.00029787392473221527,35.277027035699874,0.03527702703569987,14,0.013627094282508537,,,,209.0035876584549,55.666666666666664,0.0453951825540195
short_term_reversal|reversal_5d|middle_minus_q1|unconstrained_beta|r21|ensemble,short_term_reversal|reversal_5d,short_term_reversal,reversal_5d,5,upper_tail_exploratory_lead,upper_tail,middle_minus_q1,market_neutral,False,21,ensemble,3,199.33333333333334,0.0,0.0,,25,self_financing_spread_return,4181,-0.08046336440384028,0.08580495418813543,-0.9346200619787516,-0.7801164044204991,0.34,0.058823529411764705,-0.07263691052867663,-3.554811443417299,-0.05085511239244902,-0.1453163844342685,0.7142365860145,2.004547862565489,0.00029787392473221527,35.277027035699874,0.08819256758924969,14,0.013627094282508537,,,,209.0035876584549,55.666666666666664,0.0453951825540195
short_term_reversal|reversal_5d|middle_minus_q1|unconstrained_beta|r63|ensemble,short_term_reversal|reversal_5d,short_term_reversal,reversal_5d,5,upper_tail_exploratory_lead,upper_tail,middle_minus_q1,market_neutral,False,63,ensemble,3,66.33333333333333,0.0,0.0,,0,self_financing_spread_return,4181,-0.0146839159902028,0.09084614377353228,-0.11754293574517188,-0.3882683479206639,0.52,0.4117647058823529,0.004030663004106222,0.1947277527312646,-0.09896998218939024,-0.14623504225474365,0.9743811072506331,2.0275814437608073,-0.0025294064255177574,11.978640294002146,0.0,19,0.011482292262810723,,,,207.50275053814877,55.666666666666664,0.06649097908731859
short_term_reversal|reversal_5d|middle_minus_q1|unconstrained_beta|r63|ensemble,short_term_reversal|reversal_5d,short_term_reversal,reversal_5d,5,upper_tail_exploratory_lead,upper_tail,middle_minus_q1,market_neutral,False,63,ensemble,3,66.33333333333333,0.0,0.0,,5,self_financing_spread_return,4181,-0.02056911878285217,0.09087945140191078,-0.18338176337734494,-0.43968749047108946,0.515,0.35294117647058826,-0.001954206205952306,-0.09443558359507999,-0.09898641599000017,-0.14623504225474365,0.9743811072506331,2.0275814437608073,-0.0025294064255177574,11.978640294002146,0.005989320147001073,19,0.011482292262810723,,,,207.50275053814877,55.666666666666664,0.06649097908731859
short_term_reversal|reversal_5d|middle_minus_q1|unconstrained_beta|r63|ensemble,short_term_reversal|reversal_5d,short_term_reversal,reversal_5d,5,upper_tail_exploratory_lead,upper_tail,middle_minus_q1,market_neutral,False,63,ensemble,3,66.33333333333333,0.0,0.0,,10,self_financing_spread_return,4181,-0.026422087629376145,0.0909440946941236,-0.24908649364884042,-0.4868071851706143,0.505,0.29411764705882354,-0.007939075416010884,-0.38354492359303793,-0.09900284979061018,-0.14623504225474365,0.9743811072506331,2.0275814437608073,-0.0025294064255177574,11.978640294002146,0.011978640294002146,19,0.011482292262810723,,,,207.50275053814877,55.666666666666664,0.06649097908731859
short_term_reversal|reversal_5d|middle_minus_q1|unconstrained_beta|r63|ensemble,short_term_reversal|reversal_5d,short_term_reversal,reversal_5d,5,upper_tail_exploratory_lead,upper_tail,middle_minus_q1,market_neutral,False,63,ensemble,3,66.33333333333333,0.0,0.0,,25,self_financing_spread_return,4181,-0.04378919269403114,0.09132521186277641,-0.4447280184161189,-0.6070060076978439,0.46,0.29411764705882354,-0.0258936830461864,-1.2459294342714937,-0.09905215119243997,-0.14623504225474365,0.9743811072506331,2.0275814437608073,-0.0025294064255177574,11.978640294002146,0.029946600735005366,19,0.011482292262810723,,,,207.50275053814877,55.666666666666664,0.06649097908731859
short_term_reversal|reversal_5d|middle_minus_q1|beta_neutral|r1|ensemble,short_term_reversal|reversal_5d,short_term_reversal,reversal_5d,5,upper_tail_exploratory_lead,upper_tail,middle_minus_q1,market_neutral,True,1,ensemble,1,4181.0,0.0,4181.0,1.0,0,self_financing_spread_return,4181,0.0848190229041279,0.1010662807119685,0.8559418338832382,-0.26767381701289916,0.61,0.7647058823529411,0.07817988774800542,3.1187158640377666,0.056028341766877945,-4.96064632838937e-18,6.730727086790012e-16,2.0,0.11896639533009602,413.6086424419089,0.0,0,0.0,,,,209.31595312126285,167.0,0.03745679364830926
short_term_reversal|reversal_5d|middle_minus_q1|beta_neutral|r1|ensemble,short_term_reversal|reversal_5d,short_term_reversal,reversal_5d,5,upper_tail_exploratory_lead,upper_tail,middle_minus_q1,market_neutral,True,1,ensemble,1,4181.0,0.0,4181.0,1.0,5,self_financing_spread_return,4181,-0.1179257499150258,0.10105035809867798,-1.191138013358137,-0.9039692046157063,0.27,0.058823529411764705,-0.12867839588878902,-5.1846007750848155,0.05593752792514635,-4.96064632838937e-18,6.730727086790012e-16,2.0,0.11896639533009602,413.6086424419089,0.20680432122095443,0,0.0,,,,209.31595312126285,167.0,0.03745679364830926
short_term_reversal|reversal_5d|middle_minus_q1|beta_neutral|r1|ensemble,short_term_reversal|reversal_5d,short_term_reversal,reversal_5d,5,upper_tail_exploratory_lead,upper_tail,middle_minus_q1,market_neutral,True,1,ensemble,1,4181.0,0.0,4181.0,1.0,10,self_financing_spread_return,4181,-0.2829052194485505,0.10109363066291224,-3.2369665734637367,-0.9967471071447239,0.115,0.058823529411764705,-0.33553667952558364,-13.645402020409154,0.055846714083414656,-4.96064632838937e-18,6.730727086790012e-16,2.0,0.11896639533009602,413.6086424419089,0.41360864244190887,0,0.0,,,,209.31595312126285,167.0,0.03745679364830926
short_term_reversal|reversal_5d|middle_minus_q1|beta_neutral|r1|ensemble,short_term_reversal|reversal_5d,short_term_reversal,reversal_5d,5,upper_tail_exploratory_lead,upper_tail,middle_minus_q1,market_neutral,True,1,ensemble,1,4181.0,0.0,4181.0,1.0,25,self_financing_spread_return,4181,-0.615115114562492,0.1015773454552237,-9.33133308762437,-0.9999998772391738,0.02,0.0,-0.9561115304359676,-39.8045776508226,0.05557427255821945,-4.96064632838937e-18,6.730727086790012e-16,2.0,0.11896639533009602,413.6086424419089,1.0340216061047722,0,0.0,,,,209.31595312126285,167.0,0.03745679364830926
short_term_reversal|reversal_5d|middle_minus_q1|beta_neutral|r5|ensemble,short_term_reversal|reversal_5d,short_term_reversal,reversal_5d,5,upper_tail_exploratory_lead,upper_tail,middle_minus_q1,market_neutral,True,5,ensemble,3,836.3333333333334,0.0,836.3333333333334,1.0,0,self_financing_spread_return,4181,0.03646749291267959,0.08391885934335166,0.4687164125546527,-0.2400669973037921,0.56,0.6470588235294118,0.03439432492800673,1.7043669833421453,0.033237783418455305,0.0007296895871959374,0.10098063584126998,2.000077511626075,0.11748367019731912,146.89589643590392,0.0,14,0.01655132179572647,,,,209.16630790082115,55.666666666666664,0.038409744579965856
short_term_reversal|reversal_5d|middle_minus_q1|beta_neutral|r5|ensemble,short_term_reversal|reversal_5d,short_term_reversal,reversal_5d,5,upper_tail_exploratory_lead,upper_tail,middle_minus_q1,market_neutral,True,5,ensemble,3,836.3333333333334,0.0,836.3333333333334,1.0,5,self_financing_spread_return,4181,-0.036947708931185264,0.08393124120508831,-0.4066361239741613,-0.553364359577191,0.45,0.17647058823529413,-0.03899363565696199,-1.9347302790091692,0.03272869733950898,0.0007296895871959374,0.10098063584126998,2.000077511626075,0.11748367019731912,146.89589643590392,0.07344794821795196,14,0.01655132179572647,,,,209.16630790082115,55.666666666666664,0.038409744579965856
short_term_reversal|reversal_5d|middle_minus_q1|beta_neutral|r5|ensemble,short_term_reversal|reversal_5d,short_term_reversal,reversal_5d,5,upper_tail_exploratory_lead,upper_tail,middle_minus_q1,market_neutral,True,5,ensemble,3,836.3333333333334,0.0,836.3333333333334,1.0,10,self_financing_spread_return,4181,-0.10519482951819115,0.08411513693252443,-1.2791169322039904,-0.8641091528933644,0.325,0.058823529411764705,-0.11238159624193055,-5.580836812950654,0.032219611260562504,0.0007296895871959374,0.10098063584126998,2.000077511626075,0.11748367019731912,146.89589643590392,0.14689589643590392,14,0.01655132179572647,,,,209.16630790082115,55.666666666666664,0.038409744579965856
short_term_reversal|reversal_5d|middle_minus_q1|beta_neutral|r5|ensemble,short_term_reversal|reversal_5d,short_term_reversal,reversal_5d,5,upper_tail_exploratory_lead,upper_tail,middle_minus_q1,market_neutral,True,5,ensemble,3,836.3333333333334,0.0,836.3333333333334,1.0,25,self_financing_spread_return,4181,-0.28241925013423563,0.08567971509819629,-3.828023464274677,-0.9963201651691612,0.04,0.0,-0.33254547799683665,-16.517442393331226,0.03069235302372318,0.0007296895871959374,0.10098063584126998,2.000077511626075,0.11748367019731912,146.89589643590392,0.3672397410897598,14,0.01655132179572647,,,,209.16630790082115,55.666666666666664,0.038409744579965856
short_term_reversal|reversal_5d|middle_minus_q1|beta_neutral|r21|ensemble,short_term_reversal|reversal_5d,short_term_reversal,reversal_5d,5,upper_tail_exploratory_lead,upper_tail,middle_minus_q1,market_neutral,True,21,ensemble,3,199.33333333333334,0.0,199.33333333333334,1.0,0,self_financing_spread_return,4181,0.027323386036094632,0.07252016515014247,0.40796022021911377,-0.23308952349500955,0.56,0.7647058823529411,0.02884815491502173,1.676607327230931,0.00496019571730354,0.0008078458734015081,0.16015997442559707,2.0021756143438036,0.12589468176119983,35.217453920727216,0.0,14,0.013971626783590041,,,,208.5582396555848,55.666666666666664,0.041255704058002815
short_term_reversal|reversal_5d|middle_minus_q1|beta_neutral|r21|ensemble,short_term_reversal|reversal_5d,short_term_reversal,reversal_5d,5,upper_tail_exploratory_lead,upper_tail,middle_minus_q1,market_neutral,True,21,ensemble,3,199.33333333333334,0.0,199.33333333333334,1.0,5,self_financing_spread_return,4181,0.009387512937075071,0.07259897899514453,0.16497457824837544,-0.3041636933471835,0.53,0.7647058823529411,0.011253565226907803,0.6529713923659518,0.0048675644869305085,0.0008078458734015081,0.16015997442559707,2.0021756143438036,0.12589468176119983,35.217453920727216,0.01760872696036361,14,0.013971626783590041,,,,208.5582396555848,55.666666666666664,0.041255704058002815
short_term_reversal|reversal_5d|middle_minus_q1|beta_neutral|r21|ensemble,short_term_reversal|reversal_5d,short_term_reversal,reversal_5d,5,upper_tail_exploratory_lead,upper_tail,middle_minus_q1,market_neutral,True,21,ensemble,3,199.33333333333334,0.0,199.33333333333334,1.0,10,self_financing_spread_return,4181,-0.008243784204101434,0.07277941614952468,-0.07737587027952661,-0.36868108811233313,0.51,0.4117647058823529,-0.006341024461206112,-0.366881626111526,0.004774933256557514,0.0008078458734015081,0.16015997442559707,2.0021756143438036,0.12589468176119983,35.217453920727216,0.03521745392072722,14,0.013971626783590041,,,,208.5582396555848,55.666666666666664,0.041255704058002815
short_term_reversal|reversal_5d|middle_minus_q1|beta_neutral|r21|ensemble,short_term_reversal|reversal_5d,short_term_reversal,reversal_5d,5,upper_tail_exploratory_lead,upper_tail,middle_minus_q1,market_neutral,True,21,ensemble,3,199.33333333333334,0.0,199.33333333333334,1.0,25,self_financing_spread_return,4181,-0.05936008440136664,0.07392093075725588,-0.7907968673573997,-0.6842466866003069,0.415,0.11764705882352941,-0.05912479352554792,-3.3679211425014515,0.004497039565438454,0.0008078458734015081,0.16015997442559707,2.0021756143438036,0.12589468176119983,35.217453920727216,0.08804363480181804,14,0.013971626783590041,,,,208.5582396555848,55.666666666666664,0.041255704058002815
short_term_reversal|reversal_5d|middle_minus_q1|beta_neutral|r63|ensemble,short_term_reversal|reversal_5d,short_term_reversal,reversal_5d,5,upper_tail_exploratory_lead,upper_tail,middle_minus_q1,market_neutral,True,63,ensemble,3,66.33333333333333,0.0,66.33333333333333,1.0,0,self_financing_spread_return,4181,0.011702103012787957,0.07582000413926107,0.19125947560256498,-0.1788918616668499,0.53,0.6470588235294118,0.013520328436449045,0.7635415957307639,0.006600466610515698,-0.0041777728648548056,0.2537663565835091,2.016424637371953,0.11352836245659555,11.90578943524743,0.0,19,0.009946425345420217,,,,207.09001036434663,55.666666666666664,0.05627636295643631
short_term_reversal|reversal_5d|middle_minus_q1|beta_neutral|r63|ensemble,short_term_reversal|reversal_5d,short_term_reversal,reversal_5d,5,upper_tail_exploratory_lead,upper_tail,middle_minus_q1,market_neutral,True,63,ensemble,3,66.33333333333333,0.0,66.33333333333333,1.0,5,self_financing_spread_return,4181,0.005695949269184153,0.07586042382297943,0.1127046851952965,-0.18737459625861375,0.5,0.5882352941176471,0.007571195398155929,0.4275185817826116,0.006584748690827917,-0.0041777728648548056,0.2537663565835091,2.016424637371953,0.11352836245659555,11.90578943524743,0.005952894717623715,19,0.009946425345420217,,,,207.09001036434663,55.666666666666664,0.05627636295643631
short_term_reversal|reversal_5d|middle_minus_q1|beta_neutral|r63|ensemble,short_term_reversal|reversal_5d,short_term_reversal,reversal_5d,5,upper_tail_exploratory_lead,upper_tail,middle_minus_q1,market_neutral,True,63,ensemble,3,66.33333333333333,0.0,66.33333333333333,1.0,10,self_financing_spread_return,4181,-0.0002775080404548991,0.07593792416474883,0.03421684445843863,-0.19577382699931922,0.495,0.47058823529411764,0.001622062359862794,0.09151439618088444,0.0065690307711401335,-0.0041777728648548056,0.2537663565835091,2.016424637371953,0.11352836245659555,11.90578943524743,0.01190578943524743,19,0.009946425345420217,,,,207.09001036434663,55.666666666666664,0.05627636295643631
short_term_reversal|reversal_5d|middle_minus_q1|beta_neutral|r63|ensemble,short_term_reversal|reversal_5d,short_term_reversal,reversal_5d,5,upper_tail_exploratory_lead,upper_tail,middle_minus_q1,market_neutral,True,63,ensemble,3,66.33333333333333,0.0,66.33333333333333,1.0,25,self_financing_spread_return,4181,-0.018003316654925716,0.07639151059866409,-0.19970872259398892,-0.3630251777176652,0.455,0.29411764705882354,-0.016225336755016733,-0.9091795163230731,0.0065218770120768115,-0.0041777728648548056,0.2537663565835091,2.016424637371953,0.11352836245659555,11.90578943524743,0.029764473588118574,19,0.009946425345420217,,,,207.09001036434663,55.666666666666664,0.05627636295643631
short_term_reversal|reversal_5d|q10_minus_middle|unconstrained_beta|r1|ensemble,short_term_reversal|reversal_5d,short_term_reversal,reversal_5d,5,upper_tail_exploratory_lead,upper_tail,q10_minus_middle,market_neutral,False,1,ensemble,1,4181.0,0.0,0.0,,0,self_financing_spread_return,4181,0.0564160228722399,0.13779196059754908,0.46723734896674524,-0.5187106807516124,0.56,0.7647058823529411,0.021229034570509894,0.6771624385072857,0.29035338549336975,0.1269055762615311,0.927416782323484,2.0,-1.3794599083362567e-17,396.4379823822764,0.0,0,0.0,,,,210.6333413059077,168.0,0.029411764705882353
short_term_reversal|reversal_5d|q10_minus_middle|unconstrained_beta|r1|ensemble,short_term_reversal|reversal_5d,short_term_reversal,reversal_5d,5,upper_tail_exploratory_lead,upper_tail,q10_minus_middle,market_neutral,False,1,ensemble,1,4181.0,0.0,0.0,,5,self_financing_spread_return,4181,-0.1336078482747135,0.13775026169152668,-0.9719206603668931,-0.9256625012491916,0.345,0.11764705882352941,-0.17698030784801985,-5.69754948994214,0.28998645626659614,0.1269055762615311,0.927416782323484,2.0,-1.3794599083362567e-17,396.4379823822764,0.1982189911911382,0,0.0,,,,210.6333413059077,168.0,0.029411764705882353
short_term_reversal|reversal_5d|q10_minus_middle|unconstrained_beta|r1|ensemble,short_term_reversal|reversal_5d,short_term_reversal,reversal_5d,5,upper_tail_exploratory_lead,upper_tail,q10_minus_middle,market_neutral,False,1,ensemble,1,4181.0,0.0,0.0,,10,self_financing_spread_return,4181,-0.28956581853769325,0.13774805624415565,-2.4112587142985773,-0.9970332437971031,0.135,0.0,-0.37518965026654993,-12.186052831323478,0.28961952703982247,0.1269055762615311,0.927416782323484,2.0,-1.3794599083362567e-17,396.4379823822764,0.3964379823822764,0,0.0,,,,210.6333413059077,168.0,0.029411764705882353
short_term_reversal|reversal_5d|q10_minus_middle|unconstrained_beta|r1|ensemble,short_term_reversal|reversal_5d,short_term_reversal,reversal_5d,5,upper_tail_exploratory_lead,upper_tail,q10_minus_middle,market_neutral,False,1,ensemble,1,4181.0,0.0,0.0,,25,self_financing_spread_return,4181,-0.6086822612284319,0.137978250029012,-6.717999596776435,-0.9999998425410362,0.03,0.0,-0.9698176775221393,-32.27345378900577,0.28851873935950106,0.1269055762615311,0.927416782323484,2.0,-1.3794599083362567e-17,396.4379823822764,0.991094955955691,0,0.0,,,,210.6333413059077,168.0,0.029411764705882353
short_term_reversal|reversal_5d|q10_minus_middle|unconstrained_beta|r5|ensemble,short_term_reversal|reversal_5d,short_term_reversal,reversal_5d,5,upper_tail_exploratory_lead,upper_tail,q10_minus_middle,market_neutral,False,5,ensemble,3,836.3333333333334,0.0,0.0,,0,self_financing_spread_return,4181,0.058049197060003666,0.11195088583590805,0.5599240857543483,-0.34058018110075927,0.63,0.8823529411764706,0.02708070346816168,1.032807604288953,0.23955815169903974,0.12711955840154474,0.7065875128750433,2.0005443503520497,0.0003705748086406249,146.0093766721172,0.0,14,0.0060341230887683275,,,,210.478832815116,56.0,0.037112006498541204
short_term_reversal|reversal_5d|q10_minus_middle|unconstrained_beta|r5|ensemble,short_term_reversal|reversal_5d,short_term_reversal,reversal_5d,5,upper_tail_exploratory_lead,upper_tail,q10_minus_middle,market_neutral,False,5,ensemble,3,836.3333333333334,0.0,0.0,,5,self_financing_spread_return,4181,-0.016458601370651915,0.11188521829265663,-0.09250371367129141,-0.5770619984036889,0.525,0.29411764705882354,-0.0458762211538292,-1.752458499449424,0.2390409223387534,0.12711955840154474,0.7065875128750433,2.0005443503520497,0.0003705748086406249,146.0093766721172,0.07300468833605861,14,0.0060341230887683275,,,,210.478832815116,56.0,0.037112006498541204
short_term_reversal|reversal_5d|q10_minus_middle|unconstrained_beta|r5|ensemble,short_term_reversal|reversal_5d,short_term_reversal,reversal_5d,5,upper_tail_exploratory_lead,upper_tail,q10_minus_middle,market_neutral,False,5,ensemble,3,836.3333333333334,0.0,0.0,,10,self_financing_spread_return,4181,-0.08575193552599092,0.11194678485506725,-0.744850277772612,-0.8063697292158616,0.38,0.11764705882352941,-0.11883314577581983,-4.5456744082718785,0.23852369297846737,0.12711955840154474,0.7065875128750433,2.0005443503520497,0.0003705748086406249,146.0093766721172,0.14600937667211722,14,0.0060341230887683275,,,,210.478832815116,56.0,0.037112006498541204
short_term_reversal|reversal_5d|q10_minus_middle|unconstrained_beta|r5|ensemble,short_term_reversal|reversal_5d,short_term_reversal,reversal_5d,5,upper_tail_exploratory_lead,upper_tail,q10_minus_middle,market_neutral,False,5,ensemble,3,836.3333333333334,0.0,0.0,,25,self_financing_spread_return,4181,-0.26584823524578816,0.11289065658681832,-2.6794509814599574,-0.9944952726938584,0.085,0.0,-0.33770391964179186,-12.953617519948265,0.23697200489760853,0.12711955840154474,0.7065875128750433,2.0005443503520497,0.0003705748086406249,146.0093766721172,0.36502344168029305,14,0.0060341230887683275,,,,210.478832815116,56.0,0.037112006498541204
short_term_reversal|reversal_5d|q10_minus_middle|unconstrained_beta|r21|ensemble,short_term_reversal|reversal_5d,short_term_reversal,reversal_5d,5,upper_tail_exploratory_lead,upper_tail,q10_minus_middle,market_neutral,False,21,ensemble,3,199.33333333333334,0.0,0.0,,0,self_financing_spread_return,4181,0.03921401479613751,0.09396817245050107,0.4562721036069681,-0.2513033764130438,0.53,0.8235294117647058,0.014269172791177035,0.65534281489571,0.19247579884398472,0.12562369816648103,0.5944778387633035,2.002690191660738,-3.6223657576184336e-05,35.261932152595676,0.0,17,0.021733630484885125,,,,209.87666427489435,56.0,0.04425311800384995
short_term_reversal|reversal_5d|q10_minus_middle|unconstrained_beta|r21|ensemble,short_term_reversal|reversal_5d,short_term_reversal,reversal_5d,5,upper_tail_exploratory_lead,upper_tail,q10_minus_middle,market_neutral,False,21,ensemble,3,199.33333333333334,0.0,0.0,,5,self_financing_spread_return,4181,0.021047833280270378,0.09396849252826407,0.2685802756076072,-0.28742601331904205,0.495,0.7058823529411765,-0.0033549160152342777,-0.15413352026054303,0.19238911313819143,0.12562369816648103,0.5944778387633035,2.002690191660738,-3.6223657576184336e-05,35.261932152595676,0.017630966076297837,17,0.021733630484885125,,,,209.87666427489435,56.0,0.04425311800384995
short_term_reversal|reversal_5d|q10_minus_middle|unconstrained_beta|r21|ensemble,short_term_reversal|reversal_5d,short_term_reversal,reversal_5d,5,upper_tail_exploratory_lead,upper_tail,q10_minus_middle,market_neutral,False,21,ensemble,3,199.33333333333334,0.0,0.0,,10,self_financing_spread_return,4181,0.0031905382863159915,0.09404761483425544,0.08082194897391597,-0.33503218973297677,0.485,0.6470588235294118,-0.02097900482164553,-0.963403809481507,0.19230242743239803,0.12562369816648103,0.5944778387633035,2.002690191660738,-3.6223657576184336e-05,35.261932152595676,0.035261932152595675,17,0.021733630484885125,,,,209.87666427489435,56.0,0.04425311800384995
short_term_reversal|reversal_5d|q10_minus_middle|unconstrained_beta|r21|ensemble,short_term_reversal|reversal_5d,short_term_reversal,reversal_5d,5,upper_tail_exploratory_lead,upper_tail,q10_minus_middle,market_neutral,False,21,ensemble,3,199.33333333333334,0.0,0.0,,25,self_financing_spread_return,4181,-0.04857866504677577,0.09475483809141885,-0.47817932750085085,-0.6446582398558911,0.385,0.17647058823529413,-0.07385127124087915,-3.371290958092246,0.19204237031501792,0.12562369816648103,0.5944778387633035,2.002690191660738,-3.6223657576184336e-05,35.261932152595676,0.08815483038148919,17,0.021733630484885125,,,,209.87666427489435,56.0,0.04425311800384995
short_term_reversal|reversal_5d|q10_minus_middle|unconstrained_beta|r63|ensemble,short_term_reversal|reversal_5d,short_term_reversal,reversal_5d,5,upper_tail_exploratory_lead,upper_tail,q10_minus_middle,market_neutral,False,63,ensemble,3,66.33333333333333,0.0,0.0,,0,self_financing_spread_return,4181,0.01364023968469441,0.08475379654590424,0.20214672713568768,-0.20832328579647053,0.52,0.5294117647058824,-0.006478540253856518,-0.33675123446569766,0.15886916823576067,0.12718720213779067,0.8388840795048406,2.0143667330165793,-0.0018962146658055717,11.857239033866433,0.0,21,0.02680173006055019,,,,208.3328549788727,56.0,0.046571014080090616
short_term_reversal|reversal_5d|q10_minus_middle|unconstrained_beta|r63|ensemble,short_term_reversal|reversal_5d,short_term_reversal,reversal_5d,5,upper_tail_exploratory_lead,upper_tail,q10_minus_middle,market_neutral,False,63,ensemble,3,66.33333333333333,0.0,0.0,,5,self_financing_spread_return,4181,0.007647056766799221,0.08474564453511774,0.13218111192077303,-0.2254996994493893,0.515,0.5294117647058824,-0.012405089385529047,-0.6453762050034386,0.15883969772403472,0.12718720213779067,0.8388840795048406,2.0143667330165793,-0.0018962146658055717,11.857239033866433,0.005928619516933217,21,0.02680173006055019,,,,208.3328549788727,56.0,0.046571014080090616
short_term_reversal|reversal_5d|q10_minus_middle|unconstrained_beta|r63|ensemble,short_term_reversal|reversal_5d,short_term_reversal,reversal_5d,5,upper_tail_exploratory_lead,upper_tail,q10_minus_middle,market_neutral,False,63,ensemble,3,66.33333333333333,0.0,0.0,,10,self_financing_spread_return,4181,0.0016863753640836698,0.08477039669052652,0.062177890771857085,-0.2505162805069747,0.505,0.5294117647058824,-0.0183316385172014,-0.9539626063172093,0.15881022721230892,0.12718720213779067,0.8388840795048406,2.0143667330165793,-0.0018962146658055717,11.857239033866433,0.011857239033866434,21,0.02680173006055019,,,,208.3328549788727,56.0,0.046571014080090616
short_term_reversal|reversal_5d|q10_minus_middle|unconstrained_beta|r63|ensemble,short_term_reversal|reversal_5d,short_term_reversal,reversal_5d,5,upper_tail_exploratory_lead,upper_tail,q10_minus_middle,market_neutral,False,63,ensemble,3,66.33333333333333,0.0,0.0,,25,self_financing_spread_return,4181,-0.016002259807874397,0.08504159987483473,-0.14724490989434913,-0.333094349723855,0.465,0.4117647058823529,-0.036111285912218655,-1.8738749794759697,0.1587218156771314,0.12718720213779067,0.8388840795048406,2.0143667330165793,-0.0018962146658055717,11.857239033866433,0.029643097584666083,21,0.02680173006055019,,,,208.3328549788727,56.0,0.046571014080090616
short_term_reversal|reversal_5d|q10_minus_middle|beta_neutral|r1|ensemble,short_term_reversal|reversal_5d,short_term_reversal,reversal_5d,5,upper_tail_exploratory_lead,upper_tail,q10_minus_middle,market_neutral,True,1,ensemble,1,4181.0,0.0,4181.0,1.0,0,self_financing_spread_return,4181,0.03278211562965083,0.1135656491445689,0.34074032340161514,-0.43310600728933546,0.51,0.5882352941176471,0.028698717065344746,1.0286929669402285,0.06726977271859286,-2.0366715768240017e-18,6.938893903907228e-16,2.0,-0.10791504439474327,409.57726415764563,0.0,0,0.0,,,,210.2169337479072,168.0,0.03748708659809795
short_term_reversal|reversal_5d|q10_minus_middle|beta_neutral|r1|ensemble,short_term_reversal|reversal_5d,short_term_reversal,reversal_5d,5,upper_tail_exploratory_lead,upper_tail,q10_minus_middle,market_neutral,True,1,ensemble,1,4181.0,0.0,4181.0,1.0,5,self_financing_spread_return,4181,-0.15854169616205838,0.11353784345501804,-1.4631232149713689,-0.9512484547972582,0.245,0.11764705882352941,-0.17609214952267715,-6.37417334332048,0.06709897571588472,-2.0366715768240017e-18,6.938893903907228e-16,2.0,-0.10791504439474327,409.57726415764563,0.2047886320788228,0,0.0,,,,210.2169337479072,168.0,0.03748708659809795
short_term_reversal|reversal_5d|q10_minus_middle|beta_neutral|r1|ensemble,short_term_reversal|reversal_5d,short_term_reversal,reversal_5d,5,upper_tail_exploratory_lead,upper_tail,q10_minus_middle,market_neutral,True,1,ensemble,1,4181.0,0.0,4181.0,1.0,10,self_financing_spread_return,4181,-0.31454123541610024,0.11356588874467899,-3.266263392913914,-0.9982974061247194,0.095,0.0,-0.3808830161106996,-13.914986775913386,0.06692817871317672,-2.0366715768240017e-18,6.938893903907228e-16,2.0,-0.10791504439474327,409.57726415764563,0.4095772641576456,0,0.0,,,,210.2169337479072,168.0,0.03748708659809795
short_term_reversal|reversal_5d|q10_minus_middle|beta_neutral|r1|ensemble,short_term_reversal|reversal_5d,short_term_reversal,reversal_5d,5,upper_tail_exploratory_lead,upper_tail,q10_minus_middle,market_neutral,True,1,ensemble,1,4181.0,0.0,4181.0,1.0,25,self_financing_spread_return,4181,-0.6298521241356616,0.1139843077410626,-8.644916798459155,-0.9999999354475072,0.02,0.0,-0.9952556158747652,-37.236798494013456,0.06641578770505248,-2.0366715768240017e-18,6.938893903907228e-16,2.0,-0.10791504439474327,409.57726415764563,1.023943160394114,0,0.0,,,,210.2169337479072,168.0,0.03748708659809795
short_term_reversal|reversal_5d|q10_minus_middle|beta_neutral|r5|ensemble,short_term_reversal|reversal_5d,short_term_reversal,reversal_5d,5,upper_tail_exploratory_lead,upper_tail,q10_minus_middle,market_neutral,True,5,ensemble,3,836.3333333333334,0.0,836.3333333333334,1.0,0,self_financing_spread_return,4181,0.032764577412432105,0.09116884705541599,0.3991658048059429,-0.20657188327829878,0.59,0.7058823529411765,0.031997982159855665,1.3570299307427192,0.029561863328278325,0.0009075823136662079,0.21367995450494512,2.0010493720530884,-0.10682052686585508,147.11392868793848,0.0,14,0.005834971293718227,,,,210.0635414175237,56.0,0.03605946573593009
short_term_reversal|reversal_5d|q10_minus_middle|beta_neutral|r5|ensemble,short_term_reversal|reversal_5d,short_term_reversal,reversal_5d,5,upper_tail_exploratory_lead,upper_tail,q10_minus_middle,market_neutral,True,5,ensemble,3,836.3333333333334,0.0,836.3333333333334,1.0,5,self_financing_spread_return,4181,-0.040493023160239505,0.09116932830176808,-0.4078224313289022,-0.5776669553945244,0.475,0.17647058823529413,-0.04150718620032848,-1.7634275974809428,0.02910960472368803,0.0009075823136662079,0.21367995450494512,2.0010493720530884,-0.10682052686585508,147.11392868793848,0.07355696434396924,14,0.005834971293718227,,,,210.0635414175237,56.0,0.03605946573593009
short_term_reversal|reversal_5d|q10_minus_middle|beta_neutral|r5|ensemble,short_term_reversal|reversal_5d,short_term_reversal,reversal_5d,5,upper_tail_exploratory_lead,upper_tail,q10_minus_middle,market_neutral,True,5,ensemble,3,836.3333333333334,0.0,836.3333333333334,1.0,10,self_financing_spread_return,4181,-0.1085863012029864,0.09132879862261299,-1.2126873684943287,-0.8645003384919228,0.31,0.11764705882352941,-0.1150123545605128,-4.8934410579334395,0.028657346119097628,0.0009075823136662079,0.21367995450494512,2.0010493720530884,-0.10682052686585508,147.11392868793848,0.1471139286879385,14,0.005834971293718227,,,,210.0635414175237,56.0,0.03605946573593009
short_term_reversal|reversal_5d|q10_minus_middle|beta_neutral|r5|ensemble,short_term_reversal|reversal_5d,short_term_reversal,reversal_5d,5,upper_tail_exploratory_lead,upper_tail,q10_minus_middle,market_neutral,True,5,ensemble,3,836.3333333333334,0.0,836.3333333333334,1.0,25,self_financing_spread_return,4181,-0.28537396834081596,0.09274885591772755,-3.5738492642938917,-0.9964388205195982,0.095,0.0,-0.3355278596410661,-14.312077461037871,0.027300570305326195,0.0009075823136662079,0.21367995450494512,2.0010493720530884,-0.10682052686585508,147.11392868793848,0.3677848217198462,14,0.005834971293718227,,,,210.0635414175237,56.0,0.03605946573593009
short_term_reversal|reversal_5d|q10_minus_middle|beta_neutral|r21|ensemble,short_term_reversal|reversal_5d,short_term_reversal,reversal_5d,5,upper_tail_exploratory_lead,upper_tail,q10_minus_middle,market_neutral,True,21,ensemble,3,199.33333333333334,0.0,199.33333333333334,1.0,0,self_financing_spread_return,4181,0.018430938725662482,0.07926984732116922,0.2700006738063642,-0.26319837833451243,0.51,0.7058823529411765,0.019026866998659804,0.9667486533921162,0.015987312726804176,0.0018706192420166693,0.2319079706289143,2.004028101755764,-0.10656087189319163,35.40403698326008,0.0,17,0.02251221395662763,,,,209.45156661085863,56.0,0.04073103824322533
short_term_reversal|reversal_5d|q10_minus_middle|beta_neutral|r21|ensemble,short_term_reversal|reversal_5d,short_term_reversal,reversal_5d,5,upper_tail_exploratory_lead,upper_tail,q10_minus_middle,market_neutral,True,21,ensemble,3,199.33333333333334,0.0,199.33333333333334,1.0,5,self_financing_spread_return,4181,0.0005569231764601668,0.07930582684533903,0.04664164090923307,-0.31246930555974495,0.475,0.5882352941176471,0.0013315056685631252,0.06765027849410217,0.01592946773664558,0.0018706192420166693,0.2319079706289143,2.004028101755764,-0.10656087189319163,35.40403698326008,0.01770201849163004,17,0.02251221395662763,,,,209.45156661085863,56.0,0.04073103824322533
short_term_reversal|reversal_5d|q10_minus_middle|beta_neutral|r21|ensemble,short_term_reversal|reversal_5d,short_term_reversal,reversal_5d,5,upper_tail_exploratory_lead,upper_tail,q10_minus_middle,market_neutral,True,21,ensemble,3,199.33333333333334,0.0,199.33333333333334,1.0,10,self_financing_spread_return,4181,-0.017011972823933963,0.07943599955048365,-0.17630550975672477,-0.39748077941151294,0.44,0.5294117647058824,-0.016363855661533484,-0.8305657372239944,0.015871622746486874,0.0018706192420166693,0.2319079706289143,2.004028101755764,-0.10656087189319163,35.40403698326008,0.03540403698326008,17,0.02251221395662763,,,,209.45156661085863,56.0,0.04073103824322533
short_term_reversal|reversal_5d|q10_minus_middle|beta_neutral|r21|ensemble,short_term_reversal|reversal_5d,short_term_reversal,reversal_5d,5,upper_tail_exploratory_lead,upper_tail,q10_minus_middle,market_neutral,True,21,ensemble,3,199.33333333333334,0.0,199.33333333333334,1.0,25,self_financing_spread_return,4181,-0.06793815729885844,0.08038544543280085,-0.8349382018966303,-0.7276548681470467,0.315,0.058823529411764705,-0.0694499396518234,-3.494393296786948,0.015698087776010772,0.0018706192420166693,0.2319079706289143,2.004028101755764,-0.10656087189319163,35.40403698326008,0.08851009245815018,17,0.02251221395662763,,,,209.45156661085863,56.0,0.04073103824322533
short_term_reversal|reversal_5d|q10_minus_middle|beta_neutral|r63|ensemble,short_term_reversal|reversal_5d,short_term_reversal,reversal_5d,5,upper_tail_exploratory_lead,upper_tail,q10_minus_middle,market_neutral,True,63,ensemble,3,66.33333333333333,0.0,66.33333333333333,1.0,0,self_financing_spread_return,4181,-0.0010579263407430872,0.07491459312210443,0.02327958126757363,-0.24297465274437935,0.515,0.5294117647058824,0.00026268504619614584,0.014292500998646485,0.009966953278419868,0.005499250486306282,0.21540175374888829,2.0178183433215673,-0.10256750690247389,11.91088791768252,0.0,21,0.02545410809629356,,,,207.8900581997927,56.0,0.04766531038259314
short_term_reversal|reversal_5d|q10_minus_middle|beta_neutral|r63|ensemble,short_term_reversal|reversal_5d,short_term_reversal,reversal_5d,5,upper_tail_exploratory_lead,upper_tail,q10_minus_middle,market_neutral,True,63,ensemble,3,66.33333333333333,0.0,66.33333333333333,1.0,5,self_financing_spread_return,4181,-0.006990859048274345,0.07491112695892982,-0.05624067275284019,-0.28046053003651517,0.5,0.47058823529411764,-0.005690772219571494,-0.30980401016387277,0.009942896936212973,0.005499250486306282,0.21540175374888829,2.0178183433215673,-0.10256750690247389,11.91088791768252,0.00595544395884126,21,0.02545410809629356,,,,207.8900581997927,56.0,0.04766531038259314
short_term_reversal|reversal_5d|q10_minus_middle|beta_neutral|r63|ensemble,short_term_reversal|reversal_5d,short_term_reversal,reversal_5d,5,upper_tail_exploratory_lead,upper_tail,q10_minus_middle,market_neutral,True,63,ensemble,3,66.33333333333333,0.0,66.33333333333333,1.0,10,self_financing_spread_return,4181,-0.012891477188926359,0.07494528404259115,-0.13570012899838985,-0.317096590571597,0.49,0.4117647058823529,-0.011644229485339165,-0.6338350698804212,0.009918840594006093,0.005499250486306282,0.21540175374888829,2.0178183433215673,-0.10256750690247389,11.91088791768252,0.01191088791768252,21,0.02545410809629356,,,,207.8900581997927,56.0,0.04766531038259314
short_term_reversal|reversal_5d|q10_minus_middle|beta_neutral|r63|ensemble,short_term_reversal|reversal_5d,short_term_reversal,reversal_5d,5,upper_tail_exploratory_lead,upper_tail,q10_minus_middle,market_neutral,True,63,ensemble,3,66.33333333333333,0.0,66.33333333333333,1.0,25,self_financing_spread_return,4181,-0.030401041668833617,0.07527270052479781,-0.3725279168087449,-0.45619429461261063,0.455,0.29411764705882354,-0.02950460128264221,-1.5990151341292047,0.009846671567385348,0.005499250486306282,0.21540175374888829,2.0178183433215673,-0.10256750690247389,11.91088791768252,0.029777219794206302,21,0.02545410809629356,,,,207.8900581997927,56.0,0.04766531038259314
short_term_reversal|reversal_5d|q10_minus_q1|unconstrained_beta|r1|ensemble,short_term_reversal|reversal_5d,short_term_reversal,reversal_5d,5,upper_tail_exploratory_lead,upper_tail,q10_minus_q1,market_neutral,False,1,ensemble,1,4181.0,0.0,0.0,,0,self_financing_spread_return,4181,0.1134815089361787,0.2098557222866032,0.6167983955712223,-0.5417141392135407,0.58,0.7647058823529411,0.08306502960462643,1.6861783648318742,0.3120268667905975,-0.013229224081103039,1.4557114804470934,2.0,1.9309741825391197e-18,406.19168669633495,0.0,0,0.0,,,,84.12030614685482,67.0,0.030303030303030304
short_term_reversal|reversal_5d|q10_minus_q1|unconstrained_beta|r1|ensemble,short_term_reversal|reversal_5d,short_term_reversal,reversal_5d,5,upper_tail_exploratory_lead,upper_tail,q10_minus_q1,market_neutral,False,1,ensemble,1,4181.0,0.0,0.0,,5,self_financing_spread_return,4181,-0.09125380725479204,0.20975866423673617,-0.3515990307197624,-0.8791020273407422,0.395,0.23529411764705882,-0.12006018311427133,-2.4529071180735236,0.3115935278885647,-0.013229224081103039,1.4557114804470934,2.0,1.9309741825391197e-18,406.19168669633495,0.20309584334816747,0,0.0,,,,84.12030614685482,67.0,0.030303030303030304
short_term_reversal|reversal_5d|q10_minus_q1|unconstrained_beta|r1|ensemble,short_term_reversal|reversal_5d,short_term_reversal,reversal_5d,5,upper_tail_exploratory_lead,upper_tail,q10_minus_q1,market_neutral,False,1,ensemble,1,4181.0,0.0,0.0,,10,self_financing_spread_return,4181,-0.2584710491438551,0.2096932017161967,-1.3206940263330635,-0.9951158163609255,0.235,0.058823529411764705,-0.3231853958331704,-6.644549358328645,0.31116018898653286,-0.013229224081103039,1.4557114804470934,2.0,1.9309741825391197e-18,406.19168669633495,0.40619168669633493,0,0.0,,,,84.12030614685482,67.0,0.030303030303030304
short_term_reversal|reversal_5d|q10_minus_q1|unconstrained_beta|r1|ensemble,short_term_reversal|reversal_5d,short_term_reversal,reversal_5d,5,upper_tail_exploratory_lead,upper_tail,q10_minus_q1,market_neutral,False,1,ensemble,1,4181.0,0.0,0.0,,25,self_financing_spread_return,4181,-0.5975250939552335,0.20968661183487575,-4.227782587678613,-0.9999997845619684,0.045,0.0,-0.9325610339898646,-19.51937914495103,0.3098601722804348,-0.013229224081103039,1.4557114804470934,2.0,1.9309741825391197e-18,406.19168669633495,1.0154792167408373,0,0.0,,,,84.12030614685482,67.0,0.030303030303030304
short_term_reversal|reversal_5d|q10_minus_q1|unconstrained_beta|r5|ensemble,short_term_reversal|reversal_5d,short_term_reversal,reversal_5d,5,upper_tail_exploratory_lead,upper_tail,q10_minus_q1,market_neutral,False,5,ensemble,3,836.3333333333334,0.0,0.0,,0,self_financing_spread_return,4181,0.07834271243545121,0.16980084506236653,0.5287846465077729,-0.49740007092823746,0.575,0.7647058823529411,0.05339838537001944,1.2796526740772518,0.24484947833422488,-0.01090208943374514,1.2473982793007672,1.9997836766225494,0.0006598294898254716,176.0537011482749,0.0,4,0.01570504327732677,,,,84.05126365303357,22.333333333333332,0.03731811873762176
short_term_reversal|reversal_5d|q10_minus_q1|unconstrained_beta|r5|ensemble,short_term_reversal|reversal_5d,short_term_reversal,reversal_5d,5,upper_tail_exploratory_lead,upper_tail,q10_minus_q1,market_neutral,False,5,ensemble,3,836.3333333333334,0.0,0.0,,5,self_financing_spread_return,4181,-0.012547850472641509,0.16970541773753964,0.010093758444901131,-0.5941761681013269,0.485,0.5294117647058824,-0.03458290560214617,-0.830000599383984,0.24421818414754307,-0.01090208943374514,1.2473982793007672,1.9997836766225494,0.0006598294898254716,176.0537011482749,0.08802685057413746,4,0.01570504327732677,,,,84.05126365303357,22.333333333333332,0.03731811873762176
short_term_reversal|reversal_5d|q10_minus_q1|unconstrained_beta|r5|ensemble,short_term_reversal|reversal_5d,short_term_reversal,reversal_5d,5,upper_tail_exploratory_lead,upper_tail,q10_minus_q1,market_neutral,False,5,ensemble,3,836.3333333333334,0.0,0.0,,10,self_financing_spread_return,4181,-0.09582405528833127,0.16973201474763325,-0.5088147275843332,-0.8620754807214771,0.365,0.058823529411764705,-0.12256419657431179,-2.945620654007195,0.24358688996086175,-0.01090208943374514,1.2473982793007672,1.9997836766225494,0.0006598294898254716,176.0537011482749,0.17605370114827493,4,0.01570504327732677,,,,84.05126365303357,22.333333333333332,0.03731811873762176
short_term_reversal|reversal_5d|q10_minus_q1|unconstrained_beta|r5|ensemble,short_term_reversal|reversal_5d,short_term_reversal,reversal_5d,5,upper_tail_exploratory_lead,upper_tail,q10_minus_q1,market_neutral,False,5,ensemble,3,836.3333333333334,0.0,0.0,,25,self_financing_spread_return,4181,-0.30604840881544315,0.1705420712439551,-2.0557243694045746,-0.9980961276773364,0.15,0.0,-0.38650806949080885,-9.320001494842515,0.24169300740081684,-0.01090208943374514,1.2473982793007672,1.9997836766225494,0.0006598294898254716,176.0537011482749,0.4401342528706873,4,0.01570504327732677,,,,84.05126365303357,22.333333333333332,0.03731811873762176
short_term_reversal|reversal_5d|q10_minus_q1|unconstrained_beta|r21|ensemble,short_term_reversal|reversal_5d,short_term_reversal,reversal_5d,5,upper_tail_exploratory_lead,upper_tail,q10_minus_q1,market_neutral,False,21,ensemble,3,199.33333333333334,0.0,0.0,,0,self_financing_spread_return,4181,0.04350949317212649,0.13252309686934138,0.3873890714843213,-0.34878975412520075,0.575,0.7647058823529411,0.029888325011415404,0.9296424831453657,0.14432497093907315,-0.019681497116486434,1.3116505802629383,2.003063017667744,3.1096889502508544e-05,42.18245828789095,0.0,7,0.008099022848216134,,,,83.78019612532887,22.333333333333332,0.04537486888308075
short_term_reversal|reversal_5d|q10_minus_q1|unconstrained_beta|r21|ensemble,short_term_reversal|reversal_5d,short_term_reversal,reversal_5d,5,upper_tail_exploratory_lead,upper_tail,q10_minus_q1,market_neutral,False,21,ensemble,3,199.33333333333334,0.0,0.0,,5,self_financing_spread_return,4181,0.021724746888554636,0.13252510681738952,0.22817785966074428,-0.39713528171220147,0.56,0.6470588235294118,0.008804682408417171,0.27385035315101186,0.14422362825135282,-0.019681497116486434,1.3116505802629383,2.003063017667744,3.1096889502508544e-05,42.18245828789095,0.021091229143945473,7,0.008099022848216134,,,,83.78019612532887,22.333333333333332,0.04537486888308075
short_term_reversal|reversal_5d|q10_minus_q1|unconstrained_beta|r21|ensemble,short_term_reversal|reversal_5d,short_term_reversal,reversal_5d,5,upper_tail_exploratory_lead,upper_tail,q10_minus_q1,market_neutral,False,21,ensemble,3,199.33333333333334,0.0,0.0,,10,self_financing_spread_return,4181,0.0003823972881049631,0.13260720168077803,0.06892982347497018,-0.4620710879954272,0.52,0.5882352941176471,-0.01227896019458122,-0.38170252525837123,0.14412228556363235,-0.019681497116486434,1.3116505802629383,2.003063017667744,3.1096889502508544e-05,42.18245828789095,0.042182458287890946,7,0.008099022848216134,,,,83.78019612532887,22.333333333333332,0.04537486888308075
short_term_reversal|reversal_5d|q10_minus_q1|unconstrained_beta|r21|ensemble,short_term_reversal|reversal_5d,short_term_reversal,reversal_5d,5,upper_tail_exploratory_lead,upper_tail,q10_minus_q1,market_neutral,False,21,ensemble,3,199.33333333333334,0.0,0.0,,25,self_financing_spread_return,4181,-0.06107675953630343,0.13333179495042766,-0.4061710988094152,-0.7252394063442624,0.415,0.23529411764705882,-0.0755298880035761,-2.3369851649998945,0.14381825750047122,-0.019681497116486434,1.3116505802629383,2.003063017667744,3.1096889502508544e-05,42.18245828789095,0.10545614571972738,7,0.008099022848216134,,,,83.78019612532887,22.333333333333332,0.04537486888308075
short_term_reversal|reversal_5d|q10_minus_q1|unconstrained_beta|r63|ensemble,short_term_reversal|reversal_5d,short_term_reversal,reversal_5d,5,upper_tail_exploratory_lead,upper_tail,q10_minus_q1,market_neutral,False,63,ensemble,3,66.33333333333333,0.0,0.0,,0,self_financing_spread_return,4181,0.0006547048248073395,0.1181148812502839,0.06447945667269629,-0.3160360392163112,0.57,0.5294117647058824,-0.0020941123154133265,-0.07538824188224415,0.0653347574839055,-0.019372015449748106,1.4052988400558586,2.024298045076137,-0.004389460588747009,14.253171290985064,0.0,8,0.029520371708630287,,,,83.13401897472694,22.333333333333332,0.057082533746427
short_term_reversal|reversal_5d|q10_minus_q1|unconstrained_beta|r63|ensemble,short_term_reversal|reversal_5d,short_term_reversal,reversal_5d,5,upper_tail_exploratory_lead,upper_tail,q10_minus_q1,market_neutral,False,63,ensemble,3,66.33333333333333,0.0,0.0,,5,self_financing_spread_return,4181,-0.006453301919615906,0.11812781147347534,0.004139883747436112,-0.3345499407755438,0.56,0.47058823529411764,-0.009216625094736015,-0.3320665900905456,0.06530491519008863,-0.019372015449748106,1.4052988400558586,2.024298045076137,-0.004389460588747009,14.253171290985064,0.007126585645492531,8,0.029520371708630287,,,,83.13401897472694,22.333333333333332,0.057082533746427
short_term_reversal|reversal_5d|q10_minus_q1|unconstrained_beta|r63|ensemble,short_term_reversal|reversal_5d,short_term_reversal,reversal_5d,5,upper_tail_exploratory_lead,upper_tail,q10_minus_q1,market_neutral,False,63,ensemble,3,66.33333333333333,0.0,0.0,,10,self_financing_spread_return,4181,-0.013515002924734176,0.11817490538944805,-0.05617023794031609,-0.39825872009965924,0.555,0.47058823529411764,-0.01633913787405844,-0.5889101281967456,0.0652750728962717,-0.019372015449748106,1.4052988400558586,2.024298045076137,-0.004389460588747009,14.253171290985064,0.014253171290985063,8,0.029520371708630287,,,,83.13401897472694,22.333333333333332,0.057082533746427
short_term_reversal|reversal_5d|q10_minus_q1|unconstrained_beta|r63|ensemble,short_term_reversal|reversal_5d,short_term_reversal,reversal_5d,5,upper_tail_exploratory_lead,upper_tail,q10_minus_q1,market_neutral,False,63,ensemble,3,66.33333333333333,0.0,0.0,,25,self_financing_spread_return,4181,-0.03442500839918827,0.11852061433340641,-0.23640407700636687,-0.5615280104680467,0.53,0.35294117647058826,-0.03770667621202599,-1.3571822610183142,0.06518554601482109,-0.019372015449748106,1.4052988400558586,2.024298045076137,-0.004389460588747009,14.253171290985064,0.035632928227462654,8,0.029520371708630287,,,,83.13401897472694,22.333333333333332,0.057082533746427
short_term_reversal|reversal_5d|q10_minus_q1|beta_neutral|r1|ensemble,short_term_reversal|reversal_5d,short_term_reversal,reversal_5d,5,upper_tail_exploratory_lead,upper_tail,q10_minus_q1,market_neutral,True,1,ensemble,1,4181.0,0.0,4181.0,1.0,0,self_financing_spread_return,4181,0.12239595376078483,0.17550097831361555,0.7450839167929767,-0.3208492772275724,0.585,0.5882352941176471,0.11144903445942038,2.5993629879195295,0.12995447647054414,-4.135371653925099e-18,6.661338147750939e-16,2.0,0.01106860624463626,431.1651807454875,0.0,0,0.0,,,,83.77302080841903,67.0,0.04328352494126589
short_term_reversal|reversal_5d|q10_minus_q1|beta_neutral|r1|ensemble,short_term_reversal|reversal_5d,short_term_reversal,reversal_5d,5,upper_tail_exploratory_lead,upper_tail,q10_minus_q1,market_neutral,True,1,ensemble,1,4181.0,0.0,4181.0,1.0,5,self_financing_spread_return,4181,-0.09535572938272019,0.17542352899702268,-0.4841046131031766,-0.8697775586504936,0.395,0.11764705882352941,-0.10420596330796995,-2.448237822935528,0.12974388537979398,-4.135371653925099e-18,6.661338147750939e-16,2.0,0.01106860624463626,431.1651807454875,0.21558259037274374,0,0.0,,,,83.77302080841903,67.0,0.04328352494126589
short_term_reversal|reversal_5d|q10_minus_q1|beta_neutral|r1|ensemble,short_term_reversal|reversal_5d,short_term_reversal,reversal_5d,5,upper_tail_exploratory_lead,upper_tail,q10_minus_q1,market_neutral,True,1,ensemble,1,4181.0,0.0,4181.0,1.0,10,self_financing_spread_return,4181,-0.27100319514239235,0.17539480984169406,-1.713902685392023,-0.9961486716221178,0.19,0.058823529411764705,-0.31986096107536005,-7.567657992041353,0.12953329428904362,-4.135371653925099e-18,6.661338147750939e-16,2.0,0.01106860624463626,431.1651807454875,0.4311651807454875,0,0.0,,,,83.77302080841903,67.0,0.04328352494126589
short_term_reversal|reversal_5d|q10_minus_q1|beta_neutral|r1|ensemble,short_term_reversal|reversal_5d,short_term_reversal,reversal_5d,5,upper_tail_exploratory_lead,upper_tail,q10_minus_q1,market_neutral,True,1,ensemble,1,4181.0,0.0,4181.0,1.0,25,self_financing_spread_return,4181,-0.6189660534793455,0.17560106959161287,-5.396712706061913,-0.9999999090248733,0.05,0.0,-0.9668259543775305,-23.314027160672214,0.12890152101679342,-4.135371653925099e-18,6.661338147750939e-16,2.0,0.01106860624463626,431.1651807454875,1.0779129518637187,0,0.0,,,,83.77302080841903,67.0,0.04328352494126589
short_term_reversal|reversal_5d|q10_minus_q1|beta_neutral|r5|ensemble,short_term_reversal|reversal_5d,short_term_reversal,reversal_5d,5,upper_tail_exploratory_lead,upper_tail,q10_minus_q1,market_neutral,True,5,ensemble,3,836.3333333333334,0.0,836.3333333333334,1.0,0,self_financing_spread_return,4181,0.0702593215793248,0.1406539222712778,0.5529171452659148,-0.3135109748944599,0.565,0.8235294117647058,0.06689695154172395,1.8759002942010952,0.07315949624609164,0.0016082563045836098,0.26529218124095016,1.9998901200462298,0.010660765167479965,178.18840188106844,0.0,4,0.014885536916430783,,,,83.70405804034122,22.333333333333332,0.04389392531363485
short_term_reversal|reversal_5d|q10_minus_q1|beta_neutral|r5|ensemble,short_term_reversal|reversal_5d,short_term_reversal,reversal_5d,5,upper_tail_exploratory_lead,upper_tail,q10_minus_q1,market_neutral,True,5,ensemble,3,836.3333333333334,0.0,836.3333333333334,1.0,5,self_financing_spread_return,4181,-0.0209960321030489,0.14061291944133666,-0.08079769469704123,-0.511385464125052,0.435,0.4117647058823529,-0.0221480389427975,-0.6218533299827673,0.07257966827591084,0.0016082563045836098,0.26529218124095016,1.9998901200462298,0.010660765167479965,178.18840188106844,0.08909420094053422,4,0.014885536916430783,,,,83.70405804034122,22.333333333333332,0.04389392531363485
short_term_reversal|reversal_5d|q10_minus_q1|beta_neutral|r5|ensemble,short_term_reversal|reversal_5d,short_term_reversal,reversal_5d,5,upper_tail_exploratory_lead,upper_tail,q10_minus_q1,market_neutral,True,5,ensemble,3,836.3333333333334,0.0,836.3333333333334,1.0,10,self_financing_spread_return,4181,-0.10451776958392411,0.14072278344079375,-0.7141158111467448,-0.8761107553571892,0.345,0.058823529411764705,-0.11119302942731871,-3.125350464947693,0.0719998403057298,0.0016082563045836098,0.26529218124095016,1.9998901200462298,0.010660765167479965,178.18840188106844,0.17818840188106844,4,0.014885536916430783,,,,83.70405804034122,22.333333333333332,0.04389392531363485
short_term_reversal|reversal_5d|q10_minus_q1|beta_neutral|r5|ensemble,short_term_reversal|reversal_5d,short_term_reversal,reversal_5d,5,upper_tail_exploratory_lead,upper_tail,q10_minus_q1,market_neutral,True,5,ensemble,3,836.3333333333334,0.0,836.3333333333334,1.0,25,self_financing_spread_return,4181,-0.31492710529799983,0.14195166849239857,-2.5916275819460286,-0.9984207895978285,0.15,0.058823529411764705,-0.3783280008808832,-10.656278016974468,0.07026035639518712,0.0016082563045836098,0.26529218124095016,1.9998901200462298,0.010660765167479965,178.18840188106844,0.44547100470267115,4,0.014885536916430783,,,,83.70405804034122,22.333333333333332,0.04389392531363485
short_term_reversal|reversal_5d|q10_minus_q1|beta_neutral|r21|ensemble,short_term_reversal|reversal_5d,short_term_reversal,reversal_5d,5,upper_tail_exploratory_lead,upper_tail,q10_minus_q1,market_neutral,True,21,ensemble,3,199.33333333333334,0.0,199.33333333333334,1.0,0,self_financing_spread_return,4181,0.049099051337998745,0.11413710166172909,0.476975433736633,-0.24840025815193245,0.59,0.8235294117647058,0.049952466047507166,1.7758884292501096,0.03019854106855898,0.002725177811543537,0.3607414637453276,2.001639693407785,0.019158614292518597,42.618035983551785,0.0,7,0.007385868953713661,,,,83.4134577054931,22.333333333333332,0.04679220771479581
short_term_reversal|reversal_5d|q10_minus_q1|beta_neutral|r21|ensemble,short_term_reversal|reversal_5d,short_term_reversal,reversal_5d,5,upper_tail_exploratory_lead,upper_tail,q10_minus_q1,market_neutral,True,21,ensemble,3,199.33333333333334,0.0,199.33333333333334,1.0,5,self_financing_spread_return,4181,0.02697379331423888,0.1141910323556058,0.290117824824922,-0.3099260847466251,0.55,0.6470588235294118,0.028652716648416805,1.0179988965201454,0.03011786420427519,0.002725177811543537,0.3607414637453276,2.001639693407785,0.019158614292518597,42.618035983551785,0.02130901799177589,7,0.007385868953713661,,,,83.4134577054931,22.333333333333332,0.04679220771479581
short_term_reversal|reversal_5d|q10_minus_q1|beta_neutral|r21|ensemble,short_term_reversal|reversal_5d,short_term_reversal,reversal_5d,5,upper_tail_exploratory_lead,upper_tail,q10_minus_q1,market_neutral,True,21,ensemble,3,199.33333333333334,0.0,199.33333333333334,1.0,10,self_financing_spread_return,4181,0.005302437527142878,0.114339747895166,0.10335088619690383,-0.37685803723787104,0.52,0.5882352941176471,0.00735296724932648,0.2608991190809708,0.03003718733999143,0.002725177811543537,0.3607414637453276,2.001639693407785,0.019158614292518597,42.618035983551785,0.04261803598355178,7,0.007385868953713661,,,,83.4134577054931,22.333333333333332,0.04679220771479581
short_term_reversal|reversal_5d|q10_minus_q1|beta_neutral|r21|ensemble,short_term_reversal|reversal_5d,short_term_reversal,reversal_5d,5,upper_tail_exploratory_lead,upper_tail,q10_minus_q1,market_neutral,True,21,ensemble,3,199.33333333333334,0.0,199.33333333333334,1.0,25,self_financing_spread_return,4181,-0.057077851398926294,0.11534976933290912,-0.45182669177396356,-0.6988562902410336,0.395,0.17647058823529413,-0.056546280947944616,-1.9905023547953227,0.02979515674714024,0.002725177811543537,0.3607414637453276,2.001639693407785,0.019158614292518597,42.618035983551785,0.10654508995887946,7,0.007385868953713661,,,,83.4134577054931,22.333333333333332,0.04679220771479581
short_term_reversal|reversal_5d|q10_minus_q1|beta_neutral|r63|ensemble,short_term_reversal|reversal_5d,short_term_reversal,reversal_5d,5,upper_tail_exploratory_lead,upper_tail,q10_minus_q1,market_neutral,True,63,ensemble,3,66.33333333333333,0.0,66.33333333333333,1.0,0,self_financing_spread_return,4181,0.010374830467280605,0.10504209321626064,0.1506713631416448,-0.30060037711581633,0.58,0.5294117647058824,0.01200507549908927,0.4756274406360541,0.025714860348384085,0.0018062971688126651,0.30102653647315375,2.0167944654145398,0.011561725373100845,14.349491351195285,0.0,8,0.029407917312732564,,,,82.79877222355097,22.333333333333332,0.05804425129923521
short_term_reversal|reversal_5d|q10_minus_q1|beta_neutral|r63|ensemble,short_term_reversal|reversal_5d,short_term_reversal,reversal_5d,5,upper_tail_exploratory_lead,upper_tail,q10_minus_q1,market_neutral,True,63,ensemble,3,66.33333333333333,0.0,66.33333333333333,1.0,5,self_financing_spread_return,4181,0.0031494354920802436,0.10506299192194424,0.08235113420693238,-0.332585721285505,0.58,0.5294117647058824,0.004833927314611708,0.19159513866461558,0.02569043144742384,0.0018062971688126651,0.30102653647315375,2.0167944654145398,0.011561725373100845,14.349491351195285,0.007174745675597643,8,0.029407917312732564,,,,82.79877222355097,22.333333333333332,0.05804425129923521
short_term_reversal|reversal_5d|q10_minus_q1|beta_neutral|r63|ensemble,short_term_reversal|reversal_5d,short_term_reversal,reversal_5d,5,upper_tail_exploratory_lead,upper_tail,q10_minus_q1,market_neutral,True,63,ensemble,3,66.33333333333333,0.0,66.33333333333333,1.0,10,self_financing_spread_return,4181,-0.004028573760367915,0.10512283197199164,0.014052872207053509,-0.36312617861762075,0.565,0.5294117647058824,-0.0023372208698659593,-0.09262781407538613,0.025666002546463562,0.0018062971688126651,0.30102653647315375,2.0167944654145398,0.011561725373100845,14.349491351195285,0.014349491351195285,8,0.029407917312732564,,,,82.79877222355097,22.333333333333332,0.05804425129923521
short_term_reversal|reversal_5d|q10_minus_q1|beta_neutral|r63|ensemble,short_term_reversal|reversal_5d,short_term_reversal,reversal_5d,5,upper_tail_exploratory_lead,upper_tail,q10_minus_q1,market_neutral,True,63,ensemble,3,66.33333333333333,0.0,66.33333333333333,1.0,25,self_financing_spread_return,4181,-0.02528110642897996,0.10553512224742842,-0.18995627542699056,-0.45825957955760344,0.54,0.35294117647058826,-0.02385066542329884,-0.9420379507301331,0.025592715843582792,0.0018062971688126651,0.30102653647315375,2.0167944654145398,0.011561725373100845,14.349491351195285,0.03587372837798822,8,0.029407917312732564,,,,82.79877222355097,22.333333333333332,0.05804425129923521
volatility_scaled_momentum|vsmom_12m_1m_vol60|continuous_high_minus_low|unconstrained_beta|r1|ensemble,volatility_scaled_momentum|vsmom_12m_1m_vol60,volatility_scaled_momentum,vsmom_12m_1m_vol60,1,global_fdr_rank_signal,no_stable_structure,continuous_high_minus_low,market_neutral,False,1,ensemble,1,4181.0,0.0,0.0,,0,self_financing_spread_return,4181,0.009416307100361232,0.14551270864347735,0.1379181078022176,-0.4563769830052009,0.545,0.5882352941176471,0.06005496281136907,1.9462449989387864,-0.2690482039744822,-0.12232557534748117,0.7437704072409187,2.0,-1.2654643869240042e-19,46.26472987683251,0.0,0,0.0,,,,418.32910786893086,335.0,0.011940191473340744
volatility_scaled_momentum|vsmom_12m_1m_vol60|continuous_high_minus_low|unconstrained_beta|r1|ensemble,volatility_scaled_momentum|vsmom_12m_1m_vol60,volatility_scaled_momentum,vsmom_12m_1m_vol60,1,global_fdr_rank_signal,no_stable_structure,continuous_high_minus_low,market_neutral,False,1,ensemble,1,4181.0,0.0,0.0,,5,self_financing_spread_return,4181,-0.013667010438072613,0.1455048779715583,-0.021061727316121832,-0.4941729601048618,0.53,0.5294117647058824,0.03692550079121449,1.196561254006102,-0.26907484549096194,-0.12232557534748117,0.7437704072409187,2.0,-1.2654643869240042e-19,46.26472987683251,0.023132364938416257,0,0.0,,,,418.32910786893086,335.0,0.011940191473340744
volatility_scaled_momentum|vsmom_12m_1m_vol60|continuous_high_minus_low|unconstrained_beta|r1|ensemble,volatility_scaled_momentum|vsmom_12m_1m_vol60,volatility_scaled_momentum,vsmom_12m_1m_vol60,1,global_fdr_rank_signal,no_stable_structure,continuous_high_minus_low,market_neutral,False,1,ensemble,1,4181.0,0.0,0.0,,10,self_financing_spread_return,4181,-0.036224673910228655,0.14549824268254752,-0.18005719574529916,-0.589012504070851,0.51,0.47058823529411764,0.013796038771060245,0.447000558110268,-0.2691014870074418,-0.12232557534748117,0.7437704072409187,2.0,-1.2654643869240042e-19,46.26472987683251,0.046264729876832514,0,0.0,,,,418.32910786893086,335.0,0.011940191473340744
volatility_scaled_momentum|vsmom_12m_1m_vol60|continuous_high_minus_low|unconstrained_beta|r1|ensemble,volatility_scaled_momentum|vsmom_12m_1m_vol60,volatility_scaled_momentum,vsmom_12m_1m_vol60,1,global_fdr_rank_signal,no_stable_structure,continuous_high_minus_low,market_neutral,False,1,ensemble,1,4181.0,0.0,0.0,,25,self_financing_spread_return,4181,-0.10086159904926473,0.14548551060120424,-0.6570982200845789,-0.8394930758652999,0.43,0.17647058823529413,-0.055592347289403404,-1.8001771624022287,-0.2691814115568819,-0.12232557534748117,0.7437704072409187,2.0,-1.2654643869240042e-19,46.26472987683251,0.11566182469208126,0,0.0,,,,418.32910786893086,335.0,0.011940191473340744
volatility_scaled_momentum|vsmom_12m_1m_vol60|continuous_high_minus_low|unconstrained_beta|r5|ensemble,volatility_scaled_momentum|vsmom_12m_1m_vol60,volatility_scaled_momentum,vsmom_12m_1m_vol60,1,global_fdr_rank_signal,no_stable_structure,continuous_high_minus_low,market_neutral,False,5,ensemble,3,836.3333333333334,0.0,0.0,,0,self_financing_spread_return,4181,0.0006531096662394376,0.14523567389399622,0.07783423741092262,-0.4603869004297334,0.54,0.5882352941176471,0.04991177647994082,1.6132687359422624,-0.25977185781894774,-0.1229164182435122,0.7714494492817887,2.001654344005159,0.00016036165687084163,21.11838880881148,0.0,4,0.01749542320495669,,,,418.02870126763935,111.66666666666667,0.015465033730802066
volatility_scaled_momentum|vsmom_12m_1m_vol60|continuous_high_minus_low|unconstrained_beta|r5|ensemble,volatility_scaled_momentum|vsmom_12m_1m_vol60,volatility_scaled_momentum,vsmom_12m_1m_vol60,1,global_fdr_rank_signal,no_stable_structure,continuous_high_minus_low,market_neutral,False,5,ensemble,3,836.3333333333334,0.0,0.0,,5,self_financing_spread_return,4181,-0.009857779945780965,0.14523574479865564,0.005132606415901459,-0.4896402114132884,0.53,0.5882352941176471,0.03936614316358744,1.2724047123511617,-0.25986092140702105,-0.1229164182435122,0.7714494492817887,2.001654344005159,0.00016036165687084163,21.11838880881148,0.01055919440440574,4,0.01749542320495669,,,,418.02870126763935,111.66666666666667,0.015465033730802066
volatility_scaled_momentum|vsmom_12m_1m_vol60|continuous_high_minus_low|unconstrained_beta|r5|ensemble,volatility_scaled_momentum|vsmom_12m_1m_vol60,volatility_scaled_momentum,vsmom_12m_1m_vol60,1,global_fdr_rank_signal,no_stable_structure,continuous_high_minus_low,market_neutral,False,5,ensemble,3,836.3333333333334,0.0,0.0,,10,self_financing_spread_return,4181,-0.02025903034123866,0.1452381631105977,-0.06756786151160342,-0.525949176390591,0.53,0.5294117647058824,0.028820509847234506,0.9315323955219039,-0.2599499849950947,-0.1229164182435122,0.7714494492817887,2.001654344005159,0.00016036165687084163,21.11838880881148,0.02111838880881148,4,0.01749542320495669,,,,418.02870126763935,111.66666666666667,0.015465033730802066
volatility_scaled_momentum|vsmom_12m_1m_vol60|continuous_high_minus_low|unconstrained_beta|r5|ensemble,volatility_scaled_momentum|vsmom_12m_1m_vol60,volatility_scaled_momentum,vsmom_12m_1m_vol60,1,global_fdr_rank_signal,no_stable_structure,continuous_high_minus_low,market_neutral,False,5,ensemble,3,836.3333333333334,0.0,0.0,,25,self_financing_spread_return,4181,-0.05081624449944355,0.1452595007486999,-0.2856270460650955,-0.652052026775213,0.485,0.35294117647058826,-0.0028163901018244735,-0.09102107663858683,-0.2602171757593153,-0.1229164182435122,0.7714494492817887,2.001654344005159,0.00016036165687084163,21.11838880881148,0.05279597202202871,4,0.01749542320495669,,,,418.02870126763935,111.66666666666667,0.015465033730802066
volatility_scaled_momentum|vsmom_12m_1m_vol60|continuous_high_minus_low|unconstrained_beta|r21|ensemble,volatility_scaled_momentum|vsmom_12m_1m_vol60,volatility_scaled_momentum,vsmom_12m_1m_vol60,1,global_fdr_rank_signal,no_stable_structure,continuous_high_minus_low,market_neutral,False,21,ensemble,3,199.33333333333334,0.0,0.0,,0,self_financing_spread_return,4181,-0.00345370347331031,0.14386220647710235,0.04858888869993322,-0.46150374204166844,0.525,0.5882352941176471,0.0408436913130228,1.3151971068707162,-0.22778517750145866,-0.1260013266821776,0.9239162603582475,2.0049910679306753,0.001453579124988461,10.52581697648866,0.0,4,0.024824394830026172,,,,416.83209758430996,111.66666666666667,0.01891993921736373
volatility_scaled_momentum|vsmom_12m_1m_vol60|continuous_high_minus_low|unconstrained_beta|r21|ensemble,volatility_scaled_momentum|vsmom_12m_1m_vol60,volatility_scaled_momentum,vsmom_12m_1m_vol60,1,global_fdr_rank_signal,no_stable_structure,continuous_high_minus_low,market_neutral,False,21,ensemble,3,199.33333333333334,0.0,0.0,,5,self_financing_spread_return,4181,-0.008685055300781563,0.14385672435284794,0.012000869642544789,-0.4810561855427098,0.515,0.5882352941176471,0.0355879046181487,1.1458611364505884,-0.22783841536804472,-0.1260013266821776,0.9239162603582475,2.0049910679306753,0.001453579124988461,10.52581697648866,0.00526290848824433,4,0.024824394830026172,,,,416.83209758430996,111.66666666666667,0.01891993921736373
volatility_scaled_momentum|vsmom_12m_1m_vol60|continuous_high_minus_low|unconstrained_beta|r21|ensemble,volatility_scaled_momentum|vsmom_12m_1m_vol60,volatility_scaled_momentum,vsmom_12m_1m_vol60,1,global_fdr_rank_signal,no_stable_structure,continuous_high_minus_low,market_neutral,False,21,ensemble,3,199.33333333333334,0.0,0.0,,10,self_financing_spread_return,4181,-0.013889735158666316,0.14385604830405563,-0.02458911660663836,-0.4999015383322113,0.515,0.5882352941176471,0.030332117923274664,0.9765171909976068,-0.22789165323463093,-0.1260013266821776,0.9239162603582475,2.0049910679306753,0.001453579124988461,10.52581697648866,0.01052581697648866,4,0.024824394830026172,,,,416.83209758430996,111.66666666666667,0.01891993921736373
volatility_scaled_momentum|vsmom_12m_1m_vol60|continuous_high_minus_low|unconstrained_beta|r21|ensemble,volatility_scaled_momentum|vsmom_12m_1m_vol60,volatility_scaled_momentum,vsmom_12m_1m_vol60,1,global_fdr_rank_signal,no_stable_structure,continuous_high_minus_low,market_neutral,False,21,ensemble,3,199.33333333333334,0.0,0.0,,25,self_financing_spread_return,4181,-0.029345059503970594,0.1438828548798685,-0.13433421229998824,-0.5524451991978259,0.505,0.4117647058823529,0.014564757838652449,0.4686261880813131,-0.22805136683438912,-0.1260013266821776,0.9239162603582475,2.0049910679306753,0.001453579124988461,10.52581697648866,0.026314542441221646,4,0.024824394830026172,,,,416.83209758430996,111.66666666666667,0.01891993921736373
volatility_scaled_momentum|vsmom_12m_1m_vol60|continuous_high_minus_low|unconstrained_beta|r63|ensemble,volatility_scaled_momentum|vsmom_12m_1m_vol60,volatility_scaled_momentum,vsmom_12m_1m_vol60,1,global_fdr_rank_signal,no_stable_structure,continuous_high_minus_low,market_neutral,False,63,ensemble,3,66.33333333333333,0.0,0.0,,0,self_financing_spread_return,4181,-0.0009837810509669698,0.13758527445453841,0.06207711122943586,-0.39046671297503044,0.53,0.4117647058823529,0.03511423490678173,1.1375625246896286,-0.17879974455582073,-0.1295552974086931,1.0875642319860757,2.021592827743437,0.00246531940925667,6.054869890895061,0.0,4,0.02468469863384612,,,,413.86789444311563,111.66666666666667,0.02652216694238259
volatility_scaled_momentum|vsmom_12m_1m_vol60|continuous_high_minus_low|unconstrained_beta|r63|ensemble,volatility_scaled_momentum|vsmom_12m_1m_vol60,volatility_scaled_momentum,vsmom_12m_1m_vol60,1,global_fdr_rank_signal,no_stable_structure,continuous_high_minus_low,market_neutral,False,63,ensemble,3,66.33333333333333,0.0,0.0,,5,self_financing_spread_return,4181,-0.004004051260467212,0.13758180193395383,0.04006841838264262,-0.3996674372704411,0.53,0.4117647058823529,0.03209045163638671,1.0397413044633308,-0.17882953794599624,-0.1295552974086931,1.0875642319860757,2.021592827743437,0.00246531940925667,6.054869890895061,0.0030274349454475304,4,0.02468469863384612,,,,413.86789444311563,111.66666666666667,0.02652216694238259
volatility_scaled_momentum|vsmom_12m_1m_vol60|continuous_high_minus_low|unconstrained_beta|r63|ensemble,volatility_scaled_momentum|vsmom_12m_1m_vol60,volatility_scaled_momentum,vsmom_12m_1m_vol60,1,global_fdr_rank_signal,no_stable_structure,continuous_high_minus_low,market_neutral,False,63,ensemble,3,66.33333333333333,0.0,0.0,,10,self_financing_spread_return,4181,-0.007015962697421219,0.13758372142611183,0.018057906791993088,-0.40873153874554446,0.53,0.4117647058823529,0.029066668365991737,0.941835314938444,-0.17885933133617174,-0.1295552974086931,1.0875642319860757,2.021592827743437,0.00246531940925667,6.054869890895061,0.006054869890895061,4,0.02468469863384612,,,,413.86789444311563,111.66666666666667,0.02652216694238259
volatility_scaled_momentum|vsmom_12m_1m_vol60|continuous_high_minus_low|unconstrained_beta|r63|ensemble,volatility_scaled_momentum|vsmom_12m_1m_vol60,volatility_scaled_momentum,vsmom_12m_1m_vol60,1,global_fdr_rank_signal,no_stable_structure,continuous_high_minus_low,market_neutral,False,63,ensemble,3,66.33333333333333,0.0,0.0,,25,self_financing_spread_return,4181,-0.016001754274490687,0.13762182655399494,-0.04795866833056551,-0.44172836571088314,0.525,0.4117647058823529,0.019995318554806688,0.6477923257713067,-0.17894871150669814,-0.1295552974086931,1.0875642319860757,2.021592827743437,0.00246531940925667,6.054869890895061,0.015137174727237652,4,0.02468469863384612,,,,413.86789444311563,111.66666666666667,0.02652216694238259
volatility_scaled_momentum|vsmom_12m_1m_vol60|continuous_high_minus_low|beta_neutral|r1|ensemble,volatility_scaled_momentum|vsmom_12m_1m_vol60,volatility_scaled_momentum,vsmom_12m_1m_vol60,1,global_fdr_rank_signal,no_stable_structure,continuous_high_minus_low,market_neutral,True,1,ensemble,1,4181.0,0.0,4181.0,1.0,0,self_financing_spread_return,4181,0.03045212790819618,0.12779297097787773,0.2991192210642945,-0.3450224548504428,0.52,0.7058823529411765,0.04715952571563153,1.647859148950731,-0.0601140578057878,-1.3848277593217745e-18,6.210310043996969e-16,2.0,0.12337652963359068,46.39275502123967,0.0,0,0.0,,,,418.32910786893086,335.0,0.015269042941116279
volatility_scaled_momentum|vsmom_12m_1m_vol60|continuous_high_minus_low|beta_neutral|r1|ensemble,volatility_scaled_momentum|vsmom_12m_1m_vol60,volatility_scaled_momentum,vsmom_12m_1m_vol60,1,global_fdr_rank_signal,no_stable_structure,continuous_high_minus_low,market_neutral,True,1,ensemble,1,4181.0,0.0,4181.0,1.0,5,self_financing_spread_return,4181,0.006823300415487843,0.12778897949777707,0.11758724577897273,-0.3885695148559546,0.51,0.5882352941176471,0.023966710045638235,0.8372468572725634,-0.06015553337034015,-1.3848277593217745e-18,6.210310043996969e-16,2.0,0.12337652963359068,46.39275502123967,0.023196377510619835,0,0.0,,,,418.32910786893086,335.0,0.015269042941116279
volatility_scaled_momentum|vsmom_12m_1m_vol60|continuous_high_minus_low|beta_neutral|r1|ensemble,volatility_scaled_momentum|vsmom_12m_1m_vol60,volatility_scaled_momentum,vsmom_12m_1m_vol60,1,global_fdr_rank_signal,no_stable_structure,continuous_high_minus_low,market_neutral,True,1,ensemble,1,4181.0,0.0,4181.0,1.0,10,self_financing_spread_return,4181,-0.016265988852690483,0.12778644014595852,-0.06395534336007248,-0.45667595382698156,0.475,0.4117647058823529,0.0007738943756452247,0.02702730512653587,-0.06019700893489257,-1.3848277593217745e-18,6.210310043996969e-16,2.0,0.12337652963359068,46.39275502123967,0.04639275502123967,0,0.0,,,,418.32910786893086,335.0,0.015269042941116279
volatility_scaled_momentum|vsmom_12m_1m_vol60|continuous_high_minus_low|beta_neutral|r1|ensemble,volatility_scaled_momentum|vsmom_12m_1m_vol60,volatility_scaled_momentum,vsmom_12m_1m_vol60,1,global_fdr_rank_signal,no_stable_structure,continuous_high_minus_low,market_neutral,True,1,ensemble,1,4181.0,0.0,4181.0,1.0,25,self_financing_spread_return,4181,-0.08241792214093968,0.12778753547836083,-0.608584904264796,-0.780148267314811,0.385,0.17647058823529413,-0.06880455263433423,-2.400244299002076,-0.06032143562854961,-1.3848277593217745e-18,6.210310043996969e-16,2.0,0.12337652963359068,46.39275502123967,0.11598188755309918,0,0.0,,,,418.32910786893086,335.0,0.015269042941116279
volatility_scaled_momentum|vsmom_12m_1m_vol60|continuous_high_minus_low|beta_neutral|r5|ensemble,volatility_scaled_momentum|vsmom_12m_1m_vol60,volatility_scaled_momentum,vsmom_12m_1m_vol60,1,global_fdr_rank_signal,no_stable_structure,continuous_high_minus_low,market_neutral,True,5,ensemble,3,836.3333333333334,0.0,836.3333333333334,1.0,0,self_financing_spread_return,4181,0.022803243028828968,0.12772728888130888,0.240832375886704,-0.33777335835059474,0.54,0.7058823529411765,0.038676248770804916,1.3524736658034855,-0.053258958653963996,-0.0005301198032032764,0.18949724609405524,2.001049581260578,0.12332571202327688,21.170663243738048,0.0,4,0.017576528419005397,,,,418.02870126763935,111.66666666666667,0.015771975011730235
volatility_scaled_momentum|vsmom_12m_1m_vol60|continuous_high_minus_low|beta_neutral|r5|ensemble,volatility_scaled_momentum|vsmom_12m_1m_vol60,volatility_scaled_momentum,vsmom_12m_1m_vol60,1,global_fdr_rank_signal,no_stable_structure,continuous_high_minus_low,market_neutral,True,5,ensemble,3,836.3333333333334,0.0,836.3333333333334,1.0,5,self_financing_spread_return,4181,0.012033232288737317,0.12772650200935504,0.1579521438032823,-0.3545324238797658,0.505,0.5882352941176471,0.028103793449671965,0.9826953744350222,-0.053351383970657265,-0.0005301198032032764,0.18949724609405524,2.001049581260578,0.12332571202327688,21.170663243738048,0.010585331621869023,4,0.017576528419005397,,,,418.02870126763935,111.66666666666667,0.015771975011730235
volatility_scaled_momentum|vsmom_12m_1m_vol60|continuous_high_minus_low|beta_neutral|r5|ensemble,volatility_scaled_momentum|vsmom_12m_1m_vol60,volatility_scaled_momentum,vsmom_12m_1m_vol60,1,global_fdr_rank_signal,no_stable_structure,continuous_high_minus_low,market_neutral,True,5,ensemble,3,836.3333333333334,0.0,836.3333333333334,1.0,10,self_financing_spread_return,4181,0.0013758374786794203,0.12772841993270392,0.07506930081764791,-0.3886421773037235,0.49,0.5882352941176471,0.017531338128539308,0.6129606557125995,-0.053443809287350534,-0.0005301198032032764,0.18949724609405524,2.001049581260578,0.12332571202327688,21.170663243738048,0.021170663243738046,4,0.017576528419005397,,,,418.02870126763935,111.66666666666667,0.015771975011730235
volatility_scaled_momentum|vsmom_12m_1m_vol60|continuous_high_minus_low|beta_neutral|r5|ensemble,volatility_scaled_momentum|vsmom_12m_1m_vol60,volatility_scaled_momentum,vsmom_12m_1m_vol60,1,global_fdr_rank_signal,no_stable_structure,continuous_high_minus_low,market_neutral,True,5,ensemble,3,836.3333333333334,0.0,836.3333333333334,1.0,25,self_financing_spread_return,4181,-0.029932284243992413,0.12775040039734023,-0.17354224843208074,-0.5131009071988921,0.46,0.4117647058823529,-0.014186027834860126,-0.49583080313951544,-0.05372108523743052,-0.0005301198032032764,0.18949724609405524,2.001049581260578,0.12332571202327688,21.170663243738048,0.052926658109345125,4,0.017576528419005397,,,,418.02870126763935,111.66666666666667,0.015771975011730235
volatility_scaled_momentum|vsmom_12m_1m_vol60|continuous_high_minus_low|beta_neutral|r21|ensemble,volatility_scaled_momentum|vsmom_12m_1m_vol60,volatility_scaled_momentum,vsmom_12m_1m_vol60,1,global_fdr_rank_signal,no_stable_structure,continuous_high_minus_low,market_neutral,True,21,ensemble,3,199.33333333333334,0.0,199.33333333333334,1.0,0,self_financing_spread_return,4181,0.02018703838779623,0.1265249820857034,0.22165265703600898,-0.31681280868968464,0.505,0.6470588235294118,0.03299912653376534,1.1625615906202875,-0.03333673535809334,-0.0014777227666490555,0.2546316777020962,2.0023515555175906,0.12598605973983473,10.563179643989468,0.0,4,0.02515149651659095,,,,416.83209758430996,111.66666666666667,0.01723885000158761
volatility_scaled_momentum|vsmom_12m_1m_vol60|continuous_high_minus_low|beta_neutral|r21|ensemble,volatility_scaled_momentum|vsmom_12m_1m_vol60,volatility_scaled_momentum,vsmom_12m_1m_vol60,1,global_fdr_rank_signal,no_stable_structure,continuous_high_minus_low,market_neutral,True,21,ensemble,3,199.33333333333334,0.0,199.33333333333334,1.0,5,self_financing_spread_return,4181,0.014812622170721879,0.12652355290785686,0.17990508684583084,-0.32542006097429843,0.505,0.6470588235294118,0.027724791755349164,0.9766131292213406,-0.0333907850954146,-0.0014777227666490555,0.2546316777020962,2.0023515555175906,0.12598605973983473,10.563179643989468,0.005281589821994734,4,0.02515149651659095,,,,416.83209758430996,111.66666666666667,0.01723885000158761
volatility_scaled_momentum|vsmom_12m_1m_vol60|continuous_high_minus_low|beta_neutral|r21|ensemble,volatility_scaled_momentum|vsmom_12m_1m_vol60,volatility_scaled_momentum,vsmom_12m_1m_vol60,1,global_fdr_rank_signal,no_stable_structure,continuous_high_minus_low,market_neutral,True,21,ensemble,3,199.33333333333334,0.0,199.33333333333334,1.0,10,self_financing_spread_return,4181,0.00946570114769596,0.12652765160163992,0.13815053757708248,-0.3450876746285365,0.495,0.5882352941176471,0.022450456976932764,0.7906797762647941,-0.03344483483273563,-0.0014777227666490555,0.2546316777020962,2.0023515555175906,0.12598605973983473,10.563179643989468,0.010563179643989468,4,0.02515149651659095,,,,416.83209758430996,111.66666666666667,0.01723885000158761
volatility_scaled_momentum|vsmom_12m_1m_vol60|continuous_high_minus_low|beta_neutral|r21|ensemble,volatility_scaled_momentum|vsmom_12m_1m_vol60,volatility_scaled_momentum,vsmom_12m_1m_vol60,1,global_fdr_rank_signal,no_stable_structure,continuous_high_minus_low,market_neutral,True,21,ensemble,3,199.33333333333334,0.0,199.33333333333334,1.0,25,self_financing_spread_return,4181,-0.006411452460077127,0.12657310592134632,0.012899738967861618,-0.4140242380375557,0.49,0.47058823529411764,0.006627452641684288,0.23322145184643284,-0.033606984044699195,-0.0014777227666490555,0.2546316777020962,2.0023515555175906,0.12598605973983473,10.563179643989468,0.02640794910997367,4,0.02515149651659095,,,,416.83209758430996,111.66666666666667,0.01723885000158761
volatility_scaled_momentum|vsmom_12m_1m_vol60|continuous_high_minus_low|beta_neutral|r63|ensemble,volatility_scaled_momentum|vsmom_12m_1m_vol60,volatility_scaled_momentum,vsmom_12m_1m_vol60,1,global_fdr_rank_signal,no_stable_structure,continuous_high_minus_low,market_neutral,True,63,ensemble,3,66.33333333333333,0.0,66.33333333333333,1.0,0,self_financing_spread_return,4181,0.023400219935803657,0.1215255816692384,0.25140575181802655,-0.26862556316689945,0.515,0.6470588235294118,0.03051136308286646,1.0900270977405522,0.00027497615743124167,-0.0037117083801517983,0.4090169268908186,2.0123047178447013,0.12538355096402407,6.028550212927725,0.0,4,0.025126044781107082,,,,413.86789444311563,111.66666666666667,0.019442783528094768
volatility_scaled_momentum|vsmom_12m_1m_vol60|continuous_high_minus_low|beta_neutral|r63|ensemble,volatility_scaled_momentum|vsmom_12m_1m_vol60,volatility_scaled_momentum,vsmom_12m_1m_vol60,1,global_fdr_rank_signal,no_stable_structure,continuous_high_minus_low,market_neutral,True,63,ensemble,3,66.33333333333333,0.0,66.33333333333333,1.0,5,self_financing_spread_return,4181,0.02031965995402163,0.12152206605898368,0.22660017796388202,-0.26932754555799976,0.515,0.6470588235294118,0.02750037132132204,0.982689509710015,0.0002459312909454846,-0.0037117083801517983,0.4090169268908186,2.0123047178447013,0.12538355096402407,6.028550212927725,0.0030142751064638628,4,0.025126044781107082,,,,413.86789444311563,111.66666666666667,0.019442783528094768
volatility_scaled_momentum|vsmom_12m_1m_vol60|continuous_high_minus_low|beta_neutral|r63|ensemble,volatility_scaled_momentum|vsmom_12m_1m_vol60,volatility_scaled_momentum,vsmom_12m_1m_vol60,1,global_fdr_rank_signal,no_stable_structure,continuous_high_minus_low,market_neutral,True,63,ensemble,3,66.33333333333333,0.0,66.33333333333333,1.0,10,self_financing_spread_return,4181,0.0172475854491001,0.12152462820325133,0.20178307663956138,-0.2700290218178504,0.51,0.6470588235294118,0.024489379559777695,0.8752351313634847,0.00021688642445973495,-0.0037117083801517983,0.4090169268908186,2.0123047178447013,0.12538355096402407,6.028550212927725,0.0060285502129277255,4,0.025126044781107082,,,,413.86789444311563,111.66666666666667,0.019442783528094768
volatility_scaled_momentum|vsmom_12m_1m_vol60|continuous_high_minus_low|beta_neutral|r63|ensemble,volatility_scaled_momentum|vsmom_12m_1m_vol60,volatility_scaled_momentum,vsmom_12m_1m_vol60,1,global_fdr_rank_signal,no_stable_structure,continuous_high_minus_low,market_neutral,True,63,ensemble,3,66.33333333333333,0.0,66.33333333333333,1.0,25,self_financing_spread_return,4181,0.008082062792226896,0.12156877276260226,0.12729986267962906,-0.28179937694847357,0.51,0.5882352941176471,0.015456404275144558,0.5524150442540188,0.00012975182500245556,-0.0037117083801517983,0.4090169268908186,2.0123047178447013,0.12538355096402407,6.028550212927725,0.015071375532319313,4,0.025126044781107082,,,,413.86789444311563,111.66666666666667,0.019442783528094768
volatility_scaled_momentum|vsmom_12m_1m_vol60|long_q1|unconstrained_beta|r1|ensemble,volatility_scaled_momentum|vsmom_12m_1m_vol60,volatility_scaled_momentum,vsmom_12m_1m_vol60,1,global_fdr_rank_signal,no_stable_structure,long_q1,long_only,False,1,ensemble,1,4181.0,0.0,0.0,,0,return_minus_risk_free,4181,0.09201170151862437,0.25151439678282117,0.4164523220465777,-0.5380856717221172,0.56,0.7647058823529411,-0.05814111381873357,-2.0670936597964538,1.2180193425438723,1.0666804820219464,1.4208074551078784,1.0,1.0,37.581296314478415,0.0,0,0.0,,,,41.47141832097584,33.0,0.030303030303030304
volatility_scaled_momentum|vsmom_12m_1m_vol60|long_q1|unconstrained_beta|r1|ensemble,volatility_scaled_momentum|vsmom_12m_1m_vol60,volatility_scaled_momentum,vsmom_12m_1m_vol60,1,global_fdr_rank_signal,no_stable_structure,long_q1,long_only,False,1,ensemble,1,4181.0,0.0,0.0,,5,return_minus_risk_free,4181,0.07168278430412833,0.251489906166708,0.3417391276853149,-0.5396919076105635,0.55,0.7058823529411765,-0.07692529763846052,-2.735353810367526,1.2178955898125898,1.0666804820219464,1.4208074551078784,1.0,1.0,37.581296314478415,0.018790648157239208,0,0.0,,,,41.47141832097584,33.0,0.030303030303030304
volatility_scaled_momentum|vsmom_12m_1m_vol60|long_q1|unconstrained_beta|r1|ensemble,volatility_scaled_momentum|vsmom_12m_1m_vol60,volatility_scaled_momentum,vsmom_12m_1m_vol60,1,global_fdr_rank_signal,no_stable_structure,long_q1,long_only,False,1,ensemble,1,4181.0,0.0,0.0,,10,return_minus_risk_free,4181,0.05173055179373698,0.251466496803975,0.26701031549988974,-0.5412927110818727,0.545,0.7058823529411765,-0.09570948145818783,-3.4036643742736725,1.2177718370813073,1.0666804820219464,1.4208074551078784,1.0,1.0,37.581296314478415,0.037581296314478416,0,0.0,,,,41.47141832097584,33.0,0.030303030303030304
volatility_scaled_momentum|vsmom_12m_1m_vol60|long_q1|unconstrained_beta|r1|ensemble,volatility_scaled_momentum|vsmom_12m_1m_vol60,volatility_scaled_momentum,vsmom_12m_1m_vol60,1,global_fdr_rank_signal,no_stable_structure,long_q1,long_only,False,1,ensemble,1,4181.0,0.0,0.0,,25,return_minus_risk_free,4181,-0.005934874541180912,0.25140275918672894,0.04273977134951232,-0.604824641243032,0.53,0.5294117647058824,-0.15206203291736967,-5.407970747950346,1.2174005788874604,1.0666804820219464,1.4208074551078784,1.0,1.0,37.581296314478415,0.09395324078619603,0,0.0,,,,41.47141832097584,33.0,0.030303030303030304
volatility_scaled_momentum|vsmom_12m_1m_vol60|long_q1|unconstrained_beta|r5|ensemble,volatility_scaled_momentum|vsmom_12m_1m_vol60,volatility_scaled_momentum,vsmom_12m_1m_vol60,1,global_fdr_rank_signal,no_stable_structure,long_q1,long_only,False,5,ensemble,3,836.3333333333334,0.0,0.0,,0,return_minus_risk_free,4181,0.09147699189427594,0.24917722764231343,0.4161304781607957,-0.5360187903117946,0.585,0.7647058823529411,-0.057682691762744535,-2.0661200141118288,1.2067110427096757,1.066266347644853,1.4153842141952284,0.9989427659569527,0.9989427659569527,16.642271073082362,0.0,2,0.02425648912577851,,,,41.422466714502114,11.0,0.038610647976212754
volatility_scaled_momentum|vsmom_12m_1m_vol60|long_q1|unconstrained_beta|r5|ensemble,volatility_scaled_momentum|vsmom_12m_1m_vol60,volatility_scaled_momentum,vsmom_12m_1m_vol60,1,global_fdr_rank_signal,no_stable_structure,long_q1,long_only,False,5,ensemble,3,836.3333333333334,0.0,0.0,,5,return_minus_risk_free,4181,0.0824320749283598,0.24915564818806996,0.3827419379258082,-0.5367475529430192,0.575,0.7647058823529411,-0.06599822155866204,-2.364153474734215,1.2066156098260592,1.066266347644853,1.4153842141952284,0.9989427659569527,0.9989427659569527,16.642271073082362,0.00832113553654118,2,0.02425648912577851,,,,41.422466714502114,11.0,0.038610647976212754
volatility_scaled_momentum|vsmom_12m_1m_vol60|long_q1|unconstrained_beta|r5|ensemble,volatility_scaled_momentum|vsmom_12m_1m_vol60,volatility_scaled_momentum,vsmom_12m_1m_vol60,1,global_fdr_rank_signal,no_stable_structure,long_q1,long_only,False,5,ensemble,3,836.3333333333334,0.0,0.0,,10,return_minus_risk_free,4181,0.07346157232765305,0.2491349836817714,0.3493463551581787,-0.5374752166288672,0.575,0.7647058823529411,-0.07431375135457963,-2.6622045858001107,1.2065201769424403,1.066266347644853,1.4153842141952284,0.9989427659569527,0.9989427659569527,16.642271073082362,0.01664227107308236,2,0.02425648912577851,,,,41.422466714502114,11.0,0.038610647976212754
volatility_scaled_momentum|vsmom_12m_1m_vol60|long_q1|unconstrained_beta|r5|ensemble,volatility_scaled_momentum|vsmom_12m_1m_vol60,volatility_scaled_momentum,vsmom_12m_1m_vol60,1,global_fdr_rank_signal,no_stable_structure,long_q1,long_only,False,5,ensemble,3,836.3333333333334,0.0,0.0,,25,return_minus_risk_free,4181,0.046990497435434264,0.24907848207735953,0.24912101265550843,-0.5396516298901495,0.55,0.7058823529411765,-0.09926034074233232,-3.5563690337217473,1.2062338782915865,1.066266347644853,1.4153842141952284,0.9989427659569527,0.9989427659569527,16.642271073082362,0.041605677682705906,2,0.02425648912577851,,,,41.422466714502114,11.0,0.038610647976212754
volatility_scaled_momentum|vsmom_12m_1m_vol60|long_q1|unconstrained_beta|r21|ensemble,volatility_scaled_momentum|vsmom_12m_1m_vol60,volatility_scaled_momentum,vsmom_12m_1m_vol60,1,global_fdr_rank_signal,no_stable_structure,long_q1,long_only,False,21,ensemble,3,199.33333333333334,0.0,0.0,,0,return_minus_risk_free,4181,0.09847983819536665,0.2449611363156587,0.44515211569451635,-0.521577355285521,0.585,0.7647058823529411,-0.05025845082695008,-1.8834764341610786,1.1912384926869293,1.0631979962088283,1.4279059194682622,0.9945237857284182,0.9945237857284182,8.007858735742527,0.0,2,0.032170672334159836,,,,41.215100055808016,11.0,0.04409082550993256
volatility_scaled_momentum|vsmom_12m_1m_vol60|long_q1|unconstrained_beta|r21|ensemble,volatility_scaled_momentum|vsmom_12m_1m_vol60,volatility_scaled_momentum,vsmom_12m_1m_vol60,1,global_fdr_rank_signal,no_stable_structure,long_q1,long_only,False,21,ensemble,3,199.33333333333334,0.0,0.0,,5,return_minus_risk_free,4181,0.09409014543709326,0.24495024512789285,0.42881184148546125,-0.52191335771324,0.585,0.7647058823529411,-0.05425603814587198,-2.0332818090614206,1.1911637578018441,1.0631979962088283,1.4279059194682622,0.9945237857284182,0.9945237857284182,8.007858735742527,0.004003929367871264,2,0.032170672334159836,,,,41.215100055808016,11.0,0.04409082550993256
volatility_scaled_momentum|vsmom_12m_1m_vol60|long_q1|unconstrained_beta|r21|ensemble,volatility_scaled_momentum|vsmom_12m_1m_vol60,volatility_scaled_momentum,vsmom_12m_1m_vol60,1,global_fdr_rank_signal,no_stable_structure,long_q1,long_only,False,21,ensemble,3,199.33333333333334,0.0,0.0,,10,return_minus_risk_free,4181,0.08971749558832975,0.2449409673809894,0.4124674026569306,-0.5222491645138923,0.585,0.7647058823529411,-0.058253625464793665,-2.1830242754012943,1.1910890229167594,1.0631979962088283,1.4279059194682622,0.9945237857284182,0.9945237857284182,8.007858735742527,0.008007858735742527,2,0.032170672334159836,,,,41.215100055808016,11.0,0.04409082550993256
volatility_scaled_momentum|vsmom_12m_1m_vol60|long_q1|unconstrained_beta|r21|ensemble,volatility_scaled_momentum|vsmom_12m_1m_vol60,volatility_scaled_momentum,vsmom_12m_1m_vol60,1,global_fdr_rank_signal,no_stable_structure,long_q1,long_only,False,21,ensemble,3,199.33333333333334,0.0,0.0,,25,return_minus_risk_free,4181,0.07670116230483903,0.2449228164595523,0.3634123218725491,-0.5232554120600299,0.58,0.7647058823529411,-0.07024638742155882,-2.631747287882614,1.1908648182615047,1.0631979962088283,1.4279059194682622,0.9945237857284182,0.9945237857284182,8.007858735742527,0.02001964683935632,2,0.032170672334159836,,,,41.215100055808016,11.0,0.04409082550993256
volatility_scaled_momentum|vsmom_12m_1m_vol60|long_q1|unconstrained_beta|r63|ensemble,volatility_scaled_momentum|vsmom_12m_1m_vol60,volatility_scaled_momentum,vsmom_12m_1m_vol60,1,global_fdr_rank_signal,no_stable_structure,long_q1,long_only,False,63,ensemble,3,66.33333333333333,0.0,0.0,,0,return_minus_risk_free,4181,0.09272566268513693,0.23361165913538023,0.4329067090088781,-0.522422699971398,0.605,0.7058823529411765,-0.052388474989471565,-2.0741247370484968,1.1479807720927544,1.0571931010330684,1.45275795457699,0.9854332495890757,0.9854332495890757,4.344032989821833,0.0,2,0.0374500241311337,,,,40.773658614366575,11.0,0.05632110008398595
volatility_scaled_momentum|vsmom_12m_1m_vol60|long_q1|unconstrained_beta|r63|ensemble,volatility_scaled_momentum|vsmom_12m_1m_vol60,volatility_scaled_momentum,vsmom_12m_1m_vol60,1,global_fdr_rank_signal,no_stable_structure,long_q1,long_only,False,63,ensemble,3,66.33333333333333,0.0,0.0,,5,return_minus_risk_free,4181,0.09035460621128322,0.23360849938756237,0.4236086066390876,-0.5224938690744723,0.6,0.7058823529411765,-0.054557666710176374,-2.1596992709230154,1.1479481999941257,1.0571931010330684,1.45275795457699,0.9854332495890757,0.9854332495890757,4.344032989821833,0.0021720164949109166,2,0.0374500241311337,,,,40.773658614366575,11.0,0.05632110008398595
volatility_scaled_momentum|vsmom_12m_1m_vol60|long_q1|unconstrained_beta|r63|ensemble,volatility_scaled_momentum|vsmom_12m_1m_vol60,volatility_scaled_momentum,vsmom_12m_1m_vol60,1,global_fdr_rank_signal,no_stable_structure,long_q1,long_only,False,63,ensemble,3,66.33333333333333,0.0,0.0,,10,return_minus_risk_free,4181,0.08798826741489107,0.23360694254490724,0.4143074110431821,-0.5225650381775466,0.595,0.7058823529411765,-0.056726858430881426,-2.2451446732088076,1.1479156278954972,1.0571931010330684,1.45275795457699,0.9854332495890757,0.9854332495890757,4.344032989821833,0.004344032989821833,2,0.0374500241311337,,,,40.773658614366575,11.0,0.05632110008398595
volatility_scaled_momentum|vsmom_12m_1m_vol60|long_q1|unconstrained_beta|r63|ensemble,volatility_scaled_momentum|vsmom_12m_1m_vol60,volatility_scaled_momentum,vsmom_12m_1m_vol60,1,global_fdr_rank_signal,no_stable_structure,long_q1,long_only,False,63,ensemble,3,66.33333333333333,0.0,0.0,,25,return_minus_risk_free,4181,0.08091747172964303,0.23361188960340964,0.3863871791238416,-0.5227785454867695,0.595,0.7058823529411765,-0.06323443359299644,-2.5005881349277383,1.1478179115996117,1.0571931010330684,1.45275795457699,0.9854332495890757,0.9854332495890757,4.344032989821833,0.010860082474554581,2,0.0374500241311337,,,,40.773658614366575,11.0,0.05632110008398595
volatility_scaled_momentum|vsmom_12m_1m_vol60|long_q10|unconstrained_beta|r1|ensemble,volatility_scaled_momentum|vsmom_12m_1m_vol60,volatility_scaled_momentum,vsmom_12m_1m_vol60,1,global_fdr_rank_signal,no_stable_structure,long_q10,long_only,False,1,ensemble,1,4181.0,0.0,0.0,,0,return_minus_risk_free,4181,0.16070561989831988,0.1827409222633662,0.826056077197565,-0.36070850534308885,0.65,0.8823529411764706,0.04058891124870297,1.725005864708713,0.8252545710563011,0.8923484486369277,1.6768214470548655,1.0,1.0,41.846477032361065,0.0,0,0.0,,,,42.363071035637404,34.0,0.029411764705882353
volatility_scaled_momentum|vsmom_12m_1m_vol60|long_q10|unconstrained_beta|r1|ensemble,volatility_scaled_momentum|vsmom_12m_1m_vol60,volatility_scaled_momentum,vsmom_12m_1m_vol60,1,global_fdr_rank_signal,no_stable_structure,long_q10,long_only,False,1,ensemble,1,4181.0,0.0,0.0,,5,return_minus_risk_free,4181,0.13667102250387808,0.182720980385187,0.7115581859701904,-0.3625294195788554,0.635,0.8823529411764706,0.019663618935019528,0.835653471972394,0.825161716638781,0.8923484486369277,1.6768214470548655,1.0,1.0,41.846477032361065,0.020923238516180533,0,0.0,,,,42.363071035637404,34.0,0.029411764705882353
volatility_scaled_momentum|vsmom_12m_1m_vol60|long_q10|unconstrained_beta|r1|ensemble,volatility_scaled_momentum|vsmom_12m_1m_vol60,volatility_scaled_momentum,vsmom_12m_1m_vol60,1,global_fdr_rank_signal,no_stable_structure,long_q10,long_only,False,1,ensemble,1,4181.0,0.0,0.0,,10,return_minus_risk_free,4181,0.11313179118509376,0.18270291835270214,0.5970287961315656,-0.36434540435625407,0.61,0.8823529411764706,-0.0012616733786635925,-0.05361051418110098,0.8250688622212633,0.8923484486369277,1.6768214470548655,1.0,1.0,41.846477032361065,0.041846477032361065,0,0.0,,,,42.363071035637404,34.0,0.029411764705882353
volatility_scaled_momentum|vsmom_12m_1m_vol60|long_q10|unconstrained_beta|r1|ensemble,volatility_scaled_momentum|vsmom_12m_1m_vol60,volatility_scaled_momentum,vsmom_12m_1m_vol60,1,global_fdr_rank_signal,no_stable_structure,long_q10,long_only,False,1,ensemble,1,4181.0,0.0,0.0,,25,return_minus_risk_free,4181,0.04538570586032997,0.18266001661577952,0.2532869023245367,-0.3761931580263902,0.56,0.6470588235294118,-0.06403755031971325,-2.718459871284329,0.8247902989687041,0.8923484486369277,1.6768214470548655,1.0,1.0,41.846477032361065,0.10461619258090266,0,0.0,,,,42.363071035637404,34.0,0.029411764705882353
volatility_scaled_momentum|vsmom_12m_1m_vol60|long_q10|unconstrained_beta|r5|ensemble,volatility_scaled_momentum|vsmom_12m_1m_vol60,volatility_scaled_momentum,vsmom_12m_1m_vol60,1,global_fdr_rank_signal,no_stable_structure,long_q10,long_only,False,5,ensemble,3,836.3333333333334,0.0,0.0,,0,return_minus_risk_free,4181,0.1501570535823069,0.18201859283348534,0.7784177165166785,-0.3578941324677306,0.63,0.8823529411764706,0.0313570705298259,1.3418961619370058,0.8249899401402778,0.8917510403948602,1.673178537387238,0.9994461700922346,0.9994461700922346,19.049746884872736,0.0,2,0.015355804027358045,,,,42.336283185840706,11.333333333333334,0.03286935240952213
volatility_scaled_momentum|vsmom_12m_1m_vol60|long_q10|unconstrained_beta|r5|ensemble,volatility_scaled_momentum|vsmom_12m_1m_vol60,volatility_scaled_momentum,vsmom_12m_1m_vol60,1,global_fdr_rank_signal,no_stable_structure,long_q10,long_only,False,5,ensemble,3,836.3333333333334,0.0,0.0,,5,return_minus_risk_free,4181,0.13925358140781396,0.18199792214943916,0.726124570312251,-0.35876404886127256,0.625,0.8823529411764706,0.021838317169670107,0.934681850604707,0.8248807274811581,0.8917510403948602,1.673178537387238,0.9994461700922346,0.9994461700922346,19.049746884872736,0.009524873442436367,2,0.015355804027358045,,,,42.336283185840706,11.333333333333334,0.03286935240952213
volatility_scaled_momentum|vsmom_12m_1m_vol60|long_q10|unconstrained_beta|r5|ensemble,volatility_scaled_momentum|vsmom_12m_1m_vol60,volatility_scaled_momentum,vsmom_12m_1m_vol60,1,global_fdr_rank_signal,no_stable_structure,long_q10,long_only,False,5,ensemble,3,836.3333333333334,0.0,0.0,,10,return_minus_risk_free,4181,0.12845272207165248,0.18197893520668762,0.6738132664839642,-0.3596328752028105,0.62,0.8823529411764706,0.01231956380951456,0.5273407184157725,0.8247715148220373,0.8917510403948602,1.673178537387238,0.9994461700922346,0.9994461700922346,19.049746884872736,0.019049746884872733,2,0.015355804027358045,,,,42.336283185840706,11.333333333333334,0.03286935240952213
volatility_scaled_momentum|vsmom_12m_1m_vol60|long_q10|unconstrained_beta|r5|ensemble,volatility_scaled_momentum|vsmom_12m_1m_vol60,volatility_scaled_momentum,vsmom_12m_1m_vol60,1,global_fdr_rank_signal,no_stable_structure,long_q10,long_only,False,5,ensemble,3,836.3333333333334,0.0,0.0,,25,return_minus_risk_free,4181,0.09665627920813002,0.1819320818640599,0.5167848667270135,-0.3622328264672483,0.595,0.8235294117647058,-0.016236696270953123,-0.6951656655900942,0.8244438768446771,0.8917510403948602,1.673178537387238,0.9994461700922346,0.9994461700922346,19.049746884872736,0.04762436721218184,2,0.015355804027358045,,,,42.336283185840706,11.333333333333334,0.03286935240952213
volatility_scaled_momentum|vsmom_12m_1m_vol60|long_q10|unconstrained_beta|r21|ensemble,volatility_scaled_momentum|vsmom_12m_1m_vol60,volatility_scaled_momentum,vsmom_12m_1m_vol60,1,global_fdr_rank_signal,no_stable_structure,long_q10,long_only,False,21,ensemble,3,199.33333333333334,0.0,0.0,,0,return_minus_risk_free,4181,0.14381337684239126,0.1823540691151639,0.7469153435439667,-0.35708610920164885,0.64,0.8823529411764706,0.02430751304755644,1.0668720356798111,0.8367058168653482,0.8886877706512498,1.597368873952286,0.997288284805819,0.997288284805819,9.24859534080655,0.0,2,0.02308075229649476,,,,42.23048712429244,11.333333333333334,0.03555273646527838
volatility_scaled_momentum|vsmom_12m_1m_vol60|long_q10|unconstrained_beta|r21|ensemble,volatility_scaled_momentum|vsmom_12m_1m_vol60,volatility_scaled_momentum,vsmom_12m_1m_vol60,1,global_fdr_rank_signal,no_stable_structure,long_q10,long_only,False,21,ensemble,3,199.33333333333334,0.0,0.0,,5,return_minus_risk_free,4181,0.1385358973141102,0.1823390940409006,0.7215882814521424,-0.3574469019738269,0.635,0.8823529411764706,0.019688425098419046,0.8642178216006948,0.8366292195061699,0.8886877706512498,1.597368873952286,0.997288284805819,0.997288284805819,9.24859534080655,0.004624297670403276,2,0.02308075229649476,,,,42.23048712429244,11.333333333333334,0.03555273646527838
volatility_scaled_momentum|vsmom_12m_1m_vol60|long_q10|unconstrained_beta|r21|ensemble,volatility_scaled_momentum|vsmom_12m_1m_vol60,volatility_scaled_momentum,vsmom_12m_1m_vol60,1,global_fdr_rank_signal,no_stable_structure,long_q10,long_only,False,21,ensemble,3,199.33333333333334,0.0,0.0,,10,return_minus_risk_free,4181,0.13328205710421948,0.18232709976920392,0.6962456666347637,-0.35780755975458434,0.635,0.8823529411764706,0.015069337149281506,0.6614903454010881,0.8365526221469918,0.8886877706512498,1.597368873952286,0.997288284805819,0.997288284805819,9.24859534080655,0.009248595340806551,2,0.02308075229649476,,,,42.23048712429244,11.333333333333334,0.03555273646527838
volatility_scaled_momentum|vsmom_12m_1m_vol60|long_q10|unconstrained_beta|r21|ensemble,volatility_scaled_momentum|vsmom_12m_1m_vol60,volatility_scaled_momentum,vsmom_12m_1m_vol60,1,global_fdr_rank_signal,no_stable_structure,long_q10,long_only,False,21,ensemble,3,199.33333333333334,0.0,0.0,,25,return_minus_risk_free,4181,0.11766134740766865,0.18230900692174906,0.6201368958021668,-0.3588887234008923,0.62,0.8823529411764706,0.0012120733018690822,0.0531948629708009,0.8363228300694577,0.8886877706512498,1.597368873952286,0.997288284805819,0.997288284805819,9.24859534080655,0.023121488352016377,2,0.02308075229649476,,,,42.23048712429244,11.333333333333334,0.03555273646527838
volatility_scaled_momentum|vsmom_12m_1m_vol60|long_q10|unconstrained_beta|r63|ensemble,volatility_scaled_momentum|vsmom_12m_1m_vol60,volatility_scaled_momentum,vsmom_12m_1m_vol60,1,global_fdr_rank_signal,no_stable_structure,long_q10,long_only,False,63,ensemble,3,66.33333333333333,0.0,0.0,,0,return_minus_risk_free,4181,0.1367762000756838,0.18307627996154324,0.7109155358671205,-0.35419312701771377,0.64,0.8823529411764706,0.015444133762507136,0.7031536696394448,0.8577096893162172,0.8909200676990728,1.4930600321542398,0.9919095154493193,0.9919095154493193,4.931367545784522,0.0,2,0.023059027742250267,,,,41.96563820457626,11.333333333333334,0.039579119785128104
volatility_scaled_momentum|vsmom_12m_1m_vol60|long_q10|unconstrained_beta|r63|ensemble,volatility_scaled_momentum|vsmom_12m_1m_vol60,volatility_scaled_momentum,vsmom_12m_1m_vol60,1,global_fdr_rank_signal,no_stable_structure,long_q10,long_only,False,63,ensemble,3,66.33333333333333,0.0,0.0,,5,return_minus_risk_free,4181,0.13397642669737908,0.18306956097139968,0.6974583152886857,-0.35432248336890226,0.64,0.8823529411764706,0.012979262884887337,0.5910671797865756,0.8576837952935428,0.8909200676990728,1.4930600321542398,0.9919095154493193,0.9919095154493193,4.931367545784522,0.0024656837728922612,2,0.023059027742250267,,,,41.96563820457626,11.333333333333334,0.039579119785128104
volatility_scaled_momentum|vsmom_12m_1m_vol60|long_q10|unconstrained_beta|r63|ensemble,volatility_scaled_momentum|vsmom_12m_1m_vol60,volatility_scaled_momentum,vsmom_12m_1m_vol60,1,global_fdr_rank_signal,no_stable_structure,long_q10,long_only,False,63,ensemble,3,66.33333333333333,0.0,0.0,,10,return_minus_risk_free,4181,0.13118295922316903,0.18306556402226976,0.6839899347663603,-0.3544518397200912,0.635,0.8823529411764706,0.010514392007267505,0.4788890846174888,0.8576579012708683,0.8909200676990728,1.4930600321542398,0.9919095154493193,0.9919095154493193,4.931367545784522,0.0049313675457845225,2,0.023059027742250267,,,,41.96563820457626,11.333333333333334,0.039579119785128104
volatility_scaled_momentum|vsmom_12m_1m_vol60|long_q10|unconstrained_beta|r63|ensemble,volatility_scaled_momentum|vsmom_12m_1m_vol60,volatility_scaled_momentum,vsmom_12m_1m_vol60,1,global_fdr_rank_signal,no_stable_structure,long_q10,long_only,False,63,ensemble,3,66.33333333333333,0.0,0.0,,25,return_minus_risk_free,4181,0.12284026353307387,0.1830699065967598,0.6435238351017246,-0.35483990877365656,0.635,0.8823529411764706,0.003119779374408263,0.14208535133514555,0.857580219202845,0.8909200676990728,1.4930600321542398,0.9919095154493193,0.9919095154493193,4.931367545784522,0.012328418864461305,2,0.023059027742250267,,,,41.96563820457626,11.333333333333334,0.039579119785128104
volatility_scaled_momentum|vsmom_12m_1m_vol60|middle_minus_q1|unconstrained_beta|r1|ensemble,volatility_scaled_momentum|vsmom_12m_1m_vol60,volatility_scaled_momentum,vsmom_12m_1m_vol60,1,global_fdr_rank_signal,no_stable_structure,middle_minus_q1,market_neutral,False,1,ensemble,1,4181.0,0.0,0.0,,0,self_financing_spread_return,4181,0.020203161202887232,0.1357258026056515,0.2157898838882725,-0.47110213531665746,0.53,0.5882352941176471,0.062384408874828136,2.0507520119727434,-0.2226887607996441,-0.05988395344242997,0.6808332684190432,2.0,1.5783867608971465e-17,76.1792240372491,0.0,0,0.0,,,,208.98397512556804,167.0,0.030303030303030304
volatility_scaled_momentum|vsmom_12m_1m_vol60|middle_minus_q1|unconstrained_beta|r1|ensemble,volatility_scaled_momentum|vsmom_12m_1m_vol60,volatility_scaled_momentum,vsmom_12m_1m_vol60,1,global_fdr_rank_signal,no_stable_structure,middle_minus_q1,market_neutral,False,1,ensemble,1,4181.0,0.0,0.0,,5,self_financing_spread_return,4181,-0.017928324302120213,0.1357163480944904,-0.06487341926396774,-0.5005815060061068,0.485,0.47058823529411764,0.0242979921221564,0.7985923299085117,-0.22273062565593582,-0.05988395344242997,0.6808332684190432,2.0,1.5783867608971465e-17,76.1792240372491,0.038089612018624555,0,0.0,,,,208.98397512556804,167.0,0.030303030303030304
volatility_scaled_momentum|vsmom_12m_1m_vol60|middle_minus_q1|unconstrained_beta|r1|ensemble,volatility_scaled_momentum|vsmom_12m_1m_vol60,volatility_scaled_momentum,vsmom_12m_1m_vol60,1,global_fdr_rank_signal,no_stable_structure,middle_minus_q1,market_neutral,False,1,ensemble,1,4181.0,0.0,0.0,,10,self_financing_spread_return,4181,-0.054640563771298556,0.1357109910597173,-0.34556539540778414,-0.6423795928111709,0.47,0.35294117647058826,-0.013788424630515661,-0.45304886886973644,-0.2227724905122275,-0.05988395344242997,0.6808332684190432,2.0,1.5783867608971465e-17,76.1792240372491,0.07617922403724911,0,0.0,,,,208.98397512556804,167.0,0.030303030303030304
volatility_scaled_momentum|vsmom_12m_1m_vol60|middle_minus_q1|unconstrained_beta|r1|ensemble,volatility_scaled_momentum|vsmom_12m_1m_vol60,volatility_scaled_momentum,vsmom_12m_1m_vol60,1,global_fdr_rank_signal,no_stable_structure,middle_minus_q1,market_neutral,False,1,ensemble,1,4181.0,0.0,0.0,,25,self_financing_spread_return,4181,-0.1567781904821014,0.1357195078101261,-1.1875591143440765,-0.9418022359935393,0.32,0.058823529411764705,-0.12804767488853078,-4.201243210559952,-0.22289808508110323,-0.05988395344242997,0.6808332684190432,2.0,1.5783867608971465e-17,76.1792240372491,0.19044806009312273,0,0.0,,,,208.98397512556804,167.0,0.030303030303030304
volatility_scaled_momentum|vsmom_12m_1m_vol60|middle_minus_q1|unconstrained_beta|r5|ensemble,volatility_scaled_momentum|vsmom_12m_1m_vol60,volatility_scaled_momentum,vsmom_12m_1m_vol60,1,global_fdr_rank_signal,no_stable_structure,middle_minus_q1,market_neutral,False,5,ensemble,3,836.3333333333334,0.0,0.0,,0,self_financing_spread_return,4181,0.01621068652566171,0.13534528067807644,0.18709787964494498,-0.4573772669691022,0.52,0.5882352941176471,0.0564781397193366,1.8458512943034313,-0.2096298171476272,-0.060436526259818435,0.7470617242203336,2.0012914258163326,0.0004439413418040574,34.09679314822929,0.0,2,0.02433185569398541,,,,208.82890855457225,55.666666666666664,0.04048418309818073
volatility_scaled_momentum|vsmom_12m_1m_vol60|middle_minus_q1|unconstrained_beta|r5|ensemble,volatility_scaled_momentum|vsmom_12m_1m_vol60,volatility_scaled_momentum,vsmom_12m_1m_vol60,1,global_fdr_rank_signal,no_stable_structure,middle_minus_q1,market_neutral,False,5,ensemble,3,836.3333333333334,0.0,0.0,,5,self_financing_spread_return,4181,-0.0009682462538962433,0.13536685645585703,0.06114217161129862,-0.47066217640719765,0.51,0.5294117647058824,0.039448486655015345,1.2888592105146361,-0.20974109643443015,-0.060436526259818435,0.7470617242203336,2.0012914258163326,0.0004439413418040574,34.09679314822929,0.017048396574114645,2,0.02433185569398541,,,,208.82890855457225,55.666666666666664,0.04048418309818073
volatility_scaled_momentum|vsmom_12m_1m_vol60|middle_minus_q1|unconstrained_beta|r5|ensemble,volatility_scaled_momentum|vsmom_12m_1m_vol60,volatility_scaled_momentum,vsmom_12m_1m_vol60,1,global_fdr_rank_signal,no_stable_structure,middle_minus_q1,market_neutral,False,5,ensemble,3,836.3333333333334,0.0,0.0,,10,self_financing_spread_return,4181,-0.017858765139640354,0.13539490387969108,-0.06477029524537069,-0.4878282058022366,0.495,0.5294117647058824,0.022418833590693816,0.7322100911770213,-0.20985237572123294,-0.060436526259818435,0.7470617242203336,2.0012914258163326,0.0004439413418040574,34.09679314822929,0.03409679314822929,2,0.02433185569398541,,,,208.82890855457225,55.666666666666664,0.04048418309818073
volatility_scaled_momentum|vsmom_12m_1m_vol60|middle_minus_q1|unconstrained_beta|r5|ensemble,volatility_scaled_momentum|vsmom_12m_1m_vol60,volatility_scaled_momentum,vsmom_12m_1m_vol60,1,global_fdr_rank_signal,no_stable_structure,middle_minus_q1,market_neutral,False,5,ensemble,3,836.3333333333334,0.0,0.0,,25,self_financing_spread_return,4181,-0.06684752838003549,0.13551783120963273,-0.44206833717011396,-0.6914286031493142,0.45,0.17647058823529413,-0.028670125602270342,-0.935250147704723,-0.21018621358164138,-0.060436526259818435,0.7470617242203336,2.0012914258163326,0.0004439413418040574,34.09679314822929,0.08524198287057322,2,0.02433185569398541,,,,208.82890855457225,55.666666666666664,0.04048418309818073
volatility_scaled_momentum|vsmom_12m_1m_vol60|middle_minus_q1|unconstrained_beta|r21|ensemble,volatility_scaled_momentum|vsmom_12m_1m_vol60,volatility_scaled_momentum,vsmom_12m_1m_vol60,1,global_fdr_rank_signal,no_stable_structure,middle_minus_q1,market_neutral,False,21,ensemble,3,199.33333333333334,0.0,0.0,,0,self_financing_spread_return,4181,0.012043391066845599,0.1349607075725602,0.15689142436848452,-0.430157342616033,0.555,0.5882352941176471,0.04997164165981981,1.6569254565294977,-0.1937648596798563,-0.060345658737064135,1.0182712747886526,2.0021215969436073,0.003256201396560563,16.40549728151799,0.0,2,0.031127605263066654,,,,208.21812963405884,55.666666666666664,0.051089978429804526
volatility_scaled_momentum|vsmom_12m_1m_vol60|middle_minus_q1|unconstrained_beta|r21|ensemble,volatility_scaled_momentum|vsmom_12m_1m_vol60,volatility_scaled_momentum,vsmom_12m_1m_vol60,1,global_fdr_rank_signal,no_stable_structure,middle_minus_q1,market_neutral,False,21,ensemble,3,199.33333333333334,0.0,0.0,,5,self_financing_spread_return,4181,0.003774846549582156,0.13496612945956052,0.09610946875150292,-0.4382724654246606,0.53,0.5294117647058824,0.0417790535194735,1.3847699756922234,-0.19383259253575832,-0.060345658737064135,1.0182712747886526,2.0021215969436073,0.003256201396560563,16.40549728151799,0.008202748640758995,2,0.031127605263066654,,,,208.21812963405884,55.666666666666664,0.051089978429804526
volatility_scaled_momentum|vsmom_12m_1m_vol60|middle_minus_q1|unconstrained_beta|r21|ensemble,volatility_scaled_momentum|vsmom_12m_1m_vol60,volatility_scaled_momentum,vsmom_12m_1m_vol60,1,global_fdr_rank_signal,no_stable_structure,middle_minus_q1,market_neutral,False,21,ensemble,3,199.33333333333334,0.0,0.0,,10,self_financing_spread_return,4181,-0.004428051186552873,0.13498377033830242,0.03532919807189291,-0.466521137905036,0.52,0.5294117647058824,0.033586465379127683,1.112712104024258,-0.19390032539166044,-0.060345658737064135,1.0182712747886526,2.0021215969436073,0.003256201396560563,16.40549728151799,0.01640549728151799,2,0.031127605263066654,,,,208.21812963405884,55.666666666666664,0.051089978429804526
volatility_scaled_momentum|vsmom_12m_1m_vol60|middle_minus_q1|unconstrained_beta|r21|ensemble,volatility_scaled_momentum|vsmom_12m_1m_vol60,volatility_scaled_momentum,vsmom_12m_1m_vol60,1,global_fdr_rank_signal,no_stable_structure,middle_minus_q1,market_neutral,False,21,ensemble,3,199.33333333333334,0.0,0.0,,25,self_financing_spread_return,4181,-0.028647905536417717,0.13510994248733035,-0.14683668133590566,-0.5532910190852016,0.485,0.47058823529411764,0.009008700958088998,0.29787839153727225,-0.19410352395936664,-0.060345658737064135,1.0182712747886526,2.0021215969436073,0.003256201396560563,16.40549728151799,0.04101374320379498,2,0.031127605263066654,,,,208.21812963405884,55.666666666666664,0.051089978429804526
volatility_scaled_momentum|vsmom_12m_1m_vol60|middle_minus_q1|unconstrained_beta|r63|ensemble,volatility_scaled_momentum|vsmom_12m_1m_vol60,volatility_scaled_momentum,vsmom_12m_1m_vol60,1,global_fdr_rank_signal,no_stable_structure,middle_minus_q1,market_neutral,False,63,ensemble,3,66.33333333333333,0.0,0.0,,0,self_financing_spread_return,4181,0.02338213826690394,0.12451502059422787,0.2481975201641869,-0.3084525522457616,0.575,0.6470588235294118,0.05320540968924198,1.8688773357266488,-0.15005375615753339,-0.06224006838825181,0.9225532014970644,2.0092711490678994,0.008697178244181796,8.611452498964677,0.0,4,0.037182486733006524,,,,206.62696324643227,55.666666666666664,0.07458675474583722
volatility_scaled_momentum|vsmom_12m_1m_vol60|middle_minus_q1|unconstrained_beta|r63|ensemble,volatility_scaled_momentum|vsmom_12m_1m_vol60,volatility_scaled_momentum,vsmom_12m_1m_vol60,1,global_fdr_rank_signal,no_stable_structure,middle_minus_q1,market_neutral,False,63,ensemble,3,66.33333333333333,0.0,0.0,,5,self_financing_spread_return,4181,0.018984417513211005,0.12451958048128758,0.2136057629398988,-0.3096495926599503,0.575,0.6470588235294118,0.04890492010156066,1.7177933027829468,-0.15009230905322762,-0.06224006838825181,0.9225532014970644,2.0092711490678994,0.008697178244181796,8.611452498964677,0.0043057262494823395,4,0.037182486733006524,,,,206.62696324643227,55.666666666666664,0.07458675474583722
volatility_scaled_momentum|vsmom_12m_1m_vol60|middle_minus_q1|unconstrained_beta|r63|ensemble,volatility_scaled_momentum|vsmom_12m_1m_vol60,volatility_scaled_momentum,vsmom_12m_1m_vol60,1,global_fdr_rank_signal,no_stable_structure,middle_minus_q1,market_neutral,False,63,ensemble,3,66.33333333333333,0.0,0.0,,10,self_financing_spread_return,4181,0.014604020442037013,0.12453601094880462,0.17899947553167492,-0.3108450822297477,0.56,0.5882352941176471,0.04460443051387914,1.5664851051507787,-0.1501308619489219,-0.06224006838825181,0.9225532014970644,2.0092711490678994,0.008697178244181796,8.611452498964677,0.008611452498964679,4,0.037182486733006524,,,,206.62696324643227,55.666666666666664,0.07458675474583722
volatility_scaled_momentum|vsmom_12m_1m_vol60|middle_minus_q1|unconstrained_beta|r63|ensemble,volatility_scaled_momentum|vsmom_12m_1m_vol60,volatility_scaled_momentum,vsmom_12m_1m_vol60,1,global_fdr_rank_signal,no_stable_structure,middle_minus_q1,market_neutral,False,63,ensemble,3,66.33333333333333,0.0,0.0,,25,self_financing_spread_return,4181,0.001566151600824961,0.12465646193982889,0.07519243257611448,-0.33590972918602613,0.54,0.4117647058823529,0.03170296175083519,1.111880713127123,-0.1502465206360047,-0.06224006838825181,0.9225532014970644,2.0092711490678994,0.008697178244181796,8.611452498964677,0.02152863124741169,4,0.037182486733006524,,,,206.62696324643227,55.666666666666664,0.07458675474583722
volatility_scaled_momentum|vsmom_12m_1m_vol60|middle_minus_q1|beta_neutral|r1|ensemble,volatility_scaled_momentum|vsmom_12m_1m_vol60,volatility_scaled_momentum,vsmom_12m_1m_vol60,1,global_fdr_rank_signal,no_stable_structure,middle_minus_q1,market_neutral,True,1,ensemble,1,4181.0,0.0,4181.0,1.0,0,self_financing_spread_return,4181,0.029568058043346168,0.1159333758768847,0.3095415813771276,-0.3636033556063658,0.54,0.7058823529411765,0.04922416955184899,1.802371876914708,-0.08974504490249299,-4.3231167801818564e-18,8.604228440844963e-16,2.0,0.04025397979675804,77.47567557037021,0.0,0,0.0,,,,208.98397512556804,167.0,0.0364134836387805
volatility_scaled_momentum|vsmom_12m_1m_vol60|middle_minus_q1|beta_neutral|r1|ensemble,volatility_scaled_momentum|vsmom_12m_1m_vol60,volatility_scaled_momentum,vsmom_12m_1m_vol60,1,global_fdr_rank_signal,no_stable_structure,middle_minus_q1,market_neutral,True,1,ensemble,1,4181.0,0.0,4181.0,1.0,5,self_financing_spread_return,4181,-0.00955581202364264,0.11592616706452606,-0.024637814366654694,-0.41306255974938855,0.495,0.47058823529411764,0.010490863654426771,0.3840145664133525,-0.08980601885743592,-4.3231167801818564e-18,8.604228440844963e-16,2.0,0.04025397979675804,77.47567557037021,0.0387378377851851,0,0.0,,,,208.98397512556804,167.0,0.0364134836387805
volatility_scaled_momentum|vsmom_12m_1m_vol60|middle_minus_q1|beta_neutral|r1|ensemble,volatility_scaled_momentum|vsmom_12m_1m_vol60,volatility_scaled_momentum,vsmom_12m_1m_vol60,1,global_fdr_rank_signal,no_stable_structure,middle_minus_q1,market_neutral,True,1,ensemble,1,4181.0,0.0,4181.0,1.0,10,self_financing_spread_return,4181,-0.047199210766852295,0.11592412557332421,-0.35884277812175475,-0.5826375719331269,0.445,0.35294117647058826,-0.028242442242995238,-1.0333651311377645,-0.08986699281237923,-4.3231167801818564e-18,8.604228440844963e-16,2.0,0.04025397979675804,77.47567557037021,0.0774756755703702,0,0.0,,,,208.98397512556804,167.0,0.0364134836387805
volatility_scaled_momentum|vsmom_12m_1m_vol60|middle_minus_q1|beta_neutral|r1|ensemble,volatility_scaled_momentum|vsmom_12m_1m_vol60,volatility_scaled_momentum,vsmom_12m_1m_vol60,1,global_fdr_rank_signal,no_stable_structure,middle_minus_q1,market_neutral,True,1,ensemble,1,4181.0,0.0,4181.0,1.0,25,self_financing_spread_return,4181,-0.15179404906882066,0.1159490043017986,-1.3611642453121033,-0.9358311324378144,0.295,0.058823529411764705,-0.14444235993526228,-5.274252614968806,-0.09004991467720823,-4.3231167801818564e-18,8.604228440844963e-16,2.0,0.04025397979675804,77.47567557037021,0.19368918892592554,0,0.0,,,,208.98397512556804,167.0,0.0364134836387805
volatility_scaled_momentum|vsmom_12m_1m_vol60|middle_minus_q1|beta_neutral|r5|ensemble,volatility_scaled_momentum|vsmom_12m_1m_vol60,volatility_scaled_momentum,vsmom_12m_1m_vol60,1,global_fdr_rank_signal,no_stable_structure,middle_minus_q1,market_neutral,True,5,ensemble,3,836.3333333333334,0.0,836.3333333333334,1.0,0,self_financing_spread_return,4181,0.023417365363362697,0.11581825536502689,0.2580233798121845,-0.35634035006057363,0.53,0.7058823529411765,0.041618885215419184,1.5251125146968683,-0.07895985947188519,-0.0004067369533696988,0.18576218048177054,2.000956009788508,0.040528039832474924,34.333755433407326,0.0,2,0.024638481013164664,,,,208.82890855457225,55.666666666666664,0.04237812962453475
volatility_scaled_momentum|vsmom_12m_1m_vol60|middle_minus_q1|beta_neutral|r5|ensemble,volatility_scaled_momentum|vsmom_12m_1m_vol60,volatility_scaled_momentum,vsmom_12m_1m_vol60,1,global_fdr_rank_signal,no_stable_structure,middle_minus_q1,market_neutral,True,5,ensemble,3,836.3333333333334,0.0,836.3333333333334,1.0,5,self_financing_spread_return,4181,0.005997390135712211,0.11584067387771496,0.10978906013493543,-0.37851973611689105,0.525,0.6470588235294118,0.024470017188621785,0.8963875547245458,-0.07907364549886912,-0.0004067369533696988,0.18576218048177054,2.000956009788508,0.040528039832474924,34.333755433407326,0.017166877716703662,2,0.024638481013164664,,,,208.82890855457225,55.666666666666664,0.04237812962453475
volatility_scaled_momentum|vsmom_12m_1m_vol60|middle_minus_q1|beta_neutral|r5|ensemble,volatility_scaled_momentum|vsmom_12m_1m_vol60,volatility_scaled_momentum,vsmom_12m_1m_vol60,1,global_fdr_rank_signal,no_stable_structure,middle_minus_q1,market_neutral,True,5,ensemble,3,836.3333333333334,0.0,836.3333333333334,1.0,10,self_financing_spread_return,4181,-0.011128111417204267,0.11587078252770257,-0.0383853476721645,-0.39993765095657996,0.495,0.47058823529411764,0.007321149161823822,0.268087364555706,-0.07918743152585275,-0.0004067369533696988,0.18576218048177054,2.000956009788508,0.040528039832474924,34.333755433407326,0.034333755433407324,2,0.024638481013164664,,,,208.82890855457225,55.666666666666664,0.04237812962453475
volatility_scaled_momentum|vsmom_12m_1m_vol60|middle_minus_q1|beta_neutral|r5|ensemble,volatility_scaled_momentum|vsmom_12m_1m_vol60,volatility_scaled_momentum,vsmom_12m_1m_vol60,1,global_fdr_rank_signal,no_stable_structure,middle_minus_q1,market_neutral,True,5,ensemble,3,836.3333333333334,0.0,836.3333333333334,1.0,25,self_financing_spread_return,4181,-0.06078679794162223,0.11600718177753576,-0.4822552911255565,-0.6534111401957119,0.415,0.23529411764705882,-0.04412545491856872,-1.6136373372361952,-0.07952878960680415,-0.0004067369533696988,0.18576218048177054,2.000956009788508,0.040528039832474924,34.333755433407326,0.08583438858351831,2,0.024638481013164664,,,,208.82890855457225,55.666666666666664,0.04237812962453475
volatility_scaled_momentum|vsmom_12m_1m_vol60|middle_minus_q1|beta_neutral|r21|ensemble,volatility_scaled_momentum|vsmom_12m_1m_vol60,volatility_scaled_momentum,vsmom_12m_1m_vol60,1,global_fdr_rank_signal,no_stable_structure,middle_minus_q1,market_neutral,True,21,ensemble,3,199.33333333333334,0.0,199.33333333333334,1.0,0,self_financing_spread_return,4181,0.023414584978672437,0.11469104342773624,0.25945017965035777,-0.3113104994435516,0.505,0.6470588235294118,0.039501258436820834,1.4811148816416113,-0.06556723477606058,0.00023058295176149536,0.31791470349203016,2.0008648908104574,0.04359311652592729,16.458169924323645,0.0,2,0.03142582804198005,,,,208.21812963405884,55.666666666666664,0.04859862146320327
volatility_scaled_momentum|vsmom_12m_1m_vol60|middle_minus_q1|beta_neutral|r21|ensemble,volatility_scaled_momentum|vsmom_12m_1m_vol60,volatility_scaled_momentum,vsmom_12m_1m_vol60,1,global_fdr_rank_signal,no_stable_structure,middle_minus_q1,market_neutral,True,21,ensemble,3,199.33333333333334,0.0,199.33333333333334,1.0,5,self_financing_spread_return,4181,0.015026398547234754,0.11470089718652575,0.18768276289591154,-0.32298587198559203,0.5,0.6470588235294118,0.03128273423232935,1.17253421265306,-0.0656392727115439,0.00023058295176149536,0.31791470349203016,2.0008648908104574,0.04359311652592729,16.458169924323645,0.008229084962161822,2,0.03142582804198005,,,,208.21812963405884,55.666666666666664,0.04859862146320327
volatility_scaled_momentum|vsmom_12m_1m_vol60|middle_minus_q1|beta_neutral|r21|ensemble,volatility_scaled_momentum|vsmom_12m_1m_vol60,volatility_scaled_momentum,vsmom_12m_1m_vol60,1,global_fdr_rank_signal,no_stable_structure,middle_minus_q1,market_neutral,True,21,ensemble,3,199.33333333333334,0.0,199.33333333333334,1.0,10,self_financing_spread_return,4181,0.006705023956290246,0.11472520306248127,0.11591307232081123,-0.3545956937970477,0.495,0.6470588235294118,0.023064210027838043,0.8640737513116553,-0.06571131064702725,0.00023058295176149536,0.31791470349203016,2.0008648908104574,0.04359311652592729,16.458169924323645,0.016458169924323644,2,0.03142582804198005,,,,208.21812963405884,55.666666666666664,0.04859862146320327
volatility_scaled_momentum|vsmom_12m_1m_vol60|middle_minus_q1|beta_neutral|r21|ensemble,volatility_scaled_momentum|vsmom_12m_1m_vol60,volatility_scaled_momentum,vsmom_12m_1m_vol60,1,global_fdr_rank_signal,no_stable_structure,middle_minus_q1,market_neutral,True,21,ensemble,3,199.33333333333334,0.0,199.33333333333334,1.0,25,self_financing_spread_return,4181,-0.017863376751966253,0.11488471439501265,-0.09913887059209506,-0.45700152658577353,0.465,0.47058823529411764,-0.001591362585636127,-0.05949051084914874,-0.06592742445347724,0.00023058295176149536,0.31791470349203016,2.0008648908104574,0.04359311652592729,16.458169924323645,0.041145424810809114,2,0.03142582804198005,,,,208.21812963405884,55.666666666666664,0.04859862146320327
volatility_scaled_momentum|vsmom_12m_1m_vol60|middle_minus_q1|beta_neutral|r63|ensemble,volatility_scaled_momentum|vsmom_12m_1m_vol60,volatility_scaled_momentum,vsmom_12m_1m_vol60,1,global_fdr_rank_signal,no_stable_structure,middle_minus_q1,market_neutral,True,63,ensemble,3,66.33333333333333,0.0,66.33333333333333,1.0,0,self_financing_spread_return,4181,0.032140413450103766,0.10770424559878294,0.3477381270986279,-0.2239585573508588,0.54,0.6470588235294118,0.0419629699408273,1.6570153658971247,-0.03034636554094151,-0.0005678922371696138,0.3923088300300826,2.005088493105695,0.047485149314790365,8.618725910911973,0.0,4,0.03814254644898681,,,,206.62696324643227,55.666666666666664,0.06013800629696786
volatility_scaled_momentum|vsmom_12m_1m_vol60|middle_minus_q1|beta_neutral|r63|ensemble,volatility_scaled_momentum|vsmom_12m_1m_vol60,volatility_scaled_momentum,vsmom_12m_1m_vol60,1,global_fdr_rank_signal,no_stable_structure,middle_minus_q1,market_neutral,True,63,ensemble,3,66.33333333333333,0.0,66.33333333333333,1.0,5,self_financing_spread_return,4181,0.0277013165993214,0.10770938196608226,0.3077060875396241,-0.22878833906099683,0.535,0.6470588235294118,0.03765824290173772,1.487199587384897,-0.03038211487358782,-0.0005678922371696138,0.3923088300300826,2.005088493105695,0.047485149314790365,8.618725910911973,0.004309362955455987,4,0.03814254644898681,,,,206.62696324643227,55.666666666666664,0.06013800629696786
volatility_scaled_momentum|vsmom_12m_1m_vol60|middle_minus_q1|beta_neutral|r63|ensemble,volatility_scaled_momentum|vsmom_12m_1m_vol60,volatility_scaled_momentum,vsmom_12m_1m_vol60,1,global_fdr_rank_signal,no_stable_structure,middle_minus_q1,market_neutral,True,63,ensemble,3,66.33333333333333,0.0,66.33333333333333,1.0,10,self_financing_spread_return,4181,0.023279719441461788,0.10772828104532034,0.26764366893561614,-0.23359011983858302,0.515,0.5882352941176471,0.03335351586264808,1.3171010552926667,-0.0304178642062341,-0.0005678922371696138,0.3923088300300826,2.005088493105695,0.047485149314790365,8.618725910911973,0.008618725910911973,4,0.03814254644898681,,,,206.62696324643227,55.666666666666664,0.06013800629696786
volatility_scaled_momentum|vsmom_12m_1m_vol60|middle_minus_q1|beta_neutral|r63|ensemble,volatility_scaled_momentum|vsmom_12m_1m_vol60,volatility_scaled_momentum,vsmom_12m_1m_vol60,1,global_fdr_rank_signal,no_stable_structure,middle_minus_q1,market_neutral,True,63,ensemble,3,66.33333333333333,0.0,66.33333333333333,1.0,25,self_financing_spread_return,4181,0.01011929970288672,0.10786745587563401,0.14742789538338508,-0.24783558722561472,0.505,0.5294117647058824,0.020439334745379536,0.8060577864823568,-0.030525112204173043,-0.0005678922371696138,0.3923088300300826,2.005088493105695,0.047485149314790365,8.618725910911973,0.021546814777279932,4,0.03814254644898681,,,,206.62696324643227,55.666666666666664,0.06013800629696786
volatility_scaled_momentum|vsmom_12m_1m_vol60|q10_minus_middle|unconstrained_beta|r1|ensemble,volatility_scaled_momentum|vsmom_12m_1m_vol60,volatility_scaled_momentum,vsmom_12m_1m_vol60,1,global_fdr_rank_signal,no_stable_structure,q10_minus_middle,market_neutral,False,1,ensemble,1,4181.0,0.0,0.0,,0,self_financing_spread_return,4181,0.010579471447680344,0.11277619144017595,0.1499950857589322,-0.2851500599614335,0.555,0.4117647058823529,0.04218248805214927,1.7011237443855058,-0.17000739459851888,-0.11444807994258847,0.7776981369493761,2.0,-8.670713035389455e-18,79.41194531282362,0.0,0,0.0,,,,209.8756278402296,168.0,0.029411764705882353
volatility_scaled_momentum|vsmom_12m_1m_vol60|q10_minus_middle|unconstrained_beta|r1|ensemble,volatility_scaled_momentum|vsmom_12m_1m_vol60,volatility_scaled_momentum,vsmom_12m_1m_vol60,1,global_fdr_rank_signal,no_stable_structure,q10_minus_middle,market_neutral,False,1,ensemble,1,4181.0,0.0,0.0,,5,self_financing_spread_return,4181,-0.028763745097535764,0.11276397256412772,-0.20212531883615664,-0.500700453041324,0.48,0.35294117647058826,0.0024773702528872454,0.09985712286704695,-0.17002899734762217,-0.11444807994258847,0.7776981369493761,2.0,-8.670713035389455e-18,79.41194531282362,0.039705972656411806,0,0.0,,,,209.8756278402296,168.0,0.029411764705882353
volatility_scaled_momentum|vsmom_12m_1m_vol60|q10_minus_middle|unconstrained_beta|r1|ensemble,volatility_scaled_momentum|vsmom_12m_1m_vol60,volatility_scaled_momentum,vsmom_12m_1m_vol60,1,global_fdr_rank_signal,no_stable_structure,q10_minus_middle,market_neutral,False,1,ensemble,1,4181.0,0.0,0.0,,10,self_financing_spread_return,4181,-0.0665817330131353,0.1127575841295395,-0.5542933790630329,-0.7167697317414683,0.43,0.23529411764705882,-0.037227747546374645,-1.4995392725062455,-0.17005060009672524,-0.11444807994258847,0.7776981369493761,2.0,-8.670713035389455e-18,79.41194531282362,0.07941194531282361,0,0.0,,,,209.8756278402296,168.0,0.029411764705882353
volatility_scaled_momentum|vsmom_12m_1m_vol60|q10_minus_middle|unconstrained_beta|r1|ensemble,volatility_scaled_momentum|vsmom_12m_1m_vol60,volatility_scaled_momentum,vsmom_12m_1m_vol60,1,global_fdr_rank_signal,no_stable_structure,q10_minus_middle,market_neutral,False,1,ensemble,1,4181.0,0.0,0.0,,25,self_financing_spread_return,4181,-0.17146188388075145,0.11277340686154191,-1.6105372057111966,-0.9586917323217832,0.245,0.058823529411764705,-0.15634310094416123,-6.277600621376238,-0.17011540834403446,-0.11444807994258847,0.7776981369493761,2.0,-8.670713035389455e-18,79.41194531282362,0.19852986328205904,0,0.0,,,,209.8756278402296,168.0,0.029411764705882353
volatility_scaled_momentum|vsmom_12m_1m_vol60|q10_minus_middle|unconstrained_beta|r5|ensemble,volatility_scaled_momentum|vsmom_12m_1m_vol60,volatility_scaled_momentum,vsmom_12m_1m_vol60,1,global_fdr_rank_signal,no_stable_structure,q10_minus_middle,market_neutral,False,5,ensemble,3,836.3333333333334,0.0,0.0,,0,self_financing_spread_return,4181,0.0026402838628665215,0.11187850160174417,0.07979172258784997,-0.3104522612952414,0.56,0.35294117647058826,0.033952482592312344,1.3784551032973205,-0.16838508115921635,-0.11470233598849303,0.7751481041289807,2.0015487254525444,-2.280544448250207e-06,36.00848830202644,0.0,2,0.015516997356720809,,,,209.7427250259109,56.0,0.03312019543465095
volatility_scaled_momentum|vsmom_12m_1m_vol60|q10_minus_middle|unconstrained_beta|r5|ensemble,volatility_scaled_momentum|vsmom_12m_1m_vol60,volatility_scaled_momentum,vsmom_12m_1m_vol60,1,global_fdr_rank_signal,no_stable_structure,q10_minus_middle,market_neutral,False,5,ensemble,3,836.3333333333334,0.0,0.0,,5,self_financing_spread_return,4181,-0.015251088661138668,0.11186766116915664,-0.08115567829576883,-0.4071162577074169,0.53,0.35294117647058826,0.015967476264056518,0.6483543080056405,-0.1685241463114792,-0.11470233598849303,0.7751481041289807,2.0015487254525444,-2.280544448250207e-06,36.00848830202644,0.018004244151013222,2,0.015516997356720809,,,,209.7427250259109,56.0,0.03312019543465095
volatility_scaled_momentum|vsmom_12m_1m_vol60|q10_minus_middle|unconstrained_beta|r5|ensemble,volatility_scaled_momentum|vsmom_12m_1m_vol60,volatility_scaled_momentum,vsmom_12m_1m_vol60,1,global_fdr_rank_signal,no_stable_structure,q10_minus_middle,market_neutral,False,5,ensemble,3,836.3333333333334,0.0,0.0,,10,self_financing_spread_return,4181,-0.03282541415140572,0.11186575619327604,-0.24211493425784647,-0.5299897000563971,0.495,0.35294117647058826,-0.0020175300641996213,-0.08192728616898604,-0.16866321146374194,-0.11470233598849303,0.7751481041289807,2.0015487254525444,-2.280544448250207e-06,36.00848830202644,0.036008488302026444,2,0.015516997356720809,,,,209.7427250259109,56.0,0.03312019543465095
volatility_scaled_momentum|vsmom_12m_1m_vol60|q10_minus_middle|unconstrained_beta|r5|ensemble,volatility_scaled_momentum|vsmom_12m_1m_vol60,volatility_scaled_momentum,vsmom_12m_1m_vol60,1,global_fdr_rank_signal,no_stable_structure,q10_minus_middle,market_neutral,False,5,ensemble,3,836.3333333333334,0.0,0.0,,25,self_financing_spread_return,4181,-0.08370141397221198,0.11191364786738504,-0.7246783087369983,-0.7921973354736286,0.4,0.17647058823529413,-0.05597254904896786,-2.2727165682884083,-0.16908040692053064,-0.11470233598849303,0.7751481041289807,2.0015487254525444,-2.280544448250207e-06,36.00848830202644,0.0900212207550661,2,0.015516997356720809,,,,209.7427250259109,56.0,0.03312019543465095
volatility_scaled_momentum|vsmom_12m_1m_vol60|q10_minus_middle|unconstrained_beta|r21|ensemble,volatility_scaled_momentum|vsmom_12m_1m_vol60,volatility_scaled_momentum,vsmom_12m_1m_vol60,1,global_fdr_rank_signal,no_stable_structure,q10_minus_middle,market_neutral,False,21,ensemble,3,199.33333333333334,0.0,0.0,,0,self_financing_spread_return,4181,-0.00545368201090235,0.10953749664154684,0.005129778336760969,-0.33474865934407205,0.53,0.47058823529411764,0.022118357682351566,0.9041067389395218,-0.14504344547711506,-0.11626459794471201,0.7136455390731508,2.006262133984916,-0.0001746056483038576,17.447336191608027,0.0,2,0.023277256076639368,,,,209.23351670254326,56.0,0.03731619597492234
volatility_scaled_momentum|vsmom_12m_1m_vol60|q10_minus_middle|unconstrained_beta|r21|ensemble,volatility_scaled_momentum|vsmom_12m_1m_vol60,volatility_scaled_momentum,vsmom_12m_1m_vol60,1,global_fdr_rank_signal,no_stable_structure,q10_minus_middle,market_neutral,False,21,ensemble,3,199.33333333333334,0.0,0.0,,5,self_financing_spread_return,4181,-0.014093119717494718,0.1095280890514917,-0.07453207003413746,-0.39483720089009,0.51,0.4117647058823529,0.013404729717857576,0.5479454142827278,-0.14512170051680898,-0.11626459794471201,0.7136455390731508,2.006262133984916,-0.0001746056483038576,17.447336191608027,0.008723668095804014,2,0.023277256076639368,,,,209.23351670254326,56.0,0.03731619597492234
volatility_scaled_momentum|vsmom_12m_1m_vol60|q10_minus_middle|unconstrained_beta|r21|ensemble,volatility_scaled_momentum|vsmom_12m_1m_vol60,volatility_scaled_momentum,vsmom_12m_1m_vol60,1,global_fdr_rank_signal,no_stable_structure,q10_minus_middle,market_neutral,False,21,ensemble,3,199.33333333333334,0.0,0.0,,10,self_financing_spread_return,4181,-0.02265964941220089,0.10953592861997886,-0.1541833232063057,-0.4571488369629366,0.505,0.4117647058823529,0.004691101753363395,0.1917328216630468,-0.1451999555565027,-0.11626459794471201,0.7136455390731508,2.006262133984916,-0.0001746056483038576,17.447336191608027,0.01744733619160803,2,0.023277256076639368,,,,209.23351670254326,56.0,0.03731619597492234
volatility_scaled_momentum|vsmom_12m_1m_vol60|q10_minus_middle|unconstrained_beta|r21|ensemble,volatility_scaled_momentum|vsmom_12m_1m_vol60,volatility_scaled_momentum,vsmom_12m_1m_vol60,1,global_fdr_rank_signal,no_stable_structure,q10_minus_middle,market_neutral,False,21,ensemble,3,199.33333333333334,0.0,0.0,,25,self_financing_spread_return,4181,-0.04792773907562009,0.1096628525997748,-0.39269804959353477,-0.6329814772150477,0.46,0.35294117647058826,-0.021449782140118955,-0.8754923098715099,-0.14543472067558413,-0.11626459794471201,0.7136455390731508,2.006262133984916,-0.0001746056483038576,17.447336191608027,0.043618340479020065,2,0.023277256076639368,,,,209.23351670254326,56.0,0.03731619597492234
volatility_scaled_momentum|vsmom_12m_1m_vol60|q10_minus_middle|unconstrained_beta|r63|ensemble,volatility_scaled_momentum|vsmom_12m_1m_vol60,volatility_scaled_momentum,vsmom_12m_1m_vol60,1,global_fdr_rank_signal,no_stable_structure,q10_minus_middle,market_neutral,False,63,ensemble,3,66.33333333333333,0.0,0.0,,0,self_financing_spread_return,4181,-0.009092473586759908,0.10443474224158823,-0.0350518388894694,-0.38733985498797363,0.5,0.47058823529411764,0.011997174909841061,0.5047618903069405,-0.10535414934710961,-0.11128608390495609,0.8052082895369433,2.0244847126622636,-0.0009208657104515999,9.185519820844437,0.0,4,0.023496546562402704,,,,207.81894283664195,56.0,0.04243347542578074
volatility_scaled_momentum|vsmom_12m_1m_vol60|q10_minus_middle|unconstrained_beta|r63|ensemble,volatility_scaled_momentum|vsmom_12m_1m_vol60,volatility_scaled_momentum,vsmom_12m_1m_vol60,1,global_fdr_rank_signal,no_stable_structure,q10_minus_middle,market_neutral,False,63,ensemble,3,66.33333333333333,0.0,0.0,,5,self_financing_spread_return,4181,-0.013633922040267366,0.10442861132578503,-0.07904596571699432,-0.4222404277794899,0.495,0.4117647058823529,0.007407238052735916,0.3118106477280883,-0.10538169473500626,-0.11128608390495609,0.8052082895369433,2.0244847126622636,-0.0009208657104515999,9.185519820844437,0.004592759910422219,4,0.023496546562402704,,,,207.81894283664195,56.0,0.04243347542578074
volatility_scaled_momentum|vsmom_12m_1m_vol60|q10_minus_middle|unconstrained_beta|r63|ensemble,volatility_scaled_momentum|vsmom_12m_1m_vol60,volatility_scaled_momentum,vsmom_12m_1m_vol60,1,global_fdr_rank_signal,no_stable_structure,q10_minus_middle,market_neutral,False,63,ensemble,3,66.33333333333333,0.0,0.0,,10,self_financing_spread_return,4181,-0.01815631520042893,0.10443883336395307,-0.12302599223003334,-0.45516537612018226,0.485,0.4117647058823529,0.002817301195630582,0.11862849412990811,-0.10540924012290294,-0.11128608390495609,0.8052082895369433,2.0244847126622636,-0.0009208657104515999,9.185519820844437,0.009185519820844437,4,0.023496546562402704,,,,207.81894283664195,56.0,0.04243347542578074
volatility_scaled_momentum|vsmom_12m_1m_vol60|q10_minus_middle|unconstrained_beta|r63|ensemble,volatility_scaled_momentum|vsmom_12m_1m_vol60,volatility_scaled_momentum,vsmom_12m_1m_vol60,1,global_fdr_rank_signal,no_stable_structure,q10_minus_middle,market_neutral,False,63,ensemble,3,66.33333333333333,0.0,0.0,,25,self_financing_spread_return,4181,-0.03160988767059769,0.10456753088391839,-0.2546754512656358,-0.5431670273338333,0.465,0.4117647058823529,-0.010952509375684788,-0.46088845823234903,-0.10549187628659279,-0.11128608390495609,0.8052082895369433,2.0244847126622636,-0.0009208657104515999,9.185519820844437,0.022963799552111093,4,0.023496546562402704,,,,207.81894283664195,56.0,0.04243347542578074
volatility_scaled_momentum|vsmom_12m_1m_vol60|q10_minus_middle|beta_neutral|r1|ensemble,volatility_scaled_momentum|vsmom_12m_1m_vol60,volatility_scaled_momentum,vsmom_12m_1m_vol60,1,global_fdr_rank_signal,no_stable_structure,q10_minus_middle,market_neutral,True,1,ensemble,1,4181.0,0.0,4181.0,1.0,0,self_financing_spread_return,4181,0.03013193451621432,0.1119594858770061,0.3214436280107642,-0.24766404444449297,0.55,0.5882352941176471,0.0376447319867704,1.4827260734721617,-0.011142922537578313,3.882538093013028e-18,6.106226635438361e-16,2.0,0.1413399487813005,82.4354547305218,0.0,0,0.0,,,,209.8756278402296,168.0,0.036332632706460345
volatility_scaled_momentum|vsmom_12m_1m_vol60|q10_minus_middle|beta_neutral|r1|ensemble,volatility_scaled_momentum|vsmom_12m_1m_vol60,volatility_scaled_momentum,vsmom_12m_1m_vol60,1,global_fdr_rank_signal,no_stable_structure,q10_minus_middle,market_neutral,True,1,ensemble,1,4181.0,0.0,4181.0,1.0,5,self_financing_spread_return,4181,-0.011468334927963286,0.11195527965729256,-0.046748764429174104,-0.3575775968224656,0.49,0.47058823529411764,-0.003569741276975774,-0.1405246190504479,-0.011196488854249943,3.882538093013028e-18,6.106226635438361e-16,2.0,0.1413399487813005,82.4354547305218,0.041217727365260894,0,0.0,,,,209.8756278402296,168.0,0.036332632706460345
volatility_scaled_momentum|vsmom_12m_1m_vol60|q10_minus_middle|beta_neutral|r1|ensemble,volatility_scaled_momentum|vsmom_12m_1m_vol60,volatility_scaled_momentum,vsmom_12m_1m_vol60,1,global_fdr_rank_signal,no_stable_structure,q10_minus_middle,market_neutral,True,1,ensemble,1,4181.0,0.0,4181.0,1.0,10,self_financing_spread_return,4181,-0.051395781499966264,0.11195805164306415,-0.4149429597902886,-0.6336184781853711,0.405,0.23529411764705882,-0.04478421454072211,-1.7616187418149338,-0.011250055170921402,3.882538093013028e-18,6.106226635438361e-16,2.0,0.1413399487813005,82.4354547305218,0.08243545473052179,0,0.0,,,,209.8756278402296,168.0,0.036332632706460345
volatility_scaled_momentum|vsmom_12m_1m_vol60|q10_minus_middle|beta_neutral|r1|ensemble,volatility_scaled_momentum|vsmom_12m_1m_vol60,volatility_scaled_momentum,vsmom_12m_1m_vol60,1,global_fdr_rank_signal,no_stable_structure,q10_minus_middle,market_neutral,True,1,ensemble,1,4181.0,0.0,4181.0,1.0,25,self_financing_spread_return,4181,-0.16179774208648057,0.11200822513115984,-1.5188483533186314,-0.9490913161388004,0.265,0.0,-0.16842763433196065,-6.60225973413724,-0.01141075412093584,3.882538093013028e-18,6.106226635438361e-16,2.0,0.1413399487813005,82.4354547305218,0.2060886368263045,0,0.0,,,,209.8756278402296,168.0,0.036332632706460345
volatility_scaled_momentum|vsmom_12m_1m_vol60|q10_minus_middle|beta_neutral|r5|ensemble,volatility_scaled_momentum|vsmom_12m_1m_vol60,volatility_scaled_momentum,vsmom_12m_1m_vol60,1,global_fdr_rank_signal,no_stable_structure,q10_minus_middle,market_neutral,True,5,ensemble,3,836.3333333333334,0.0,836.3333333333334,1.0,0,self_financing_spread_return,4181,0.023360685572991757,0.11114451598143847,0.26362034803071643,-0.2481284597053759,0.57,0.5294117647058824,0.03098882461576486,1.232994714635361,-0.011363618447078443,-0.00039006734792306803,0.11579302565096583,2.0011087289920075,0.14125242667439486,36.97547493086485,0.0,2,0.01590398124705947,,,,209.7427250259109,56.0,0.03816671599215651
volatility_scaled_momentum|vsmom_12m_1m_vol60|q10_minus_middle|beta_neutral|r5|ensemble,volatility_scaled_momentum|vsmom_12m_1m_vol60,volatility_scaled_momentum,vsmom_12m_1m_vol60,1,global_fdr_rank_signal,no_stable_structure,q10_minus_middle,market_neutral,True,5,ensemble,3,836.3333333333334,0.0,836.3333333333334,1.0,5,self_financing_spread_return,4181,0.00461366055205259,0.11113322427660598,0.09726309886173982,-0.295461232698935,0.535,0.5294117647058824,0.012520434305829898,0.49818011514033433,-0.011514363929364823,-0.00039006734792306803,0.11579302565096583,2.0011087289920075,0.14125242667439486,36.97547493086485,0.018487737465432422,2,0.01590398124705947,,,,209.7427250259109,56.0,0.03816671599215651
volatility_scaled_momentum|vsmom_12m_1m_vol60|q10_minus_middle|beta_neutral|r5|ensemble,volatility_scaled_momentum|vsmom_12m_1m_vol60,volatility_scaled_momentum,vsmom_12m_1m_vol60,1,global_fdr_rank_signal,no_stable_structure,q10_minus_middle,market_neutral,True,5,ensemble,3,836.3333333333334,0.0,836.3333333333334,1.0,10,self_financing_spread_return,4181,-0.013792330101181638,0.11113156632071,-0.06912196669022878,-0.3811038157934098,0.51,0.47058823529411764,-0.005947956004104575,-0.23665804083259256,-0.011665109411651603,-0.00039006734792306803,0.11579302565096583,2.0011087289920075,0.14125242667439486,36.97547493086485,0.036975474930864845,2,0.01590398124705947,,,,209.7427250259109,56.0,0.03816671599215651
volatility_scaled_momentum|vsmom_12m_1m_vol60|q10_minus_middle|beta_neutral|r5|ensemble,volatility_scaled_momentum|vsmom_12m_1m_vol60,volatility_scaled_momentum,vsmom_12m_1m_vol60,1,global_fdr_rank_signal,no_stable_structure,q10_minus_middle,market_neutral,True,5,ensemble,3,836.3333333333334,0.0,836.3333333333334,1.0,25,self_financing_spread_return,4181,-0.06702514913229096,0.11118438673535523,-0.5680115427632115,-0.7163681883237909,0.395,0.17647058823529413,-0.06135312693390822,-2.440077976986467,-0.012117345858510964,-0.00039006734792306803,0.11579302565096583,2.0011087289920075,0.14125242667439486,36.97547493086485,0.09243868732716212,2,0.01590398124705947,,,,209.7427250259109,56.0,0.03816671599215651
volatility_scaled_momentum|vsmom_12m_1m_vol60|q10_minus_middle|beta_neutral|r21|ensemble,volatility_scaled_momentum|vsmom_12m_1m_vol60,volatility_scaled_momentum,vsmom_12m_1m_vol60,1,global_fdr_rank_signal,no_stable_structure,q10_minus_middle,market_neutral,True,21,ensemble,3,199.33333333333334,0.0,199.33333333333334,1.0,0,self_financing_spread_return,4181,0.0146370678893184,0.1094848638569748,0.18774357717112736,-0.27562416074429785,0.555,0.5882352941176471,0.020053153679562858,0.7960132758672073,0.0033772307312384025,-0.002078787593376946,0.17449380574247142,2.0040938527690484,0.1406941633544788,17.75135824160849,0.0,2,0.022503311805877266,,,,209.23351670254326,56.0,0.04058248371248654
volatility_scaled_momentum|vsmom_12m_1m_vol60|q10_minus_middle|beta_neutral|r21|ensemble,volatility_scaled_momentum|vsmom_12m_1m_vol60,volatility_scaled_momentum,vsmom_12m_1m_vol60,1,global_fdr_rank_signal,no_stable_structure,q10_minus_middle,market_neutral,True,21,ensemble,3,199.33333333333334,0.0,199.33333333333334,1.0,5,self_financing_spread_return,4181,0.005670176779693614,0.10948037745493636,0.10666393994468087,-0.2977001008372617,0.545,0.5294117647058824,0.011187948865658676,0.44405340301500384,0.003294693312952911,-0.002078787593376946,0.17449380574247142,2.0040938527690484,0.1406941633544788,17.75135824160849,0.008875679120804244,2,0.022503311805877266,,,,209.23351670254326,56.0,0.04058248371248654
volatility_scaled_momentum|vsmom_12m_1m_vol60|q10_minus_middle|beta_neutral|r21|ensemble,volatility_scaled_momentum|vsmom_12m_1m_vol60,volatility_scaled_momentum,vsmom_12m_1m_vol60,1,global_fdr_rank_signal,no_stable_structure,q10_minus_middle,market_neutral,True,21,ensemble,3,199.33333333333334,0.0,199.33333333333334,1.0,10,self_financing_spread_return,4181,-0.0032197406139504725,0.10949385112447221,0.025573461857351543,-0.3191088804420563,0.53,0.4117647058823529,0.002322744051754411,0.09216460607980921,0.0032121558946673944,-0.002078787593376946,0.17449380574247142,2.0040938527690484,0.1406941633544788,17.75135824160849,0.01775135824160849,2,0.022503311805877266,,,,209.23351670254326,56.0,0.04058248371248654
volatility_scaled_momentum|vsmom_12m_1m_vol60|q10_minus_middle|beta_neutral|r21|ensemble,volatility_scaled_momentum|vsmom_12m_1m_vol60,volatility_scaled_momentum,vsmom_12m_1m_vol60,1,global_fdr_rank_signal,no_stable_structure,q10_minus_middle,market_neutral,True,21,ensemble,3,199.33333333333334,0.0,199.33333333333334,1.0,25,self_financing_spread_return,4181,-0.029434037660541867,0.10964192222062077,-0.2173646487935744,-0.49169244663543266,0.49,0.35294117647058826,-0.02427287038995799,-0.9614032725883407,0.0029645436398109837,-0.002078787593376946,0.17449380574247142,2.0040938527690484,0.1406941633544788,17.75135824160849,0.04437839560402122,2,0.022503311805877266,,,,209.23351670254326,56.0,0.04058248371248654
volatility_scaled_momentum|vsmom_12m_1m_vol60|q10_minus_middle|beta_neutral|r63|ensemble,volatility_scaled_momentum|vsmom_12m_1m_vol60,volatility_scaled_momentum,vsmom_12m_1m_vol60,1,global_fdr_rank_signal,no_stable_structure,q10_minus_middle,market_neutral,True,63,ensemble,3,66.33333333333333,0.0,66.33333333333333,1.0,0,self_financing_spread_return,4181,0.013100975744299248,0.10482783866382366,0.17677052032235385,-0.2453282198605764,0.525,0.47058823529411764,0.014074900099562842,0.5806637330377246,0.02997948649906498,-0.0020989987695433773,0.20998590318498334,2.0170153765670715,0.13315543507262975,9.26940797234451,0.0,4,0.02204654175285184,,,,207.81894283664195,56.0,0.04512384429419
volatility_scaled_momentum|vsmom_12m_1m_vol60|q10_minus_middle|beta_neutral|r63|ensemble,volatility_scaled_momentum|vsmom_12m_1m_vol60,volatility_scaled_momentum,vsmom_12m_1m_vol60,1,global_fdr_rank_signal,no_stable_structure,q10_minus_middle,market_neutral,True,63,ensemble,3,66.33333333333333,0.0,66.33333333333333,1.0,5,self_financing_spread_return,4181,0.008415496375876241,0.10482231105579437,0.13254931573976642,-0.2533896612691988,0.515,0.47058823529411764,0.009443046501433754,0.38982606926139113,0.029949259331337973,-0.0020989987695433773,0.20998590318498334,2.0170153765670715,0.13315543507262975,9.26940797234451,0.004634703986172255,4,0.02204654175285184,,,,207.81894283664195,56.0,0.04512384429419
volatility_scaled_momentum|vsmom_12m_1m_vol60|q10_minus_middle|beta_neutral|r63|ensemble,volatility_scaled_momentum|vsmom_12m_1m_vol60,volatility_scaled_momentum,vsmom_12m_1m_vol60,1,global_fdr_rank_signal,no_stable_structure,q10_minus_middle,market_neutral,True,63,ensemble,3,66.33333333333333,0.0,66.33333333333333,1.0,10,self_financing_spread_return,4181,0.003749853568775885,0.10483339846751567,0.08830944870503046,-0.2803819014725548,0.51,0.47058823529411764,0.0048111929033046764,0.19869509488673232,0.029919032163611,-0.0020989987695433773,0.20998590318498334,2.0170153765670715,0.13315543507262975,9.26940797234451,0.00926940797234451,4,0.02204654175285184,,,,207.81894283664195,56.0,0.04512384429419
volatility_scaled_momentum|vsmom_12m_1m_vol60|q10_minus_middle|beta_neutral|r63|ensemble,volatility_scaled_momentum|vsmom_12m_1m_vol60,volatility_scaled_momentum,vsmom_12m_1m_vol60,1,global_fdr_rank_signal,no_stable_structure,q10_minus_middle,market_neutral,True,63,ensemble,3,66.33333333333333,0.0,66.33333333333333,1.0,25,self_financing_spread_return,4181,-0.010128816635181281,0.10496625872105471,-0.044311937689574615,-0.38870782640593093,0.495,0.4117647058823529,-0.009084367891082629,-0.37508675181255396,0.02982835066043006,-0.0020989987695433773,0.20998590318498334,2.0170153765670715,0.13315543507262975,9.26940797234451,0.023173519930861274,4,0.02204654175285184,,,,207.81894283664195,56.0,0.04512384429419
volatility_scaled_momentum|vsmom_12m_1m_vol60|q10_minus_q1|unconstrained_beta|r1|ensemble,volatility_scaled_momentum|vsmom_12m_1m_vol60,volatility_scaled_momentum,vsmom_12m_1m_vol60,1,global_fdr_rank_signal,no_stable_structure,q10_minus_q1,market_neutral,False,1,ensemble,1,4181.0,0.0,0.0,,0,self_financing_spread_return,4181,0.021044650823817568,0.22345556294194338,0.2067709977019255,-0.6246777610349791,0.55,0.5294117647058824,0.10456689692697749,2.189817171931649,-0.39269615539816305,-0.17433203338501846,1.0936776261613046,2.0,4.093466111931877e-18,82.92541906911457,0.0,0,0.0,,,,83.83448935661325,67.0,0.030303030303030304
volatility_scaled_momentum|vsmom_12m_1m_vol60|q10_minus_q1|unconstrained_beta|r1|ensemble,volatility_scaled_momentum|vsmom_12m_1m_vol60,volatility_scaled_momentum,vsmom_12m_1m_vol60,1,global_fdr_rank_signal,no_stable_structure,q10_minus_q1,market_neutral,False,1,ensemble,1,4181.0,0.0,0.0,,5,self_financing_spread_return,4181,-0.020428681849497532,0.22342480283960567,0.02119433990288656,-0.6579515427563107,0.54,0.47058823529411764,0.06309299528759395,1.321002407008697,-0.3926617512885742,-0.17433203338501846,1.0936776261613046,2.0,4.093466111931877e-18,82.92541906911457,0.04146270953455729,0,0.0,,,,83.83448935661325,67.0,0.030303030303030304
volatility_scaled_momentum|vsmom_12m_1m_vol60|q10_minus_q1|unconstrained_beta|r1|ensemble,volatility_scaled_momentum|vsmom_12m_1m_vol60,volatility_scaled_momentum,vsmom_12m_1m_vol60,1,global_fdr_rank_signal,no_stable_structure,q10_minus_q1,market_neutral,False,1,ensemble,1,4181.0,0.0,0.0,,10,self_financing_spread_return,4181,-0.060224562879607646,0.22339747359131562,-0.16443089831228389,-0.7547982858463189,0.5,0.35294117647058826,0.021619093648210783,0.45253023462145003,-0.39262734717898606,-0.17433203338501846,1.0936776261613046,2.0,4.093466111931877e-18,82.92541906911457,0.08292541906911458,0,0.0,,,,83.83448935661325,67.0,0.030303030303030304
volatility_scaled_momentum|vsmom_12m_1m_vol60|q10_minus_q1|unconstrained_beta|r1|ensemble,volatility_scaled_momentum|vsmom_12m_1m_vol60,volatility_scaled_momentum,vsmom_12m_1m_vol60,1,global_fdr_rank_signal,no_stable_structure,q10_minus_q1,market_neutral,False,1,ensemble,1,4181.0,0.0,0.0,,25,self_financing_spread_return,4181,-0.17020964519491477,0.22333608277499728,-0.7215126668893692,-0.9583041722363109,0.375,0.17647058823529413,-0.10280261126993893,-2.149564873369841,-0.39252413485022014,-0.17433203338501846,1.0936776261613046,2.0,4.093466111931877e-18,82.92541906911457,0.2073135476727864,0,0.0,,,,83.83448935661325,67.0,0.030303030303030304
volatility_scaled_momentum|vsmom_12m_1m_vol60|q10_minus_q1|unconstrained_beta|r5|ensemble,volatility_scaled_momentum|vsmom_12m_1m_vol60,volatility_scaled_momentum,vsmom_12m_1m_vol60,1,global_fdr_rank_signal,no_stable_structure,q10_minus_q1,market_neutral,False,5,ensemble,3,836.3333333333334,0.0,0.0,,0,self_financing_spread_return,4181,0.009388346000454906,0.22288515800491596,0.15512935117518714,-0.6149599721597334,0.565,0.5294117647058824,0.09084492700875364,1.8959933758487877,-0.37860746827108493,-0.1755544358875731,1.2273578346321352,2.001694857327737,0.00028102813967455817,37.207782761698176,0.0,2,0.03995092152551439,,,,83.75874990034282,22.333333333333332,0.04123654876604448
volatility_scaled_momentum|vsmom_12m_1m_vol60|q10_minus_q1|unconstrained_beta|r5|ensemble,volatility_scaled_momentum|vsmom_12m_1m_vol60,volatility_scaled_momentum,vsmom_12m_1m_vol60,1,global_fdr_rank_signal,no_stable_structure,q10_minus_q1,market_neutral,False,5,ensemble,3,836.3333333333334,0.0,0.0,,5,self_financing_spread_return,4181,-0.00921781187977,0.22287702797567052,0.07166048666816284,-0.6360131630000547,0.565,0.5294117647058824,0.07225344560954185,1.5078380611468327,-0.3786954254606244,-0.1755544358875731,1.2273578346321352,2.001694857327737,0.00028102813967455817,37.207782761698176,0.01860389138084909,2,0.03995092152551439,,,,83.75874990034282,22.333333333333332,0.04123654876604448
volatility_scaled_momentum|vsmom_12m_1m_vol60|q10_minus_q1|unconstrained_beta|r5|ensemble,volatility_scaled_momentum|vsmom_12m_1m_vol60,volatility_scaled_momentum,vsmom_12m_1m_vol60,1,global_fdr_rank_signal,no_stable_structure,q10_minus_q1,market_neutral,False,5,ensemble,3,836.3333333333334,0.0,0.0,,10,self_financing_spread_return,4181,-0.027483367731185426,0.22287365898513167,-0.011814215175050298,-0.6745362688915595,0.54,0.47058823529411764,0.05366196421033016,1.1197392553504149,-0.3787833826501638,-0.1755544358875731,1.2273578346321352,2.001694857327737,0.00028102813967455817,37.207782761698176,0.03720778276169818,2,0.03995092152551439,,,,83.75874990034282,22.333333333333332,0.04123654876604448
volatility_scaled_momentum|vsmom_12m_1m_vol60|q10_minus_q1|unconstrained_beta|r5|ensemble,volatility_scaled_momentum|vsmom_12m_1m_vol60,volatility_scaled_momentum,vsmom_12m_1m_vol60,1,global_fdr_rank_signal,no_stable_structure,q10_minus_q1,market_neutral,False,5,ensemble,3,836.3333333333334,0.0,0.0,,25,self_financing_spread_return,4181,-0.08029778343921834,0.22289211887917484,-0.2622198515854987,-0.8065905531334961,0.465,0.35294117647058826,-0.0021124799873041577,-0.04406266412268564,-0.379047254218782,-0.1755544358875731,1.2273578346321352,2.001694857327737,0.00028102813967455817,37.207782761698176,0.09301945690424544,2,0.03995092152551439,,,,83.75874990034282,22.333333333333332,0.04123654876604448
volatility_scaled_momentum|vsmom_12m_1m_vol60|q10_minus_q1|unconstrained_beta|r21|ensemble,volatility_scaled_momentum|vsmom_12m_1m_vol60,volatility_scaled_momentum,vsmom_12m_1m_vol60,1,global_fdr_rank_signal,no_stable_structure,q10_minus_q1,market_neutral,False,21,ensemble,3,199.33333333333334,0.0,0.0,,0,self_financing_spread_return,4181,-0.003777435879969704,0.22278668186339518,0.09626030029889822,-0.6264635531710661,0.53,0.5294117647058824,0.07240595012954877,1.5004933578639517,-0.34288928928288825,-0.17855973014321702,1.6851368422866067,2.0042444088637374,0.002373878038639079,17.969039181571887,0.0,2,0.054235054431074785,,,,83.44558718010046,22.333333333333332,0.054575197334110835
volatility_scaled_momentum|vsmom_12m_1m_vol60|q10_minus_q1|unconstrained_beta|r21|ensemble,volatility_scaled_momentum|vsmom_12m_1m_vol60,volatility_scaled_momentum,vsmom_12m_1m_vol60,1,global_fdr_rank_signal,no_stable_structure,q10_minus_q1,market_neutral,False,21,ensemble,3,199.33333333333334,0.0,0.0,,5,self_financing_spread_return,4181,-0.012689069124581343,0.22277749337610853,0.055928329059595765,-0.6500299159199796,0.525,0.5294117647058824,0.06343119936909185,1.3142983962861845,-0.34296457612830167,-0.17855973014321702,1.6851368422866067,2.0042444088637374,0.002373878038639079,17.969039181571887,0.008984519590785943,2,0.054235054431074785,,,,83.44558718010046,22.333333333333332,0.054575197334110835
volatility_scaled_momentum|vsmom_12m_1m_vol60|q10_minus_q1|unconstrained_beta|r21|ensemble,volatility_scaled_momentum|vsmom_12m_1m_vol60,volatility_scaled_momentum,vsmom_12m_1m_vol60,1,global_fdr_rank_signal,no_stable_structure,q10_minus_q1,market_neutral,False,21,ensemble,3,199.33333333333334,0.0,0.0,,10,self_financing_spread_return,4181,-0.021523245018694626,0.22277724328557438,0.015592405055500273,-0.6721152231244688,0.52,0.5294117647058824,0.05445644860863509,1.1281129749264256,-0.34303986297371514,-0.17855973014321702,1.6851368422866067,2.0042444088637374,0.002373878038639079,17.969039181571887,0.017969039181571885,2,0.054235054431074785,,,,83.44558718010046,22.333333333333332,0.054575197334110835
volatility_scaled_momentum|vsmom_12m_1m_vol60|q10_minus_q1|unconstrained_beta|r21|ensemble,volatility_scaled_momentum|vsmom_12m_1m_vol60,volatility_scaled_momentum,vsmom_12m_1m_vol60,1,global_fdr_rank_signal,no_stable_structure,q10_minus_q1,market_neutral,False,21,ensemble,3,199.33333333333334,0.0,0.0,,25,self_financing_spread_return,4181,-0.047567538227459405,0.2228301183172481,-0.10539054141043973,-0.730383439337885,0.495,0.4117647058823529,0.027532196327264703,0.5698584650083715,-0.3432657235099552,-0.17855973014321702,1.6851368422866067,2.0042444088637374,0.002373878038639079,17.969039181571887,0.044922597953929715,2,0.054235054431074785,,,,83.44558718010046,22.333333333333332,0.054575197334110835
volatility_scaled_momentum|vsmom_12m_1m_vol60|q10_minus_q1|unconstrained_beta|r63|ensemble,volatility_scaled_momentum|vsmom_12m_1m_vol60,volatility_scaled_momentum,vsmom_12m_1m_vol60,1,global_fdr_rank_signal,no_stable_structure,q10_minus_q1,market_neutral,False,63,ensemble,3,66.33333333333333,0.0,0.0,,0,self_financing_spread_return,4181,0.009875381153309215,0.2091469665261113,0.15243672528955274,-0.4812296860463263,0.545,0.47058823529411764,0.0709453412872325,1.5124858904942864,-0.2628413772631547,-0.17891401331177528,1.7450338830163563,2.015632699134047,0.006400273753992207,9.655917828200648,0.0,2,0.06022148898654827,,,,82.73929681894283,22.333333333333332,0.08755258217229679
volatility_scaled_momentum|vsmom_12m_1m_vol60|q10_minus_q1|unconstrained_beta|r63|ensemble,volatility_scaled_momentum|vsmom_12m_1m_vol60,volatility_scaled_momentum,vsmom_12m_1m_vol60,1,global_fdr_rank_signal,no_stable_structure,q10_minus_q1,market_neutral,False,63,ensemble,3,66.33333333333333,0.0,0.0,,5,self_financing_spread_return,4181,0.00501050653858881,0.2091424844139523,0.12934659010000923,-0.4942954700932535,0.54,0.47058823529411764,0.06612196916678013,1.4098542697363248,-0.26288470472814074,-0.17891401331177528,1.7450338830163563,2.015632699134047,0.006400273753992207,9.655917828200648,0.004827958914100324,2,0.06022148898654827,,,,82.73929681894283,22.333333333333332,0.08755258217229679
volatility_scaled_momentum|vsmom_12m_1m_vol60|q10_minus_q1|unconstrained_beta|r63|ensemble,volatility_scaled_momentum|vsmom_12m_1m_vol60,volatility_scaled_momentum,vsmom_12m_1m_vol60,1,global_fdr_rank_signal,no_stable_structure,q10_minus_q1,market_neutral,False,63,ensemble,3,66.33333333333333,0.0,0.0,,10,self_financing_spread_return,4181,0.00016709884158738753,0.20914697724248937,0.10625090555685746,-0.5070374649287681,0.525,0.4117647058823529,0.06129859704632767,1.3071039330335252,-0.262928032193127,-0.17891401331177528,1.7450338830163563,2.015632699134047,0.006400273753992207,9.655917828200648,0.009655917828200649,2,0.06022148898654827,,,,82.73929681894283,22.333333333333332,0.08755258217229679
volatility_scaled_momentum|vsmom_12m_1m_vol60|q10_minus_q1|unconstrained_beta|r63|ensemble,volatility_scaled_momentum|vsmom_12m_1m_vol60,volatility_scaled_momentum,vsmom_12m_1m_vol60,1,global_fdr_rank_signal,no_stable_structure,q10_minus_q1,market_neutral,False,63,ensemble,3,66.33333333333333,0.0,0.0,,25,self_financing_spread_return,4181,-0.014235182102225852,0.20921429381508636,0.03696029154128141,-0.5488035169245432,0.515,0.4117647058823529,0.04682848068497063,0.9983524480683501,-0.26305801458808564,-0.17891401331177528,1.7450338830163563,2.015632699134047,0.006400273753992207,9.655917828200648,0.02413979457050162,2,0.06022148898654827,,,,82.73929681894283,22.333333333333332,0.08755258217229679
volatility_scaled_momentum|vsmom_12m_1m_vol60|q10_minus_q1|beta_neutral|r1|ensemble,volatility_scaled_momentum|vsmom_12m_1m_vol60,volatility_scaled_momentum,vsmom_12m_1m_vol60,1,global_fdr_rank_signal,no_stable_structure,q10_minus_q1,market_neutral,True,1,ensemble,1,4181.0,0.0,4181.0,1.0,0,self_financing_spread_return,4181,0.054270072397912594,0.19627819740206898,0.3685159172379389,-0.48636433179486327,0.54,0.7647058823529411,0.08563102195533452,1.939943916919199,-0.08948541048134236,-1.864018669280149e-18,6.661338147750939e-16,2.0,0.17822732559643456,85.64265554117816,0.0,0,0.0,,,,83.83448935661325,67.0,0.043484128301877714
volatility_scaled_momentum|vsmom_12m_1m_vol60|q10_minus_q1|beta_neutral|r1|ensemble,volatility_scaled_momentum|vsmom_12m_1m_vol60,volatility_scaled_momentum,vsmom_12m_1m_vol60,1,global_fdr_rank_signal,no_stable_structure,q10_minus_q1,market_neutral,True,1,ensemble,1,4181.0,0.0,4181.0,1.0,5,self_financing_spread_return,4181,0.010073633689193784,0.19625312241381113,0.1503131233352175,-0.5280155007666496,0.495,0.5294117647058824,0.04279813105319204,0.9693552339683363,-0.08948089733387019,-1.864018669280149e-18,6.661338147750939e-16,2.0,0.17822732559643456,85.64265554117816,0.04282132777058908,0,0.0,,,,83.83448935661325,67.0,0.043484128301877714
volatility_scaled_momentum|vsmom_12m_1m_vol60|q10_minus_q1|beta_neutral|r1|ensemble,volatility_scaled_momentum|vsmom_12m_1m_vol60,volatility_scaled_momentum,vsmom_12m_1m_vol60,1,global_fdr_rank_signal,no_stable_structure,q10_minus_q1,market_neutral,True,1,ensemble,1,4181.0,0.0,4181.0,1.0,10,self_financing_spread_return,4181,-0.03227795292044078,0.1962326733956739,-0.06794383488794123,-0.6149660288105248,0.465,0.47058823529411764,-3.475984895017483e-05,-0.0007870593498962189,-0.08947638418639788,-1.864018669280149e-18,6.661338147750939e-16,2.0,0.17822732559643456,85.64265554117816,0.08564265554117816,0,0.0,,,,83.83448935661325,67.0,0.043484128301877714
volatility_scaled_momentum|vsmom_12m_1m_vol60|q10_minus_q1|beta_neutral|r1|ensemble,volatility_scaled_momentum|vsmom_12m_1m_vol60,volatility_scaled_momentum,vsmom_12m_1m_vol60,1,global_fdr_rank_signal,no_stable_structure,q10_minus_q1,market_neutral,True,1,ensemble,1,4181.0,0.0,4181.0,1.0,25,self_financing_spread_return,4181,-0.14901464038819912,0.19619909499029486,-0.7228853977802587,-0.9354694107452732,0.355,0.17647058823529413,-0.12853343255537683,-2.9066226058963758,-0.089462844743981,-1.864018669280149e-18,6.661338147750939e-16,2.0,0.17822732559643456,85.64265554117816,0.2141066388529454,0,0.0,,,,83.83448935661325,67.0,0.043484128301877714
volatility_scaled_momentum|vsmom_12m_1m_vol60|q10_minus_q1|beta_neutral|r5|ensemble,volatility_scaled_momentum|vsmom_12m_1m_vol60,volatility_scaled_momentum,vsmom_12m_1m_vol60,1,global_fdr_rank_signal,no_stable_structure,q10_minus_q1,market_neutral,True,5,ensemble,3,836.3333333333334,0.0,836.3333333333334,1.0,0,self_financing_spread_return,4181,0.04047531129910431,0.1957679620586827,0.30158802336586055,-0.46458144551672664,0.53,0.6470588235294118,0.07091209127916091,1.614595554132297,-0.07987326564758644,-0.0007810103792747122,0.2897102055296939,2.000715702225376,0.17832686888243424,37.95119736938493,0.0,2,0.03977419572824093,,,,83.75874990034282,22.333333333333332,0.04595885695841734
volatility_scaled_momentum|vsmom_12m_1m_vol60|q10_minus_q1|beta_neutral|r5|ensemble,volatility_scaled_momentum|vsmom_12m_1m_vol60,volatility_scaled_momentum,vsmom_12m_1m_vol60,1,global_fdr_rank_signal,no_stable_structure,q10_minus_q1,market_neutral,True,5,ensemble,3,836.3333333333334,0.0,836.3333333333334,1.0,5,self_financing_spread_return,4181,0.020916511094571266,0.19575706687351305,0.20464949153772852,-0.492423429576864,0.53,0.5882352941176471,0.051947766263813366,1.1827354976680367,-0.07997663955454923,-0.0007810103792747122,0.2897102055296939,2.000715702225376,0.17832686888243424,37.95119736938493,0.018975598684692466,2,0.03977419572824093,,,,83.75874990034282,22.333333333333332,0.04595885695841734
volatility_scaled_momentum|vsmom_12m_1m_vol60|q10_minus_q1|beta_neutral|r5|ensemble,volatility_scaled_momentum|vsmom_12m_1m_vol60,volatility_scaled_momentum,vsmom_12m_1m_vol60,1,global_fdr_rank_signal,no_stable_structure,q10_minus_q1,market_neutral,True,5,ensemble,3,836.3333333333334,0.0,836.3333333333334,1.0,10,self_financing_spread_return,4181,0.0017228192569778145,0.19575191462232505,0.10769700887062574,-0.5189427115033302,0.52,0.5882352941176471,0.03298344124846618,0.7509070203004113,-0.08008001346151218,-0.0007810103792747122,0.2897102055296939,2.000715702225376,0.17832686888243424,37.95119736938493,0.03795119736938493,2,0.03977419572824093,,,,83.75874990034282,22.333333333333332,0.04595885695841734
volatility_scaled_momentum|vsmom_12m_1m_vol60|q10_minus_q1|beta_neutral|r5|ensemble,volatility_scaled_momentum|vsmom_12m_1m_vol60,volatility_scaled_momentum,vsmom_12m_1m_vol60,1,global_fdr_rank_signal,no_stable_structure,q10_minus_q1,market_neutral,True,5,ensemble,3,836.3333333333334,0.0,836.3333333333334,1.0,25,self_financing_spread_return,4181,-0.053734664152832456,0.19577091747985248,-0.1831588180779987,-0.6852003402002234,0.47,0.4117647058823529,-0.02390953379757598,-0.5441549579610602,-0.08039013518240082,-0.0007810103792747122,0.2897102055296939,2.000715702225376,0.17832686888243424,37.95119736938493,0.09487799342346231,2,0.03977419572824093,,,,83.75874990034282,22.333333333333332,0.04595885695841734
volatility_scaled_momentum|vsmom_12m_1m_vol60|q10_minus_q1|beta_neutral|r21|ensemble,volatility_scaled_momentum|vsmom_12m_1m_vol60,volatility_scaled_momentum,vsmom_12m_1m_vol60,1,global_fdr_rank_signal,no_stable_structure,q10_minus_q1,market_neutral,True,21,ensemble,3,199.33333333333334,0.0,199.33333333333334,1.0,0,self_financing_spread_return,4181,0.02947826843256829,0.19392119598324312,0.2477791943846954,-0.4630012524940945,0.505,0.6470588235294118,0.05606274481403063,1.2838038363815736,-0.053916503615237414,-0.0018080370030325716,0.4485969942938139,2.0000626178824414,0.18040412689568538,18.168294136125628,0.0,2,0.05462582010047264,,,,83.44558718010046,22.333333333333332,0.04842424170343684
volatility_scaled_momentum|vsmom_12m_1m_vol60|q10_minus_q1|beta_neutral|r21|ensemble,volatility_scaled_momentum|vsmom_12m_1m_vol60,volatility_scaled_momentum,vsmom_12m_1m_vol60,1,global_fdr_rank_signal,no_stable_structure,q10_minus_q1,market_neutral,True,21,ensemble,3,199.33333333333334,0.0,199.33333333333334,1.0,5,self_financing_spread_return,4181,0.020167479776880715,0.19391633114308385,0.20092802832823073,-0.48030544650036977,0.495,0.6470588235294118,0.04698963694021523,1.0758676945367263,-0.05400601850882533,-0.0018080370030325716,0.4485969942938139,2.0000626178824414,0.18040412689568538,18.168294136125628,0.009084147068062813,2,0.05462582010047264,,,,83.44558718010046,22.333333333333332,0.04842424170343684
volatility_scaled_momentum|vsmom_12m_1m_vol60|q10_minus_q1|beta_neutral|r21|ensemble,volatility_scaled_momentum|vsmom_12m_1m_vol60,volatility_scaled_momentum,vsmom_12m_1m_vol60,1,global_fdr_rank_signal,no_stable_structure,q10_minus_q1,market_neutral,True,21,ensemble,3,199.33333333333334,0.0,199.33333333333334,1.0,10,self_financing_spread_return,4181,0.010938509543259256,0.19392197291135854,0.15406616378258473,-0.4970566213597202,0.495,0.5882352941176471,0.03791652906639956,0.8679488657601986,-0.05409553340241343,-0.0018080370030325716,0.4485969942938139,2.0000626178824414,0.18040412689568538,18.168294136125628,0.018168294136125626,2,0.05462582010047264,,,,83.44558718010046,22.333333333333332,0.04842424170343684
volatility_scaled_momentum|vsmom_12m_1m_vol60|q10_minus_q1|beta_neutral|r21|ensemble,volatility_scaled_momentum|vsmom_12m_1m_vol60,volatility_scaled_momentum,vsmom_12m_1m_vol60,1,global_fdr_rank_signal,no_stable_structure,q10_minus_q1,market_neutral,True,21,ensemble,3,199.33333333333334,0.0,199.33333333333334,1.0,25,self_financing_spread_return,4181,-0.016264441996593715,0.19400192016537607,0.01349254442693243,-0.5769856142771503,0.48,0.4117647058823529,0.010697205444953001,0.2446360968830225,-0.05436407808317729,-0.0018080370030325716,0.4485969942938139,2.0000626178824414,0.18040412689568538,18.168294136125628,0.04542073534031407,2,0.05462582010047264,,,,83.44558718010046,22.333333333333332,0.04842424170343684
volatility_scaled_momentum|vsmom_12m_1m_vol60|q10_minus_q1|beta_neutral|r63|ensemble,volatility_scaled_momentum|vsmom_12m_1m_vol60,volatility_scaled_momentum,vsmom_12m_1m_vol60,1,global_fdr_rank_signal,no_stable_structure,q10_minus_q1,market_neutral,True,63,ensemble,3,66.33333333333333,0.0,66.33333333333333,1.0,0,self_financing_spread_return,4181,0.03955291589692056,0.1840170205220459,0.3034138673597806,-0.363835871855932,0.535,0.5882352941176471,0.0553080723856814,1.3122064126373727,0.003534121177852981,-0.002964514889599297,0.5527737686057376,2.0026556970552156,0.1769188969757921,9.670516114383135,0.0,2,0.06195242674054111,,,,82.73929681894283,22.333333333333332,0.0567564111968428
volatility_scaled_momentum|vsmom_12m_1m_vol60|q10_minus_q1|beta_neutral|r63|ensemble,volatility_scaled_momentum|vsmom_12m_1m_vol60,volatility_scaled_momentum,vsmom_12m_1m_vol60,1,global_fdr_rank_signal,no_stable_structure,q10_minus_q1,market_neutral,True,63,ensemble,3,66.33333333333333,0.0,66.33333333333333,1.0,5,self_financing_spread_return,4181,0.034537519557160445,0.18401078640162769,0.27713255541503895,-0.36494803077304827,0.535,0.5294117647058824,0.05047650578692866,1.1979557388822573,0.0034912617405610177,-0.002964514889599297,0.5527737686057376,2.0026556970552156,0.1769188969757921,9.670516114383135,0.004835258057191568,2,0.06195242674054111,,,,82.73929681894283,22.333333333333332,0.0567564111968428
volatility_scaled_momentum|vsmom_12m_1m_vol60|q10_minus_q1|beta_neutral|r63|ensemble,volatility_scaled_momentum|vsmom_12m_1m_vol60,volatility_scaled_momentum,vsmom_12m_1m_vol60,1,global_fdr_rank_signal,no_stable_structure,q10_minus_q1,market_neutral,True,63,ensemble,3,66.33333333333333,0.0,66.33333333333333,1.0,10,self_financing_spread_return,4181,0.029544284283923083,0.18401480585958238,0.2508354849306616,-0.36605872926696215,0.53,0.5294117647058824,0.04564493918817595,1.083539660746441,0.0034484023032690676,-0.002964514889599297,0.5527737686057376,2.0026556970552156,0.1769188969757921,9.670516114383135,0.009670516114383135,2,0.06195242674054111,,,,82.73929681894283,22.333333333333332,0.0567564111968428
volatility_scaled_momentum|vsmom_12m_1m_vol60|q10_minus_q1|beta_neutral|r63|ensemble,volatility_scaled_momentum|vsmom_12m_1m_vol60,volatility_scaled_momentum,vsmom_12m_1m_vol60,1,global_fdr_rank_signal,no_stable_structure,q10_minus_q1,market_neutral,True,63,ensemble,3,66.33333333333333,0.0,66.33333333333333,1.0,25,self_financing_spread_return,4181,0.014696656704373146,0.18408837042052026,0.1718937149495787,-0.3832609837606309,0.52,0.5294117647058824,0.031150239391917536,0.7395920389656848,0.0033198239913932847,-0.002964514889599297,0.5527737686057376,2.0026556970552156,0.1769188969757921,9.670516114383135,0.02417629028595784,2,0.06195242674054111,,,,82.73929681894283,22.333333333333332,0.0567564111968428
