walk_key,path_key,factor_key,family,variant,selection_horizon,selection_evidence,selection_pattern,method,portfolio_type,beta_neutral,rebalance_days,calendar_offset,phase_count,successful_rebalances,skipped_rebalances,beta_neutral_attempts,beta_neutral_success_rate,walk_forward_scheme,complete_oos_periods,positive_oos_period_rate,median_oos_annualized_return,worst_oos_annualized_return,best_oos_annualized_return,median_oos_sharpe,stitched_oos_annualized_return,stitched_oos_sharpe,orientation_positive_rate,orientation_changes,post_selection_oos_warning
long|liquidity_change|liq_20d_252d|continuous_high_minus_low|beta_neutral|r1|ensemble,liquidity_change|liq_20d_252d|continuous_high_minus_low|beta_neutral|r1|ensemble,liquidity_change|liq_20d_252d,liquidity_change,liq_20d_252d,252,upper_tail_exploratory_lead,upper_tail,continuous_high_minus_low,market_neutral,True,1,ensemble,1,4181.0,0.0,4181.0,1.0,long,12,0.0,-0.06896537559438598,-0.14943983464819244,-0.0013467306141602409,-0.9843299291415853,-0.06904720143816112,-1.037036002014989,0.25,5,True
long|liquidity_change|liq_20d_252d|continuous_high_minus_low|beta_neutral|r21|ensemble,liquidity_change|liq_20d_252d|continuous_high_minus_low|beta_neutral|r21|ensemble,liquidity_change|liq_20d_252d,liquidity_change,liq_20d_252d,252,upper_tail_exploratory_lead,upper_tail,continuous_high_minus_low,market_neutral,True,21,ensemble,3,199.33333333333334,0.0,199.33333333333334,1.0,long,12,0.16666666666666666,-0.045118151135436824,-0.10950490754427078,0.003572760903967964,-0.7158791904369846,-0.05029421535796075,-0.7802199812041026,0.5,5,True
long|liquidity_change|liq_20d_252d|continuous_high_minus_low|beta_neutral|r5|ensemble,liquidity_change|liq_20d_252d|continuous_high_minus_low|beta_neutral|r5|ensemble,liquidity_change|liq_20d_252d,liquidity_change,liq_20d_252d,252,upper_tail_exploratory_lead,upper_tail,continuous_high_minus_low,market_neutral,True,5,ensemble,3,836.3333333333334,0.0,836.3333333333334,1.0,long,12,0.08333333333333333,-0.05788336032261365,-0.12387400543587246,0.015292101758578092,-0.7884557133751818,-0.056202734657953,-0.8401751837695464,0.25,5,True
long|liquidity_change|liq_20d_252d|continuous_high_minus_low|beta_neutral|r63|ensemble,liquidity_change|liq_20d_252d|continuous_high_minus_low|beta_neutral|r63|ensemble,liquidity_change|liq_20d_252d,liquidity_change,liq_20d_252d,252,upper_tail_exploratory_lead,upper_tail,continuous_high_minus_low,market_neutral,True,63,ensemble,3,66.33333333333333,0.0,66.33333333333333,1.0,long,12,0.5,-0.001797510680045522,-0.04491165509181472,0.047541956334137936,-0.05034081415000842,-0.00389709957210993,-0.03989039336942122,0.75,3,True
long|liquidity_change|liq_20d_252d|continuous_high_minus_low|unconstrained_beta|r1|ensemble,liquidity_change|liq_20d_252d|continuous_high_minus_low|unconstrained_beta|r1|ensemble,liquidity_change|liq_20d_252d,liquidity_change,liq_20d_252d,252,upper_tail_exploratory_lead,upper_tail,continuous_high_minus_low,market_neutral,False,1,ensemble,1,4181.0,0.0,0.0,,long,12,0.16666666666666666,-0.054494645357145155,-0.1470625948080404,0.01889343143955191,-0.7970703604903613,-0.06289052234858883,-0.8393849463403036,0.16666666666666666,4,True
long|liquidity_change|liq_20d_252d|continuous_high_minus_low|unconstrained_beta|r21|ensemble,liquidity_change|liq_20d_252d|continuous_high_minus_low|unconstrained_beta|r21|ensemble,liquidity_change|liq_20d_252d,liquidity_change,liq_20d_252d,252,upper_tail_exploratory_lead,upper_tail,continuous_high_minus_low,market_neutral,False,21,ensemble,3,199.33333333333334,0.0,0.0,,long,12,0.3333333333333333,-0.021607732820340675,-0.10365971260961304,0.04904722171608844,-0.3753635557521974,-0.029231385530905207,-0.3905712830987826,0.25,2,True
long|liquidity_change|liq_20d_252d|continuous_high_minus_low|unconstrained_beta|r5|ensemble,liquidity_change|liq_20d_252d|continuous_high_minus_low|unconstrained_beta|r5|ensemble,liquidity_change|liq_20d_252d,liquidity_change,liq_20d_252d,252,upper_tail_exploratory_lead,upper_tail,continuous_high_minus_low,market_neutral,False,5,ensemble,3,836.3333333333334,0.0,0.0,,long,12,0.25,-0.023170638065031834,-0.12207329356733654,0.03101737500444357,-0.3019082649691591,-0.039939702583396075,-0.5210858526468363,0.08333333333333333,2,True
long|liquidity_change|liq_20d_252d|continuous_high_minus_low|unconstrained_beta|r63|ensemble,liquidity_change|liq_20d_252d|continuous_high_minus_low|unconstrained_beta|r63|ensemble,liquidity_change|liq_20d_252d,liquidity_change,liq_20d_252d,252,upper_tail_exploratory_lead,upper_tail,continuous_high_minus_low,market_neutral,False,63,ensemble,3,66.33333333333333,0.0,0.0,,long,12,0.25,-0.012093594292168108,-0.077113440624205,0.039364714949591484,-0.19683008233852073,-0.016409862430375677,-0.2318286819559563,0.4166666666666667,4,True
long|liquidity_change|liq_20d_252d|long_q10|unconstrained_beta|r1|ensemble,liquidity_change|liq_20d_252d|long_q10|unconstrained_beta|r1|ensemble,liquidity_change|liq_20d_252d,liquidity_change,liq_20d_252d,252,upper_tail_exploratory_lead,upper_tail,long_q10,long_only,False,1,ensemble,1,4181.0,0.0,0.0,,long,12,0.75,0.0885422169762955,-0.16047997929495317,0.2720371775874315,0.40603054639830527,0.06656645597876887,0.33714639441839883,1.0,0,True
long|liquidity_change|liq_20d_252d|long_q10|unconstrained_beta|r21|ensemble,liquidity_change|liq_20d_252d|long_q10|unconstrained_beta|r21|ensemble,liquidity_change|liq_20d_252d,liquidity_change,liq_20d_252d,252,upper_tail_exploratory_lead,upper_tail,long_q10,long_only,False,21,ensemble,3,199.33333333333334,0.0,0.0,,long,12,0.8333333333333334,0.11948636755488129,-0.12208351261144346,0.3003075082837561,0.5867247119339618,0.10128149483002935,0.5080189836058097,1.0,0,True
long|liquidity_change|liq_20d_252d|long_q10|unconstrained_beta|r5|ensemble,liquidity_change|liq_20d_252d|long_q10|unconstrained_beta|r5|ensemble,liquidity_change|liq_20d_252d,liquidity_change,liq_20d_252d,252,upper_tail_exploratory_lead,upper_tail,long_q10,long_only,False,5,ensemble,3,836.3333333333334,0.0,0.0,,long,12,0.75,0.10437735129534009,-0.14699698081104684,0.27708713829554243,0.4726517845503542,0.08070395992506918,0.40707441359287067,1.0,0,True
long|liquidity_change|liq_20d_252d|long_q10|unconstrained_beta|r63|ensemble,liquidity_change|liq_20d_252d|long_q10|unconstrained_beta|r63|ensemble,liquidity_change|liq_20d_252d,liquidity_change,liq_20d_252d,252,upper_tail_exploratory_lead,upper_tail,long_q10,long_only,False,63,ensemble,3,66.33333333333333,0.0,0.0,,long,12,0.8333333333333334,0.15147459347677994,-0.10670889304257125,0.28022995724829647,0.7889093185052594,0.121101075342255,0.6097036587692412,1.0,0,True
long|liquidity_change|liq_20d_252d|long_q1|unconstrained_beta|r1|ensemble,liquidity_change|liq_20d_252d|long_q1|unconstrained_beta|r1|ensemble,liquidity_change|liq_20d_252d,liquidity_change,liq_20d_252d,252,upper_tail_exploratory_lead,upper_tail,long_q1,long_only,False,1,ensemble,1,4181.0,0.0,0.0,,long,12,0.75,0.13700557196040164,-0.25324325832328254,0.265646466231108,0.7119347848964184,0.07837289691975236,0.3673250482591693,1.0,0,True
long|liquidity_change|liq_20d_252d|long_q1|unconstrained_beta|r21|ensemble,liquidity_change|liq_20d_252d|long_q1|unconstrained_beta|r21|ensemble,liquidity_change|liq_20d_252d,liquidity_change,liq_20d_252d,252,upper_tail_exploratory_lead,upper_tail,long_q1,long_only,False,21,ensemble,3,199.33333333333334,0.0,0.0,,long,12,0.75,0.12113163433862029,-0.24843197322654698,0.31357023328953115,0.6014017448415601,0.0804085549532021,0.3817163576893951,1.0,0,True
long|liquidity_change|liq_20d_252d|long_q1|unconstrained_beta|r5|ensemble,liquidity_change|liq_20d_252d|long_q1|unconstrained_beta|r5|ensemble,liquidity_change|liq_20d_252d,liquidity_change,liq_20d_252d,252,upper_tail_exploratory_lead,upper_tail,long_q1,long_only,False,5,ensemble,3,836.3333333333334,0.0,0.0,,long,12,0.75,0.145022152636886,-0.23242855548099062,0.29745395534909136,0.7145647095355347,0.09218224674472908,0.426738980361661,1.0,0,True
long|liquidity_change|liq_20d_252d|long_q1|unconstrained_beta|r63|ensemble,liquidity_change|liq_20d_252d|long_q1|unconstrained_beta|r63|ensemble,liquidity_change|liq_20d_252d,liquidity_change,liq_20d_252d,252,upper_tail_exploratory_lead,upper_tail,long_q1,long_only,False,63,ensemble,3,66.33333333333333,0.0,0.0,,long,12,0.75,0.13205971916547,-0.19273352157899548,0.3021186590317697,0.6787701044765944,0.10230239074641623,0.48668983468905685,1.0,0,True
long|liquidity_change|liq_20d_252d|middle_minus_q1|beta_neutral|r1|ensemble,liquidity_change|liq_20d_252d|middle_minus_q1|beta_neutral|r1|ensemble,liquidity_change|liq_20d_252d,liquidity_change,liq_20d_252d,252,upper_tail_exploratory_lead,upper_tail,middle_minus_q1,market_neutral,True,1,ensemble,1,4181.0,0.0,4181.0,1.0,long,12,0.0,-0.11661587812588631,-0.18318106024454395,-0.021621372782303028,-1.9619045124171572,-0.10026896827449239,-1.4276223445597236,0.4166666666666667,7,True
long|liquidity_change|liq_20d_252d|middle_minus_q1|beta_neutral|r21|ensemble,liquidity_change|liq_20d_252d|middle_minus_q1|beta_neutral|r21|ensemble,liquidity_change|liq_20d_252d,liquidity_change,liq_20d_252d,252,upper_tail_exploratory_lead,upper_tail,middle_minus_q1,market_neutral,True,21,ensemble,3,199.33333333333334,0.0,199.33333333333334,1.0,long,12,0.16666666666666666,-0.02084391249400852,-0.16013388091502145,0.07532159049473885,-0.3043248088180695,-0.026812365088658252,-0.36459014689708125,0.75,2,True
long|liquidity_change|liq_20d_252d|middle_minus_q1|beta_neutral|r5|ensemble,liquidity_change|liq_20d_252d|middle_minus_q1|beta_neutral|r5|ensemble,liquidity_change|liq_20d_252d,liquidity_change,liq_20d_252d,252,upper_tail_exploratory_lead,upper_tail,middle_minus_q1,market_neutral,True,5,ensemble,3,836.3333333333334,0.0,836.3333333333334,1.0,long,12,0.08333333333333333,-0.06523009084286169,-0.14712323596248789,0.006842081558195767,-1.1238084086939715,-0.060224123435785426,-0.8223310844000367,0.4166666666666667,4,True
long|liquidity_change|liq_20d_252d|middle_minus_q1|beta_neutral|r63|ensemble,liquidity_change|liq_20d_252d|middle_minus_q1|beta_neutral|r63|ensemble,liquidity_change|liq_20d_252d,liquidity_change,liq_20d_252d,252,upper_tail_exploratory_lead,upper_tail,middle_minus_q1,market_neutral,True,63,ensemble,3,66.33333333333333,0.0,66.33333333333333,1.0,long,12,0.3333333333333333,-0.017044459604368623,-0.08371563257882564,0.05481787260747262,-0.20399452818007152,-0.014619505750170014,-0.20239262857103837,0.75,2,True
long|liquidity_change|liq_20d_252d|middle_minus_q1|unconstrained_beta|r1|ensemble,liquidity_change|liq_20d_252d|middle_minus_q1|unconstrained_beta|r1|ensemble,liquidity_change|liq_20d_252d,liquidity_change,liq_20d_252d,252,upper_tail_exploratory_lead,upper_tail,middle_minus_q1,market_neutral,False,1,ensemble,1,4181.0,0.0,0.0,,long,12,0.08333333333333333,-0.07001071003994203,-0.2145468115627811,0.018767672207752994,-1.081285163056126,-0.0806580857968332,-0.9611549919979671,0.08333333333333333,1,True
long|liquidity_change|liq_20d_252d|middle_minus_q1|unconstrained_beta|r21|ensemble,liquidity_change|liq_20d_252d|middle_minus_q1|unconstrained_beta|r21|ensemble,liquidity_change|liq_20d_252d,liquidity_change,liq_20d_252d,252,upper_tail_exploratory_lead,upper_tail,middle_minus_q1,market_neutral,False,21,ensemble,3,199.33333333333334,0.0,0.0,,long,12,0.16666666666666666,-0.03397531933568859,-0.19163286783739242,0.06744482251101802,-0.5448402569721456,-0.041389928376798,-0.5041117286920456,0.5833333333333334,5,True
long|liquidity_change|liq_20d_252d|middle_minus_q1|unconstrained_beta|r5|ensemble,liquidity_change|liq_20d_252d|middle_minus_q1|unconstrained_beta|r5|ensemble,liquidity_change|liq_20d_252d,liquidity_change,liq_20d_252d,252,upper_tail_exploratory_lead,upper_tail,middle_minus_q1,market_neutral,False,5,ensemble,3,836.3333333333334,0.0,0.0,,long,12,0.25,-0.03496753214298959,-0.18296051103570576,0.03863351289562811,-0.5321263305977681,-0.04880676051138755,-0.5613845538097194,0.08333333333333333,1,True
long|liquidity_change|liq_20d_252d|middle_minus_q1|unconstrained_beta|r63|ensemble,liquidity_change|liq_20d_252d|middle_minus_q1|unconstrained_beta|r63|ensemble,liquidity_change|liq_20d_252d,liquidity_change,liq_20d_252d,252,upper_tail_exploratory_lead,upper_tail,middle_minus_q1,market_neutral,False,63,ensemble,3,66.33333333333333,0.0,0.0,,long,12,0.0,-0.03776346015417098,-0.09373977629626573,-0.008477858007283845,-0.7305128185903167,-0.045920933701361855,-0.5966680780701931,0.4166666666666667,5,True
long|liquidity_change|liq_20d_252d|q10_minus_middle|beta_neutral|r1|ensemble,liquidity_change|liq_20d_252d|q10_minus_middle|beta_neutral|r1|ensemble,liquidity_change|liq_20d_252d,liquidity_change,liq_20d_252d,252,upper_tail_exploratory_lead,upper_tail,q10_minus_middle,market_neutral,True,1,ensemble,1,4181.0,0.0,4181.0,1.0,long,12,0.0,-0.09073061986525022,-0.1720902176716882,-0.04972139493132477,-1.3664619282614923,-0.10012836001649317,-1.2952414586200098,0.5833333333333334,3,True
long|liquidity_change|liq_20d_252d|q10_minus_middle|beta_neutral|r21|ensemble,liquidity_change|liq_20d_252d|q10_minus_middle|beta_neutral|r21|ensemble,liquidity_change|liq_20d_252d,liquidity_change,liq_20d_252d,252,upper_tail_exploratory_lead,upper_tail,q10_minus_middle,market_neutral,True,21,ensemble,3,199.33333333333334,0.0,199.33333333333334,1.0,long,12,0.16666666666666666,-0.03186864315706678,-0.09637371759900037,0.007946733826716956,-0.5125113509995014,-0.03446151569134559,-0.4652625380865048,0.5833333333333334,2,True
long|liquidity_change|liq_20d_252d|q10_minus_middle|beta_neutral|r5|ensemble,liquidity_change|liq_20d_252d|q10_minus_middle|beta_neutral|r5|ensemble,liquidity_change|liq_20d_252d,liquidity_change,liq_20d_252d,252,upper_tail_exploratory_lead,upper_tail,q10_minus_middle,market_neutral,True,5,ensemble,3,836.3333333333334,0.0,836.3333333333334,1.0,long,12,0.0,-0.07861350626027985,-0.14067177723534174,-0.013621117778521263,-1.1844748032453887,-0.07926416324676944,-1.0456424045995372,0.5,3,True
long|liquidity_change|liq_20d_252d|q10_minus_middle|beta_neutral|r63|ensemble,liquidity_change|liq_20d_252d|q10_minus_middle|beta_neutral|r63|ensemble,liquidity_change|liq_20d_252d,liquidity_change,liq_20d_252d,252,upper_tail_exploratory_lead,upper_tail,q10_minus_middle,market_neutral,True,63,ensemble,3,66.33333333333333,0.0,66.33333333333333,1.0,long,12,0.25,-0.012642187690624529,-0.1084737089513621,0.02720050110731065,-0.15951851464135378,-0.01946805609326885,-0.2681797968005751,0.5833333333333334,4,True
long|liquidity_change|liq_20d_252d|q10_minus_middle|unconstrained_beta|r1|ensemble,liquidity_change|liq_20d_252d|q10_minus_middle|unconstrained_beta|r1|ensemble,liquidity_change|liq_20d_252d,liquidity_change,liq_20d_252d,252,upper_tail_exploratory_lead,upper_tail,q10_minus_middle,market_neutral,False,1,ensemble,1,4181.0,0.0,0.0,,long,12,0.0,-0.10146967201792101,-0.16012007384315596,-0.04229311053440543,-1.347152643067837,-0.09962229876344919,-1.227929242877387,0.5,6,True
long|liquidity_change|liq_20d_252d|q10_minus_middle|unconstrained_beta|r21|ensemble,liquidity_change|liq_20d_252d|q10_minus_middle|unconstrained_beta|r21|ensemble,liquidity_change|liq_20d_252d,liquidity_change,liq_20d_252d,252,upper_tail_exploratory_lead,upper_tail,q10_minus_middle,market_neutral,False,21,ensemble,3,199.33333333333334,0.0,0.0,,long,12,0.16666666666666666,-0.02333286334291418,-0.09021389794618395,0.01103001427341499,-0.3738625662807937,-0.03532367866797792,-0.45715014928233433,0.4166666666666667,2,True
long|liquidity_change|liq_20d_252d|q10_minus_middle|unconstrained_beta|r5|ensemble,liquidity_change|liq_20d_252d|q10_minus_middle|unconstrained_beta|r5|ensemble,liquidity_change|liq_20d_252d,liquidity_change,liq_20d_252d,252,upper_tail_exploratory_lead,upper_tail,q10_minus_middle,market_neutral,False,5,ensemble,3,836.3333333333334,0.0,0.0,,long,12,0.0,-0.07898567293299519,-0.1248726134411261,-0.014941777043442017,-1.2446011616933008,-0.08320802352420575,-1.0506832096795782,0.4166666666666667,3,True
long|liquidity_change|liq_20d_252d|q10_minus_middle|unconstrained_beta|r63|ensemble,liquidity_change|liq_20d_252d|q10_minus_middle|unconstrained_beta|r63|ensemble,liquidity_change|liq_20d_252d,liquidity_change,liq_20d_252d,252,upper_tail_exploratory_lead,upper_tail,q10_minus_middle,market_neutral,False,63,ensemble,3,66.33333333333333,0.0,0.0,,long,12,0.3333333333333333,-0.005476469755690105,-0.06434885050505057,0.08019629261923367,-0.07172236115267633,-0.005491453735675056,-0.04804368438888651,0.6666666666666666,3,True
long|liquidity_change|liq_20d_252d|q10_minus_q1|beta_neutral|r1|ensemble,liquidity_change|liq_20d_252d|q10_minus_q1|beta_neutral|r1|ensemble,liquidity_change|liq_20d_252d,liquidity_change,liq_20d_252d,252,upper_tail_exploratory_lead,upper_tail,q10_minus_q1,market_neutral,True,1,ensemble,1,4181.0,0.0,4181.0,1.0,long,12,0.08333333333333333,-0.08898507770113173,-0.16808086878473416,0.005727486290615591,-0.7875139255317649,-0.09588086162623422,-0.8555592746093844,0.5,6,True
long|liquidity_change|liq_20d_252d|q10_minus_q1|beta_neutral|r21|ensemble,liquidity_change|liq_20d_252d|q10_minus_q1|beta_neutral|r21|ensemble,liquidity_change|liq_20d_252d,liquidity_change,liq_20d_252d,252,upper_tail_exploratory_lead,upper_tail,q10_minus_q1,market_neutral,True,21,ensemble,3,199.33333333333334,0.0,199.33333333333334,1.0,long,12,0.4166666666666667,-0.026504875949970863,-0.08177772889903634,0.0996810026935937,-0.1834099556855683,-0.006458838496495201,-0.012122713965771784,1.0,0,True
long|liquidity_change|liq_20d_252d|q10_minus_q1|beta_neutral|r5|ensemble,liquidity_change|liq_20d_252d|q10_minus_q1|beta_neutral|r5|ensemble,liquidity_change|liq_20d_252d,liquidity_change,liq_20d_252d,252,upper_tail_exploratory_lead,upper_tail,q10_minus_q1,market_neutral,True,5,ensemble,3,836.3333333333334,0.0,836.3333333333334,1.0,long,12,0.08333333333333333,-0.08815996254875186,-0.13912816915079518,0.022407185612638436,-0.8246964526398807,-0.07956961111449057,-0.7063277131368011,0.5,7,True
long|liquidity_change|liq_20d_252d|q10_minus_q1|beta_neutral|r63|ensemble,liquidity_change|liq_20d_252d|q10_minus_q1|beta_neutral|r63|ensemble,liquidity_change|liq_20d_252d,liquidity_change,liq_20d_252d,252,upper_tail_exploratory_lead,upper_tail,q10_minus_q1,market_neutral,True,63,ensemble,3,66.33333333333333,0.0,66.33333333333333,1.0,long,12,0.5,0.0001293864871946826,-0.09641917746902606,0.09015462307926803,0.039443546038752136,-0.001980621302404617,0.025216194223905475,0.9166666666666666,2,True
long|liquidity_change|liq_20d_252d|q10_minus_q1|unconstrained_beta|r1|ensemble,liquidity_change|liq_20d_252d|q10_minus_q1|unconstrained_beta|r1|ensemble,liquidity_change|liq_20d_252d,liquidity_change,liq_20d_252d,252,upper_tail_exploratory_lead,upper_tail,q10_minus_q1,market_neutral,False,1,ensemble,1,4181.0,0.0,0.0,,long,12,0.16666666666666666,-0.06478281037392913,-0.1734695497668869,0.028192486945757045,-0.5294700849845804,-0.07159072532379318,-0.5524308796410281,0.08333333333333333,1,True
long|liquidity_change|liq_20d_252d|q10_minus_q1|unconstrained_beta|r21|ensemble,liquidity_change|liq_20d_252d|q10_minus_q1|unconstrained_beta|r21|ensemble,liquidity_change|liq_20d_252d,liquidity_change,liq_20d_252d,252,upper_tail_exploratory_lead,upper_tail,q10_minus_q1,market_neutral,False,21,ensemble,3,199.33333333333334,0.0,0.0,,long,12,0.16666666666666666,-0.04787689120797195,-0.1719457480464126,0.022993061944400095,-0.5116045965603888,-0.06870117684940413,-0.5854571954768887,0.5,5,True
long|liquidity_change|liq_20d_252d|q10_minus_q1|unconstrained_beta|r5|ensemble,liquidity_change|liq_20d_252d|q10_minus_q1|unconstrained_beta|r5|ensemble,liquidity_change|liq_20d_252d,liquidity_change,liq_20d_252d,252,upper_tail_exploratory_lead,upper_tail,q10_minus_q1,market_neutral,False,5,ensemble,3,836.3333333333334,0.0,0.0,,long,12,0.3333333333333333,-0.06888311031677197,-0.14204345798522366,0.05595300535959802,-0.5236615976433343,-0.05661438032052235,-0.4319867945548473,0.08333333333333333,2,True
long|liquidity_change|liq_20d_252d|q10_minus_q1|unconstrained_beta|r63|ensemble,liquidity_change|liq_20d_252d|q10_minus_q1|unconstrained_beta|r63|ensemble,liquidity_change|liq_20d_252d,liquidity_change,liq_20d_252d,252,upper_tail_exploratory_lead,upper_tail,q10_minus_q1,market_neutral,False,63,ensemble,3,66.33333333333333,0.0,0.0,,long,12,0.16666666666666666,-0.03813512544623049,-0.1115781655011413,0.04937457486639918,-0.33341203637520395,-0.03894664840389972,-0.3431521538233025,0.5833333333333334,3,True
long|low_volatility|60d|continuous_high_minus_low|beta_neutral|r1|ensemble,low_volatility|60d|continuous_high_minus_low|beta_neutral|r1|ensemble,low_volatility|60d,low_volatility,60d,63,lower_tail_exploratory_lead,lower_tail,continuous_high_minus_low,market_neutral,True,1,ensemble,1,4181.0,0.0,4181.0,1.0,long,12,0.5,0.009504267329610738,-0.15472585897368363,0.1084854718574062,0.1582907808899156,-0.016376218555614996,-0.06219642943145436,0.9166666666666666,2,True
long|low_volatility|60d|continuous_high_minus_low|beta_neutral|r21|ensemble,low_volatility|60d|continuous_high_minus_low|beta_neutral|r21|ensemble,low_volatility|60d,low_volatility,60d,63,lower_tail_exploratory_lead,lower_tail,continuous_high_minus_low,market_neutral,True,21,ensemble,3,199.33333333333334,0.0,199.33333333333334,1.0,long,12,0.5833333333333334,0.03322114000859977,-0.12522610882424456,0.12125950601300017,0.29972849377346655,-0.0009703529680924472,0.05651395670858329,0.9166666666666666,2,True
long|low_volatility|60d|continuous_high_minus_low|beta_neutral|r5|ensemble,low_volatility|60d|continuous_high_minus_low|beta_neutral|r5|ensemble,low_volatility|60d,low_volatility,60d,63,lower_tail_exploratory_lead,lower_tail,continuous_high_minus_low,market_neutral,True,5,ensemble,3,836.3333333333334,0.0,836.3333333333334,1.0,long,12,0.5833333333333334,0.023344323914447185,-0.13710133317896267,0.11261803602183096,0.2653972287096181,-0.006620514419189205,0.013554336648048046,0.9166666666666666,2,True
long|low_volatility|60d|continuous_high_minus_low|beta_neutral|r63|ensemble,low_volatility|60d|continuous_high_minus_low|beta_neutral|r63|ensemble,low_volatility|60d,low_volatility,60d,63,lower_tail_exploratory_lead,lower_tail,continuous_high_minus_low,market_neutral,True,63,ensemble,3,66.33333333333333,0.0,66.33333333333333,1.0,long,12,0.5833333333333334,0.04836623320127642,-0.12617308766229574,0.11739887777408886,0.40279570434898493,0.005366120812955177,0.10584709219693271,0.9166666666666666,2,True
long|low_volatility|60d|continuous_high_minus_low|unconstrained_beta|r1|ensemble,low_volatility|60d|continuous_high_minus_low|unconstrained_beta|r1|ensemble,low_volatility|60d,low_volatility,60d,63,lower_tail_exploratory_lead,lower_tail,continuous_high_minus_low,market_neutral,False,1,ensemble,1,4181.0,0.0,0.0,,long,12,0.5,-0.01970049992767453,-0.14209518365875895,0.20768462447280323,-0.15608378544969065,-0.009080731114558427,0.03454313984137531,0.16666666666666666,2,True
long|low_volatility|60d|continuous_high_minus_low|unconstrained_beta|r21|ensemble,low_volatility|60d|continuous_high_minus_low|unconstrained_beta|r21|ensemble,low_volatility|60d,low_volatility,60d,63,lower_tail_exploratory_lead,lower_tail,continuous_high_minus_low,market_neutral,False,21,ensemble,3,199.33333333333334,0.0,0.0,,long,12,0.5,0.018574492255593156,-0.14936717714919623,0.22943916599809744,0.027236941605087495,0.01830961294962674,0.19178316648508878,0.16666666666666666,2,True
long|low_volatility|60d|continuous_high_minus_low|unconstrained_beta|r5|ensemble,low_volatility|60d|continuous_high_minus_low|unconstrained_beta|r5|ensemble,low_volatility|60d,low_volatility,60d,63,lower_tail_exploratory_lead,lower_tail,continuous_high_minus_low,market_neutral,False,5,ensemble,3,836.3333333333334,0.0,0.0,,long,12,0.5,0.001466621796691825,-0.13000099561298561,0.23051609905726655,-0.020013505016151456,0.010404114222577254,0.14600912019125492,0.16666666666666666,2,True
long|low_volatility|60d|continuous_high_minus_low|unconstrained_beta|r63|ensemble,low_volatility|60d|continuous_high_minus_low|unconstrained_beta|r63|ensemble,low_volatility|60d,low_volatility,60d,63,lower_tail_exploratory_lead,lower_tail,continuous_high_minus_low,market_neutral,False,63,ensemble,3,66.33333333333333,0.0,0.0,,long,12,0.5,0.026833993268505607,-0.14735081435665975,0.23202994869354576,0.0874153571313519,0.022343048492994733,0.21612071581843087,0.16666666666666666,2,True
long|low_volatility|60d|long_q10|unconstrained_beta|r1|ensemble,low_volatility|60d|long_q10|unconstrained_beta|r1|ensemble,low_volatility|60d,low_volatility,60d,63,lower_tail_exploratory_lead,lower_tail,long_q10,long_only,False,1,ensemble,1,4181.0,0.0,0.0,,long,12,0.9166666666666666,0.09553473924811828,-0.003501171590733154,0.22306716160021867,0.6327738810196315,0.08538098235693714,0.5349639951696141,1.0,0,True
long|low_volatility|60d|long_q10|unconstrained_beta|r21|ensemble,low_volatility|60d|long_q10|unconstrained_beta|r21|ensemble,low_volatility|60d,low_volatility,60d,63,lower_tail_exploratory_lead,lower_tail,long_q10,long_only,False,21,ensemble,3,199.33333333333334,0.0,0.0,,long,12,1.0,0.10936933341094757,0.005110835125349711,0.24235824827453634,0.7546263101686694,0.10485034771318724,0.6555342572545614,1.0,0,True
long|low_volatility|60d|long_q10|unconstrained_beta|r5|ensemble,low_volatility|60d|long_q10|unconstrained_beta|r5|ensemble,low_volatility|60d,low_volatility,60d,63,lower_tail_exploratory_lead,lower_tail,long_q10,long_only,False,5,ensemble,3,836.3333333333334,0.0,0.0,,long,12,1.0,0.10172924792141147,0.005769076634812409,0.22295296571345635,0.6691568630464451,0.09718271308288107,0.6128021402522214,1.0,0,True
long|low_volatility|60d|long_q10|unconstrained_beta|r63|ensemble,low_volatility|60d|long_q10|unconstrained_beta|r63|ensemble,low_volatility|60d,low_volatility,60d,63,lower_tail_exploratory_lead,lower_tail,long_q10,long_only,False,63,ensemble,3,66.33333333333333,0.0,0.0,,long,12,1.0,0.11136539585158123,0.003344997221441215,0.24486218310774066,0.7343216421876739,0.11043751698912407,0.6827679399264361,1.0,0,True
long|low_volatility|60d|long_q1|unconstrained_beta|r1|ensemble,low_volatility|60d|long_q1|unconstrained_beta|r1|ensemble,low_volatility|60d,low_volatility,60d,63,lower_tail_exploratory_lead,lower_tail,long_q1,long_only,False,1,ensemble,1,4181.0,0.0,0.0,,long,12,0.6666666666666666,0.13444894125902085,-0.2124679314258191,0.4082576929973418,0.8896912563293569,0.09895050621640955,0.3995367539679408,1.0,0,True
long|low_volatility|60d|long_q1|unconstrained_beta|r21|ensemble,low_volatility|60d|long_q1|unconstrained_beta|r21|ensemble,low_volatility|60d,low_volatility,60d,63,lower_tail_exploratory_lead,lower_tail,long_q1,long_only,False,21,ensemble,3,199.33333333333334,0.0,0.0,,long,12,0.75,0.1403287380921896,-0.18186318855857175,0.41241374141902143,0.8710493776503921,0.1264355846011418,0.48543660731080207,1.0,0,True
long|low_volatility|60d|long_q1|unconstrained_beta|r5|ensemble,low_volatility|60d|long_q1|unconstrained_beta|r5|ensemble,low_volatility|60d,low_volatility,60d,63,lower_tail_exploratory_lead,lower_tail,long_q1,long_only,False,5,ensemble,3,836.3333333333334,0.0,0.0,,long,12,0.75,0.1475909075045717,-0.19018118666294925,0.41935753089222505,0.872258392112281,0.12102859818721456,0.4642305965301359,1.0,0,True
long|low_volatility|60d|long_q1|unconstrained_beta|r63|ensemble,low_volatility|60d|long_q1|unconstrained_beta|r63|ensemble,low_volatility|60d,low_volatility,60d,63,lower_tail_exploratory_lead,lower_tail,long_q1,long_only,False,63,ensemble,3,66.33333333333333,0.0,0.0,,long,12,0.75,0.15939154756005236,-0.18330334961157735,0.3824871135893255,0.9690971248910065,0.13693265320461623,0.5280087345693676,1.0,0,True
long|low_volatility|60d|middle_minus_q1|beta_neutral|r1|ensemble,low_volatility|60d|middle_minus_q1|beta_neutral|r1|ensemble,low_volatility|60d,low_volatility,60d,63,lower_tail_exploratory_lead,lower_tail,middle_minus_q1,market_neutral,True,1,ensemble,1,4181.0,0.0,4181.0,1.0,long,12,0.4166666666666667,-0.011941689461490157,-0.21646590513756947,0.1231999717786898,0.03245918213319208,-0.024642552364011472,-0.11461893724534199,1.0,0,True
long|low_volatility|60d|middle_minus_q1|beta_neutral|r21|ensemble,low_volatility|60d|middle_minus_q1|beta_neutral|r21|ensemble,low_volatility|60d,low_volatility,60d,63,lower_tail_exploratory_lead,lower_tail,middle_minus_q1,market_neutral,True,21,ensemble,3,199.33333333333334,0.0,199.33333333333334,1.0,long,12,0.4166666666666667,-0.03455437875588213,-0.15203092309713873,0.14407225441426896,-0.12835972514969157,-0.027808187397499795,-0.15028249884388187,0.9166666666666666,2,True
long|low_volatility|60d|middle_minus_q1|beta_neutral|r5|ensemble,low_volatility|60d|middle_minus_q1|beta_neutral|r5|ensemble,low_volatility|60d,low_volatility,60d,63,lower_tail_exploratory_lead,lower_tail,middle_minus_q1,market_neutral,True,5,ensemble,3,836.3333333333334,0.0,836.3333333333334,1.0,long,12,0.4166666666666667,-0.0511019066249615,-0.18745369114978938,0.1188985025946474,-0.21488368140809877,-0.04268683375825344,-0.25580276492334764,0.9166666666666666,2,True
long|low_volatility|60d|middle_minus_q1|beta_neutral|r63|ensemble,low_volatility|60d|middle_minus_q1|beta_neutral|r63|ensemble,low_volatility|60d,low_volatility,60d,63,lower_tail_exploratory_lead,lower_tail,middle_minus_q1,market_neutral,True,63,ensemble,3,66.33333333333333,0.0,66.33333333333333,1.0,long,12,0.4166666666666667,-0.03179900349560005,-0.14943156975966188,0.13137493050601567,-0.08783388155285635,-0.029559105298377242,-0.1625344769054698,0.8333333333333334,4,True
long|low_volatility|60d|middle_minus_q1|unconstrained_beta|r1|ensemble,low_volatility|60d|middle_minus_q1|unconstrained_beta|r1|ensemble,low_volatility|60d,low_volatility,60d,63,lower_tail_exploratory_lead,lower_tail,middle_minus_q1,market_neutral,False,1,ensemble,1,4181.0,0.0,0.0,,long,12,0.16666666666666666,-0.10511129798504959,-0.21904360504788112,0.2713960326565428,-0.5149583226463907,-0.07355032891100544,-0.3051032579038436,0.3333333333333333,6,True
long|low_volatility|60d|middle_minus_q1|unconstrained_beta|r21|ensemble,low_volatility|60d|middle_minus_q1|unconstrained_beta|r21|ensemble,low_volatility|60d,low_volatility,60d,63,lower_tail_exploratory_lead,lower_tail,middle_minus_q1,market_neutral,False,21,ensemble,3,199.33333333333334,0.0,0.0,,long,12,0.4166666666666667,-0.032335537789142776,-0.17465739482994225,0.2676137688142626,-0.22839624711061296,0.006690929687142466,0.1275563262703599,0.16666666666666666,2,True
long|low_volatility|60d|middle_minus_q1|unconstrained_beta|r5|ensemble,low_volatility|60d|middle_minus_q1|unconstrained_beta|r5|ensemble,low_volatility|60d,low_volatility,60d,63,lower_tail_exploratory_lead,lower_tail,middle_minus_q1,market_neutral,False,5,ensemble,3,836.3333333333334,0.0,0.0,,long,12,0.5,-0.0013674223900211335,-0.16962475224845686,0.28455005091922625,0.016205674645200563,0.011106485771850139,0.15258534571689616,0.0,0,True
long|low_volatility|60d|middle_minus_q1|unconstrained_beta|r63|ensemble,low_volatility|60d|middle_minus_q1|unconstrained_beta|r63|ensemble,low_volatility|60d,low_volatility,60d,63,lower_tail_exploratory_lead,lower_tail,middle_minus_q1,market_neutral,False,63,ensemble,3,66.33333333333333,0.0,0.0,,long,12,0.5,-0.002867161366945592,-0.15181158030326491,0.3252430513920703,0.08222048378813908,0.02013113164231517,0.1999094248190517,0.0,0,True
long|low_volatility|60d|q10_minus_middle|beta_neutral|r1|ensemble,low_volatility|60d|q10_minus_middle|beta_neutral|r1|ensemble,low_volatility|60d,low_volatility,60d,63,lower_tail_exploratory_lead,lower_tail,q10_minus_middle,market_neutral,True,1,ensemble,1,4181.0,0.0,4181.0,1.0,long,12,0.5,-0.006099146026270985,-0.1295921017889563,0.08516072225301863,-0.027982282931555393,-0.011140196297391047,-0.048632985676754,1.0,0,True
long|low_volatility|60d|q10_minus_middle|beta_neutral|r21|ensemble,low_volatility|60d|q10_minus_middle|beta_neutral|r21|ensemble,low_volatility|60d,low_volatility,60d,63,lower_tail_exploratory_lead,lower_tail,q10_minus_middle,market_neutral,True,21,ensemble,3,199.33333333333334,0.0,199.33333333333334,1.0,long,12,0.8333333333333334,0.02452298216394433,-0.09492045004763094,0.12786407582307602,0.38776261367100695,0.025814525749673356,0.28778774912552896,1.0,0,True
long|low_volatility|60d|q10_minus_middle|beta_neutral|r5|ensemble,low_volatility|60d|q10_minus_middle|beta_neutral|r5|ensemble,low_volatility|60d,low_volatility,60d,63,lower_tail_exploratory_lead,lower_tail,q10_minus_middle,market_neutral,True,5,ensemble,3,836.3333333333334,0.0,836.3333333333334,1.0,long,12,0.6666666666666666,0.011016089341736368,-0.10309849393766368,0.10027973695947345,0.2076867201422122,0.01514295920765818,0.19233658745788995,1.0,0,True
long|low_volatility|60d|q10_minus_middle|beta_neutral|r63|ensemble,low_volatility|60d|q10_minus_middle|beta_neutral|r63|ensemble,low_volatility|60d,low_volatility,60d,63,lower_tail_exploratory_lead,lower_tail,q10_minus_middle,market_neutral,True,63,ensemble,3,66.33333333333333,0.0,66.33333333333333,1.0,long,12,0.8333333333333334,0.04993926782197167,-0.0821709587393451,0.1380302701249423,0.5859836422346225,0.04156578395947941,0.4316561896314616,1.0,0,True
long|low_volatility|60d|q10_minus_middle|unconstrained_beta|r1|ensemble,low_volatility|60d|q10_minus_middle|unconstrained_beta|r1|ensemble,low_volatility|60d,low_volatility,60d,63,lower_tail_exploratory_lead,lower_tail,q10_minus_middle,market_neutral,False,1,ensemble,1,4181.0,0.0,0.0,,long,12,0.3333333333333333,-0.0638419708211247,-0.18553081692539053,0.07706940010336116,-0.6557943035301961,-0.06316020457405824,-0.5251048484274078,0.16666666666666666,2,True
long|low_volatility|60d|q10_minus_middle|unconstrained_beta|r21|ensemble,low_volatility|60d|q10_minus_middle|unconstrained_beta|r21|ensemble,low_volatility|60d,low_volatility,60d,63,lower_tail_exploratory_lead,lower_tail,q10_minus_middle,market_neutral,False,21,ensemble,3,199.33333333333334,0.0,0.0,,long,12,0.3333333333333333,-0.027174365483625673,-0.15251787668826877,0.12251986013644367,-0.27381303138484947,-0.03254821925261597,-0.2513662187955142,0.16666666666666666,2,True
long|low_volatility|60d|q10_minus_middle|unconstrained_beta|r5|ensemble,low_volatility|60d|q10_minus_middle|unconstrained_beta|r5|ensemble,low_volatility|60d,low_volatility,60d,63,lower_tail_exploratory_lead,lower_tail,q10_minus_middle,market_neutral,False,5,ensemble,3,836.3333333333334,0.0,0.0,,long,12,0.3333333333333333,-0.017214143210373234,-0.16323352037642647,0.105904735273181,-0.1809749105204064,-0.034401389752710454,-0.2579072126704186,0.08333333333333333,2,True
long|low_volatility|60d|q10_minus_middle|unconstrained_beta|r63|ensemble,low_volatility|60d|q10_minus_middle|unconstrained_beta|r63|ensemble,low_volatility|60d,low_volatility,60d,63,lower_tail_exploratory_lead,lower_tail,q10_minus_middle,market_neutral,False,63,ensemble,3,66.33333333333333,0.0,0.0,,long,12,0.4166666666666667,-0.017883919426650907,-0.147764085753746,0.12486604580085459,-0.20869891460525875,-0.011183368281607708,-0.05586993582410876,0.25,2,True
long|low_volatility|60d|q10_minus_q1|beta_neutral|r1|ensemble,low_volatility|60d|q10_minus_q1|beta_neutral|r1|ensemble,low_volatility|60d,low_volatility,60d,63,lower_tail_exploratory_lead,lower_tail,q10_minus_q1,market_neutral,True,1,ensemble,1,4181.0,0.0,4181.0,1.0,long,12,0.5833333333333334,0.04291294473484175,-0.1774372095162121,0.15559097124827148,0.35971227745023837,0.0070002241587951985,0.13278917628251144,1.0,0,True
long|low_volatility|60d|q10_minus_q1|beta_neutral|r21|ensemble,low_volatility|60d|q10_minus_q1|beta_neutral|r21|ensemble,low_volatility|60d,low_volatility,60d,63,lower_tail_exploratory_lead,lower_tail,q10_minus_q1,market_neutral,True,21,ensemble,3,199.33333333333334,0.0,199.33333333333334,1.0,long,12,0.5833333333333334,0.05070722320232679,-0.20001264277035502,0.21043733462149294,0.33261343692756223,0.002447367148530555,0.10840168125045418,0.9166666666666666,2,True
long|low_volatility|60d|q10_minus_q1|beta_neutral|r5|ensemble,low_volatility|60d|q10_minus_q1|beta_neutral|r5|ensemble,low_volatility|60d,low_volatility,60d,63,lower_tail_exploratory_lead,lower_tail,q10_minus_q1,market_neutral,True,5,ensemble,3,836.3333333333334,0.0,836.3333333333334,1.0,long,12,0.6666666666666666,0.0673999133109302,-0.14991219953391144,0.20369357667068377,0.4925491880962284,0.02284935757224882,0.21350935695238066,1.0,0,True
long|low_volatility|60d|q10_minus_q1|beta_neutral|r63|ensemble,low_volatility|60d|q10_minus_q1|beta_neutral|r63|ensemble,low_volatility|60d,low_volatility,60d,63,lower_tail_exploratory_lead,lower_tail,q10_minus_q1,market_neutral,True,63,ensemble,3,66.33333333333333,0.0,66.33333333333333,1.0,long,12,0.6666666666666666,0.06612032657119538,-0.1385531762812766,0.1922710757606052,0.5202712099775819,0.04659871758159806,0.33452030912363173,1.0,0,True
long|low_volatility|60d|q10_minus_q1|unconstrained_beta|r1|ensemble,low_volatility|60d|q10_minus_q1|unconstrained_beta|r1|ensemble,low_volatility|60d,low_volatility,60d,63,lower_tail_exploratory_lead,lower_tail,q10_minus_q1,market_neutral,False,1,ensemble,1,4181.0,0.0,0.0,,long,12,0.4166666666666667,-0.05699763751689435,-0.2611117573659627,0.3165665597567964,-0.16845379469542784,-0.03791262628605818,-0.0008036864546007129,0.16666666666666666,2,True
long|low_volatility|60d|q10_minus_q1|unconstrained_beta|r21|ensemble,low_volatility|60d|q10_minus_q1|unconstrained_beta|r21|ensemble,low_volatility|60d,low_volatility,60d,63,lower_tail_exploratory_lead,lower_tail,q10_minus_q1,market_neutral,False,21,ensemble,3,199.33333333333334,0.0,0.0,,long,12,0.5,0.019737054323680947,-0.24913734390219167,0.3106866026475501,0.17011945427938277,0.005619579889899473,0.15494284291735888,0.16666666666666666,2,True
long|low_volatility|60d|q10_minus_q1|unconstrained_beta|r5|ensemble,low_volatility|60d|q10_minus_q1|unconstrained_beta|r5|ensemble,low_volatility|60d,low_volatility,60d,63,lower_tail_exploratory_lead,lower_tail,q10_minus_q1,market_neutral,False,5,ensemble,3,836.3333333333334,0.0,0.0,,long,12,0.4166666666666667,-0.025494492973667904,-0.22967923975305216,0.3463367417030834,-0.12654955881401186,-0.02009826719012542,0.06470295678251209,0.08333333333333333,2,True
long|low_volatility|60d|q10_minus_q1|unconstrained_beta|r63|ensemble,low_volatility|60d|q10_minus_q1|unconstrained_beta|r63|ensemble,low_volatility|60d,low_volatility,60d,63,lower_tail_exploratory_lead,lower_tail,q10_minus_q1,market_neutral,False,63,ensemble,3,66.33333333333333,0.0,0.0,,long,12,0.4166666666666667,-0.01231158723179393,-0.2392863022068259,0.3906780593167114,0.013133423438586644,-0.002878048662411148,0.13149874988363558,0.16666666666666666,2,True
long|short_term_reversal|reversal_5d|continuous_high_minus_low|beta_neutral|r1|ensemble,short_term_reversal|reversal_5d|continuous_high_minus_low|beta_neutral|r1|ensemble,short_term_reversal|reversal_5d,short_term_reversal,reversal_5d,5,upper_tail_exploratory_lead,upper_tail,continuous_high_minus_low,market_neutral,True,1,ensemble,1,4181.0,0.0,4181.0,1.0,long,12,0.08333333333333333,-0.2434177308675235,-0.28242166108670763,0.36406557567642084,-2.822629408753096,-0.19478425747756722,-1.7671251563983874,1.0,0,True
long|short_term_reversal|reversal_5d|continuous_high_minus_low|beta_neutral|r21|ensemble,short_term_reversal|reversal_5d|continuous_high_minus_low|beta_neutral|r21|ensemble,short_term_reversal|reversal_5d,short_term_reversal,reversal_5d,5,upper_tail_exploratory_lead,upper_tail,continuous_high_minus_low,market_neutral,True,21,ensemble,3,199.33333333333334,0.0,199.33333333333334,1.0,long,12,0.3333333333333333,-0.03594345978754698,-0.09782860874932497,0.10864754471356242,-0.554269170027224,-0.027948034418307954,-0.3169446365790615,0.75,2,True
long|short_term_reversal|reversal_5d|continuous_high_minus_low|beta_neutral|r5|ensemble,short_term_reversal|reversal_5d|continuous_high_minus_low|beta_neutral|r5|ensemble,short_term_reversal|reversal_5d,short_term_reversal,reversal_5d,5,upper_tail_exploratory_lead,upper_tail,continuous_high_minus_low,market_neutral,True,5,ensemble,3,836.3333333333334,0.0,836.3333333333334,1.0,long,12,0.08333333333333333,-0.0916698167539467,-0.1519362112963285,0.21137575032924039,-1.4547440791797195,-0.07610244935065036,-0.7628687593209368,1.0,0,True
long|short_term_reversal|reversal_5d|continuous_high_minus_low|beta_neutral|r63|ensemble,short_term_reversal|reversal_5d|continuous_high_minus_low|beta_neutral|r63|ensemble,short_term_reversal|reversal_5d,short_term_reversal,reversal_5d,5,upper_tail_exploratory_lead,upper_tail,continuous_high_minus_low,market_neutral,True,63,ensemble,3,66.33333333333333,0.0,66.33333333333333,1.0,long,12,0.5,-0.014227264357882519,-0.08953345396444101,0.08371888929286975,-0.09734961027451128,-0.005157732309704843,-0.039472139705489316,0.5,1,True
long|short_term_reversal|reversal_5d|continuous_high_minus_low|unconstrained_beta|r1|ensemble,short_term_reversal|reversal_5d|continuous_high_minus_low|unconstrained_beta|r1|ensemble,short_term_reversal|reversal_5d,short_term_reversal,reversal_5d,5,upper_tail_exploratory_lead,upper_tail,continuous_high_minus_low,market_neutral,False,1,ensemble,1,4181.0,0.0,0.0,,long,12,0.08333333333333333,-0.2309675589910074,-0.271511485341576,0.17242845893494319,-2.5783114905292974,-0.20134103100944023,-1.5313286340168208,1.0,0,True
long|short_term_reversal|reversal_5d|continuous_high_minus_low|unconstrained_beta|r21|ensemble,short_term_reversal|reversal_5d|continuous_high_minus_low|unconstrained_beta|r21|ensemble,short_term_reversal|reversal_5d,short_term_reversal,reversal_5d,5,upper_tail_exploratory_lead,upper_tail,continuous_high_minus_low,market_neutral,False,21,ensemble,3,199.33333333333334,0.0,0.0,,long,12,0.25,-0.03951625224574401,-0.11183378013880907,0.09539650235091734,-0.5480698362786214,-0.03175432173328718,-0.30335277189008786,0.8333333333333334,2,True
long|short_term_reversal|reversal_5d|continuous_high_minus_low|unconstrained_beta|r5|ensemble,short_term_reversal|reversal_5d|continuous_high_minus_low|unconstrained_beta|r5|ensemble,short_term_reversal|reversal_5d,short_term_reversal,reversal_5d,5,upper_tail_exploratory_lead,upper_tail,continuous_high_minus_low,market_neutral,False,5,ensemble,3,836.3333333333334,0.0,0.0,,long,12,0.08333333333333333,-0.08061149431219,-0.15485849901501036,0.1507067150172443,-0.8915464897244777,-0.07666913379539109,-0.6248756271895712,1.0,0,True
long|short_term_reversal|reversal_5d|continuous_high_minus_low|unconstrained_beta|r63|ensemble,short_term_reversal|reversal_5d|continuous_high_minus_low|unconstrained_beta|r63|ensemble,short_term_reversal|reversal_5d,short_term_reversal,reversal_5d,5,upper_tail_exploratory_lead,upper_tail,continuous_high_minus_low,market_neutral,False,63,ensemble,3,66.33333333333333,0.0,0.0,,long,12,0.08333333333333333,-0.05548562820414321,-0.12468031039563565,0.09201134093416963,-0.8017839877086422,-0.051224447451246435,-0.6532015624057115,0.5833333333333334,4,True
long|short_term_reversal|reversal_5d|long_q10|unconstrained_beta|r1|ensemble,short_term_reversal|reversal_5d|long_q10|unconstrained_beta|r1|ensemble,short_term_reversal|reversal_5d,short_term_reversal,reversal_5d,5,upper_tail_exploratory_lead,upper_tail,long_q10,long_only,False,1,ensemble,1,4181.0,0.0,0.0,,long,12,0.4166666666666667,-0.03638547580231388,-0.2584671559333519,0.1649969756628742,-0.2384417063073484,-0.05439673094145858,-0.15135980665147594,1.0,0,True
long|short_term_reversal|reversal_5d|long_q10|unconstrained_beta|r21|ensemble,short_term_reversal|reversal_5d|long_q10|unconstrained_beta|r21|ensemble,short_term_reversal|reversal_5d,short_term_reversal,reversal_5d,5,upper_tail_exploratory_lead,upper_tail,long_q10,long_only,False,21,ensemble,3,199.33333333333334,0.0,0.0,,long,12,0.75,0.11832243892380978,-0.13415584044526263,0.40886135761279196,0.517877950406229,0.10881824478002677,0.4850365331672893,1.0,0,True
long|short_term_reversal|reversal_5d|long_q10|unconstrained_beta|r5|ensemble,short_term_reversal|reversal_5d|long_q10|unconstrained_beta|r5|ensemble,short_term_reversal|reversal_5d,short_term_reversal,reversal_5d,5,upper_tail_exploratory_lead,upper_tail,long_q10,long_only,False,5,ensemble,3,836.3333333333334,0.0,0.0,,long,12,0.75,0.09465771188404581,-0.16224882844300748,0.2162923685261413,0.43673755376607654,0.05440551750854983,0.2642774545644674,1.0,0,True
long|short_term_reversal|reversal_5d|long_q10|unconstrained_beta|r63|ensemble,short_term_reversal|reversal_5d|long_q10|unconstrained_beta|r63|ensemble,short_term_reversal|reversal_5d,short_term_reversal,reversal_5d,5,upper_tail_exploratory_lead,upper_tail,long_q10,long_only,False,63,ensemble,3,66.33333333333333,0.0,0.0,,long,12,0.75,0.10233564522760208,-0.12875002946132375,0.4231431625121742,0.564842274172146,0.10375772319623167,0.4809515167402625,1.0,0,True
long|short_term_reversal|reversal_5d|long_q1|unconstrained_beta|r1|ensemble,short_term_reversal|reversal_5d|long_q1|unconstrained_beta|r1|ensemble,short_term_reversal|reversal_5d,short_term_reversal,reversal_5d,5,upper_tail_exploratory_lead,upper_tail,long_q1,long_only,False,1,ensemble,1,4181.0,0.0,0.0,,long,12,0.25,-0.11335441088956666,-0.4326926634965461,0.07102207551352646,-0.9778056389618065,-0.1531292416911948,-0.8158128378361019,1.0,0,True
long|short_term_reversal|reversal_5d|long_q1|unconstrained_beta|r21|ensemble,short_term_reversal|reversal_5d|long_q1|unconstrained_beta|r21|ensemble,short_term_reversal|reversal_5d,short_term_reversal,reversal_5d,5,upper_tail_exploratory_lead,upper_tail,long_q1,long_only,False,21,ensemble,3,199.33333333333334,0.0,0.0,,long,12,0.75,0.11181022220222181,-0.13681037570959742,0.24559179994589253,0.7906666623291199,0.07842160970534384,0.39254625388641634,1.0,0,True
long|short_term_reversal|reversal_5d|long_q1|unconstrained_beta|r5|ensemble,short_term_reversal|reversal_5d|long_q1|unconstrained_beta|r5|ensemble,short_term_reversal|reversal_5d,short_term_reversal,reversal_5d,5,upper_tail_exploratory_lead,upper_tail,long_q1,long_only,False,5,ensemble,3,836.3333333333334,0.0,0.0,,long,12,0.5,0.012141692188461284,-0.25367916058823126,0.2579785967984669,0.1149740160374981,-0.01695127604019464,-0.08492105490531558,1.0,0,True
long|short_term_reversal|reversal_5d|long_q1|unconstrained_beta|r63|ensemble,short_term_reversal|reversal_5d|long_q1|unconstrained_beta|r63|ensemble,short_term_reversal|reversal_5d,short_term_reversal,reversal_5d,5,upper_tail_exploratory_lead,upper_tail,long_q1,long_only,False,63,ensemble,3,66.33333333333333,0.0,0.0,,long,12,0.75,0.1557324571358929,-0.13169467903619936,0.33672289948290235,0.69654783775763,0.11530463490686471,0.5568708006896548,1.0,0,True
long|short_term_reversal|reversal_5d|middle_minus_q1|beta_neutral|r1|ensemble,short_term_reversal|reversal_5d|middle_minus_q1|beta_neutral|r1|ensemble,short_term_reversal|reversal_5d,short_term_reversal,reversal_5d,5,upper_tail_exploratory_lead,upper_tail,middle_minus_q1,market_neutral,True,1,ensemble,1,4181.0,0.0,4181.0,1.0,long,12,0.08333333333333333,-0.296594784222858,-0.40505224648608185,0.12607396839951335,-4.018022040585692,-0.28262734643672693,-3.078054946509275,1.0,0,True
long|short_term_reversal|reversal_5d|middle_minus_q1|beta_neutral|r21|ensemble,short_term_reversal|reversal_5d|middle_minus_q1|beta_neutral|r21|ensemble,short_term_reversal|reversal_5d,short_term_reversal,reversal_5d,5,upper_tail_exploratory_lead,upper_tail,middle_minus_q1,market_neutral,True,21,ensemble,3,199.33333333333334,0.0,199.33333333333334,1.0,long,12,0.3333333333333333,-0.011430179400174267,-0.10149317244723233,0.09723214381430356,-0.17015541394277067,-0.009214347933804712,-0.0880671275539971,1.0,0,True
long|short_term_reversal|reversal_5d|middle_minus_q1|beta_neutral|r5|ensemble,short_term_reversal|reversal_5d|middle_minus_q1|beta_neutral|r5|ensemble,short_term_reversal|reversal_5d,short_term_reversal,reversal_5d,5,upper_tail_exploratory_lead,upper_tail,middle_minus_q1,market_neutral,True,5,ensemble,3,836.3333333333334,0.0,836.3333333333334,1.0,long,12,0.08333333333333333,-0.09528091014984513,-0.18681721724166955,0.1109849473524458,-1.307799903056858,-0.09878020292700918,-1.134437954017841,1.0,0,True
long|short_term_reversal|reversal_5d|middle_minus_q1|beta_neutral|r63|ensemble,short_term_reversal|reversal_5d|middle_minus_q1|beta_neutral|r63|ensemble,short_term_reversal|reversal_5d,short_term_reversal,reversal_5d,5,upper_tail_exploratory_lead,upper_tail,middle_minus_q1,market_neutral,True,63,ensemble,3,66.33333333333333,0.0,66.33333333333333,1.0,long,12,0.5,-0.003212597379824933,-0.13269337469426,0.06661803122001664,-0.018081612445790415,-0.011474828162772899,-0.11556465607903393,0.8333333333333334,2,True
long|short_term_reversal|reversal_5d|middle_minus_q1|unconstrained_beta|r1|ensemble,short_term_reversal|reversal_5d|middle_minus_q1|unconstrained_beta|r1|ensemble,short_term_reversal|reversal_5d,short_term_reversal,reversal_5d,5,upper_tail_exploratory_lead,upper_tail,middle_minus_q1,market_neutral,False,1,ensemble,1,4181.0,0.0,0.0,,long,12,0.08333333333333333,-0.3105948886542778,-0.42166497735057207,0.037683778545297475,-3.4539914890522754,-0.29225610166661287,-2.7802778467440863,0.9166666666666666,1,True
long|short_term_reversal|reversal_5d|middle_minus_q1|unconstrained_beta|r21|ensemble,short_term_reversal|reversal_5d|middle_minus_q1|unconstrained_beta|r21|ensemble,short_term_reversal|reversal_5d,short_term_reversal,reversal_5d,5,upper_tail_exploratory_lead,upper_tail,middle_minus_q1,market_neutral,False,21,ensemble,3,199.33333333333334,0.0,0.0,,long,12,0.4166666666666667,-0.008741568722548276,-0.15578278557758873,0.08227131179543967,-0.16411721880246297,-0.01658412796026698,-0.1545580757319791,0.8333333333333334,1,True
long|short_term_reversal|reversal_5d|middle_minus_q1|unconstrained_beta|r5|ensemble,short_term_reversal|reversal_5d|middle_minus_q1|unconstrained_beta|r5|ensemble,short_term_reversal|reversal_5d,short_term_reversal,reversal_5d,5,upper_tail_exploratory_lead,upper_tail,middle_minus_q1,market_neutral,False,5,ensemble,3,836.3333333333334,0.0,0.0,,long,12,0.08333333333333333,-0.08844828813621008,-0.20869009802219318,0.05183510827174698,-1.3756959130198454,-0.1105531077215044,-1.0918783874141673,1.0,0,True
long|short_term_reversal|reversal_5d|middle_minus_q1|unconstrained_beta|r63|ensemble,short_term_reversal|reversal_5d|middle_minus_q1|unconstrained_beta|r63|ensemble,short_term_reversal|reversal_5d,short_term_reversal,reversal_5d,5,upper_tail_exploratory_lead,upper_tail,middle_minus_q1,market_neutral,False,63,ensemble,3,66.33333333333333,0.0,0.0,,long,12,0.16666666666666666,-0.036011228466429346,-0.10234843974890306,0.10709350888502644,-0.4692884358952517,-0.023347144893178906,-0.22806311265226722,0.25,5,True
long|short_term_reversal|reversal_5d|q10_minus_middle|beta_neutral|r1|ensemble,short_term_reversal|reversal_5d|q10_minus_middle|beta_neutral|r1|ensemble,short_term_reversal|reversal_5d,short_term_reversal,reversal_5d,5,upper_tail_exploratory_lead,upper_tail,q10_minus_middle,market_neutral,True,1,ensemble,1,4181.0,0.0,4181.0,1.0,long,12,0.0,-0.3462676175580668,-0.5877354487841437,-0.27727305434900995,-3.839187699709907,-0.36477032273535537,-3.7057932205614734,0.6666666666666666,3,True
long|short_term_reversal|reversal_5d|q10_minus_middle|beta_neutral|r21|ensemble,short_term_reversal|reversal_5d|q10_minus_middle|beta_neutral|r21|ensemble,short_term_reversal|reversal_5d,short_term_reversal,reversal_5d,5,upper_tail_exploratory_lead,upper_tail,q10_minus_middle,market_neutral,True,21,ensemble,3,199.33333333333334,0.0,199.33333333333334,1.0,long,12,0.4166666666666667,-0.024200964741348918,-0.15355742956514018,0.07711445651671012,-0.3934133170100248,-0.03053984620411465,-0.3277162664084378,0.5833333333333334,2,True
long|short_term_reversal|reversal_5d|q10_minus_middle|beta_neutral|r5|ensemble,short_term_reversal|reversal_5d|q10_minus_middle|beta_neutral|r5|ensemble,short_term_reversal|reversal_5d,short_term_reversal,reversal_5d,5,upper_tail_exploratory_lead,upper_tail,q10_minus_middle,market_neutral,True,5,ensemble,3,836.3333333333334,0.0,836.3333333333334,1.0,long,12,0.08333333333333333,-0.1524524822625996,-0.26566893974704187,0.1085847886735829,-2.074718477370868,-0.14343423923828535,-1.5447277899284677,0.6666666666666666,3,True
long|short_term_reversal|reversal_5d|q10_minus_middle|beta_neutral|r63|ensemble,short_term_reversal|reversal_5d|q10_minus_middle|beta_neutral|r63|ensemble,short_term_reversal|reversal_5d,short_term_reversal,reversal_5d,5,upper_tail_exploratory_lead,upper_tail,q10_minus_middle,market_neutral,True,63,ensemble,3,66.33333333333333,0.0,66.33333333333333,1.0,long,12,0.5,0.00367009831209264,-0.1143848636851279,0.09556236869031354,0.11123541301162025,-0.0037060808688986757,-0.006682491165799711,0.5,1,True
long|short_term_reversal|reversal_5d|q10_minus_middle|unconstrained_beta|r1|ensemble,short_term_reversal|reversal_5d|q10_minus_middle|unconstrained_beta|r1|ensemble,short_term_reversal|reversal_5d,short_term_reversal,reversal_5d,5,upper_tail_exploratory_lead,upper_tail,q10_minus_middle,market_neutral,False,1,ensemble,1,4181.0,0.0,0.0,,long,12,0.0,-0.3047820466409256,-0.5448159627067521,-0.23819651128163455,-3.1132397716354476,-0.3264898642065214,-2.651310851478182,0.8333333333333334,2,True
long|short_term_reversal|reversal_5d|q10_minus_middle|unconstrained_beta|r21|ensemble,short_term_reversal|reversal_5d|q10_minus_middle|unconstrained_beta|r21|ensemble,short_term_reversal|reversal_5d,short_term_reversal,reversal_5d,5,upper_tail_exploratory_lead,upper_tail,q10_minus_middle,market_neutral,False,21,ensemble,3,199.33333333333334,0.0,0.0,,long,12,0.3333333333333333,-0.05716483039829767,-0.1564321065560853,0.06013014941532102,-0.9024131979786102,-0.05192968084282801,-0.48998458883670465,0.6666666666666666,2,True
long|short_term_reversal|reversal_5d|q10_minus_middle|unconstrained_beta|r5|ensemble,short_term_reversal|reversal_5d|q10_minus_middle|unconstrained_beta|r5|ensemble,short_term_reversal|reversal_5d,short_term_reversal,reversal_5d,5,upper_tail_exploratory_lead,upper_tail,q10_minus_middle,market_neutral,False,5,ensemble,3,836.3333333333334,0.0,0.0,,long,12,0.08333333333333333,-0.10386748141610258,-0.20409355424375164,0.06682952145664967,-1.2193124803886732,-0.09850387890088874,-0.8188618200737005,1.0,0,True
long|short_term_reversal|reversal_5d|q10_minus_middle|unconstrained_beta|r63|ensemble,short_term_reversal|reversal_5d|q10_minus_middle|unconstrained_beta|r63|ensemble,short_term_reversal|reversal_5d,short_term_reversal,reversal_5d,5,upper_tail_exploratory_lead,upper_tail,q10_minus_middle,market_neutral,False,63,ensemble,3,66.33333333333333,0.0,0.0,,long,12,0.3333333333333333,-0.02499322251147934,-0.1264181959096029,0.12236337119151419,-0.20419226535457524,-0.02659023013579842,-0.2632661901814,0.6666666666666666,2,True
long|short_term_reversal|reversal_5d|q10_minus_q1|beta_neutral|r1|ensemble,short_term_reversal|reversal_5d|q10_minus_q1|beta_neutral|r1|ensemble,short_term_reversal|reversal_5d,short_term_reversal,reversal_5d,5,upper_tail_exploratory_lead,upper_tail,q10_minus_q1,market_neutral,True,1,ensemble,1,4181.0,0.0,4181.0,1.0,long,12,0.08333333333333333,-0.33498462321672656,-0.3941232073774289,0.6822580359580412,-2.452094542706858,-0.2664108750699872,-1.5696557502366844,1.0,0,True
long|short_term_reversal|reversal_5d|q10_minus_q1|beta_neutral|r21|ensemble,short_term_reversal|reversal_5d|q10_minus_q1|beta_neutral|r21|ensemble,short_term_reversal|reversal_5d,short_term_reversal,reversal_5d,5,upper_tail_exploratory_lead,upper_tail,q10_minus_q1,market_neutral,True,21,ensemble,3,199.33333333333334,0.0,199.33333333333334,1.0,long,12,0.4166666666666667,-0.026994900623110663,-0.1328432284355101,0.18989320267140464,-0.30913745823129524,-0.02529345554306206,-0.15214593774045995,0.8333333333333334,3,True
long|short_term_reversal|reversal_5d|q10_minus_q1|beta_neutral|r5|ensemble,short_term_reversal|reversal_5d|q10_minus_q1|beta_neutral|r5|ensemble,short_term_reversal|reversal_5d,short_term_reversal,reversal_5d,5,upper_tail_exploratory_lead,upper_tail,q10_minus_q1,market_neutral,True,5,ensemble,3,836.3333333333334,0.0,836.3333333333334,1.0,long,12,0.08333333333333333,-0.15143479714384173,-0.28827164141065587,0.338010024305208,-1.3109334783292392,-0.12160697996264136,-0.782643983942986,0.9166666666666666,1,True
long|short_term_reversal|reversal_5d|q10_minus_q1|beta_neutral|r63|ensemble,short_term_reversal|reversal_5d|q10_minus_q1|beta_neutral|r63|ensemble,short_term_reversal|reversal_5d,short_term_reversal,reversal_5d,5,upper_tail_exploratory_lead,upper_tail,q10_minus_q1,market_neutral,True,63,ensemble,3,66.33333333333333,0.0,66.33333333333333,1.0,long,12,0.5833333333333334,0.005976596449215998,-0.1347991118620211,0.12445742888031552,0.11752298669278623,-0.009649507009656833,-0.032511901252624056,0.6666666666666666,2,True
long|short_term_reversal|reversal_5d|q10_minus_q1|unconstrained_beta|r1|ensemble,short_term_reversal|reversal_5d|q10_minus_q1|unconstrained_beta|r1|ensemble,short_term_reversal|reversal_5d,short_term_reversal,reversal_5d,5,upper_tail_exploratory_lead,upper_tail,q10_minus_q1,market_neutral,False,1,ensemble,1,4181.0,0.0,0.0,,long,12,0.08333333333333333,-0.3112618371584054,-0.38700711002638655,0.282926344166063,-2.1857441336811982,-0.26776896364278024,-1.2904988178405041,1.0,0,True
long|short_term_reversal|reversal_5d|q10_minus_q1|unconstrained_beta|r21|ensemble,short_term_reversal|reversal_5d|q10_minus_q1|unconstrained_beta|r21|ensemble,short_term_reversal|reversal_5d,short_term_reversal,reversal_5d,5,upper_tail_exploratory_lead,upper_tail,q10_minus_q1,market_neutral,False,21,ensemble,3,199.33333333333334,0.0,0.0,,long,12,0.5,-0.004054304195777292,-0.14137547731098932,0.142554914332379,0.06434031478649344,-0.017614613371517374,-0.05608709910970374,0.8333333333333334,3,True
long|short_term_reversal|reversal_5d|q10_minus_q1|unconstrained_beta|r5|ensemble,short_term_reversal|reversal_5d|q10_minus_q1|unconstrained_beta|r5|ensemble,short_term_reversal|reversal_5d,short_term_reversal,reversal_5d,5,upper_tail_exploratory_lead,upper_tail,q10_minus_q1,market_neutral,False,5,ensemble,3,836.3333333333334,0.0,0.0,,long,12,0.08333333333333333,-0.10517649447238092,-0.2190510561937663,0.19647482579979636,-0.7461835300131079,-0.10416803374449679,-0.5126542746735874,1.0,0,True
long|short_term_reversal|reversal_5d|q10_minus_q1|unconstrained_beta|r63|ensemble,short_term_reversal|reversal_5d|q10_minus_q1|unconstrained_beta|r63|ensemble,short_term_reversal|reversal_5d,short_term_reversal,reversal_5d,5,upper_tail_exploratory_lead,upper_tail,q10_minus_q1,market_neutral,False,63,ensemble,3,66.33333333333333,0.0,0.0,,long,12,0.16666666666666666,-0.059518102475718315,-0.12781632724855496,0.1708172990273953,-0.6177489969649581,-0.04424044481840195,-0.32028277913730696,0.6666666666666666,2,True
long|volatility_scaled_momentum|vsmom_12m_1m_vol60|continuous_high_minus_low|beta_neutral|r1|ensemble,volatility_scaled_momentum|vsmom_12m_1m_vol60|continuous_high_minus_low|beta_neutral|r1|ensemble,volatility_scaled_momentum|vsmom_12m_1m_vol60,volatility_scaled_momentum,vsmom_12m_1m_vol60,1,global_fdr_rank_signal,no_stable_structure,continuous_high_minus_low,market_neutral,True,1,ensemble,1,4181.0,0.0,4181.0,1.0,long,12,0.25,-0.04412962114802915,-0.22039452782744973,0.17721445172317596,-0.27712316459981917,-0.0674994518218589,-0.4459929499900585,0.6666666666666666,4,True
long|volatility_scaled_momentum|vsmom_12m_1m_vol60|continuous_high_minus_low|beta_neutral|r21|ensemble,volatility_scaled_momentum|vsmom_12m_1m_vol60|continuous_high_minus_low|beta_neutral|r21|ensemble,volatility_scaled_momentum|vsmom_12m_1m_vol60,volatility_scaled_momentum,vsmom_12m_1m_vol60,1,global_fdr_rank_signal,no_stable_structure,continuous_high_minus_low,market_neutral,True,21,ensemble,3,199.33333333333334,0.0,199.33333333333334,1.0,long,12,0.4166666666666667,-0.023726745143312578,-0.160978556898419,0.2062811065132406,-0.027652100066374908,-0.031927926254966876,-0.1741271799395347,0.6666666666666666,4,True
long|volatility_scaled_momentum|vsmom_12m_1m_vol60|continuous_high_minus_low|beta_neutral|r5|ensemble,volatility_scaled_momentum|vsmom_12m_1m_vol60|continuous_high_minus_low|beta_neutral|r5|ensemble,volatility_scaled_momentum|vsmom_12m_1m_vol60,volatility_scaled_momentum,vsmom_12m_1m_vol60,1,global_fdr_rank_signal,no_stable_structure,continuous_high_minus_low,market_neutral,True,5,ensemble,3,836.3333333333334,0.0,836.3333333333334,1.0,long,12,0.3333333333333333,-0.06732422260569282,-0.1972233546448411,0.19022947894671494,-0.43809908230413824,-0.0578771334664403,-0.3712388446605225,0.5833333333333334,3,True
long|volatility_scaled_momentum|vsmom_12m_1m_vol60|continuous_high_minus_low|beta_neutral|r63|ensemble,volatility_scaled_momentum|vsmom_12m_1m_vol60|continuous_high_minus_low|beta_neutral|r63|ensemble,volatility_scaled_momentum|vsmom_12m_1m_vol60,volatility_scaled_momentum,vsmom_12m_1m_vol60,1,global_fdr_rank_signal,no_stable_structure,continuous_high_minus_low,market_neutral,True,63,ensemble,3,66.33333333333333,0.0,66.33333333333333,1.0,long,12,0.5,-0.021487372703052676,-0.1605590387782554,0.17815550695984617,-0.14319938680244962,-0.012745458126818487,-0.03449469580597111,0.8333333333333334,4,True
long|volatility_scaled_momentum|vsmom_12m_1m_vol60|continuous_high_minus_low|unconstrained_beta|r1|ensemble,volatility_scaled_momentum|vsmom_12m_1m_vol60|continuous_high_minus_low|unconstrained_beta|r1|ensemble,volatility_scaled_momentum|vsmom_12m_1m_vol60,volatility_scaled_momentum,vsmom_12m_1m_vol60,1,global_fdr_rank_signal,no_stable_structure,continuous_high_minus_low,market_neutral,False,1,ensemble,1,4181.0,0.0,0.0,,long,12,0.4166666666666667,-0.05565908988941193,-0.24265654287671978,0.1763191997504041,-0.37865911623417603,-0.06665487937153769,-0.3670193424240117,0.6666666666666666,4,True
long|volatility_scaled_momentum|vsmom_12m_1m_vol60|continuous_high_minus_low|unconstrained_beta|r21|ensemble,volatility_scaled_momentum|vsmom_12m_1m_vol60|continuous_high_minus_low|unconstrained_beta|r21|ensemble,volatility_scaled_momentum|vsmom_12m_1m_vol60,volatility_scaled_momentum,vsmom_12m_1m_vol60,1,global_fdr_rank_signal,no_stable_structure,continuous_high_minus_low,market_neutral,False,21,ensemble,3,199.33333333333334,0.0,0.0,,long,12,0.5,-0.011573950790469523,-0.21908639598551205,0.20421220220324088,-0.18137943663642175,-0.024711945148198633,-0.08636493623782474,0.5,4,True
long|volatility_scaled_momentum|vsmom_12m_1m_vol60|continuous_high_minus_low|unconstrained_beta|r5|ensemble,volatility_scaled_momentum|vsmom_12m_1m_vol60|continuous_high_minus_low|unconstrained_beta|r5|ensemble,volatility_scaled_momentum|vsmom_12m_1m_vol60,volatility_scaled_momentum,vsmom_12m_1m_vol60,1,global_fdr_rank_signal,no_stable_structure,continuous_high_minus_low,market_neutral,False,5,ensemble,3,836.3333333333334,0.0,0.0,,long,12,0.4166666666666667,-0.02558593492534489,-0.2306763169603463,0.1888865121640113,-0.21575985662462327,-0.03743553940664868,-0.16938238457487462,0.5,4,True
long|volatility_scaled_momentum|vsmom_12m_1m_vol60|continuous_high_minus_low|unconstrained_beta|r63|ensemble,volatility_scaled_momentum|vsmom_12m_1m_vol60|continuous_high_minus_low|unconstrained_beta|r63|ensemble,volatility_scaled_momentum|vsmom_12m_1m_vol60,volatility_scaled_momentum,vsmom_12m_1m_vol60,1,global_fdr_rank_signal,no_stable_structure,continuous_high_minus_low,market_neutral,False,63,ensemble,3,66.33333333333333,0.0,0.0,,long,12,0.16666666666666666,-0.07320713147071795,-0.21248888126329102,0.040349781305526244,-0.56706263705227,-0.08069591984458435,-0.4988321898803558,0.3333333333333333,7,True
long|volatility_scaled_momentum|vsmom_12m_1m_vol60|long_q10|unconstrained_beta|r1|ensemble,volatility_scaled_momentum|vsmom_12m_1m_vol60|long_q10|unconstrained_beta|r1|ensemble,volatility_scaled_momentum|vsmom_12m_1m_vol60,volatility_scaled_momentum,vsmom_12m_1m_vol60,1,global_fdr_rank_signal,no_stable_structure,long_q10,long_only,False,1,ensemble,1,4181.0,0.0,0.0,,long,12,0.8333333333333334,0.09231978269129504,-0.06127940523162445,0.21496857174097173,0.47476532859741294,0.08217194172136622,0.4247637672920316,1.0,0,True
long|volatility_scaled_momentum|vsmom_12m_1m_vol60|long_q10|unconstrained_beta|r21|ensemble,volatility_scaled_momentum|vsmom_12m_1m_vol60|long_q10|unconstrained_beta|r21|ensemble,volatility_scaled_momentum|vsmom_12m_1m_vol60,volatility_scaled_momentum,vsmom_12m_1m_vol60,1,global_fdr_rank_signal,no_stable_structure,long_q10,long_only,False,21,ensemble,3,199.33333333333334,0.0,0.0,,long,12,0.8333333333333334,0.08623590317564467,-0.03618861593149891,0.22509525689285326,0.5014328352907789,0.1022043890762454,0.5247630449277956,1.0,0,True
long|volatility_scaled_momentum|vsmom_12m_1m_vol60|long_q10|unconstrained_beta|r5|ensemble,volatility_scaled_momentum|vsmom_12m_1m_vol60|long_q10|unconstrained_beta|r5|ensemble,volatility_scaled_momentum|vsmom_12m_1m_vol60,volatility_scaled_momentum,vsmom_12m_1m_vol60,1,global_fdr_rank_signal,no_stable_structure,long_q10,long_only,False,5,ensemble,3,836.3333333333334,0.0,0.0,,long,12,0.8333333333333334,0.10338156411861443,-0.05283800173975506,0.23272154547124346,0.5543634850493766,0.09507274377629571,0.4912929163937321,1.0,0,True
long|volatility_scaled_momentum|vsmom_12m_1m_vol60|long_q10|unconstrained_beta|r63|ensemble,volatility_scaled_momentum|vsmom_12m_1m_vol60|long_q10|unconstrained_beta|r63|ensemble,volatility_scaled_momentum|vsmom_12m_1m_vol60,volatility_scaled_momentum,vsmom_12m_1m_vol60,1,global_fdr_rank_signal,no_stable_structure,long_q10,long_only,False,63,ensemble,3,66.33333333333333,0.0,0.0,,long,12,0.8333333333333334,0.11819445898679493,-0.03691292433918836,0.2531554359252517,0.5939820523018018,0.11323642944030166,0.5791159368568574,1.0,0,True
long|volatility_scaled_momentum|vsmom_12m_1m_vol60|long_q1|unconstrained_beta|r1|ensemble,volatility_scaled_momentum|vsmom_12m_1m_vol60|long_q1|unconstrained_beta|r1|ensemble,volatility_scaled_momentum|vsmom_12m_1m_vol60,volatility_scaled_momentum,vsmom_12m_1m_vol60,1,global_fdr_rank_signal,no_stable_structure,long_q1,long_only,False,1,ensemble,1,4181.0,0.0,0.0,,long,12,0.6666666666666666,0.041609530660336125,-0.2769948584306472,0.3893461587053477,0.31691211584748014,0.038260927185842064,0.20355260684233945,1.0,0,True
long|volatility_scaled_momentum|vsmom_12m_1m_vol60|long_q1|unconstrained_beta|r21|ensemble,volatility_scaled_momentum|vsmom_12m_1m_vol60|long_q1|unconstrained_beta|r21|ensemble,volatility_scaled_momentum|vsmom_12m_1m_vol60,volatility_scaled_momentum,vsmom_12m_1m_vol60,1,global_fdr_rank_signal,no_stable_structure,long_q1,long_only,False,21,ensemble,3,199.33333333333334,0.0,0.0,,long,12,0.75,0.08071114086442555,-0.24928489206185966,0.3840852672823145,0.5125948055527219,0.07328077342575301,0.3329847205568578,1.0,0,True
long|volatility_scaled_momentum|vsmom_12m_1m_vol60|long_q1|unconstrained_beta|r5|ensemble,volatility_scaled_momentum|vsmom_12m_1m_vol60|long_q1|unconstrained_beta|r5|ensemble,volatility_scaled_momentum|vsmom_12m_1m_vol60,volatility_scaled_momentum,vsmom_12m_1m_vol60,1,global_fdr_rank_signal,no_stable_structure,long_q1,long_only,False,5,ensemble,3,836.3333333333334,0.0,0.0,,long,12,0.75,0.047353959874437024,-0.22947961230013914,0.4209159573500827,0.38433633702392117,0.05893067728089085,0.27936218708733845,1.0,0,True
long|volatility_scaled_momentum|vsmom_12m_1m_vol60|long_q1|unconstrained_beta|r63|ensemble,volatility_scaled_momentum|vsmom_12m_1m_vol60|long_q1|unconstrained_beta|r63|ensemble,volatility_scaled_momentum|vsmom_12m_1m_vol60,volatility_scaled_momentum,vsmom_12m_1m_vol60,1,global_fdr_rank_signal,no_stable_structure,long_q1,long_only,False,63,ensemble,3,66.33333333333333,0.0,0.0,,long,12,0.6666666666666666,0.09884617752414471,-0.24870894631877627,0.38782805931736375,0.5715762234875994,0.0650845838735703,0.30596432368281534,1.0,0,True
long|volatility_scaled_momentum|vsmom_12m_1m_vol60|middle_minus_q1|beta_neutral|r1|ensemble,volatility_scaled_momentum|vsmom_12m_1m_vol60|middle_minus_q1|beta_neutral|r1|ensemble,volatility_scaled_momentum|vsmom_12m_1m_vol60,volatility_scaled_momentum,vsmom_12m_1m_vol60,1,global_fdr_rank_signal,no_stable_structure,middle_minus_q1,market_neutral,True,1,ensemble,1,4181.0,0.0,4181.0,1.0,long,12,0.16666666666666666,-0.11394488914606293,-0.24248536637377427,0.15530301705257532,-0.9982321540123917,-0.10114673890798276,-0.8179595514653255,0.5833333333333334,3,True
long|volatility_scaled_momentum|vsmom_12m_1m_vol60|middle_minus_q1|beta_neutral|r21|ensemble,volatility_scaled_momentum|vsmom_12m_1m_vol60|middle_minus_q1|beta_neutral|r21|ensemble,volatility_scaled_momentum|vsmom_12m_1m_vol60,volatility_scaled_momentum,vsmom_12m_1m_vol60,1,global_fdr_rank_signal,no_stable_structure,middle_minus_q1,market_neutral,True,21,ensemble,3,199.33333333333334,0.0,199.33333333333334,1.0,long,12,0.4166666666666667,-0.03839396152285601,-0.19474592865626084,0.28327796349951373,-0.20688701001287513,-0.022209473638424293,-0.127050622433883,0.6666666666666666,4,True
long|volatility_scaled_momentum|vsmom_12m_1m_vol60|middle_minus_q1|beta_neutral|r5|ensemble,volatility_scaled_momentum|vsmom_12m_1m_vol60|middle_minus_q1|beta_neutral|r5|ensemble,volatility_scaled_momentum|vsmom_12m_1m_vol60,volatility_scaled_momentum,vsmom_12m_1m_vol60,1,global_fdr_rank_signal,no_stable_structure,middle_minus_q1,market_neutral,True,5,ensemble,3,836.3333333333334,0.0,836.3333333333334,1.0,long,12,0.16666666666666666,-0.07386393929657165,-0.2057517932730748,0.19836676054544466,-0.5689105308782396,-0.05897189772058098,-0.4402224461409355,0.5833333333333334,3,True
long|volatility_scaled_momentum|vsmom_12m_1m_vol60|middle_minus_q1|beta_neutral|r63|ensemble,volatility_scaled_momentum|vsmom_12m_1m_vol60|middle_minus_q1|beta_neutral|r63|ensemble,volatility_scaled_momentum|vsmom_12m_1m_vol60,volatility_scaled_momentum,vsmom_12m_1m_vol60,1,global_fdr_rank_signal,no_stable_structure,middle_minus_q1,market_neutral,True,63,ensemble,3,66.33333333333333,0.0,66.33333333333333,1.0,long,12,0.5,-0.004643659014897883,-0.18565890432134557,0.29009541352293544,-0.01737096141434856,-0.00730337217141086,-0.007588586199713536,0.9166666666666666,2,True
long|volatility_scaled_momentum|vsmom_12m_1m_vol60|middle_minus_q1|unconstrained_beta|r1|ensemble,volatility_scaled_momentum|vsmom_12m_1m_vol60|middle_minus_q1|unconstrained_beta|r1|ensemble,volatility_scaled_momentum|vsmom_12m_1m_vol60,volatility_scaled_momentum,vsmom_12m_1m_vol60,1,global_fdr_rank_signal,no_stable_structure,middle_minus_q1,market_neutral,False,1,ensemble,1,4181.0,0.0,0.0,,long,12,0.16666666666666666,-0.07021361641465762,-0.27606119257514206,0.17578237407635133,-0.5461825481497142,-0.08416168822524306,-0.5334439718206866,0.6666666666666666,4,True
long|volatility_scaled_momentum|vsmom_12m_1m_vol60|middle_minus_q1|unconstrained_beta|r21|ensemble,volatility_scaled_momentum|vsmom_12m_1m_vol60|middle_minus_q1|unconstrained_beta|r21|ensemble,volatility_scaled_momentum|vsmom_12m_1m_vol60,volatility_scaled_momentum,vsmom_12m_1m_vol60,1,global_fdr_rank_signal,no_stable_structure,middle_minus_q1,market_neutral,False,21,ensemble,3,199.33333333333334,0.0,0.0,,long,12,0.5,0.003608942617200017,-0.2355475493738387,0.31241092167007634,0.07517115392953597,0.0008209254061544158,0.07743355739089822,0.5833333333333334,2,True
long|volatility_scaled_momentum|vsmom_12m_1m_vol60|middle_minus_q1|unconstrained_beta|r5|ensemble,volatility_scaled_momentum|vsmom_12m_1m_vol60|middle_minus_q1|unconstrained_beta|r5|ensemble,volatility_scaled_momentum|vsmom_12m_1m_vol60,volatility_scaled_momentum,vsmom_12m_1m_vol60,1,global_fdr_rank_signal,no_stable_structure,middle_minus_q1,market_neutral,False,5,ensemble,3,836.3333333333334,0.0,0.0,,long,12,0.3333333333333333,-0.029392312458952685,-0.23985636961540702,0.2158620622545826,-0.19450975367807125,-0.04084002888500615,-0.21585160437921125,0.6666666666666666,4,True
long|volatility_scaled_momentum|vsmom_12m_1m_vol60|middle_minus_q1|unconstrained_beta|r63|ensemble,volatility_scaled_momentum|vsmom_12m_1m_vol60|middle_minus_q1|unconstrained_beta|r63|ensemble,volatility_scaled_momentum|vsmom_12m_1m_vol60,volatility_scaled_momentum,vsmom_12m_1m_vol60,1,global_fdr_rank_signal,no_stable_structure,middle_minus_q1,market_neutral,False,63,ensemble,3,66.33333333333333,0.0,0.0,,long,12,0.5,0.00355850662694035,-0.21282138832345654,0.3216977672827952,0.06539536739468127,-0.00635428534650162,0.019212837089273634,0.9166666666666666,2,True
long|volatility_scaled_momentum|vsmom_12m_1m_vol60|q10_minus_middle|beta_neutral|r1|ensemble,volatility_scaled_momentum|vsmom_12m_1m_vol60|q10_minus_middle|beta_neutral|r1|ensemble,volatility_scaled_momentum|vsmom_12m_1m_vol60,volatility_scaled_momentum,vsmom_12m_1m_vol60,1,global_fdr_rank_signal,no_stable_structure,q10_minus_middle,market_neutral,True,1,ensemble,1,4181.0,0.0,4181.0,1.0,long,12,0.16666666666666666,-0.07914862075350487,-0.2258756365899065,0.05594178993197496,-0.6082073957076969,-0.07995756311412128,-0.6538064020800901,0.9166666666666666,2,True
long|volatility_scaled_momentum|vsmom_12m_1m_vol60|q10_minus_middle|beta_neutral|r21|ensemble,volatility_scaled_momentum|vsmom_12m_1m_vol60|q10_minus_middle|beta_neutral|r21|ensemble,volatility_scaled_momentum|vsmom_12m_1m_vol60,volatility_scaled_momentum,vsmom_12m_1m_vol60,1,global_fdr_rank_signal,no_stable_structure,q10_minus_middle,market_neutral,True,21,ensemble,3,199.33333333333334,0.0,199.33333333333334,1.0,long,12,0.3333333333333333,-0.029375049795030195,-0.1374827028420076,0.06121325643194342,-0.35636464674356344,-0.03837283123168522,-0.2853474980440533,0.5833333333333334,5,True
long|volatility_scaled_momentum|vsmom_12m_1m_vol60|q10_minus_middle|beta_neutral|r5|ensemble,volatility_scaled_momentum|vsmom_12m_1m_vol60|q10_minus_middle|beta_neutral|r5|ensemble,volatility_scaled_momentum|vsmom_12m_1m_vol60,volatility_scaled_momentum,vsmom_12m_1m_vol60,1,global_fdr_rank_signal,no_stable_structure,q10_minus_middle,market_neutral,True,5,ensemble,3,836.3333333333334,0.0,836.3333333333334,1.0,long,12,0.25,-0.051365917303689446,-0.17208308851242915,0.07107064279542352,-0.616478836429622,-0.05632322910124876,-0.4410460210834041,0.8333333333333334,4,True
long|volatility_scaled_momentum|vsmom_12m_1m_vol60|q10_minus_middle|beta_neutral|r63|ensemble,volatility_scaled_momentum|vsmom_12m_1m_vol60|q10_minus_middle|beta_neutral|r63|ensemble,volatility_scaled_momentum|vsmom_12m_1m_vol60,volatility_scaled_momentum,vsmom_12m_1m_vol60,1,global_fdr_rank_signal,no_stable_structure,q10_minus_middle,market_neutral,True,63,ensemble,3,66.33333333333333,0.0,66.33333333333333,1.0,long,12,0.3333333333333333,-0.014021939463648825,-0.10170080477905385,0.14045493969592315,-0.09207049576199164,-0.016384519527193664,-0.0994881317943535,0.5833333333333334,3,True
long|volatility_scaled_momentum|vsmom_12m_1m_vol60|q10_minus_middle|unconstrained_beta|r1|ensemble,volatility_scaled_momentum|vsmom_12m_1m_vol60|q10_minus_middle|unconstrained_beta|r1|ensemble,volatility_scaled_momentum|vsmom_12m_1m_vol60,volatility_scaled_momentum,vsmom_12m_1m_vol60,1,global_fdr_rank_signal,no_stable_structure,q10_minus_middle,market_neutral,False,1,ensemble,1,4181.0,0.0,0.0,,long,12,0.16666666666666666,-0.07329214629944175,-0.18953537947988064,0.053061436480469126,-0.7347213905865781,-0.07682947313986599,-0.6376341898453024,0.5833333333333334,2,True
long|volatility_scaled_momentum|vsmom_12m_1m_vol60|q10_minus_middle|unconstrained_beta|r21|ensemble,volatility_scaled_momentum|vsmom_12m_1m_vol60|q10_minus_middle|unconstrained_beta|r21|ensemble,volatility_scaled_momentum|vsmom_12m_1m_vol60,volatility_scaled_momentum,vsmom_12m_1m_vol60,1,global_fdr_rank_signal,no_stable_structure,q10_minus_middle,market_neutral,False,21,ensemble,3,199.33333333333334,0.0,0.0,,long,12,0.4166666666666667,-0.036715588808297006,-0.09935712526711526,0.07139386534196968,-0.4792322100428964,-0.025015509572426042,-0.17029573500340386,0.25,3,True
long|volatility_scaled_momentum|vsmom_12m_1m_vol60|q10_minus_middle|unconstrained_beta|r5|ensemble,volatility_scaled_momentum|vsmom_12m_1m_vol60|q10_minus_middle|unconstrained_beta|r5|ensemble,volatility_scaled_momentum|vsmom_12m_1m_vol60,volatility_scaled_momentum,vsmom_12m_1m_vol60,1,global_fdr_rank_signal,no_stable_structure,q10_minus_middle,market_neutral,False,5,ensemble,3,836.3333333333334,0.0,0.0,,long,12,0.25,-0.04826855411925812,-0.13437384688429932,0.06760715807784123,-0.6245445849154321,-0.04915737003720477,-0.3846705274952252,0.4166666666666667,4,True
long|volatility_scaled_momentum|vsmom_12m_1m_vol60|q10_minus_middle|unconstrained_beta|r63|ensemble,volatility_scaled_momentum|vsmom_12m_1m_vol60|q10_minus_middle|unconstrained_beta|r63|ensemble,volatility_scaled_momentum|vsmom_12m_1m_vol60,volatility_scaled_momentum,vsmom_12m_1m_vol60,1,global_fdr_rank_signal,no_stable_structure,q10_minus_middle,market_neutral,False,63,ensemble,3,66.33333333333333,0.0,0.0,,long,12,0.3333333333333333,-0.0332751627420001,-0.11771538841095663,0.07904938631969904,-0.3488901768647531,-0.026977205845917562,-0.20729066579696917,0.25,3,True
long|volatility_scaled_momentum|vsmom_12m_1m_vol60|q10_minus_q1|beta_neutral|r1|ensemble,volatility_scaled_momentum|vsmom_12m_1m_vol60|q10_minus_q1|beta_neutral|r1|ensemble,volatility_scaled_momentum|vsmom_12m_1m_vol60,volatility_scaled_momentum,vsmom_12m_1m_vol60,1,global_fdr_rank_signal,no_stable_structure,q10_minus_q1,market_neutral,True,1,ensemble,1,4181.0,0.0,4181.0,1.0,long,12,0.25,-0.09780705512387233,-0.34040786579987314,0.3073568079401503,-0.4086082392263015,-0.11066517721259705,-0.4688694282575695,0.8333333333333334,4,True
long|volatility_scaled_momentum|vsmom_12m_1m_vol60|q10_minus_q1|beta_neutral|r21|ensemble,volatility_scaled_momentum|vsmom_12m_1m_vol60|q10_minus_q1|beta_neutral|r21|ensemble,volatility_scaled_momentum|vsmom_12m_1m_vol60,volatility_scaled_momentum,vsmom_12m_1m_vol60,1,global_fdr_rank_signal,no_stable_structure,q10_minus_q1,market_neutral,True,21,ensemble,3,199.33333333333334,0.0,199.33333333333334,1.0,long,12,0.5,-0.01692427697868415,-0.2299822444155496,0.37404112895821173,0.1007027190153741,-0.041484103973636555,-0.10929333324284063,0.6666666666666666,4,True
long|volatility_scaled_momentum|vsmom_12m_1m_vol60|q10_minus_q1|beta_neutral|r5|ensemble,volatility_scaled_momentum|vsmom_12m_1m_vol60|q10_minus_q1|beta_neutral|r5|ensemble,volatility_scaled_momentum|vsmom_12m_1m_vol60,volatility_scaled_momentum,vsmom_12m_1m_vol60,1,global_fdr_rank_signal,no_stable_structure,q10_minus_q1,market_neutral,True,5,ensemble,3,836.3333333333334,0.0,836.3333333333334,1.0,long,12,0.4166666666666667,-0.04044158355226718,-0.3012454658112629,0.32662826879999174,0.009333334296774472,-0.06662191829021502,-0.23483413340607484,0.75,2,True
long|volatility_scaled_momentum|vsmom_12m_1m_vol60|q10_minus_q1|beta_neutral|r63|ensemble,volatility_scaled_momentum|vsmom_12m_1m_vol60|q10_minus_q1|beta_neutral|r63|ensemble,volatility_scaled_momentum|vsmom_12m_1m_vol60,volatility_scaled_momentum,vsmom_12m_1m_vol60,1,global_fdr_rank_signal,no_stable_structure,q10_minus_q1,market_neutral,True,63,ensemble,3,66.33333333333333,0.0,66.33333333333333,1.0,long,12,0.5,0.008035418918733661,-0.21942406771634704,0.36185738724662087,0.13339599062011998,0.005144017624302055,0.12254333881317235,0.9166666666666666,2,True
long|volatility_scaled_momentum|vsmom_12m_1m_vol60|q10_minus_q1|unconstrained_beta|r1|ensemble,volatility_scaled_momentum|vsmom_12m_1m_vol60|q10_minus_q1|unconstrained_beta|r1|ensemble,volatility_scaled_momentum|vsmom_12m_1m_vol60,volatility_scaled_momentum,vsmom_12m_1m_vol60,1,global_fdr_rank_signal,no_stable_structure,q10_minus_q1,market_neutral,False,1,ensemble,1,4181.0,0.0,0.0,,long,12,0.16666666666666666,-0.09647692504511568,-0.34615497317123956,0.31610778915161974,-0.3289928606180683,-0.1198516627261571,-0.42766736070040856,0.6666666666666666,4,True
long|volatility_scaled_momentum|vsmom_12m_1m_vol60|q10_minus_q1|unconstrained_beta|r21|ensemble,volatility_scaled_momentum|vsmom_12m_1m_vol60|q10_minus_q1|unconstrained_beta|r21|ensemble,volatility_scaled_momentum|vsmom_12m_1m_vol60,volatility_scaled_momentum,vsmom_12m_1m_vol60,1,global_fdr_rank_signal,no_stable_structure,q10_minus_q1,market_neutral,False,21,ensemble,3,199.33333333333334,0.0,0.0,,long,12,0.5833333333333334,0.030334986617118864,-0.29971893906194513,0.38571959146735435,0.25102366441876445,-0.0140675877694173,0.055809671617580846,0.5833333333333334,2,True
long|volatility_scaled_momentum|vsmom_12m_1m_vol60|q10_minus_q1|unconstrained_beta|r5|ensemble,volatility_scaled_momentum|vsmom_12m_1m_vol60|q10_minus_q1|unconstrained_beta|r5|ensemble,volatility_scaled_momentum|vsmom_12m_1m_vol60,volatility_scaled_momentum,vsmom_12m_1m_vol60,1,global_fdr_rank_signal,no_stable_structure,q10_minus_q1,market_neutral,False,5,ensemble,3,836.3333333333334,0.0,0.0,,long,12,0.25,-0.08653006679783143,-0.32019248924458654,0.3233931462732009,-0.4920170344990893,-0.09817883540167305,-0.32566232495916564,0.5833333333333334,6,True
long|volatility_scaled_momentum|vsmom_12m_1m_vol60|q10_minus_q1|unconstrained_beta|r63|ensemble,volatility_scaled_momentum|vsmom_12m_1m_vol60|q10_minus_q1|unconstrained_beta|r63|ensemble,volatility_scaled_momentum|vsmom_12m_1m_vol60,volatility_scaled_momentum,vsmom_12m_1m_vol60,1,global_fdr_rank_signal,no_stable_structure,q10_minus_q1,market_neutral,False,63,ensemble,3,66.33333333333333,0.0,0.0,,long,12,0.3333333333333333,-0.06016519335883935,-0.26952871798780964,0.3763669224815771,-0.22441282347751546,-0.048068154463722146,-0.11369953700483115,0.75,5,True
short|liquidity_change|liq_20d_252d|continuous_high_minus_low|beta_neutral|r1|ensemble,liquidity_change|liq_20d_252d|continuous_high_minus_low|beta_neutral|r1|ensemble,liquidity_change|liq_20d_252d,liquidity_change,liq_20d_252d,252,upper_tail_exploratory_lead,upper_tail,continuous_high_minus_low,market_neutral,True,1,ensemble,1,4181.0,0.0,4181.0,1.0,short,30,0.1,-0.07892539429508333,-0.33637507652406595,0.10553955051563735,-1.2381550521743405,-0.08681889704006707,-1.3373766951205646,0.5666666666666667,10,True
short|liquidity_change|liq_20d_252d|continuous_high_minus_low|beta_neutral|r21|ensemble,liquidity_change|liq_20d_252d|continuous_high_minus_low|beta_neutral|r21|ensemble,liquidity_change|liq_20d_252d,liquidity_change,liq_20d_252d,252,upper_tail_exploratory_lead,upper_tail,continuous_high_minus_low,market_neutral,True,21,ensemble,3,199.33333333333334,0.0,199.33333333333334,1.0,short,30,0.3333333333333333,-0.04204785655836091,-0.19393657028683353,0.24969206686691203,-0.6678945423396211,-0.028951008215948093,-0.43476126738599774,0.6333333333333333,9,True
short|liquidity_change|liq_20d_252d|continuous_high_minus_low|beta_neutral|r5|ensemble,liquidity_change|liq_20d_252d|continuous_high_minus_low|beta_neutral|r5|ensemble,liquidity_change|liq_20d_252d,liquidity_change,liq_20d_252d,252,upper_tail_exploratory_lead,upper_tail,continuous_high_minus_low,market_neutral,True,5,ensemble,3,836.3333333333334,0.0,836.3333333333334,1.0,short,30,0.1,-0.0637053736783238,-0.2977480981517072,0.10570469308028851,-1.058914499159908,-0.07446552093528702,-1.1439669997313082,0.6,10,True
short|liquidity_change|liq_20d_252d|continuous_high_minus_low|beta_neutral|r63|ensemble,liquidity_change|liq_20d_252d|continuous_high_minus_low|beta_neutral|r63|ensemble,liquidity_change|liq_20d_252d,liquidity_change,liq_20d_252d,252,upper_tail_exploratory_lead,upper_tail,continuous_high_minus_low,market_neutral,True,63,ensemble,3,66.33333333333333,0.0,66.33333333333333,1.0,short,30,0.3333333333333333,-0.013258723488151158,-0.09473078810508884,0.2653225767163141,-0.23600216383811834,-0.006289676840564695,-0.08303565838842403,0.6,9,True
short|liquidity_change|liq_20d_252d|continuous_high_minus_low|unconstrained_beta|r1|ensemble,liquidity_change|liq_20d_252d|continuous_high_minus_low|unconstrained_beta|r1|ensemble,liquidity_change|liq_20d_252d,liquidity_change,liq_20d_252d,252,upper_tail_exploratory_lead,upper_tail,continuous_high_minus_low,market_neutral,False,1,ensemble,1,4181.0,0.0,0.0,,short,30,0.23333333333333334,-0.06952144033975782,-0.32371003840996326,0.11868022899222419,-1.3560907977471954,-0.07870147496338642,-1.0794774414326604,0.3,8,True
short|liquidity_change|liq_20d_252d|continuous_high_minus_low|unconstrained_beta|r21|ensemble,liquidity_change|liq_20d_252d|continuous_high_minus_low|unconstrained_beta|r21|ensemble,liquidity_change|liq_20d_252d,liquidity_change,liq_20d_252d,252,upper_tail_exploratory_lead,upper_tail,continuous_high_minus_low,market_neutral,False,21,ensemble,3,199.33333333333334,0.0,0.0,,short,30,0.3333333333333333,-0.02041283958806811,-0.18535437043328185,0.2340301490714345,-0.3255596030507954,-0.027511122056289472,-0.3701525839341256,0.3333333333333333,7,True
short|liquidity_change|liq_20d_252d|continuous_high_minus_low|unconstrained_beta|r5|ensemble,liquidity_change|liq_20d_252d|continuous_high_minus_low|unconstrained_beta|r5|ensemble,liquidity_change|liq_20d_252d,liquidity_change,liq_20d_252d,252,upper_tail_exploratory_lead,upper_tail,continuous_high_minus_low,market_neutral,False,5,ensemble,3,836.3333333333334,0.0,0.0,,short,30,0.16666666666666666,-0.061705006955409425,-0.284656625492156,0.09946732641726541,-1.101311200350899,-0.07252308945505448,-1.0035883291214893,0.36666666666666664,10,True
short|liquidity_change|liq_20d_252d|continuous_high_minus_low|unconstrained_beta|r63|ensemble,liquidity_change|liq_20d_252d|continuous_high_minus_low|unconstrained_beta|r63|ensemble,liquidity_change|liq_20d_252d,liquidity_change,liq_20d_252d,252,upper_tail_exploratory_lead,upper_tail,continuous_high_minus_low,market_neutral,False,63,ensemble,3,66.33333333333333,0.0,0.0,,short,30,0.36666666666666664,-0.013340797184852482,-0.10324071717625471,0.24787048087907415,-0.31931886221609956,-0.01580312206132639,-0.2233788200461535,0.4,13,True
short|liquidity_change|liq_20d_252d|long_q10|unconstrained_beta|r1|ensemble,liquidity_change|liq_20d_252d|long_q10|unconstrained_beta|r1|ensemble,liquidity_change|liq_20d_252d,liquidity_change,liq_20d_252d,252,upper_tail_exploratory_lead,upper_tail,long_q10,long_only,False,1,ensemble,1,4181.0,0.0,0.0,,short,30,0.8,0.09945036541840191,-0.30894050974194276,0.9525187437244287,0.6484967659626616,0.10877926671094218,0.5506946398434761,1.0,0,True
short|liquidity_change|liq_20d_252d|long_q10|unconstrained_beta|r21|ensemble,liquidity_change|liq_20d_252d|long_q10|unconstrained_beta|r21|ensemble,liquidity_change|liq_20d_252d,liquidity_change,liq_20d_252d,252,upper_tail_exploratory_lead,upper_tail,long_q10,long_only,False,21,ensemble,3,199.33333333333334,0.0,0.0,,short,30,0.8333333333333334,0.1296463939506659,-0.284444694016573,0.8440152932941425,1.0042639582123367,0.13275507123563268,0.6652633924904806,1.0,0,True
short|liquidity_change|liq_20d_252d|long_q10|unconstrained_beta|r5|ensemble,liquidity_change|liq_20d_252d|long_q10|unconstrained_beta|r5|ensemble,liquidity_change|liq_20d_252d,liquidity_change,liq_20d_252d,252,upper_tail_exploratory_lead,upper_tail,long_q10,long_only,False,5,ensemble,3,836.3333333333334,0.0,0.0,,short,30,0.8,0.11398968876012106,-0.30994445940398596,0.9404004154140755,0.7151679696638464,0.1203801337790098,0.6069150882824077,1.0,0,True
short|liquidity_change|liq_20d_252d|long_q10|unconstrained_beta|r63|ensemble,liquidity_change|liq_20d_252d|long_q10|unconstrained_beta|r63|ensemble,liquidity_change|liq_20d_252d,liquidity_change,liq_20d_252d,252,upper_tail_exploratory_lead,upper_tail,long_q10,long_only,False,63,ensemble,3,66.33333333333333,0.0,0.0,,short,30,0.8666666666666667,0.15886978527568396,-0.3100887586876021,0.8309754213179246,0.9753923158856419,0.14808485435062502,0.7425167000060643,1.0,0,True
short|liquidity_change|liq_20d_252d|long_q1|unconstrained_beta|r1|ensemble,liquidity_change|liq_20d_252d|long_q1|unconstrained_beta|r1|ensemble,liquidity_change|liq_20d_252d,liquidity_change,liq_20d_252d,252,upper_tail_exploratory_lead,upper_tail,long_q1,long_only,False,1,ensemble,1,4181.0,0.0,0.0,,short,30,0.7666666666666667,0.13691586022358138,-0.44952709733118246,0.8847234379568838,0.7617910096039482,0.09009612319025995,0.426384323979507,1.0,0,True
short|liquidity_change|liq_20d_252d|long_q1|unconstrained_beta|r21|ensemble,liquidity_change|liq_20d_252d|long_q1|unconstrained_beta|r21|ensemble,liquidity_change|liq_20d_252d,liquidity_change,liq_20d_252d,252,upper_tail_exploratory_lead,upper_tail,long_q1,long_only,False,21,ensemble,3,199.33333333333334,0.0,0.0,,short,30,0.8333333333333334,0.1275591899258086,-0.47874228370407623,0.7964512335283995,0.7759359511062349,0.09832753496427804,0.4692331738032755,1.0,0,True
short|liquidity_change|liq_20d_252d|long_q1|unconstrained_beta|r5|ensemble,liquidity_change|liq_20d_252d|long_q1|unconstrained_beta|r5|ensemble,liquidity_change|liq_20d_252d,liquidity_change,liq_20d_252d,252,upper_tail_exploratory_lead,upper_tail,long_q1,long_only,False,5,ensemble,3,836.3333333333334,0.0,0.0,,short,30,0.8333333333333334,0.14719747654516768,-0.4268882136862133,0.8591950919952605,0.8362063047035997,0.1059800533942934,0.49442402891198967,1.0,0,True
short|liquidity_change|liq_20d_252d|long_q1|unconstrained_beta|r63|ensemble,liquidity_change|liq_20d_252d|long_q1|unconstrained_beta|r63|ensemble,liquidity_change|liq_20d_252d,liquidity_change,liq_20d_252d,252,upper_tail_exploratory_lead,upper_tail,long_q1,long_only,False,63,ensemble,3,66.33333333333333,0.0,0.0,,short,30,0.8333333333333334,0.13617881519733865,-0.4360768308420886,0.7190728499367793,0.7125628567872451,0.11657643395400408,0.5591202743429672,1.0,0,True
short|liquidity_change|liq_20d_252d|middle_minus_q1|beta_neutral|r1|ensemble,liquidity_change|liq_20d_252d|middle_minus_q1|beta_neutral|r1|ensemble,liquidity_change|liq_20d_252d,liquidity_change,liq_20d_252d,252,upper_tail_exploratory_lead,upper_tail,middle_minus_q1,market_neutral,True,1,ensemble,1,4181.0,0.0,4181.0,1.0,short,30,0.06666666666666667,-0.0925053544796487,-0.26017735801286646,0.09437696847516563,-1.55198698172285,-0.10374611140339896,-1.5183235335403837,0.4666666666666667,9,True
short|liquidity_change|liq_20d_252d|middle_minus_q1|beta_neutral|r21|ensemble,liquidity_change|liq_20d_252d|middle_minus_q1|beta_neutral|r21|ensemble,liquidity_change|liq_20d_252d,liquidity_change,liq_20d_252d,252,upper_tail_exploratory_lead,upper_tail,middle_minus_q1,market_neutral,True,21,ensemble,3,199.33333333333334,0.0,199.33333333333334,1.0,short,30,0.4,-0.03417345569889224,-0.21249448976454344,0.2091618992926214,-0.7073450196275857,-0.026679040264051657,-0.37403087097075416,0.6333333333333333,8,True
short|liquidity_change|liq_20d_252d|middle_minus_q1|beta_neutral|r5|ensemble,liquidity_change|liq_20d_252d|middle_minus_q1|beta_neutral|r5|ensemble,liquidity_change|liq_20d_252d,liquidity_change,liq_20d_252d,252,upper_tail_exploratory_lead,upper_tail,middle_minus_q1,market_neutral,True,5,ensemble,3,836.3333333333334,0.0,836.3333333333334,1.0,short,30,0.23333333333333334,-0.07705580529752609,-0.21921031665783453,0.12172104004085371,-1.280073046934388,-0.06690162388028997,-0.9442063434527938,0.5333333333333333,7,True
short|liquidity_change|liq_20d_252d|middle_minus_q1|beta_neutral|r63|ensemble,liquidity_change|liq_20d_252d|middle_minus_q1|beta_neutral|r63|ensemble,liquidity_change|liq_20d_252d,liquidity_change,liq_20d_252d,252,upper_tail_exploratory_lead,upper_tail,middle_minus_q1,market_neutral,True,63,ensemble,3,66.33333333333333,0.0,66.33333333333333,1.0,short,30,0.4,-0.031887681114991184,-0.127682103456769,0.1197653017960052,-0.7246300475079274,-0.021660040689354232,-0.3239653408584531,0.6333333333333333,9,True
short|liquidity_change|liq_20d_252d|middle_minus_q1|unconstrained_beta|r1|ensemble,liquidity_change|liq_20d_252d|middle_minus_q1|unconstrained_beta|r1|ensemble,liquidity_change|liq_20d_252d,liquidity_change,liq_20d_252d,252,upper_tail_exploratory_lead,upper_tail,middle_minus_q1,market_neutral,False,1,ensemble,1,4181.0,0.0,0.0,,short,30,0.13333333333333333,-0.09490182521940832,-0.2355737579039613,0.16083529144914133,-1.4818803708555648,-0.106669352803484,-1.3201565752245334,0.36666666666666664,12,True
short|liquidity_change|liq_20d_252d|middle_minus_q1|unconstrained_beta|r21|ensemble,liquidity_change|liq_20d_252d|middle_minus_q1|unconstrained_beta|r21|ensemble,liquidity_change|liq_20d_252d,liquidity_change,liq_20d_252d,252,upper_tail_exploratory_lead,upper_tail,middle_minus_q1,market_neutral,False,21,ensemble,3,199.33333333333334,0.0,0.0,,short,30,0.43333333333333335,-0.027393053832083902,-0.2882762743153545,0.10807854549037699,-0.36866256873667613,-0.04852800789084055,-0.6100558908098268,0.4666666666666667,8,True
short|liquidity_change|liq_20d_252d|middle_minus_q1|unconstrained_beta|r5|ensemble,liquidity_change|liq_20d_252d|middle_minus_q1|unconstrained_beta|r5|ensemble,liquidity_change|liq_20d_252d,liquidity_change,liq_20d_252d,252,upper_tail_exploratory_lead,upper_tail,middle_minus_q1,market_neutral,False,5,ensemble,3,836.3333333333334,0.0,0.0,,short,30,0.16666666666666666,-0.07432926267248291,-0.2152927498969458,0.16188807733913357,-0.8376257148920239,-0.06958992912560291,-0.8385221345972972,0.3333333333333333,10,True
short|liquidity_change|liq_20d_252d|middle_minus_q1|unconstrained_beta|r63|ensemble,liquidity_change|liq_20d_252d|middle_minus_q1|unconstrained_beta|r63|ensemble,liquidity_change|liq_20d_252d,liquidity_change,liq_20d_252d,252,upper_tail_exploratory_lead,upper_tail,middle_minus_q1,market_neutral,False,63,ensemble,3,66.33333333333333,0.0,0.0,,short,30,0.36666666666666664,-0.026580837044380357,-0.17482265938516017,0.12175033126960266,-0.40965042746932845,-0.03299672152250277,-0.42080629434286393,0.5,9,True
short|liquidity_change|liq_20d_252d|q10_minus_middle|beta_neutral|r1|ensemble,liquidity_change|liq_20d_252d|q10_minus_middle|beta_neutral|r1|ensemble,liquidity_change|liq_20d_252d,liquidity_change,liq_20d_252d,252,upper_tail_exploratory_lead,upper_tail,q10_minus_middle,market_neutral,True,1,ensemble,1,4181.0,0.0,4181.0,1.0,short,30,0.13333333333333333,-0.08300430384259483,-0.19411534549832843,0.4633140534373841,-1.2181088761250334,-0.0730754835601316,-0.8647220197617952,0.6666666666666666,7,True
short|liquidity_change|liq_20d_252d|q10_minus_middle|beta_neutral|r21|ensemble,liquidity_change|liq_20d_252d|q10_minus_middle|beta_neutral|r21|ensemble,liquidity_change|liq_20d_252d,liquidity_change,liq_20d_252d,252,upper_tail_exploratory_lead,upper_tail,q10_minus_middle,market_neutral,True,21,ensemble,3,199.33333333333334,0.0,199.33333333333334,1.0,short,30,0.26666666666666666,-0.030877125237571745,-0.1514124236916753,0.4399908704893438,-0.6316790856604875,-0.02369411366500518,-0.28109562255986065,0.6,7,True
short|liquidity_change|liq_20d_252d|q10_minus_middle|beta_neutral|r5|ensemble,liquidity_change|liq_20d_252d|q10_minus_middle|beta_neutral|r5|ensemble,liquidity_change|liq_20d_252d,liquidity_change,liq_20d_252d,252,upper_tail_exploratory_lead,upper_tail,q10_minus_middle,market_neutral,True,5,ensemble,3,836.3333333333334,0.0,836.3333333333334,1.0,short,30,0.3,-0.0577510791890547,-0.15176490098995699,0.49935493672524944,-0.7457218117438587,-0.03807301493901416,-0.4400725440445977,0.6333333333333333,7,True
short|liquidity_change|liq_20d_252d|q10_minus_middle|beta_neutral|r63|ensemble,liquidity_change|liq_20d_252d|q10_minus_middle|beta_neutral|r63|ensemble,liquidity_change|liq_20d_252d,liquidity_change,liq_20d_252d,252,upper_tail_exploratory_lead,upper_tail,q10_minus_middle,market_neutral,True,63,ensemble,3,66.33333333333333,0.0,66.33333333333333,1.0,short,30,0.36666666666666664,-0.009535423762294826,-0.12762121080895017,0.4993303563275149,-0.15418217474578852,-0.002971213873022127,-0.00807371809847182,0.6333333333333333,7,True
short|liquidity_change|liq_20d_252d|q10_minus_middle|unconstrained_beta|r1|ensemble,liquidity_change|liq_20d_252d|q10_minus_middle|unconstrained_beta|r1|ensemble,liquidity_change|liq_20d_252d,liquidity_change,liq_20d_252d,252,upper_tail_exploratory_lead,upper_tail,q10_minus_middle,market_neutral,False,1,ensemble,1,4181.0,0.0,0.0,,short,30,0.1,-0.10453520165517988,-0.19969026522900624,0.6131480297709264,-1.2938678515789748,-0.07470891951998038,-0.8291400037868182,0.5666666666666667,9,True
short|liquidity_change|liq_20d_252d|q10_minus_middle|unconstrained_beta|r21|ensemble,liquidity_change|liq_20d_252d|q10_minus_middle|unconstrained_beta|r21|ensemble,liquidity_change|liq_20d_252d,liquidity_change,liq_20d_252d,252,upper_tail_exploratory_lead,upper_tail,q10_minus_middle,market_neutral,False,21,ensemble,3,199.33333333333334,0.0,0.0,,short,30,0.26666666666666666,-0.03294941607127683,-0.15839821720593716,0.5541786778052962,-0.5998462019692952,-0.02169117433887524,-0.23665176891486236,0.4666666666666667,9,True
short|liquidity_change|liq_20d_252d|q10_minus_middle|unconstrained_beta|r5|ensemble,liquidity_change|liq_20d_252d|q10_minus_middle|unconstrained_beta|r5|ensemble,liquidity_change|liq_20d_252d,liquidity_change,liq_20d_252d,252,upper_tail_exploratory_lead,upper_tail,q10_minus_middle,market_neutral,False,5,ensemble,3,836.3333333333334,0.0,0.0,,short,30,0.23333333333333334,-0.058267246347880275,-0.16313648849165552,0.6471607404366952,-0.8108536677341093,-0.04280124013112718,-0.4681049064652769,0.5333333333333333,9,True
short|liquidity_change|liq_20d_252d|q10_minus_middle|unconstrained_beta|r63|ensemble,liquidity_change|liq_20d_252d|q10_minus_middle|unconstrained_beta|r63|ensemble,liquidity_change|liq_20d_252d,liquidity_change,liq_20d_252d,252,upper_tail_exploratory_lead,upper_tail,q10_minus_middle,market_neutral,False,63,ensemble,3,66.33333333333333,0.0,0.0,,short,30,0.43333333333333335,-0.010756127416718275,-0.1158269116983216,0.591257796437795,-0.16426053873898167,0.0018032396866123346,0.06116270736790766,0.5666666666666667,7,True
short|liquidity_change|liq_20d_252d|q10_minus_q1|beta_neutral|r1|ensemble,liquidity_change|liq_20d_252d|q10_minus_q1|beta_neutral|r1|ensemble,liquidity_change|liq_20d_252d,liquidity_change,liq_20d_252d,252,upper_tail_exploratory_lead,upper_tail,q10_minus_q1,market_neutral,True,1,ensemble,1,4181.0,0.0,4181.0,1.0,short,30,0.16666666666666666,-0.0922061724738269,-0.2681521780662097,0.9018454911736307,-0.9502331834191078,-0.08627382926571281,-0.7311583271521996,0.5333333333333333,9,True
short|liquidity_change|liq_20d_252d|q10_minus_q1|beta_neutral|r21|ensemble,liquidity_change|liq_20d_252d|q10_minus_q1|beta_neutral|r21|ensemble,liquidity_change|liq_20d_252d,liquidity_change,liq_20d_252d,252,upper_tail_exploratory_lead,upper_tail,q10_minus_q1,market_neutral,True,21,ensemble,3,199.33333333333334,0.0,199.33333333333334,1.0,short,30,0.26666666666666666,-0.03531438815849258,-0.27490838873446466,0.64854777785988,-0.3995433770978356,-0.027895379171082313,-0.21316885621574966,0.7333333333333333,8,True
short|liquidity_change|liq_20d_252d|q10_minus_q1|beta_neutral|r5|ensemble,liquidity_change|liq_20d_252d|q10_minus_q1|beta_neutral|r5|ensemble,liquidity_change|liq_20d_252d,liquidity_change,liq_20d_252d,252,upper_tail_exploratory_lead,upper_tail,q10_minus_q1,market_neutral,True,5,ensemble,3,836.3333333333334,0.0,836.3333333333334,1.0,short,30,0.23333333333333334,-0.061244660125056694,-0.23485207607824443,0.8100794449310642,-0.6640181618201786,-0.048861613716970065,-0.3879085456176726,0.6,8,True
short|liquidity_change|liq_20d_252d|q10_minus_q1|beta_neutral|r63|ensemble,liquidity_change|liq_20d_252d|q10_minus_q1|beta_neutral|r63|ensemble,liquidity_change|liq_20d_252d,liquidity_change,liq_20d_252d,252,upper_tail_exploratory_lead,upper_tail,q10_minus_q1,market_neutral,True,63,ensemble,3,66.33333333333333,0.0,66.33333333333333,1.0,short,30,0.43333333333333335,-0.01794443424670139,-0.19426366621169433,0.713099772222797,-0.2294825834625877,-0.003526236887184897,0.011918003574634288,0.6,9,True
short|liquidity_change|liq_20d_252d|q10_minus_q1|unconstrained_beta|r1|ensemble,liquidity_change|liq_20d_252d|q10_minus_q1|unconstrained_beta|r1|ensemble,liquidity_change|liq_20d_252d,liquidity_change,liq_20d_252d,252,upper_tail_exploratory_lead,upper_tail,q10_minus_q1,market_neutral,False,1,ensemble,1,4181.0,0.0,0.0,,short,30,0.13333333333333333,-0.11991668603181732,-0.5802367472348113,0.11551648414687454,-0.7971156157329322,-0.13095691498408724,-1.0590177755663375,0.43333333333333335,10,True
short|liquidity_change|liq_20d_252d|q10_minus_q1|unconstrained_beta|r21|ensemble,liquidity_change|liq_20d_252d|q10_minus_q1|unconstrained_beta|r21|ensemble,liquidity_change|liq_20d_252d,liquidity_change,liq_20d_252d,252,upper_tail_exploratory_lead,upper_tail,q10_minus_q1,market_neutral,False,21,ensemble,3,199.33333333333334,0.0,0.0,,short,30,0.2,-0.05198929445417938,-0.2966392776441541,0.6297259478996129,-0.6339196021605134,-0.05310700098438825,-0.41795862036463804,0.43333333333333335,9,True
short|liquidity_change|liq_20d_252d|q10_minus_q1|unconstrained_beta|r5|ensemble,liquidity_change|liq_20d_252d|q10_minus_q1|unconstrained_beta|r5|ensemble,liquidity_change|liq_20d_252d,liquidity_change,liq_20d_252d,252,upper_tail_exploratory_lead,upper_tail,q10_minus_q1,market_neutral,False,5,ensemble,3,836.3333333333334,0.0,0.0,,short,30,0.16666666666666666,-0.07310162454531183,-0.5294257387539354,0.16522281473839007,-0.7726643769746118,-0.09972660859693916,-0.796053160300242,0.4,12,True
short|liquidity_change|liq_20d_252d|q10_minus_q1|unconstrained_beta|r63|ensemble,liquidity_change|liq_20d_252d|q10_minus_q1|unconstrained_beta|r63|ensemble,liquidity_change|liq_20d_252d,liquidity_change,liq_20d_252d,252,upper_tail_exploratory_lead,upper_tail,q10_minus_q1,market_neutral,False,63,ensemble,3,66.33333333333333,0.0,0.0,,short,30,0.4666666666666667,-0.009866934674528316,-0.18675533839845315,0.6807785918287157,-0.128369481019284,-0.013978151320262144,-0.08099042497096018,0.5,9,True
short|low_volatility|60d|continuous_high_minus_low|beta_neutral|r1|ensemble,low_volatility|60d|continuous_high_minus_low|beta_neutral|r1|ensemble,low_volatility|60d,low_volatility,60d,63,lower_tail_exploratory_lead,lower_tail,continuous_high_minus_low,market_neutral,True,1,ensemble,1,4181.0,0.0,4181.0,1.0,short,30,0.5333333333333333,0.010394458745291657,-0.2289985158386686,0.23800305688370726,0.15568127753028732,-0.0038399150610465282,0.031261097577635386,0.8,5,True
short|low_volatility|60d|continuous_high_minus_low|beta_neutral|r21|ensemble,low_volatility|60d|continuous_high_minus_low|beta_neutral|r21|ensemble,low_volatility|60d,low_volatility,60d,63,lower_tail_exploratory_lead,lower_tail,continuous_high_minus_low,market_neutral,True,21,ensemble,3,199.33333333333334,0.0,199.33333333333334,1.0,short,30,0.5333333333333333,0.006128482693656068,-0.2110791400193387,0.2862352253511071,0.11798625613531338,0.00660088018362992,0.11510576587048788,0.7666666666666667,5,True
short|low_volatility|60d|continuous_high_minus_low|beta_neutral|r5|ensemble,low_volatility|60d|continuous_high_minus_low|beta_neutral|r5|ensemble,low_volatility|60d,low_volatility,60d,63,lower_tail_exploratory_lead,lower_tail,continuous_high_minus_low,market_neutral,True,5,ensemble,3,836.3333333333334,0.0,836.3333333333334,1.0,short,30,0.5666666666666667,0.016444884794001413,-0.21776840188953872,0.2686720135593388,0.2112152496593636,0.004975350949043333,0.10211418090287498,0.8,5,True
short|low_volatility|60d|continuous_high_minus_low|beta_neutral|r63|ensemble,low_volatility|60d|continuous_high_minus_low|beta_neutral|r63|ensemble,low_volatility|60d,low_volatility,60d,63,lower_tail_exploratory_lead,lower_tail,continuous_high_minus_low,market_neutral,True,63,ensemble,3,66.33333333333333,0.0,66.33333333333333,1.0,short,30,0.6333333333333333,0.03912092018924662,-0.23118608258203033,0.26870790094204855,0.4550611132439388,0.018268886355908398,0.20859480634483107,0.7666666666666667,7,True
short|low_volatility|60d|continuous_high_minus_low|unconstrained_beta|r1|ensemble,low_volatility|60d|continuous_high_minus_low|unconstrained_beta|r1|ensemble,low_volatility|60d,low_volatility,60d,63,lower_tail_exploratory_lead,lower_tail,continuous_high_minus_low,market_neutral,False,1,ensemble,1,4181.0,0.0,0.0,,short,30,0.36666666666666664,-0.045571447522266384,-0.3267412151216701,0.3727054844551483,-0.3589059795250233,-0.039759557438469484,-0.14949248694107675,0.4,8,True
short|low_volatility|60d|continuous_high_minus_low|unconstrained_beta|r21|ensemble,low_volatility|60d|continuous_high_minus_low|unconstrained_beta|r21|ensemble,low_volatility|60d,low_volatility,60d,63,lower_tail_exploratory_lead,lower_tail,continuous_high_minus_low,market_neutral,False,21,ensemble,3,199.33333333333334,0.0,0.0,,short,30,0.43333333333333335,-0.044926539366458074,-0.31796403030437936,0.4060946589354071,-0.15669398891755648,-0.022063379025713425,-0.0508489536666701,0.4,8,True
short|low_volatility|60d|continuous_high_minus_low|unconstrained_beta|r5|ensemble,low_volatility|60d|continuous_high_minus_low|unconstrained_beta|r5|ensemble,low_volatility|60d,low_volatility,60d,63,lower_tail_exploratory_lead,lower_tail,continuous_high_minus_low,market_neutral,False,5,ensemble,3,836.3333333333334,0.0,0.0,,short,30,0.36666666666666664,-0.051870183149806015,-0.3135673577612269,0.3842282194658182,-0.2029953878769117,-0.03178296526310498,-0.10312885843066691,0.4,8,True
short|low_volatility|60d|continuous_high_minus_low|unconstrained_beta|r63|ensemble,low_volatility|60d|continuous_high_minus_low|unconstrained_beta|r63|ensemble,low_volatility|60d,low_volatility,60d,63,lower_tail_exploratory_lead,lower_tail,continuous_high_minus_low,market_neutral,False,63,ensemble,3,66.33333333333333,0.0,0.0,,short,30,0.4666666666666667,-0.006219829143041367,-0.29494375164555764,0.3934285860554789,0.029005849797215648,-0.0069057219332344655,0.04100012827709563,0.36666666666666664,8,True
short|low_volatility|60d|long_q10|unconstrained_beta|r1|ensemble,low_volatility|60d|long_q10|unconstrained_beta|r1|ensemble,low_volatility|60d,low_volatility,60d,63,lower_tail_exploratory_lead,lower_tail,long_q10,long_only,False,1,ensemble,1,4181.0,0.0,0.0,,short,30,0.8333333333333334,0.10766655102547351,-0.04416394011970637,0.3404940533631651,0.8634298685414794,0.09906803024486766,0.660878653341637,1.0,0,True
short|low_volatility|60d|long_q10|unconstrained_beta|r21|ensemble,low_volatility|60d|long_q10|unconstrained_beta|r21|ensemble,low_volatility|60d,low_volatility,60d,63,lower_tail_exploratory_lead,lower_tail,long_q10,long_only,False,21,ensemble,3,199.33333333333334,0.0,0.0,,short,30,0.8666666666666667,0.1350104545695341,-0.05951242477359153,0.3632281229832055,1.107330222044801,0.11849868169500954,0.781716236411735,1.0,0,True
short|low_volatility|60d|long_q10|unconstrained_beta|r5|ensemble,low_volatility|60d|long_q10|unconstrained_beta|r5|ensemble,low_volatility|60d,low_volatility,60d,63,lower_tail_exploratory_lead,lower_tail,long_q10,long_only,False,5,ensemble,3,836.3333333333334,0.0,0.0,,short,30,0.8333333333333334,0.11407195699752193,-0.037087622302441225,0.34609949086925273,0.9803555953714496,0.11050559818580563,0.7370727207481024,1.0,0,True
short|low_volatility|60d|long_q10|unconstrained_beta|r63|ensemble,low_volatility|60d|long_q10|unconstrained_beta|r63|ensemble,low_volatility|60d,low_volatility,60d,63,lower_tail_exploratory_lead,lower_tail,long_q10,long_only,False,63,ensemble,3,66.33333333333333,0.0,0.0,,short,30,0.9333333333333333,0.13194278413720695,-0.11818742959781214,0.3801247277967814,0.9800925507099661,0.1225009340686316,0.7974828470933755,1.0,0,True
short|low_volatility|60d|long_q1|unconstrained_beta|r1|ensemble,low_volatility|60d|long_q1|unconstrained_beta|r1|ensemble,low_volatility|60d,low_volatility,60d,63,lower_tail_exploratory_lead,lower_tail,long_q1,long_only,False,1,ensemble,1,4181.0,0.0,0.0,,short,30,0.8333333333333334,0.23090259271970903,-0.508494900677995,1.320415119326864,0.9846043242327169,0.13796645161296572,0.5196795685898754,1.0,0,True
short|low_volatility|60d|long_q1|unconstrained_beta|r21|ensemble,low_volatility|60d|long_q1|unconstrained_beta|r21|ensemble,low_volatility|60d,low_volatility,60d,63,lower_tail_exploratory_lead,lower_tail,long_q1,long_only,False,21,ensemble,3,199.33333333333334,0.0,0.0,,short,30,0.8,0.24035971214315566,-0.48382101685171164,1.4010019764318558,1.0340522368616636,0.1675694816628006,0.6128412044043529,1.0,0,True
short|low_volatility|60d|long_q1|unconstrained_beta|r5|ensemble,low_volatility|60d|long_q1|unconstrained_beta|r5|ensemble,low_volatility|60d,low_volatility,60d,63,lower_tail_exploratory_lead,lower_tail,long_q1,long_only,False,5,ensemble,3,836.3333333333334,0.0,0.0,,short,30,0.8,0.25770808858244365,-0.4914674442365432,1.2735261332012415,1.0599437380705323,0.15953607265112502,0.5823442524183426,1.0,0,True
short|low_volatility|60d|long_q1|unconstrained_beta|r63|ensemble,low_volatility|60d|long_q1|unconstrained_beta|r63|ensemble,low_volatility|60d,low_volatility,60d,63,lower_tail_exploratory_lead,lower_tail,long_q1,long_only,False,63,ensemble,3,66.33333333333333,0.0,0.0,,short,30,0.8,0.22314105787975702,-0.4542693510905701,1.3928260697798547,0.9910259857013195,0.17619468509186986,0.6531778205558383,1.0,0,True
short|low_volatility|60d|middle_minus_q1|beta_neutral|r1|ensemble,low_volatility|60d|middle_minus_q1|beta_neutral|r1|ensemble,low_volatility|60d,low_volatility,60d,63,lower_tail_exploratory_lead,lower_tail,middle_minus_q1,market_neutral,True,1,ensemble,1,4181.0,0.0,4181.0,1.0,short,30,0.36666666666666664,-0.028270574615025967,-0.26269472428196905,0.6290377360323374,-0.2025334412277423,-0.026595077856298555,-0.13612532448285625,0.8333333333333334,5,True
short|low_volatility|60d|middle_minus_q1|beta_neutral|r21|ensemble,low_volatility|60d|middle_minus_q1|beta_neutral|r21|ensemble,low_volatility|60d,low_volatility,60d,63,lower_tail_exploratory_lead,lower_tail,middle_minus_q1,market_neutral,True,21,ensemble,3,199.33333333333334,0.0,199.33333333333334,1.0,short,30,0.4,-0.015123500418117664,-0.19446244389897172,0.7214763720411566,-0.05696628413537493,-0.009308099797799452,-0.008365837678237144,0.7333333333333333,9,True
short|low_volatility|60d|middle_minus_q1|beta_neutral|r5|ensemble,low_volatility|60d|middle_minus_q1|beta_neutral|r5|ensemble,low_volatility|60d,low_volatility,60d,63,lower_tail_exploratory_lead,lower_tail,middle_minus_q1,market_neutral,True,5,ensemble,3,836.3333333333334,0.0,836.3333333333334,1.0,short,30,0.3333333333333333,-0.05360036893283249,-0.22940693865942619,0.6192585722305224,-0.45344380601413475,-0.03635431854309423,-0.21564677484297673,0.7333333333333333,9,True
short|low_volatility|60d|middle_minus_q1|beta_neutral|r63|ensemble,low_volatility|60d|middle_minus_q1|beta_neutral|r63|ensemble,low_volatility|60d,low_volatility,60d,63,lower_tail_exploratory_lead,lower_tail,middle_minus_q1,market_neutral,True,63,ensemble,3,66.33333333333333,0.0,66.33333333333333,1.0,short,30,0.3333333333333333,-0.04208473671095997,-0.20346171173093797,0.9111674548304136,-0.20862716529336853,-0.02639773953746216,-0.13826353953050088,0.7,11,True
short|low_volatility|60d|middle_minus_q1|unconstrained_beta|r1|ensemble,low_volatility|60d|middle_minus_q1|unconstrained_beta|r1|ensemble,low_volatility|60d,low_volatility,60d,63,lower_tail_exploratory_lead,lower_tail,middle_minus_q1,market_neutral,False,1,ensemble,1,4181.0,0.0,0.0,,short,30,0.23333333333333334,-0.1085210665296284,-0.38872020624757364,1.0574386137410716,-0.846272893512704,-0.09182484842093197,-0.4217356308802963,0.36666666666666664,10,True
short|low_volatility|60d|middle_minus_q1|unconstrained_beta|r21|ensemble,low_volatility|60d|middle_minus_q1|unconstrained_beta|r21|ensemble,low_volatility|60d,low_volatility,60d,63,lower_tail_exploratory_lead,lower_tail,middle_minus_q1,market_neutral,False,21,ensemble,3,199.33333333333334,0.0,0.0,,short,30,0.3333333333333333,-0.07414428489043634,-0.3403863272050448,1.1686525836228356,-0.5522930378692815,-0.0340943426420689,-0.10135482866017874,0.36666666666666664,10,True
short|low_volatility|60d|middle_minus_q1|unconstrained_beta|r5|ensemble,low_volatility|60d|middle_minus_q1|unconstrained_beta|r5|ensemble,low_volatility|60d,low_volatility,60d,63,lower_tail_exploratory_lead,lower_tail,middle_minus_q1,market_neutral,False,5,ensemble,3,836.3333333333334,0.0,0.0,,short,30,0.36666666666666664,-0.06597107050500323,-0.3664253664237932,1.023982543847508,-0.5396822740456187,-0.04770244378607358,-0.17010690269809361,0.3333333333333333,12,True
short|low_volatility|60d|middle_minus_q1|unconstrained_beta|r63|ensemble,low_volatility|60d|middle_minus_q1|unconstrained_beta|r63|ensemble,low_volatility|60d,low_volatility,60d,63,lower_tail_exploratory_lead,lower_tail,middle_minus_q1,market_neutral,False,63,ensemble,3,66.33333333333333,0.0,0.0,,short,30,0.36666666666666664,-0.04191186508860906,-0.3646084368515713,1.407165010593165,-0.5037288607484202,-0.043469794629129366,-0.13992936559012067,0.26666666666666666,10,True
short|low_volatility|60d|q10_minus_middle|beta_neutral|r1|ensemble,low_volatility|60d|q10_minus_middle|beta_neutral|r1|ensemble,low_volatility|60d,low_volatility,60d,63,lower_tail_exploratory_lead,lower_tail,q10_minus_middle,market_neutral,True,1,ensemble,1,4181.0,0.0,4181.0,1.0,short,30,0.43333333333333335,-0.03641113088548187,-0.24926039102882924,0.25662099769960744,-0.4375378527786719,-0.03674266112727764,-0.3022485114276242,0.8333333333333334,6,True
short|low_volatility|60d|q10_minus_middle|beta_neutral|r21|ensemble,low_volatility|60d|q10_minus_middle|beta_neutral|r21|ensemble,low_volatility|60d,low_volatility,60d,63,lower_tail_exploratory_lead,lower_tail,q10_minus_middle,market_neutral,True,21,ensemble,3,199.33333333333334,0.0,199.33333333333334,1.0,short,30,0.5,0.0011315416465938477,-0.20512413129256457,0.32905194801350013,0.08400461390665087,0.00928187853784146,0.14008181144732554,0.8,6,True
short|low_volatility|60d|q10_minus_middle|beta_neutral|r5|ensemble,low_volatility|60d|q10_minus_middle|beta_neutral|r5|ensemble,low_volatility|60d,low_volatility,60d,63,lower_tail_exploratory_lead,lower_tail,q10_minus_middle,market_neutral,True,5,ensemble,3,836.3333333333334,0.0,836.3333333333334,1.0,short,30,0.4666666666666667,-0.018260719525429903,-0.23058604009249184,0.29471813071414776,-0.13480121221755706,-0.015876080271605253,-0.09818963141588957,0.8333333333333334,6,True
short|low_volatility|60d|q10_minus_middle|beta_neutral|r63|ensemble,low_volatility|60d|q10_minus_middle|beta_neutral|r63|ensemble,low_volatility|60d,low_volatility,60d,63,lower_tail_exploratory_lead,lower_tail,q10_minus_middle,market_neutral,True,63,ensemble,3,66.33333333333333,0.0,66.33333333333333,1.0,short,30,0.5,-0.002780664536230437,-0.1925859448559345,0.30314868432251885,0.05709658022867728,0.024478772705183838,0.2827932802181776,0.8666666666666667,6,True
short|low_volatility|60d|q10_minus_middle|unconstrained_beta|r1|ensemble,low_volatility|60d|q10_minus_middle|unconstrained_beta|r1|ensemble,low_volatility|60d,low_volatility,60d,63,lower_tail_exploratory_lead,lower_tail,q10_minus_middle,market_neutral,False,1,ensemble,1,4181.0,0.0,0.0,,short,30,0.2,-0.0948024569211584,-0.34514014466687626,0.21973611792290892,-0.940501322708318,-0.10096470585164463,-0.885237625260639,0.4666666666666667,10,True
short|low_volatility|60d|q10_minus_middle|unconstrained_beta|r21|ensemble,low_volatility|60d|q10_minus_middle|unconstrained_beta|r21|ensemble,low_volatility|60d,low_volatility,60d,63,lower_tail_exploratory_lead,lower_tail,q10_minus_middle,market_neutral,False,21,ensemble,3,199.33333333333334,0.0,0.0,,short,30,0.2,-0.06600382212693495,-0.311707607239765,0.2078488982083122,-0.6017163016412198,-0.07279100352744872,-0.6365891946766641,0.4666666666666667,10,True
short|low_volatility|60d|q10_minus_middle|unconstrained_beta|r5|ensemble,low_volatility|60d|q10_minus_middle|unconstrained_beta|r5|ensemble,low_volatility|60d,low_volatility,60d,63,lower_tail_exploratory_lead,lower_tail,q10_minus_middle,market_neutral,False,5,ensemble,3,836.3333333333334,0.0,0.0,,short,30,0.26666666666666666,-0.06596473611893972,-0.32377471823291015,0.21864142219706073,-0.7046599975907136,-0.06709893360569053,-0.562286026966267,0.4666666666666667,10,True
short|low_volatility|60d|q10_minus_middle|unconstrained_beta|r63|ensemble,low_volatility|60d|q10_minus_middle|unconstrained_beta|r63|ensemble,low_volatility|60d,low_volatility,60d,63,lower_tail_exploratory_lead,lower_tail,q10_minus_middle,market_neutral,False,63,ensemble,3,66.33333333333333,0.0,0.0,,short,30,0.23333333333333334,-0.04561448606371343,-0.30122628527135176,0.21166749619630232,-0.3582522969100096,-0.05063504834288668,-0.43757992004971447,0.5,10,True
short|low_volatility|60d|q10_minus_q1|beta_neutral|r1|ensemble,low_volatility|60d|q10_minus_q1|beta_neutral|r1|ensemble,low_volatility|60d,low_volatility,60d,63,lower_tail_exploratory_lead,lower_tail,q10_minus_q1,market_neutral,True,1,ensemble,1,4181.0,0.0,4181.0,1.0,short,30,0.5,-0.001152883597115184,-0.27013004356182513,0.4012623751092945,0.032291273321521194,-0.015032293010565079,0.011018400195970491,0.9333333333333333,2,True
short|low_volatility|60d|q10_minus_q1|beta_neutral|r21|ensemble,low_volatility|60d|q10_minus_q1|beta_neutral|r21|ensemble,low_volatility|60d,low_volatility,60d,63,lower_tail_exploratory_lead,lower_tail,q10_minus_q1,market_neutral,True,21,ensemble,3,199.33333333333334,0.0,199.33333333333334,1.0,short,30,0.5333333333333333,0.016442842537866986,-0.26205505502647264,0.46965857320056315,0.20958230830518865,0.0037607141936502053,0.11228337479082154,0.8666666666666667,4,True
short|low_volatility|60d|q10_minus_q1|beta_neutral|r5|ensemble,low_volatility|60d|q10_minus_q1|beta_neutral|r5|ensemble,low_volatility|60d,low_volatility,60d,63,lower_tail_exploratory_lead,lower_tail,q10_minus_q1,market_neutral,True,5,ensemble,3,836.3333333333334,0.0,836.3333333333334,1.0,short,30,0.4666666666666667,-0.034630312828305365,-0.27774113519960664,0.42902136708247807,0.03530321985049243,-0.021389262683559007,-0.024282056117709293,0.9,4,True
short|low_volatility|60d|q10_minus_q1|beta_neutral|r63|ensemble,low_volatility|60d|q10_minus_q1|beta_neutral|r63|ensemble,low_volatility|60d,low_volatility,60d,63,lower_tail_exploratory_lead,lower_tail,q10_minus_q1,market_neutral,True,63,ensemble,3,66.33333333333333,0.0,66.33333333333333,1.0,short,30,0.43333333333333335,-0.019401725622865296,-0.3099881862429221,0.4413811508544112,0.031432523353091615,-0.0058180784883210546,0.06048006524201847,0.8666666666666667,6,True
short|low_volatility|60d|q10_minus_q1|unconstrained_beta|r1|ensemble,low_volatility|60d|q10_minus_q1|unconstrained_beta|r1|ensemble,low_volatility|60d,low_volatility,60d,63,lower_tail_exploratory_lead,lower_tail,q10_minus_q1,market_neutral,False,1,ensemble,1,4181.0,0.0,0.0,,short,30,0.26666666666666666,-0.1430112398431424,-0.5140233310235475,0.8028336337009503,-0.6467699607008128,-0.12036219894626521,-0.3311074985310003,0.4666666666666667,8,True
short|low_volatility|60d|q10_minus_q1|unconstrained_beta|r21|ensemble,low_volatility|60d|q10_minus_q1|unconstrained_beta|r21|ensemble,low_volatility|60d,low_volatility,60d,63,lower_tail_exploratory_lead,lower_tail,q10_minus_q1,market_neutral,False,21,ensemble,3,199.33333333333334,0.0,0.0,,short,30,0.36666666666666664,-0.12062166001753932,-0.4967259282874077,0.9834758154790613,-0.4018704277749283,-0.0700091745395427,-0.13761328552112725,0.43333333333333335,8,True
short|low_volatility|60d|q10_minus_q1|unconstrained_beta|r5|ensemble,low_volatility|60d|q10_minus_q1|unconstrained_beta|r5|ensemble,low_volatility|60d,low_volatility,60d,63,lower_tail_exploratory_lead,lower_tail,q10_minus_q1,market_neutral,False,5,ensemble,3,836.3333333333334,0.0,0.0,,short,30,0.26666666666666666,-0.15674108784017748,-0.4940082955751588,0.8126866446560574,-0.5820491424471339,-0.12135524384031415,-0.33671756695137656,0.43333333333333335,10,True
short|low_volatility|60d|q10_minus_q1|unconstrained_beta|r63|ensemble,low_volatility|60d|q10_minus_q1|unconstrained_beta|r63|ensemble,low_volatility|60d,low_volatility,60d,63,lower_tail_exploratory_lead,lower_tail,q10_minus_q1,market_neutral,False,63,ensemble,3,66.33333333333333,0.0,0.0,,short,30,0.3333333333333333,-0.08892702452943019,-0.43721366111161564,1.0581597151378466,-0.32773417902836866,-0.10169177369791038,-0.24233988702539902,0.43333333333333335,10,True
short|short_term_reversal|reversal_5d|continuous_high_minus_low|beta_neutral|r1|ensemble,short_term_reversal|reversal_5d|continuous_high_minus_low|beta_neutral|r1|ensemble,short_term_reversal|reversal_5d,short_term_reversal,reversal_5d,5,upper_tail_exploratory_lead,upper_tail,continuous_high_minus_low,market_neutral,True,1,ensemble,1,4181.0,0.0,4181.0,1.0,short,30,0.06666666666666667,-0.24564728271308872,-0.4011306525071031,0.548747556857893,-3.1118891207393125,-0.23101938580049897,-2.27324231692234,0.8,8,True
short|short_term_reversal|reversal_5d|continuous_high_minus_low|beta_neutral|r21|ensemble,short_term_reversal|reversal_5d|continuous_high_minus_low|beta_neutral|r21|ensemble,short_term_reversal|reversal_5d,short_term_reversal,reversal_5d,5,upper_tail_exploratory_lead,upper_tail,continuous_high_minus_low,market_neutral,True,21,ensemble,3,199.33333333333334,0.0,199.33333333333334,1.0,short,30,0.36666666666666664,-0.009721873019239213,-0.10232043753950104,0.3287921323190075,-0.19296290694552867,-0.005399813378250462,-0.033374540294969265,0.7333333333333333,3,True
short|short_term_reversal|reversal_5d|continuous_high_minus_low|beta_neutral|r5|ensemble,short_term_reversal|reversal_5d|continuous_high_minus_low|beta_neutral|r5|ensemble,short_term_reversal|reversal_5d,short_term_reversal,reversal_5d,5,upper_tail_exploratory_lead,upper_tail,continuous_high_minus_low,market_neutral,True,5,ensemble,3,836.3333333333334,0.0,836.3333333333334,1.0,short,30,0.06666666666666667,-0.12810499325092384,-0.2994790314448743,0.5488902106126154,-1.5191027342445795,-0.10945003271101172,-1.195336492762344,0.9,4,True
short|short_term_reversal|reversal_5d|continuous_high_minus_low|beta_neutral|r63|ensemble,short_term_reversal|reversal_5d|continuous_high_minus_low|beta_neutral|r63|ensemble,short_term_reversal|reversal_5d,short_term_reversal,reversal_5d,5,upper_tail_exploratory_lead,upper_tail,continuous_high_minus_low,market_neutral,True,63,ensemble,3,66.33333333333333,0.0,66.33333333333333,1.0,short,30,0.5,-0.000807408819946287,-0.15541306522205245,0.1674162903262384,0.021129088912651257,-0.005022239040199605,-0.04153666376733054,0.5333333333333333,6,True
short|short_term_reversal|reversal_5d|continuous_high_minus_low|unconstrained_beta|r1|ensemble,short_term_reversal|reversal_5d|continuous_high_minus_low|unconstrained_beta|r1|ensemble,short_term_reversal|reversal_5d,short_term_reversal,reversal_5d,5,upper_tail_exploratory_lead,upper_tail,continuous_high_minus_low,market_neutral,False,1,ensemble,1,4181.0,0.0,0.0,,short,30,0.06666666666666667,-0.23017262366012647,-0.4071283828217679,0.22606834185598612,-2.6789044563296462,-0.2145008997444151,-1.7243902582113244,0.9666666666666667,2,True
short|short_term_reversal|reversal_5d|continuous_high_minus_low|unconstrained_beta|r21|ensemble,short_term_reversal|reversal_5d|continuous_high_minus_low|unconstrained_beta|r21|ensemble,short_term_reversal|reversal_5d,short_term_reversal,reversal_5d,5,upper_tail_exploratory_lead,upper_tail,continuous_high_minus_low,market_neutral,False,21,ensemble,3,199.33333333333334,0.0,0.0,,short,30,0.5666666666666667,0.006079849276758309,-0.10702918696961916,0.3503148807719296,0.13210105841460468,0.00822816866965792,0.13682648013039722,0.7,3,True
short|short_term_reversal|reversal_5d|continuous_high_minus_low|unconstrained_beta|r5|ensemble,short_term_reversal|reversal_5d|continuous_high_minus_low|unconstrained_beta|r5|ensemble,short_term_reversal|reversal_5d,short_term_reversal,reversal_5d,5,upper_tail_exploratory_lead,upper_tail,continuous_high_minus_low,market_neutral,False,5,ensemble,3,836.3333333333334,0.0,0.0,,short,30,0.16666666666666666,-0.08403468624699961,-0.21138830434616052,0.34191274048089304,-1.011847688417897,-0.07513251273589594,-0.6402435076813185,0.9666666666666667,1,True
short|short_term_reversal|reversal_5d|continuous_high_minus_low|unconstrained_beta|r63|ensemble,short_term_reversal|reversal_5d|continuous_high_minus_low|unconstrained_beta|r63|ensemble,short_term_reversal|reversal_5d,short_term_reversal,reversal_5d,5,upper_tail_exploratory_lead,upper_tail,continuous_high_minus_low,market_neutral,False,63,ensemble,3,66.33333333333333,0.0,0.0,,short,30,0.5333333333333333,0.011589796322987733,-0.14086907754308575,0.17137662530310704,0.15345256369425142,2.427005377914071e-05,0.03775456310631346,0.5333333333333333,9,True
short|short_term_reversal|reversal_5d|long_q10|unconstrained_beta|r1|ensemble,short_term_reversal|reversal_5d|long_q10|unconstrained_beta|r1|ensemble,short_term_reversal|reversal_5d,short_term_reversal,reversal_5d,5,upper_tail_exploratory_lead,upper_tail,long_q10,long_only,False,1,ensemble,1,4181.0,0.0,0.0,,short,30,0.3333333333333333,-0.04038428208613121,-0.539005183983396,0.8832810556161028,-0.14262760265959723,-0.038493234754849004,-0.08397683311814237,1.0,0,True
short|short_term_reversal|reversal_5d|long_q10|unconstrained_beta|r21|ensemble,short_term_reversal|reversal_5d|long_q10|unconstrained_beta|r21|ensemble,short_term_reversal|reversal_5d,short_term_reversal,reversal_5d,5,upper_tail_exploratory_lead,upper_tail,long_q10,long_only,False,21,ensemble,3,199.33333333333334,0.0,0.0,,short,30,0.7333333333333333,0.14018163257663574,-0.2855495527280564,0.6593980047979793,0.7527698795762539,0.1322346507130132,0.5923020662712982,1.0,0,True
short|short_term_reversal|reversal_5d|long_q10|unconstrained_beta|r5|ensemble,short_term_reversal|reversal_5d|long_q10|unconstrained_beta|r5|ensemble,short_term_reversal|reversal_5d,short_term_reversal,reversal_5d,5,upper_tail_exploratory_lead,upper_tail,long_q10,long_only,False,5,ensemble,3,836.3333333333334,0.0,0.0,,short,30,0.7,0.1117294837813837,-0.42155986562037673,0.5457151993601621,0.5525610706329229,0.07374305350105481,0.35033124744377075,1.0,0,True
short|short_term_reversal|reversal_5d|long_q10|unconstrained_beta|r63|ensemble,short_term_reversal|reversal_5d|long_q10|unconstrained_beta|r63|ensemble,short_term_reversal|reversal_5d,short_term_reversal,reversal_5d,5,upper_tail_exploratory_lead,upper_tail,long_q10,long_only,False,63,ensemble,3,66.33333333333333,0.0,0.0,,short,30,0.7666666666666667,0.16042029406751868,-0.3323169706202036,0.6649429544149787,0.8961376024987,0.1239538590723579,0.577802325187638,1.0,0,True
short|short_term_reversal|reversal_5d|long_q1|unconstrained_beta|r1|ensemble,short_term_reversal|reversal_5d|long_q1|unconstrained_beta|r1|ensemble,short_term_reversal|reversal_5d,short_term_reversal,reversal_5d,5,upper_tail_exploratory_lead,upper_tail,long_q1,long_only,False,1,ensemble,1,4181.0,0.0,0.0,,short,30,0.3,-0.11282569100006284,-0.6489294611719115,0.3967003198660859,-0.7300964370749663,-0.128714867540065,-0.6582920869534634,1.0,0,True
short|short_term_reversal|reversal_5d|long_q1|unconstrained_beta|r21|ensemble,short_term_reversal|reversal_5d|long_q1|unconstrained_beta|r21|ensemble,short_term_reversal|reversal_5d,short_term_reversal,reversal_5d,5,upper_tail_exploratory_lead,upper_tail,long_q1,long_only,False,21,ensemble,3,199.33333333333334,0.0,0.0,,short,30,0.8333333333333334,0.14350800151487952,-0.3673932821535413,0.6585987795955599,0.9465068087266567,0.09961857999028778,0.49932161028882277,1.0,0,True
short|short_term_reversal|reversal_5d|long_q1|unconstrained_beta|r5|ensemble,short_term_reversal|reversal_5d|long_q1|unconstrained_beta|r5|ensemble,short_term_reversal|reversal_5d,short_term_reversal,reversal_5d,5,upper_tail_exploratory_lead,upper_tail,long_q1,long_only,False,5,ensemble,3,836.3333333333334,0.0,0.0,,short,30,0.6,0.03882278689280305,-0.5110795506261425,0.46224476863868813,0.2372364051093434,0.007014175376707232,0.052574022702299154,1.0,0,True
short|short_term_reversal|reversal_5d|long_q1|unconstrained_beta|r63|ensemble,short_term_reversal|reversal_5d|long_q1|unconstrained_beta|r63|ensemble,short_term_reversal|reversal_5d,short_term_reversal,reversal_5d,5,upper_tail_exploratory_lead,upper_tail,long_q1,long_only,False,63,ensemble,3,66.33333333333333,0.0,0.0,,short,30,0.8,0.15656162201814527,-0.3191600872614033,0.6263606941706528,0.8012053959973275,0.13477941302522334,0.6483861044746339,1.0,0,True
short|short_term_reversal|reversal_5d|middle_minus_q1|beta_neutral|r1|ensemble,short_term_reversal|reversal_5d|middle_minus_q1|beta_neutral|r1|ensemble,short_term_reversal|reversal_5d,short_term_reversal,reversal_5d,5,upper_tail_exploratory_lead,upper_tail,middle_minus_q1,market_neutral,True,1,ensemble,1,4181.0,0.0,4181.0,1.0,short,30,0.03333333333333333,-0.30465181193783714,-0.5298016429829298,0.41095552312910044,-5.035243665721044,-0.3078184497535309,-3.515791465979452,0.8666666666666667,4,True
short|short_term_reversal|reversal_5d|middle_minus_q1|beta_neutral|r21|ensemble,short_term_reversal|reversal_5d|middle_minus_q1|beta_neutral|r21|ensemble,short_term_reversal|reversal_5d,short_term_reversal,reversal_5d,5,upper_tail_exploratory_lead,upper_tail,middle_minus_q1,market_neutral,True,21,ensemble,3,199.33333333333334,0.0,199.33333333333334,1.0,short,30,0.36666666666666664,-0.010448163637964525,-0.2826998910708517,0.219605274562366,-0.0902116981122521,-0.019838646390633374,-0.23314308867229802,0.9,2,True
short|short_term_reversal|reversal_5d|middle_minus_q1|beta_neutral|r5|ensemble,short_term_reversal|reversal_5d|middle_minus_q1|beta_neutral|r5|ensemble,short_term_reversal|reversal_5d,short_term_reversal,reversal_5d,5,upper_tail_exploratory_lead,upper_tail,middle_minus_q1,market_neutral,True,5,ensemble,3,836.3333333333334,0.0,836.3333333333334,1.0,short,30,0.1,-0.12470897613574788,-0.28907660284361436,0.3469109342502188,-2.4009633800647565,-0.13213628061314142,-1.5957232987961771,0.8333333333333334,6,True
short|short_term_reversal|reversal_5d|middle_minus_q1|beta_neutral|r63|ensemble,short_term_reversal|reversal_5d|middle_minus_q1|beta_neutral|r63|ensemble,short_term_reversal|reversal_5d,short_term_reversal,reversal_5d,5,upper_tail_exploratory_lead,upper_tail,middle_minus_q1,market_neutral,True,63,ensemble,3,66.33333333333333,0.0,66.33333333333333,1.0,short,30,0.43333333333333335,-0.0071712584011113245,-0.21322312688648293,0.11068767029128423,-0.08077693811957606,-0.01885389543958982,-0.21187414782431743,0.6666666666666666,9,True
short|short_term_reversal|reversal_5d|middle_minus_q1|unconstrained_beta|r1|ensemble,short_term_reversal|reversal_5d|middle_minus_q1|unconstrained_beta|r1|ensemble,short_term_reversal|reversal_5d,short_term_reversal,reversal_5d,5,upper_tail_exploratory_lead,upper_tail,middle_minus_q1,market_neutral,False,1,ensemble,1,4181.0,0.0,0.0,,short,30,0.03333333333333333,-0.3179948574976735,-0.5544217286808899,0.20991789478754153,-4.554863481897865,-0.31256534673167025,-3.0667526344351734,0.8,6,True
short|short_term_reversal|reversal_5d|middle_minus_q1|unconstrained_beta|r21|ensemble,short_term_reversal|reversal_5d|middle_minus_q1|unconstrained_beta|r21|ensemble,short_term_reversal|reversal_5d,short_term_reversal,reversal_5d,5,upper_tail_exploratory_lead,upper_tail,middle_minus_q1,market_neutral,False,21,ensemble,3,199.33333333333334,0.0,0.0,,short,30,0.5,-0.0027867080107699116,-0.1481557661952786,0.40194206162064505,-0.011028464567797363,0.007457503643214292,0.12931924447227808,0.7,5,True
short|short_term_reversal|reversal_5d|middle_minus_q1|unconstrained_beta|r5|ensemble,short_term_reversal|reversal_5d|middle_minus_q1|unconstrained_beta|r5|ensemble,short_term_reversal|reversal_5d,short_term_reversal,reversal_5d,5,upper_tail_exploratory_lead,upper_tail,middle_minus_q1,market_neutral,False,5,ensemble,3,836.3333333333334,0.0,0.0,,short,30,0.16666666666666666,-0.17233603651270019,-0.2715891012500429,0.2498204313573953,-2.6024756111815526,-0.1339889807737603,-1.370630627553695,0.7333333333333333,7,True
short|short_term_reversal|reversal_5d|middle_minus_q1|unconstrained_beta|r63|ensemble,short_term_reversal|reversal_5d|middle_minus_q1|unconstrained_beta|r63|ensemble,short_term_reversal|reversal_5d,short_term_reversal,reversal_5d,5,upper_tail_exploratory_lead,upper_tail,middle_minus_q1,market_neutral,False,63,ensemble,3,66.33333333333333,0.0,0.0,,short,30,0.5666666666666667,0.006162365398895475,-0.199111271851656,0.22011819617071304,0.13517538552936453,-0.0015987174255150949,0.027712906716582587,0.4,5,True
short|short_term_reversal|reversal_5d|q10_minus_middle|beta_neutral|r1|ensemble,short_term_reversal|reversal_5d|q10_minus_middle|beta_neutral|r1|ensemble,short_term_reversal|reversal_5d,short_term_reversal,reversal_5d,5,upper_tail_exploratory_lead,upper_tail,q10_minus_middle,market_neutral,True,1,ensemble,1,4181.0,0.0,4181.0,1.0,short,30,0.0,-0.33045131186962406,-0.6192623876212572,-0.07962040433962136,-4.166156669277969,-0.33665358522403055,-3.5055163778357694,0.4666666666666667,6,True
short|short_term_reversal|reversal_5d|q10_minus_middle|beta_neutral|r21|ensemble,short_term_reversal|reversal_5d|q10_minus_middle|beta_neutral|r21|ensemble,short_term_reversal|reversal_5d,short_term_reversal,reversal_5d,5,upper_tail_exploratory_lead,upper_tail,q10_minus_middle,market_neutral,True,21,ensemble,3,199.33333333333334,0.0,199.33333333333334,1.0,short,30,0.4,-0.024563853350061005,-0.1844591223602421,0.248163034568043,-0.3994547865338006,-0.018390691621310573,-0.19026454523591144,0.6,3,True
short|short_term_reversal|reversal_5d|q10_minus_middle|beta_neutral|r5|ensemble,short_term_reversal|reversal_5d|q10_minus_middle|beta_neutral|r5|ensemble,short_term_reversal|reversal_5d,short_term_reversal,reversal_5d,5,upper_tail_exploratory_lead,upper_tail,q10_minus_middle,market_neutral,True,5,ensemble,3,836.3333333333334,0.0,836.3333333333334,1.0,short,30,0.06666666666666667,-0.13198587644395537,-0.25499177790487737,0.4530771998099239,-1.751493274730842,-0.12308306294670213,-1.3640574425528709,0.6666666666666666,8,True
short|short_term_reversal|reversal_5d|q10_minus_middle|beta_neutral|r63|ensemble,short_term_reversal|reversal_5d|q10_minus_middle|beta_neutral|r63|ensemble,short_term_reversal|reversal_5d,short_term_reversal,reversal_5d,5,upper_tail_exploratory_lead,upper_tail,q10_minus_middle,market_neutral,True,63,ensemble,3,66.33333333333333,0.0,66.33333333333333,1.0,short,30,0.4666666666666667,-0.008808985411546066,-0.14292197218701197,0.2013984426936013,-0.02813954291486231,-0.011454940869869978,-0.11218837247608393,0.5666666666666667,6,True
short|short_term_reversal|reversal_5d|q10_minus_middle|unconstrained_beta|r1|ensemble,short_term_reversal|reversal_5d|q10_minus_middle|unconstrained_beta|r1|ensemble,short_term_reversal|reversal_5d,short_term_reversal,reversal_5d,5,upper_tail_exploratory_lead,upper_tail,q10_minus_middle,market_neutral,False,1,ensemble,1,4181.0,0.0,0.0,,short,30,0.0,-0.31216485408460465,-0.5128284775831373,-0.01951199731561981,-3.4586918482115108,-0.3196133771128965,-2.6846833054489836,0.6666666666666666,8,True
short|short_term_reversal|reversal_5d|q10_minus_middle|unconstrained_beta|r21|ensemble,short_term_reversal|reversal_5d|q10_minus_middle|unconstrained_beta|r21|ensemble,short_term_reversal|reversal_5d,short_term_reversal,reversal_5d,5,upper_tail_exploratory_lead,upper_tail,q10_minus_middle,market_neutral,False,21,ensemble,3,199.33333333333334,0.0,0.0,,short,30,0.5,-0.002840067290692694,-0.1836882783175523,0.2563884946970303,0.029674005139048457,-0.004790156455668271,-0.003086096413940471,0.7666666666666667,4,True
short|short_term_reversal|reversal_5d|q10_minus_middle|unconstrained_beta|r5|ensemble,short_term_reversal|reversal_5d|q10_minus_middle|unconstrained_beta|r5|ensemble,short_term_reversal|reversal_5d,short_term_reversal,reversal_5d,5,upper_tail_exploratory_lead,upper_tail,q10_minus_middle,market_neutral,False,5,ensemble,3,836.3333333333334,0.0,0.0,,short,30,0.13333333333333333,-0.1002829162561431,-0.22123326223696527,0.2489895022238744,-1.2066148838768282,-0.09630764797287938,-0.8298032730055342,0.9,2,True
short|short_term_reversal|reversal_5d|q10_minus_middle|unconstrained_beta|r63|ensemble,short_term_reversal|reversal_5d|q10_minus_middle|unconstrained_beta|r63|ensemble,short_term_reversal|reversal_5d,short_term_reversal,reversal_5d,5,upper_tail_exploratory_lead,upper_tail,q10_minus_middle,market_neutral,False,63,ensemble,3,66.33333333333333,0.0,0.0,,short,30,0.4666666666666667,-0.014696593318067053,-0.13184868795877336,0.24356827667603542,-0.14143875524116337,-0.005547631376584206,-0.02208663044929062,0.6666666666666666,7,True
short|short_term_reversal|reversal_5d|q10_minus_q1|beta_neutral|r1|ensemble,short_term_reversal|reversal_5d|q10_minus_q1|beta_neutral|r1|ensemble,short_term_reversal|reversal_5d,short_term_reversal,reversal_5d,5,upper_tail_exploratory_lead,upper_tail,q10_minus_q1,market_neutral,True,1,ensemble,1,4181.0,0.0,4181.0,1.0,short,30,0.06666666666666667,-0.35172776543858136,-0.5619514770850249,1.2673215654991816,-2.8063951456315315,-0.3165768597714579,-2.0399564134223214,0.8,8,True
short|short_term_reversal|reversal_5d|q10_minus_q1|beta_neutral|r21|ensemble,short_term_reversal|reversal_5d|q10_minus_q1|beta_neutral|r21|ensemble,short_term_reversal|reversal_5d,short_term_reversal,reversal_5d,5,upper_tail_exploratory_lead,upper_tail,q10_minus_q1,market_neutral,True,21,ensemble,3,199.33333333333334,0.0,199.33333333333334,1.0,short,30,0.43333333333333335,-0.009524837870111269,-0.15713137927332854,0.5496876149372321,-0.10106596128826201,-0.008853781189003596,-0.017914005692974803,0.7666666666666667,4,True
short|short_term_reversal|reversal_5d|q10_minus_q1|beta_neutral|r5|ensemble,short_term_reversal|reversal_5d|q10_minus_q1|beta_neutral|r5|ensemble,short_term_reversal|reversal_5d,short_term_reversal,reversal_5d,5,upper_tail_exploratory_lead,upper_tail,q10_minus_q1,market_neutral,True,5,ensemble,3,836.3333333333334,0.0,836.3333333333334,1.0,short,30,0.1,-0.19949888268137694,-0.3439810234150088,1.0274641333456573,-1.6806710033881536,-0.14550472307927365,-1.0098397041170586,0.7333333333333333,6,True
short|short_term_reversal|reversal_5d|q10_minus_q1|beta_neutral|r63|ensemble,short_term_reversal|reversal_5d|q10_minus_q1|beta_neutral|r63|ensemble,short_term_reversal|reversal_5d,short_term_reversal,reversal_5d,5,upper_tail_exploratory_lead,upper_tail,q10_minus_q1,market_neutral,True,63,ensemble,3,66.33333333333333,0.0,66.33333333333333,1.0,short,30,0.5,-0.0005914795700663333,-0.24464790372090794,0.25576913584174843,0.03450452794272907,-0.00600860401976655,-0.0026562632398338146,0.6333333333333333,5,True
short|short_term_reversal|reversal_5d|q10_minus_q1|unconstrained_beta|r1|ensemble,short_term_reversal|reversal_5d|q10_minus_q1|unconstrained_beta|r1|ensemble,short_term_reversal|reversal_5d,short_term_reversal,reversal_5d,5,upper_tail_exploratory_lead,upper_tail,q10_minus_q1,market_neutral,False,1,ensemble,1,4181.0,0.0,0.0,,short,30,0.1,-0.3170062232160561,-0.5544623658682779,0.29871945838670033,-2.356834090540672,-0.3023430155488708,-1.5745521391627824,0.9333333333333333,4,True
short|short_term_reversal|reversal_5d|q10_minus_q1|unconstrained_beta|r21|ensemble,short_term_reversal|reversal_5d|q10_minus_q1|unconstrained_beta|r21|ensemble,short_term_reversal|reversal_5d,short_term_reversal,reversal_5d,5,upper_tail_exploratory_lead,upper_tail,q10_minus_q1,market_neutral,False,21,ensemble,3,199.33333333333334,0.0,0.0,,short,30,0.6333333333333333,0.031015617915216342,-0.18297468459235422,0.5467975837392105,0.4113689456416759,0.020209556491600278,0.2151194093778844,0.7,3,True
short|short_term_reversal|reversal_5d|q10_minus_q1|unconstrained_beta|r5|ensemble,short_term_reversal|reversal_5d|q10_minus_q1|unconstrained_beta|r5|ensemble,short_term_reversal|reversal_5d,short_term_reversal,reversal_5d,5,upper_tail_exploratory_lead,upper_tail,q10_minus_q1,market_neutral,False,5,ensemble,3,836.3333333333334,0.0,0.0,,short,30,0.2,-0.15414503672190594,-0.38575728620463146,0.5807934618903301,-1.2485033045428242,-0.14209453049652931,-0.7865893293492141,0.9,4,True
short|short_term_reversal|reversal_5d|q10_minus_q1|unconstrained_beta|r63|ensemble,short_term_reversal|reversal_5d|q10_minus_q1|unconstrained_beta|r63|ensemble,short_term_reversal|reversal_5d,short_term_reversal,reversal_5d,5,upper_tail_exploratory_lead,upper_tail,q10_minus_q1,market_neutral,False,63,ensemble,3,66.33333333333333,0.0,0.0,,short,30,0.4666666666666667,-0.01032284075451012,-0.22926008120983643,0.27382111294082345,-0.08610420767958953,-0.014099130929005943,-0.06016987694824937,0.6666666666666666,7,True
short|volatility_scaled_momentum|vsmom_12m_1m_vol60|continuous_high_minus_low|beta_neutral|r1|ensemble,volatility_scaled_momentum|vsmom_12m_1m_vol60|continuous_high_minus_low|beta_neutral|r1|ensemble,volatility_scaled_momentum|vsmom_12m_1m_vol60,volatility_scaled_momentum,vsmom_12m_1m_vol60,1,global_fdr_rank_signal,no_stable_structure,continuous_high_minus_low,market_neutral,True,1,ensemble,1,4181.0,0.0,4181.0,1.0,short,30,0.4666666666666667,-0.019002617134433575,-0.3349330101615845,0.4686406194818773,-0.22189789928897596,-0.03133427963253199,-0.17804921018339057,0.8,6,True
short|volatility_scaled_momentum|vsmom_12m_1m_vol60|continuous_high_minus_low|beta_neutral|r21|ensemble,volatility_scaled_momentum|vsmom_12m_1m_vol60|continuous_high_minus_low|beta_neutral|r21|ensemble,volatility_scaled_momentum|vsmom_12m_1m_vol60,volatility_scaled_momentum,vsmom_12m_1m_vol60,1,global_fdr_rank_signal,no_stable_structure,continuous_high_minus_low,market_neutral,True,21,ensemble,3,199.33333333333334,0.0,199.33333333333334,1.0,short,30,0.4666666666666667,-0.009695126321336178,-0.27145328055126394,0.4753364021273754,-0.0658442272312692,0.016496205222644056,0.19167775525965935,0.7333333333333333,6,True
short|volatility_scaled_momentum|vsmom_12m_1m_vol60|continuous_high_minus_low|beta_neutral|r5|ensemble,volatility_scaled_momentum|vsmom_12m_1m_vol60|continuous_high_minus_low|beta_neutral|r5|ensemble,volatility_scaled_momentum|vsmom_12m_1m_vol60,volatility_scaled_momentum,vsmom_12m_1m_vol60,1,global_fdr_rank_signal,no_stable_structure,continuous_high_minus_low,market_neutral,True,5,ensemble,3,836.3333333333334,0.0,836.3333333333334,1.0,short,30,0.4666666666666667,-0.011484088129198378,-0.30128341519275326,0.48556600126549854,-0.11601683143635694,-0.01555849786942276,-0.05459198804769346,0.7666666666666667,8,True
short|volatility_scaled_momentum|vsmom_12m_1m_vol60|continuous_high_minus_low|beta_neutral|r63|ensemble,volatility_scaled_momentum|vsmom_12m_1m_vol60|continuous_high_minus_low|beta_neutral|r63|ensemble,volatility_scaled_momentum|vsmom_12m_1m_vol60,volatility_scaled_momentum,vsmom_12m_1m_vol60,1,global_fdr_rank_signal,no_stable_structure,continuous_high_minus_low,market_neutral,True,63,ensemble,3,66.33333333333333,0.0,66.33333333333333,1.0,short,30,0.4,-0.025098800711835623,-0.2705168821386239,0.41015152107685293,-0.11220190361336631,-0.013143710537181996,-0.04450424188338095,0.6666666666666666,6,True
short|volatility_scaled_momentum|vsmom_12m_1m_vol60|continuous_high_minus_low|unconstrained_beta|r1|ensemble,volatility_scaled_momentum|vsmom_12m_1m_vol60|continuous_high_minus_low|unconstrained_beta|r1|ensemble,volatility_scaled_momentum|vsmom_12m_1m_vol60,volatility_scaled_momentum,vsmom_12m_1m_vol60,1,global_fdr_rank_signal,no_stable_structure,continuous_high_minus_low,market_neutral,False,1,ensemble,1,4181.0,0.0,0.0,,short,30,0.3,-0.0883349706790737,-0.323602757657394,0.4633112197338267,-0.713080814682785,-0.07266225321826303,-0.4289260273722236,0.6,10,True
short|volatility_scaled_momentum|vsmom_12m_1m_vol60|continuous_high_minus_low|unconstrained_beta|r21|ensemble,volatility_scaled_momentum|vsmom_12m_1m_vol60|continuous_high_minus_low|unconstrained_beta|r21|ensemble,volatility_scaled_momentum|vsmom_12m_1m_vol60,volatility_scaled_momentum,vsmom_12m_1m_vol60,1,global_fdr_rank_signal,no_stable_structure,continuous_high_minus_low,market_neutral,False,21,ensemble,3,199.33333333333334,0.0,0.0,,short,30,0.36666666666666664,-0.02771276051688759,-0.3240267991545638,0.46913564054679346,-0.1776719445506741,-0.018075178949407356,-0.050013979885840325,0.5333333333333333,8,True
short|volatility_scaled_momentum|vsmom_12m_1m_vol60|continuous_high_minus_low|unconstrained_beta|r5|ensemble,volatility_scaled_momentum|vsmom_12m_1m_vol60|continuous_high_minus_low|unconstrained_beta|r5|ensemble,volatility_scaled_momentum|vsmom_12m_1m_vol60,volatility_scaled_momentum,vsmom_12m_1m_vol60,1,global_fdr_rank_signal,no_stable_structure,continuous_high_minus_low,market_neutral,False,5,ensemble,3,836.3333333333334,0.0,0.0,,short,30,0.4,-0.04908822983614208,-0.3152189830769846,0.4774738117594375,-0.3534655609488182,-0.030303955308654595,-0.13209831201866978,0.5666666666666667,8,True
short|volatility_scaled_momentum|vsmom_12m_1m_vol60|continuous_high_minus_low|unconstrained_beta|r63|ensemble,volatility_scaled_momentum|vsmom_12m_1m_vol60|continuous_high_minus_low|unconstrained_beta|r63|ensemble,volatility_scaled_momentum|vsmom_12m_1m_vol60,volatility_scaled_momentum,vsmom_12m_1m_vol60,1,global_fdr_rank_signal,no_stable_structure,continuous_high_minus_low,market_neutral,False,63,ensemble,3,66.33333333333333,0.0,0.0,,short,30,0.4,-0.04730687456568611,-0.3289178709470202,0.40877691797716054,-0.34624582613344623,-0.04533715435829089,-0.25795480299838935,0.5333333333333333,11,True
short|volatility_scaled_momentum|vsmom_12m_1m_vol60|long_q10|unconstrained_beta|r1|ensemble,volatility_scaled_momentum|vsmom_12m_1m_vol60|long_q10|unconstrained_beta|r1|ensemble,volatility_scaled_momentum|vsmom_12m_1m_vol60,volatility_scaled_momentum,vsmom_12m_1m_vol60,1,global_fdr_rank_signal,no_stable_structure,long_q10,long_only,False,1,ensemble,1,4181.0,0.0,0.0,,short,30,0.8333333333333334,0.10911157563283569,-0.2093225432422715,0.7438160388380839,0.6572512240507911,0.11048141634197406,0.5788231966602402,1.0,0,True
short|volatility_scaled_momentum|vsmom_12m_1m_vol60|long_q10|unconstrained_beta|r21|ensemble,volatility_scaled_momentum|vsmom_12m_1m_vol60|long_q10|unconstrained_beta|r21|ensemble,volatility_scaled_momentum|vsmom_12m_1m_vol60,volatility_scaled_momentum,vsmom_12m_1m_vol60,1,global_fdr_rank_signal,no_stable_structure,long_q10,long_only,False,21,ensemble,3,199.33333333333334,0.0,0.0,,short,30,0.8333333333333334,0.11464651416307303,-0.19891568200620413,0.8587860856448903,0.7052346909289828,0.1308388096837183,0.6789209430937787,1.0,0,True
short|volatility_scaled_momentum|vsmom_12m_1m_vol60|long_q10|unconstrained_beta|r5|ensemble,volatility_scaled_momentum|vsmom_12m_1m_vol60|long_q10|unconstrained_beta|r5|ensemble,volatility_scaled_momentum|vsmom_12m_1m_vol60,volatility_scaled_momentum,vsmom_12m_1m_vol60,1,global_fdr_rank_signal,no_stable_structure,long_q10,long_only,False,5,ensemble,3,836.3333333333334,0.0,0.0,,short,30,0.8333333333333334,0.126114579250047,-0.18933497470936667,0.8049838593554071,0.7237393767392357,0.1267532986072828,0.6606073662426554,1.0,0,True
short|volatility_scaled_momentum|vsmom_12m_1m_vol60|long_q10|unconstrained_beta|r63|ensemble,volatility_scaled_momentum|vsmom_12m_1m_vol60|long_q10|unconstrained_beta|r63|ensemble,volatility_scaled_momentum|vsmom_12m_1m_vol60,volatility_scaled_momentum,vsmom_12m_1m_vol60,1,global_fdr_rank_signal,no_stable_structure,long_q10,long_only,False,63,ensemble,3,66.33333333333333,0.0,0.0,,short,30,0.8333333333333334,0.1468640200392417,-0.24226353436992587,0.824187480295411,0.7797413815373431,0.1366964498514076,0.7073183291474505,1.0,0,True
short|volatility_scaled_momentum|vsmom_12m_1m_vol60|long_q1|unconstrained_beta|r1|ensemble,volatility_scaled_momentum|vsmom_12m_1m_vol60|long_q1|unconstrained_beta|r1|ensemble,volatility_scaled_momentum|vsmom_12m_1m_vol60,volatility_scaled_momentum,vsmom_12m_1m_vol60,1,global_fdr_rank_signal,no_stable_structure,long_q1,long_only,False,1,ensemble,1,4181.0,0.0,0.0,,short,30,0.6,0.0625765651744763,-0.4750606483441897,0.908108432629928,0.3018212404903521,0.039541141708052674,0.2169392703414936,1.0,0,True
short|volatility_scaled_momentum|vsmom_12m_1m_vol60|long_q1|unconstrained_beta|r21|ensemble,volatility_scaled_momentum|vsmom_12m_1m_vol60|long_q1|unconstrained_beta|r21|ensemble,volatility_scaled_momentum|vsmom_12m_1m_vol60,volatility_scaled_momentum,vsmom_12m_1m_vol60,1,global_fdr_rank_signal,no_stable_structure,long_q1,long_only,False,21,ensemble,3,199.33333333333334,0.0,0.0,,short,30,0.7,0.100813201272963,-0.3862562510465074,0.8680504845592925,0.47485111784863887,0.07485310378869725,0.34930901928575436,1.0,0,True
short|volatility_scaled_momentum|vsmom_12m_1m_vol60|long_q1|unconstrained_beta|r5|ensemble,volatility_scaled_momentum|vsmom_12m_1m_vol60|long_q1|unconstrained_beta|r5|ensemble,volatility_scaled_momentum|vsmom_12m_1m_vol60,volatility_scaled_momentum,vsmom_12m_1m_vol60,1,global_fdr_rank_signal,no_stable_structure,long_q1,long_only,False,5,ensemble,3,836.3333333333334,0.0,0.0,,short,30,0.6666666666666666,0.08006600750611237,-0.43097041012545845,0.8861170996387253,0.306839943594174,0.059757984973950684,0.2921442945201577,1.0,0,True
short|volatility_scaled_momentum|vsmom_12m_1m_vol60|long_q1|unconstrained_beta|r63|ensemble,volatility_scaled_momentum|vsmom_12m_1m_vol60|long_q1|unconstrained_beta|r63|ensemble,volatility_scaled_momentum|vsmom_12m_1m_vol60,volatility_scaled_momentum,vsmom_12m_1m_vol60,1,global_fdr_rank_signal,no_stable_structure,long_q1,long_only,False,63,ensemble,3,66.33333333333333,0.0,0.0,,short,30,0.7333333333333333,0.10438145996994119,-0.4730097770340287,0.7152241394505015,0.5767357987843686,0.0741213954394846,0.35179693948221036,1.0,0,True
short|volatility_scaled_momentum|vsmom_12m_1m_vol60|middle_minus_q1|beta_neutral|r1|ensemble,volatility_scaled_momentum|vsmom_12m_1m_vol60|middle_minus_q1|beta_neutral|r1|ensemble,volatility_scaled_momentum|vsmom_12m_1m_vol60,volatility_scaled_momentum,vsmom_12m_1m_vol60,1,global_fdr_rank_signal,no_stable_structure,middle_minus_q1,market_neutral,True,1,ensemble,1,4181.0,0.0,4181.0,1.0,short,30,0.26666666666666666,-0.0914033696298267,-0.3790622414487297,0.29960082832226886,-0.8099267573446871,-0.09231662755568004,-0.7561577852364333,0.7666666666666667,6,True
short|volatility_scaled_momentum|vsmom_12m_1m_vol60|middle_minus_q1|beta_neutral|r21|ensemble,volatility_scaled_momentum|vsmom_12m_1m_vol60|middle_minus_q1|beta_neutral|r21|ensemble,volatility_scaled_momentum|vsmom_12m_1m_vol60,volatility_scaled_momentum,vsmom_12m_1m_vol60,1,global_fdr_rank_signal,no_stable_structure,middle_minus_q1,market_neutral,True,21,ensemble,3,199.33333333333334,0.0,199.33333333333334,1.0,short,30,0.4666666666666667,-0.017883650755481484,-0.23138083658770514,0.5053804375902518,-0.018590054675016243,-0.0016615647967983538,0.04466437046496785,0.8333333333333334,6,True
short|volatility_scaled_momentum|vsmom_12m_1m_vol60|middle_minus_q1|beta_neutral|r5|ensemble,volatility_scaled_momentum|vsmom_12m_1m_vol60|middle_minus_q1|beta_neutral|r5|ensemble,volatility_scaled_momentum|vsmom_12m_1m_vol60,volatility_scaled_momentum,vsmom_12m_1m_vol60,1,global_fdr_rank_signal,no_stable_structure,middle_minus_q1,market_neutral,True,5,ensemble,3,836.3333333333334,0.0,836.3333333333334,1.0,short,30,0.36666666666666664,-0.053803127938701956,-0.3588179393502309,0.30806913320974405,-0.31201327018665026,-0.04949369555061012,-0.3687457494298507,0.7666666666666667,6,True
short|volatility_scaled_momentum|vsmom_12m_1m_vol60|middle_minus_q1|beta_neutral|r63|ensemble,volatility_scaled_momentum|vsmom_12m_1m_vol60|middle_minus_q1|beta_neutral|r63|ensemble,volatility_scaled_momentum|vsmom_12m_1m_vol60,volatility_scaled_momentum,vsmom_12m_1m_vol60,1,global_fdr_rank_signal,no_stable_structure,middle_minus_q1,market_neutral,True,63,ensemble,3,66.33333333333333,0.0,66.33333333333333,1.0,short,30,0.5666666666666667,0.03082612226520043,-0.178944044886446,0.4882637405713952,0.4574640018504182,0.023837814397490886,0.26951235215120795,0.8666666666666667,4,True
short|volatility_scaled_momentum|vsmom_12m_1m_vol60|middle_minus_q1|unconstrained_beta|r1|ensemble,volatility_scaled_momentum|vsmom_12m_1m_vol60|middle_minus_q1|unconstrained_beta|r1|ensemble,volatility_scaled_momentum|vsmom_12m_1m_vol60,volatility_scaled_momentum,vsmom_12m_1m_vol60,1,global_fdr_rank_signal,no_stable_structure,middle_minus_q1,market_neutral,False,1,ensemble,1,4181.0,0.0,0.0,,short,30,0.3333333333333333,-0.08494558948236836,-0.3372593131950262,0.4290122685018023,-1.0260334428455695,-0.07432895869093115,-0.4811459550407477,0.7,6,True
short|volatility_scaled_momentum|vsmom_12m_1m_vol60|middle_minus_q1|unconstrained_beta|r21|ensemble,volatility_scaled_momentum|vsmom_12m_1m_vol60|middle_minus_q1|unconstrained_beta|r21|ensemble,volatility_scaled_momentum|vsmom_12m_1m_vol60,volatility_scaled_momentum,vsmom_12m_1m_vol60,1,global_fdr_rank_signal,no_stable_structure,middle_minus_q1,market_neutral,False,21,ensemble,3,199.33333333333334,0.0,0.0,,short,30,0.4666666666666667,-0.01892441820898133,-0.2915136399573025,0.5735326492481256,-0.04798594378658776,6.414248260533384e-06,0.07038392672155659,0.7666666666666667,6,True
short|volatility_scaled_momentum|vsmom_12m_1m_vol60|middle_minus_q1|unconstrained_beta|r5|ensemble,volatility_scaled_momentum|vsmom_12m_1m_vol60|middle_minus_q1|unconstrained_beta|r5|ensemble,volatility_scaled_momentum|vsmom_12m_1m_vol60,volatility_scaled_momentum,vsmom_12m_1m_vol60,1,global_fdr_rank_signal,no_stable_structure,middle_minus_q1,market_neutral,False,5,ensemble,3,836.3333333333334,0.0,0.0,,short,30,0.36666666666666664,-0.04429317230034824,-0.2711457751380286,0.4688694692351254,-0.5136508476075019,-0.029859436246283955,-0.1468336208204428,0.7,6,True
short|volatility_scaled_momentum|vsmom_12m_1m_vol60|middle_minus_q1|unconstrained_beta|r63|ensemble,volatility_scaled_momentum|vsmom_12m_1m_vol60|middle_minus_q1|unconstrained_beta|r63|ensemble,volatility_scaled_momentum|vsmom_12m_1m_vol60,volatility_scaled_momentum,vsmom_12m_1m_vol60,1,global_fdr_rank_signal,no_stable_structure,middle_minus_q1,market_neutral,False,63,ensemble,3,66.33333333333333,0.0,0.0,,short,30,0.4666666666666667,-0.03757021368133101,-0.23583658373980587,0.5524158696299286,-0.2406687304106624,-0.010133090738218442,-0.014961361233066201,0.7333333333333333,8,True
short|volatility_scaled_momentum|vsmom_12m_1m_vol60|q10_minus_middle|beta_neutral|r1|ensemble,volatility_scaled_momentum|vsmom_12m_1m_vol60|q10_minus_middle|beta_neutral|r1|ensemble,volatility_scaled_momentum|vsmom_12m_1m_vol60,volatility_scaled_momentum,vsmom_12m_1m_vol60,1,global_fdr_rank_signal,no_stable_structure,q10_minus_middle,market_neutral,True,1,ensemble,1,4181.0,0.0,4181.0,1.0,short,30,0.3,-0.07611445246105542,-0.279113788987717,0.31027557153875374,-0.7229958455824785,-0.06267910581198555,-0.510725472626642,0.7666666666666667,7,True
short|volatility_scaled_momentum|vsmom_12m_1m_vol60|q10_minus_middle|beta_neutral|r21|ensemble,volatility_scaled_momentum|vsmom_12m_1m_vol60|q10_minus_middle|beta_neutral|r21|ensemble,volatility_scaled_momentum|vsmom_12m_1m_vol60,volatility_scaled_momentum,vsmom_12m_1m_vol60,1,global_fdr_rank_signal,no_stable_structure,q10_minus_middle,market_neutral,True,21,ensemble,3,199.33333333333334,0.0,199.33333333333334,1.0,short,30,0.36666666666666664,-0.025944171501571855,-0.23397033014184332,0.5198830941988017,-0.28180739817241196,-0.026093309817407317,-0.18071653656435546,0.6,9,True
short|volatility_scaled_momentum|vsmom_12m_1m_vol60|q10_minus_middle|beta_neutral|r5|ensemble,volatility_scaled_momentum|vsmom_12m_1m_vol60|q10_minus_middle|beta_neutral|r5|ensemble,volatility_scaled_momentum|vsmom_12m_1m_vol60,volatility_scaled_momentum,vsmom_12m_1m_vol60,1,global_fdr_rank_signal,no_stable_structure,q10_minus_middle,market_neutral,True,5,ensemble,3,836.3333333333334,0.0,836.3333333333334,1.0,short,30,0.36666666666666664,-0.04207176699290793,-0.23639414911551093,0.42990991845635995,-0.36612082618713326,-0.038670302211481045,-0.2914247682419019,0.7,9,True
short|volatility_scaled_momentum|vsmom_12m_1m_vol60|q10_minus_middle|beta_neutral|r63|ensemble,volatility_scaled_momentum|vsmom_12m_1m_vol60|q10_minus_middle|beta_neutral|r63|ensemble,volatility_scaled_momentum|vsmom_12m_1m_vol60,volatility_scaled_momentum,vsmom_12m_1m_vol60,1,global_fdr_rank_signal,no_stable_structure,q10_minus_middle,market_neutral,True,63,ensemble,3,66.33333333333333,0.0,66.33333333333333,1.0,short,30,0.4666666666666667,-0.017140200971845432,-0.18036468466336664,0.49977648951653353,-0.1714675115638562,-0.001326248421127163,0.04073234747516002,0.5333333333333333,7,True
short|volatility_scaled_momentum|vsmom_12m_1m_vol60|q10_minus_middle|unconstrained_beta|r1|ensemble,volatility_scaled_momentum|vsmom_12m_1m_vol60|q10_minus_middle|unconstrained_beta|r1|ensemble,volatility_scaled_momentum|vsmom_12m_1m_vol60,volatility_scaled_momentum,vsmom_12m_1m_vol60,1,global_fdr_rank_signal,no_stable_structure,q10_minus_middle,market_neutral,False,1,ensemble,1,4181.0,0.0,0.0,,short,30,0.13333333333333333,-0.0951556076313807,-0.264681998586619,0.36758410280657117,-0.8972238111369399,-0.08933585448890957,-0.7601579743410782,0.6,10,True
short|volatility_scaled_momentum|vsmom_12m_1m_vol60|q10_minus_middle|unconstrained_beta|r21|ensemble,volatility_scaled_momentum|vsmom_12m_1m_vol60|q10_minus_middle|unconstrained_beta|r21|ensemble,volatility_scaled_momentum|vsmom_12m_1m_vol60,volatility_scaled_momentum,vsmom_12m_1m_vol60,1,global_fdr_rank_signal,no_stable_structure,q10_minus_middle,market_neutral,False,21,ensemble,3,199.33333333333334,0.0,0.0,,short,30,0.36666666666666664,-0.04036453346368829,-0.3914966419155721,0.17077449839433534,-0.4446311313368206,-0.05740526808871693,-0.47624069673903324,0.4666666666666667,11,True
short|volatility_scaled_momentum|vsmom_12m_1m_vol60|q10_minus_middle|unconstrained_beta|r5|ensemble,volatility_scaled_momentum|vsmom_12m_1m_vol60|q10_minus_middle|unconstrained_beta|r5|ensemble,volatility_scaled_momentum|vsmom_12m_1m_vol60,volatility_scaled_momentum,vsmom_12m_1m_vol60,1,global_fdr_rank_signal,no_stable_structure,q10_minus_middle,market_neutral,False,5,ensemble,3,836.3333333333334,0.0,0.0,,short,30,0.26666666666666666,-0.056451470220324595,-0.39297161752631016,0.15664623451463178,-0.5774181358996775,-0.06803204296651177,-0.5640067824269088,0.5333333333333333,9,True
short|volatility_scaled_momentum|vsmom_12m_1m_vol60|q10_minus_middle|unconstrained_beta|r63|ensemble,volatility_scaled_momentum|vsmom_12m_1m_vol60|q10_minus_middle|unconstrained_beta|r63|ensemble,volatility_scaled_momentum|vsmom_12m_1m_vol60,volatility_scaled_momentum,vsmom_12m_1m_vol60,1,global_fdr_rank_signal,no_stable_structure,q10_minus_middle,market_neutral,False,63,ensemble,3,66.33333333333333,0.0,0.0,,short,30,0.36666666666666664,-0.028447150138265598,-0.3759484589391904,0.23948818758366275,-0.3836610114714407,-0.03403942355905476,-0.2769432617787169,0.4666666666666667,8,True
short|volatility_scaled_momentum|vsmom_12m_1m_vol60|q10_minus_q1|beta_neutral|r1|ensemble,volatility_scaled_momentum|vsmom_12m_1m_vol60|q10_minus_q1|beta_neutral|r1|ensemble,volatility_scaled_momentum|vsmom_12m_1m_vol60,volatility_scaled_momentum,vsmom_12m_1m_vol60,1,global_fdr_rank_signal,no_stable_structure,q10_minus_q1,market_neutral,True,1,ensemble,1,4181.0,0.0,4181.0,1.0,short,30,0.3333333333333333,-0.07627912967750572,-0.49402945674861454,0.7983451159829691,-0.470593099931534,-0.06211722706869438,-0.21942315664221165,0.7666666666666667,6,True
short|volatility_scaled_momentum|vsmom_12m_1m_vol60|q10_minus_q1|beta_neutral|r21|ensemble,volatility_scaled_momentum|vsmom_12m_1m_vol60|q10_minus_q1|beta_neutral|r21|ensemble,volatility_scaled_momentum|vsmom_12m_1m_vol60,volatility_scaled_momentum,vsmom_12m_1m_vol60,1,global_fdr_rank_signal,no_stable_structure,q10_minus_q1,market_neutral,True,21,ensemble,3,199.33333333333334,0.0,199.33333333333334,1.0,short,30,0.43333333333333335,-0.035390390382455006,-0.32719588063288974,0.970956168151589,-0.18507304587436796,0.005119803262835676,0.12529262832349208,0.6666666666666666,7,True
short|volatility_scaled_momentum|vsmom_12m_1m_vol60|q10_minus_q1|beta_neutral|r5|ensemble,volatility_scaled_momentum|vsmom_12m_1m_vol60|q10_minus_q1|beta_neutral|r5|ensemble,volatility_scaled_momentum|vsmom_12m_1m_vol60,volatility_scaled_momentum,vsmom_12m_1m_vol60,1,global_fdr_rank_signal,no_stable_structure,q10_minus_q1,market_neutral,True,5,ensemble,3,836.3333333333334,0.0,836.3333333333334,1.0,short,30,0.36666666666666664,-0.0500241085673534,-0.44926941537311327,0.8776091786706637,-0.2649872324281971,-0.03542101763283301,-0.08045597190352756,0.7333333333333333,7,True
short|volatility_scaled_momentum|vsmom_12m_1m_vol60|q10_minus_q1|beta_neutral|r63|ensemble,volatility_scaled_momentum|vsmom_12m_1m_vol60|q10_minus_q1|beta_neutral|r63|ensemble,volatility_scaled_momentum|vsmom_12m_1m_vol60,volatility_scaled_momentum,vsmom_12m_1m_vol60,1,global_fdr_rank_signal,no_stable_structure,q10_minus_q1,market_neutral,True,63,ensemble,3,66.33333333333333,0.0,66.33333333333333,1.0,short,30,0.4666666666666667,-0.03689376028361685,-0.3145850476262797,0.6689942978223791,-0.03317056876213183,0.0004408856684738893,0.09612410727420811,0.7,7,True
short|volatility_scaled_momentum|vsmom_12m_1m_vol60|q10_minus_q1|unconstrained_beta|r1|ensemble,volatility_scaled_momentum|vsmom_12m_1m_vol60|q10_minus_q1|unconstrained_beta|r1|ensemble,volatility_scaled_momentum|vsmom_12m_1m_vol60,volatility_scaled_momentum,vsmom_12m_1m_vol60,1,global_fdr_rank_signal,no_stable_structure,q10_minus_q1,market_neutral,False,1,ensemble,1,4181.0,0.0,0.0,,short,30,0.3,-0.11817952040080837,-0.4952901458583082,0.8799415902201193,-0.6474751654476067,-0.10095880216910502,-0.34743474498910754,0.6333333333333333,8,True
short|volatility_scaled_momentum|vsmom_12m_1m_vol60|q10_minus_q1|unconstrained_beta|r21|ensemble,volatility_scaled_momentum|vsmom_12m_1m_vol60|q10_minus_q1|unconstrained_beta|r21|ensemble,volatility_scaled_momentum|vsmom_12m_1m_vol60,volatility_scaled_momentum,vsmom_12m_1m_vol60,1,global_fdr_rank_signal,no_stable_structure,q10_minus_q1,market_neutral,False,21,ensemble,3,199.33333333333334,0.0,0.0,,short,30,0.3333333333333333,-0.08667495319267882,-0.3699417503018707,1.0140749732817658,-0.36578240056689093,-0.02437457489975592,0.0049431454422130695,0.5666666666666667,8,True
short|volatility_scaled_momentum|vsmom_12m_1m_vol60|q10_minus_q1|unconstrained_beta|r5|ensemble,volatility_scaled_momentum|vsmom_12m_1m_vol60|q10_minus_q1|unconstrained_beta|r5|ensemble,volatility_scaled_momentum|vsmom_12m_1m_vol60,volatility_scaled_momentum,vsmom_12m_1m_vol60,1,global_fdr_rank_signal,no_stable_structure,q10_minus_q1,market_neutral,False,5,ensemble,3,836.3333333333334,0.0,0.0,,short,30,0.3333333333333333,-0.07012920164386538,-0.4234336174659402,0.964805376579849,-0.3552750467247431,-0.054027819438169034,-0.12707415855425142,0.6333333333333333,8,True
short|volatility_scaled_momentum|vsmom_12m_1m_vol60|q10_minus_q1|unconstrained_beta|r63|ensemble,volatility_scaled_momentum|vsmom_12m_1m_vol60|q10_minus_q1|unconstrained_beta|r63|ensemble,volatility_scaled_momentum|vsmom_12m_1m_vol60,volatility_scaled_momentum,vsmom_12m_1m_vol60,1,global_fdr_rank_signal,no_stable_structure,q10_minus_q1,market_neutral,False,63,ensemble,3,66.33333333333333,0.0,0.0,,short,30,0.3,-0.11482293292962154,-0.4401577737580128,0.734290297979511,-0.6244902813715356,-0.08536959469441874,-0.3100203399404066,0.6333333333333333,9,True
